lat,lng,cat
53.49965,-1.459189,burglary_biz
53.497364,-1.464404,shoplifting
53.494696,-1.49377,burglary_biz
53.496921,-1.417785,burglary_biz
53.498706,-1.420775,shoplifting
53.497802,-1.436586,burglary_biz
53.492279,-1.288977,burglary_biz
53.495322,-1.281464,shoplifting
53.495322,-1.281464,shoplifting
53.495322,-1.281464,shoplifting
53.495322,-1.281464,shoplifting
53.495322,-1.281464,shoplifting
53.496678,-1.259991,burglary_biz
53.496266,-1.300532,shoplifting
53.494309,-1.296359,burglary_biz
53.494309,-1.296359,shoplifting
53.47942,-1.233003,burglary_biz
53.482811,-1.2305,shoplifting
53.482811,-1.2305,shoplifting
53.482811,-1.2305,shoplifting
53.482811,-1.2305,shoplifting
53.482811,-1.2305,shoplifting
53.482811,-1.2305,shoplifting
53.482811,-1.2305,shoplifting
53.482811,-1.2305,shoplifting
53.482811,-1.2305,shoplifting
53.482811,-1.2305,shoplifting
53.482811,-1.2305,shoplifting
53.482811,-1.2305,shoplifting
53.490911,-1.237784,burglary_biz
53.490911,-1.237784,burglary_biz
53.484298,-1.232538,burglary_biz
53.491307,-1.244921,shoplifting
53.486062,-1.257116,burglary_biz
53.491102,-1.255219,shoplifting
53.491102,-1.255219,shoplifting
53.498643,-1.313669,burglary_biz
53.498643,-1.313669,burglary_biz
53.492453,-1.31104,shoplifting
53.488146,-1.313914,burglary_biz
53.487775,-1.302737,robbery_biz
53.486578,-1.31323,shoplifting
53.486578,-1.31323,shoplifting
53.486578,-1.31323,shoplifting
53.486578,-1.31323,shoplifting
53.486578,-1.31323,shoplifting
53.486578,-1.31323,shoplifting
53.486578,-1.31323,shoplifting
53.486578,-1.31323,shoplifting
53.486578,-1.31323,shoplifting
53.486578,-1.31323,shoplifting
53.486578,-1.31323,shoplifting
53.486578,-1.31323,shoplifting
53.486578,-1.31323,shoplifting
53.486578,-1.31323,shoplifting
53.486578,-1.31323,shoplifting
53.486578,-1.31323,shoplifting
53.486891,-1.313075,shoplifting
53.486578,-1.31323,shoplifting
53.486578,-1.31323,shoplifting
53.486578,-1.31323,shoplifting
53.486578,-1.31323,shoplifting
53.489168,-1.326105,burglary_biz
53.488657,-1.32961,burglary_biz
53.485362,-1.333429,shoplifting
53.475078,-1.30644,burglary_biz
53.47903,-1.318475,burglary_biz
53.482663,-1.326705,robbery_biz
53.4845,-1.3145,burglary_biz
53.479893,-1.316925,robbery_biz
53.478983,-1.310234,burglary_biz
53.470319,-1.355418,burglary_biz
53.473415,-1.36304,burglary_biz
53.472949,-1.361556,robbery_biz
53.473687,-1.345153,burglary_biz
53.468374,-1.345023,shoplifting
53.466727,-1.339641,burglary_biz
53.466727,-1.339641,robbery_biz
53.466727,-1.339641,shoplifting
53.466727,-1.339641,shoplifting
53.466727,-1.339641,shoplifting
53.466727,-1.339641,shoplifting
53.466727,-1.339641,shoplifting
53.469605,-1.305038,burglary_biz
53.469173,-1.303373,burglary_biz
53.468011,-1.321815,robbery_biz
53.466213,-1.328125,burglary_biz
53.466213,-1.328125,burglary_biz
53.464269,-1.329147,shoplifting
53.464269,-1.329147,shoplifting
53.464269,-1.329147,shoplifting
53.449542,-1.419501,burglary_biz
53.450522,-1.425315,burglary_biz
53.451777,-1.428205,burglary_biz
53.462688,-1.339086,burglary_biz
53.461435,-1.340175,robbery_biz
53.461102,-1.333493,burglary_biz
53.460296,-1.337391,burglary_biz
53.459815,-1.343655,shoplifting
53.449549,-1.341127,burglary_biz
53.447951,-1.34323,shoplifting
53.451113,-1.344355,shoplifting
53.451113,-1.344355,shoplifting
53.451113,-1.344355,shoplifting
53.451113,-1.344355,shoplifting
53.451113,-1.344355,shoplifting
53.451113,-1.344355,shoplifting
53.447991,-1.343831,shoplifting
53.451113,-1.344355,shoplifting
53.451113,-1.344355,shoplifting
53.451113,-1.344355,shoplifting
53.447991,-1.343831,shoplifting
53.451293,-1.339594,shoplifting
53.451113,-1.344355,shoplifting
53.447991,-1.343831,shoplifting
53.447991,-1.343831,shoplifting
53.447956,-1.342615,shoplifting
53.451113,-1.344355,shoplifting
53.451113,-1.344355,shoplifting
53.447991,-1.343831,shoplifting
53.451113,-1.344355,shoplifting
53.451113,-1.344355,shoplifting
53.447951,-1.34323,shoplifting
53.447951,-1.34323,shoplifting
53.449549,-1.341127,shoplifting
53.447951,-1.34323,shoplifting
53.451293,-1.339594,shoplifting
53.447951,-1.34323,shoplifting
53.447951,-1.34323,shoplifting
53.451113,-1.344355,shoplifting
53.451113,-1.344355,shoplifting
53.451113,-1.344355,shoplifting
53.447951,-1.34323,shoplifting
53.449549,-1.341127,shoplifting
53.451113,-1.344355,shoplifting
53.451113,-1.344355,shoplifting
53.451113,-1.344355,shoplifting
53.447951,-1.34323,theft_person
53.451489,-1.369271,burglary_biz
53.449969,-1.375949,robbery_biz
53.451489,-1.369271,robbery_biz
53.452924,-1.373767,shoplifting
53.454912,-1.367142,burglary_biz
53.45364,-1.392385,burglary_biz
53.455949,-1.381584,burglary_biz
53.446832,-1.30279,burglary_biz
53.448094,-1.304847,burglary_biz
53.443541,-1.319167,burglary_biz
53.445623,-1.317691,burglary_biz
53.44295,-1.313768,burglary_biz
53.443541,-1.319167,shoplifting
53.443541,-1.319167,shoplifting
53.443541,-1.319167,shoplifting
53.443541,-1.319167,shoplifting
53.443541,-1.319167,shoplifting
53.442968,-1.315394,theft_person
53.446063,-1.294175,burglary_biz
53.445561,-1.292874,burglary_biz
53.447861,-1.403158,robbery_biz
53.447861,-1.403158,robbery_biz
53.447861,-1.403158,shoplifting
53.447861,-1.403158,shoplifting
53.447861,-1.403158,shoplifting
53.447861,-1.403158,shoplifting
53.447861,-1.403158,shoplifting
53.447861,-1.403158,shoplifting
53.447861,-1.403158,shoplifting
53.447861,-1.403158,shoplifting
53.447861,-1.403158,shoplifting
53.447861,-1.403158,shoplifting
53.447861,-1.403158,shoplifting
53.447861,-1.403158,shoplifting
53.446965,-1.394753,burglary_biz
53.442935,-1.392312,robbery_biz
53.442935,-1.392312,shoplifting
53.442935,-1.392312,shoplifting
53.437818,-1.269895,burglary_biz
53.433755,-1.312351,burglary_biz
53.436314,-1.314929,burglary_biz
53.437435,-1.314474,burglary_biz
53.440657,-1.319902,burglary_biz
53.440636,-1.322567,burglary_biz
53.440636,-1.322567,burglary_biz
53.43766,-1.330427,shoplifting
53.43613,-1.336472,burglary_biz
53.43613,-1.336472,burglary_biz
53.43613,-1.336472,burglary_biz
53.433765,-1.32671,robbery_biz
53.435327,-1.344071,burglary_biz
53.435258,-1.339632,burglary_biz
53.437135,-1.342599,burglary_biz
53.435327,-1.344071,burglary_biz
53.437135,-1.342599,robbery_biz
53.438598,-1.347258,robbery_biz
53.439326,-1.34392,shoplifting
53.439326,-1.34392,shoplifting
53.439326,-1.34392,shoplifting
53.439326,-1.34392,shoplifting
53.439326,-1.34392,shoplifting
53.439326,-1.34392,shoplifting
53.439326,-1.34392,shoplifting
53.439326,-1.34392,shoplifting
53.439326,-1.34392,shoplifting
53.439326,-1.34392,shoplifting
53.439326,-1.34392,shoplifting
53.439326,-1.34392,shoplifting
53.439326,-1.34392,shoplifting
53.439326,-1.34392,shoplifting
53.439326,-1.34392,shoplifting
53.439326,-1.34392,shoplifting
53.439326,-1.34392,shoplifting
53.433181,-1.334772,robbery_biz
53.440226,-1.390922,burglary_biz
53.432712,-1.42086,burglary_biz
53.431357,-1.381685,burglary_biz
53.431639,-1.382343,burglary_biz
53.431258,-1.366364,burglary_biz
53.432974,-1.372841,robbery_biz
53.434671,-1.377799,burglary_biz
53.428565,-1.380732,burglary_biz
53.428138,-1.354326,burglary_biz
53.43191,-1.357098,burglary_biz
53.433223,-1.350591,burglary_biz
53.433941,-1.35198,burglary_biz
53.433054,-1.354146,robbery_biz
53.432099,-1.365449,robbery_biz
53.433833,-1.353592,robbery_biz
53.429791,-1.357461,shoplifting
53.433054,-1.354146,shoplifting
53.43169,-1.354633,shoplifting
53.433054,-1.354146,shoplifting
53.433833,-1.353592,shoplifting
53.43169,-1.354633,shoplifting
53.43169,-1.354633,shoplifting
53.43169,-1.354633,shoplifting
53.433833,-1.353592,shoplifting
53.433054,-1.354146,shoplifting
53.433833,-1.353592,shoplifting
53.432099,-1.365449,shoplifting
53.433833,-1.353592,shoplifting
53.433054,-1.354146,shoplifting
53.43169,-1.354633,shoplifting
53.433833,-1.353592,shoplifting
53.43169,-1.354633,shoplifting
53.430929,-1.355277,shoplifting
53.43169,-1.354633,shoplifting
53.43169,-1.354633,shoplifting
53.43169,-1.354633,shoplifting
53.43169,-1.354633,shoplifting
53.43169,-1.354633,shoplifting
53.433833,-1.353592,shoplifting
53.433054,-1.354146,shoplifting
53.43169,-1.354633,shoplifting
53.433833,-1.353592,shoplifting
53.43169,-1.354633,shoplifting
53.433054,-1.354146,shoplifting
53.433833,-1.353592,shoplifting
53.433833,-1.353592,shoplifting
53.432099,-1.365449,shoplifting
53.433054,-1.354146,shoplifting
53.432099,-1.365449,shoplifting
53.430929,-1.355277,shoplifting
53.433833,-1.353592,shoplifting
53.433054,-1.354146,shoplifting
53.43169,-1.354633,shoplifting
53.433833,-1.353592,shoplifting
53.433833,-1.353592,shoplifting
53.433054,-1.354146,shoplifting
53.433833,-1.353592,theft_person
53.433833,-1.353592,theft_person
53.429791,-1.357461,theft_person
53.42777,-1.349515,burglary_biz
53.427476,-1.341829,burglary_biz
53.427476,-1.341829,robbery_biz
53.436565,-1.346852,burglary_biz
53.437087,-1.346965,robbery_biz
53.422126,-1.255733,burglary_biz
53.430793,-1.279513,burglary_biz
53.430225,-1.277701,shoplifting
53.430225,-1.277701,shoplifting
53.428636,-1.285464,shoplifting
53.428636,-1.285464,shoplifting
53.428804,-1.280494,theft_person
53.420239,-1.308115,theft_person
53.427478,-1.350724,shoplifting
53.41843,-1.384972,burglary_biz
53.418044,-1.385053,burglary_biz
53.403955,-1.360332,shoplifting
53.403955,-1.360332,shoplifting
53.401881,-1.365974,burglary_biz
53.408026,-1.367056,burglary_biz
53.39454,-1.260184,burglary_biz
53.398201,-1.259158,burglary_biz
53.396986,-1.258027,shoplifting
53.387007,-1.383606,burglary_biz
53.391116,-1.374002,shoplifting
53.391116,-1.374002,shoplifting
53.391116,-1.374002,shoplifting
53.38941,-1.346958,burglary_biz
53.361904,-1.333794,shoplifting
53.378372,-1.231325,robbery_biz
53.366828,-1.309777,burglary_biz
53.365844,-1.307479,burglary_biz
53.363645,-1.303412,burglary_biz
53.363645,-1.303412,shoplifting
53.36582,-1.281578,shoplifting
53.362516,-1.313348,burglary_biz
53.3635,-1.321867,shoplifting
53.3635,-1.321867,shoplifting
53.3635,-1.321867,shoplifting
53.3635,-1.321867,shoplifting
53.3635,-1.321867,shoplifting
53.3635,-1.321867,shoplifting
53.340703,-1.271344,robbery_biz
53.340703,-1.271344,shoplifting
53.340703,-1.271344,shoplifting
53.341126,-1.265464,shoplifting
53.319261,-1.278134,theft_person
53.424267,-1.263205,shoplifting
53.423447,-1.257034,shoplifting
53.425155,-1.276192,burglary_biz
53.423099,-1.274978,burglary_biz
53.42267,-1.273916,burglary_biz
53.423099,-1.274978,burglary_biz
53.412744,-1.320904,shoplifting
53.40273,-1.27018,burglary_biz
53.482763,-1.596442,shoplifting
53.475534,-1.585196,burglary_biz
53.47547,-1.587472,burglary_biz
53.478343,-1.566304,burglary_biz
53.466556,-1.593373,burglary_biz
53.465039,-1.490809,burglary_biz
53.470645,-1.494388,shoplifting
53.474575,-1.486416,shoplifting
53.474575,-1.486416,shoplifting
53.474575,-1.486416,shoplifting
53.474575,-1.486416,shoplifting
53.474575,-1.486416,shoplifting
53.474575,-1.486416,shoplifting
53.47443,-1.500791,burglary_biz
53.469078,-1.481119,burglary_biz
53.46164,-1.480468,shoplifting
53.46536,-1.477595,burglary_biz
53.450032,-1.464939,burglary_biz
53.462397,-1.468082,burglary_biz
53.46165,-1.465832,robbery_biz
53.461784,-1.467773,shoplifting
53.461784,-1.467773,shoplifting
53.461784,-1.467773,shoplifting
53.461784,-1.467773,shoplifting
53.461784,-1.467773,shoplifting
53.461784,-1.467773,shoplifting
53.461784,-1.467773,shoplifting
53.461784,-1.467773,shoplifting
53.461784,-1.467773,shoplifting
53.461784,-1.467773,shoplifting
53.461784,-1.467773,shoplifting
53.461784,-1.467773,shoplifting
53.460323,-1.472852,burglary_biz
53.443626,-1.503124,robbery_biz
53.44234,-1.469326,burglary_biz
53.447745,-1.482358,burglary_biz
53.444292,-1.459621,shoplifting
53.445686,-1.463924,shoplifting
53.444292,-1.459621,shoplifting
53.444292,-1.459621,shoplifting
53.444292,-1.459621,shoplifting
53.441112,-1.492962,burglary_biz
53.44515,-1.50416,robbery_biz
53.432035,-1.468476,shoplifting
53.435241,-1.459766,burglary_biz
53.431487,-1.458654,theft_person
53.441569,-1.463856,burglary_biz
53.438872,-1.463619,shoplifting
53.438872,-1.463619,shoplifting
53.438872,-1.463619,shoplifting
53.438872,-1.463619,shoplifting
53.433346,-1.431116,robbery_biz
53.432508,-1.447835,burglary_biz
53.435148,-1.445332,burglary_biz
53.436374,-1.450118,burglary_biz
53.436374,-1.450118,burglary_biz
53.452089,-1.55451,burglary_biz
53.433511,-1.535829,burglary_biz
53.432045,-1.533301,shoplifting
53.429887,-1.478872,burglary_biz
53.431576,-1.478596,shoplifting
53.431576,-1.478596,shoplifting
53.431576,-1.478596,shoplifting
53.428108,-1.487202,robbery_biz
53.428108,-1.487202,shoplifting
53.435114,-1.475738,burglary_biz
53.424222,-1.450169,shoplifting
53.424222,-1.450169,shoplifting
53.424222,-1.450169,shoplifting
53.424222,-1.450169,shoplifting
53.424222,-1.450169,shoplifting
53.424222,-1.450169,shoplifting
53.424222,-1.450169,shoplifting
53.424222,-1.450169,shoplifting
53.422428,-1.460861,burglary_biz
53.421349,-1.464697,burglary_biz
53.422642,-1.474672,burglary_biz
53.418295,-1.492029,burglary_biz
53.416316,-1.489074,burglary_biz
53.422097,-1.481556,burglary_biz
53.418754,-1.479776,shoplifting
53.418754,-1.479776,shoplifting
53.418754,-1.479776,shoplifting
53.418754,-1.479776,shoplifting
53.418754,-1.479776,shoplifting
53.417733,-1.484603,burglary_biz
53.421664,-1.437457,burglary_biz
53.414881,-1.449868,burglary_biz
53.423132,-1.423021,burglary_biz
53.418961,-1.434182,burglary_biz
53.418961,-1.434182,burglary_biz
53.431961,-1.423489,robbery_biz
53.412324,-1.422159,shoplifting
53.408296,-1.435091,robbery_biz
53.415627,-1.467552,burglary_biz
53.412339,-1.463952,robbery_biz
53.412339,-1.463952,shoplifting
53.415624,-1.473164,burglary_biz
53.413107,-1.479138,burglary_biz
53.420312,-1.478267,burglary_biz
53.422099,-1.471654,burglary_biz
53.408863,-1.506327,burglary_biz
53.408919,-1.511321,burglary_biz
53.408919,-1.511321,burglary_biz
53.408919,-1.511321,burglary_biz
53.402644,-1.502338,shoplifting
53.402644,-1.502338,shoplifting
53.402644,-1.502338,shoplifting
53.402644,-1.502338,shoplifting
53.402644,-1.502338,shoplifting
53.402644,-1.502338,shoplifting
53.411864,-1.504343,shoplifting
53.417203,-1.501657,shoplifting
53.417203,-1.501657,shoplifting
53.413672,-1.499908,robbery_biz
53.418405,-1.496956,shoplifting
53.401994,-1.495231,robbery_biz
53.401994,-1.495231,shoplifting
53.401994,-1.495231,shoplifting
53.407898,-1.38556,burglary_biz
53.408883,-1.38867,robbery_biz
53.396759,-1.417442,burglary_biz
53.396759,-1.417442,robbery_biz
53.400509,-1.404918,shoplifting
53.394371,-1.414267,shoplifting
53.418759,-1.392972,burglary_biz
53.414119,-1.410731,burglary_biz
53.41599,-1.396457,burglary_biz
53.414961,-1.411893,shoplifting
53.414925,-1.409968,shoplifting
53.414925,-1.409968,shoplifting
53.414961,-1.411893,shoplifting
53.414925,-1.409968,shoplifting
53.414961,-1.411893,shoplifting
53.4124,-1.412139,shoplifting
53.4124,-1.412139,shoplifting
53.4124,-1.412139,shoplifting
53.4124,-1.412139,shoplifting
53.4124,-1.412139,shoplifting
53.414119,-1.410731,shoplifting
53.4124,-1.412139,shoplifting
53.414925,-1.409968,shoplifting
53.4124,-1.412139,shoplifting
53.414961,-1.411893,shoplifting
53.4124,-1.412139,shoplifting
53.4124,-1.412139,shoplifting
53.414961,-1.411893,shoplifting
53.4124,-1.412139,shoplifting
53.414961,-1.411893,shoplifting
53.414925,-1.409968,shoplifting
53.4124,-1.412139,shoplifting
53.4124,-1.412139,shoplifting
53.4124,-1.412139,shoplifting
53.4124,-1.412139,shoplifting
53.4124,-1.412139,shoplifting
53.4124,-1.412139,shoplifting
53.414961,-1.411893,shoplifting
53.414961,-1.411893,shoplifting
53.405627,-1.409314,shoplifting
53.4124,-1.412139,shoplifting
53.4124,-1.412139,shoplifting
53.4124,-1.412139,shoplifting
53.4124,-1.412139,shoplifting
53.414961,-1.411893,shoplifting
53.4124,-1.412139,shoplifting
53.4124,-1.412139,shoplifting
53.4124,-1.412139,shoplifting
53.4124,-1.412139,shoplifting
53.4124,-1.412139,shoplifting
53.405627,-1.409314,shoplifting
53.405627,-1.409314,shoplifting
53.414961,-1.411893,shoplifting
53.4124,-1.412139,shoplifting
53.4124,-1.412139,shoplifting
53.4124,-1.412139,shoplifting
53.413748,-1.41378,shoplifting
53.414119,-1.410731,shoplifting
53.414961,-1.411893,shoplifting
53.414961,-1.411893,shoplifting
53.414925,-1.409968,shoplifting
53.413748,-1.41378,shoplifting
53.414961,-1.411893,shoplifting
53.4124,-1.412139,shoplifting
53.4124,-1.412139,shoplifting
53.414925,-1.409968,shoplifting
53.4124,-1.412139,shoplifting
53.4124,-1.412139,shoplifting
53.4124,-1.412139,shoplifting
53.4124,-1.412139,shoplifting
53.413748,-1.41378,shoplifting
53.414925,-1.409968,shoplifting
53.4124,-1.412139,shoplifting
53.4124,-1.412139,shoplifting
53.414119,-1.410731,shoplifting
53.414961,-1.411893,shoplifting
53.4124,-1.412139,shoplifting
53.4124,-1.412139,shoplifting
53.414925,-1.409968,shoplifting
53.4124,-1.412139,shoplifting
53.4124,-1.412139,shoplifting
53.405627,-1.409314,theft_person
53.4124,-1.412139,theft_person
53.401685,-1.46544,theft_person
53.404955,-1.469204,burglary_biz
53.410993,-1.468678,burglary_biz
53.412957,-1.471542,robbery_biz
53.412957,-1.471542,robbery_biz
53.412957,-1.471542,robbery_biz
53.412957,-1.471542,shoplifting
53.411945,-1.482838,burglary_biz
53.411945,-1.482838,burglary_biz
53.411945,-1.482838,burglary_biz
53.406187,-1.463262,burglary_biz
53.403935,-1.458192,robbery_biz
53.401952,-1.449178,burglary_biz
53.406812,-1.452424,shoplifting
53.406812,-1.452424,shoplifting
53.406812,-1.452424,shoplifting
53.406812,-1.452424,shoplifting
53.406812,-1.452424,shoplifting
53.412621,-1.450996,burglary_biz
53.405822,-1.512349,burglary_biz
53.405089,-1.508943,burglary_biz
53.394017,-1.455385,burglary_biz
53.394142,-1.469158,robbery_biz
53.391641,-1.466603,robbery_biz
53.41218,-1.441027,burglary_biz
53.389639,-1.457193,shoplifting
53.389639,-1.457193,shoplifting
53.389639,-1.457193,shoplifting
53.389639,-1.457193,shoplifting
53.389639,-1.457193,shoplifting
53.389639,-1.457193,shoplifting
53.389639,-1.457193,shoplifting
53.389639,-1.457193,shoplifting
53.389639,-1.457193,shoplifting
53.389639,-1.457193,shoplifting
53.389639,-1.457193,shoplifting
53.389639,-1.457193,shoplifting
53.389639,-1.457193,shoplifting
53.389639,-1.457193,shoplifting
53.389639,-1.457193,shoplifting
53.389639,-1.457193,shoplifting
53.389639,-1.457193,shoplifting
53.389639,-1.457193,shoplifting
53.389639,-1.457193,shoplifting
53.389639,-1.457193,shoplifting
53.389639,-1.457193,shoplifting
53.389639,-1.457193,shoplifting
53.389639,-1.457193,shoplifting
53.389639,-1.457193,shoplifting
53.389639,-1.457193,shoplifting
53.389639,-1.457193,shoplifting
53.389639,-1.457193,shoplifting
53.389639,-1.457193,shoplifting
53.390017,-1.459466,theft_person
53.391148,-1.461031,burglary_biz
53.391251,-1.475976,burglary_biz
53.391251,-1.475976,robbery_biz
53.387642,-1.464849,theft_person
53.406792,-1.438465,burglary_biz
53.404284,-1.444184,burglary_biz
53.404751,-1.534337,burglary_biz
53.392341,-1.532984,robbery_biz
53.392341,-1.532984,shoplifting
53.393722,-1.501886,shoplifting
53.398109,-1.50985,burglary_biz
53.398109,-1.50985,burglary_biz
53.398109,-1.50985,burglary_biz
53.391651,-1.524435,burglary_biz
53.392377,-1.52166,burglary_biz
53.389382,-1.48251,shoplifting
53.389382,-1.48251,shoplifting
53.389382,-1.48251,shoplifting
53.389382,-1.48251,shoplifting
53.389382,-1.48251,shoplifting
53.383228,-1.483065,robbery_biz
53.391522,-1.486634,burglary_biz
53.394665,-1.488175,shoplifting
53.394665,-1.488175,shoplifting
53.388264,-1.432198,burglary_biz
53.389172,-1.409963,robbery_biz
53.386002,-1.412307,robbery_biz
53.385339,-1.507955,shoplifting
53.385339,-1.507955,shoplifting
53.387259,-1.498984,burglary_biz
53.389368,-1.504864,shoplifting
53.381757,-1.511752,burglary_biz
53.38074,-1.509193,burglary_biz
53.379601,-1.518662,burglary_biz
53.380743,-1.507795,burglary_biz
53.383034,-1.507468,theft_person
53.386461,-1.510119,burglary_biz
53.380533,-1.485548,burglary_biz
53.383583,-1.503162,burglary_biz
53.383334,-1.499677,burglary_biz
53.379577,-1.489165,robbery_biz
53.379577,-1.489165,shoplifting
53.379577,-1.489165,shoplifting
53.379577,-1.489165,shoplifting
53.379577,-1.489165,shoplifting
53.379577,-1.489165,shoplifting
53.379577,-1.489165,shoplifting
53.379577,-1.489165,shoplifting
53.379577,-1.489165,shoplifting
53.379577,-1.489165,shoplifting
53.379577,-1.489165,shoplifting
53.379577,-1.489165,shoplifting
53.379577,-1.489165,shoplifting
53.379577,-1.489165,shoplifting
53.379577,-1.489165,shoplifting
53.379577,-1.489165,shoplifting
53.379577,-1.489165,shoplifting
53.379577,-1.489165,shoplifting
53.379577,-1.489165,shoplifting
53.379577,-1.489165,shoplifting
53.379577,-1.489165,shoplifting
53.379577,-1.489165,shoplifting
53.379577,-1.489165,shoplifting
53.380699,-1.501451,burglary_biz
53.380699,-1.501451,burglary_biz
53.378231,-1.500112,shoplifting
53.378231,-1.500112,shoplifting
53.376336,-1.507109,burglary_biz
53.385221,-1.495144,robbery_biz
53.381223,-1.405773,burglary_biz
53.375756,-1.389269,burglary_biz
53.372157,-1.371255,shoplifting
53.383287,-1.419726,theft_person
53.37928,-1.423779,burglary_biz
53.372528,-1.553641,burglary_biz
53.387886,-1.522387,burglary_biz
53.387886,-1.522387,burglary_biz
53.368997,-1.493142,shoplifting
53.368997,-1.493142,shoplifting
53.368997,-1.493142,shoplifting
53.375885,-1.491782,burglary_biz
53.372979,-1.49114,burglary_biz
53.372803,-1.487806,burglary_biz
53.373303,-1.503958,burglary_biz
53.373006,-1.394765,burglary_biz
53.372116,-1.389093,robbery_biz
53.370853,-1.374716,burglary_biz
53.371646,-1.378447,burglary_biz
53.368487,-1.395265,robbery_biz
53.369135,-1.390116,shoplifting
53.369135,-1.390116,shoplifting
53.371594,-1.521277,burglary_biz
53.366302,-1.537867,burglary_biz
53.367731,-1.530953,burglary_biz
53.367545,-1.522524,burglary_biz
53.367502,-1.41961,burglary_biz
53.366293,-1.420393,robbery_biz
53.366575,-1.432381,robbery_biz
53.364986,-1.425174,burglary_biz
53.36654,-1.424958,burglary_biz
53.371691,-1.419508,shoplifting
53.371551,-1.416744,shoplifting
53.374879,-1.426394,burglary_biz
53.366913,-1.480888,shoplifting
53.368278,-1.486973,burglary_biz
53.373175,-1.476062,robbery_biz
53.372797,-1.478096,shoplifting
53.37315,-1.482824,shoplifting
53.37315,-1.482824,shoplifting
53.368139,-1.543408,burglary_biz
53.366099,-1.555617,burglary_biz
53.363889,-1.471954,burglary_biz
53.367066,-1.472771,burglary_biz
53.371756,-1.470203,burglary_biz
53.369862,-1.475036,shoplifting
53.362942,-1.477375,shoplifting
53.362942,-1.477375,shoplifting
53.371737,-1.466115,burglary_biz
53.372507,-1.469367,burglary_biz
53.369436,-1.468128,burglary_biz
53.374339,-1.470938,burglary_biz
53.375524,-1.468743,burglary_biz
53.376829,-1.470803,burglary_biz
53.374667,-1.476044,robbery_biz
53.376878,-1.465961,robbery_biz
53.374667,-1.476044,shoplifting
53.375601,-1.463677,shoplifting
53.373857,-1.469666,shoplifting
53.375601,-1.463677,shoplifting
53.374606,-1.472422,shoplifting
53.375458,-1.47327,theft_person
53.368326,-1.445448,burglary_biz
53.36686,-1.445242,burglary_biz
53.366949,-1.458721,burglary_biz
53.36308,-1.461851,burglary_biz
53.370621,-1.461416,robbery_biz
53.370621,-1.461416,shoplifting
53.357818,-1.362436,robbery_biz
53.365204,-1.400195,burglary_biz
53.362304,-1.397155,burglary_biz
53.365585,-1.400866,burglary_biz
53.361742,-1.405933,burglary_biz
53.364827,-1.393138,burglary_biz
53.36131,-1.394345,robbery_biz
53.359596,-1.495612,burglary_biz
53.359596,-1.495612,burglary_biz
53.359596,-1.495612,burglary_biz
53.367155,-1.510671,burglary_biz
53.363263,-1.508477,shoplifting
53.363263,-1.508477,shoplifting
53.363263,-1.508477,shoplifting
53.363263,-1.508477,shoplifting
53.360989,-1.431509,burglary_biz
53.361311,-1.446441,burglary_biz
53.361184,-1.440447,robbery_biz
53.359758,-1.439234,robbery_biz
53.359606,-1.437493,shoplifting
53.360392,-1.363163,burglary_biz
53.359208,-1.365225,burglary_biz
53.358867,-1.370549,shoplifting
53.35934,-1.373467,robbery_biz
53.35934,-1.373467,shoplifting
53.35934,-1.373467,shoplifting
53.35934,-1.373467,shoplifting
53.35934,-1.373467,shoplifting
53.35934,-1.373467,shoplifting
53.35934,-1.373467,shoplifting
53.35934,-1.373467,shoplifting
53.35934,-1.373467,shoplifting
53.35934,-1.373467,shoplifting
53.35934,-1.373467,shoplifting
53.35934,-1.373467,shoplifting
53.35934,-1.373467,shoplifting
53.35934,-1.373467,shoplifting
53.35934,-1.373467,shoplifting
53.356885,-1.376438,theft_person
53.353611,-1.491747,burglary_biz
53.360091,-1.493683,burglary_biz
53.360091,-1.493683,burglary_biz
53.360216,-1.487145,burglary_biz
53.361132,-1.491191,burglary_biz
53.359264,-1.489365,shoplifting
53.359264,-1.489365,shoplifting
53.362272,-1.468022,burglary_biz
53.360124,-1.466095,theft_person
53.351403,-1.442197,burglary_biz
53.351403,-1.442197,burglary_biz
53.353219,-1.446065,burglary_biz
53.350361,-1.440258,burglary_biz
53.355404,-1.448125,robbery_biz
53.355404,-1.448125,robbery_biz
53.355404,-1.448125,shoplifting
53.365165,-1.463748,burglary_biz
53.363855,-1.466169,burglary_biz
53.363855,-1.466169,burglary_biz
53.365165,-1.463748,burglary_biz
53.368484,-1.464172,robbery_biz
53.368484,-1.464172,shoplifting
53.368484,-1.464172,shoplifting
53.368484,-1.464172,shoplifting
53.368484,-1.464172,shoplifting
53.368484,-1.464172,shoplifting
53.368187,-1.466039,shoplifting
53.368484,-1.464172,shoplifting
53.368484,-1.464172,shoplifting
53.368484,-1.464172,shoplifting
53.368484,-1.464172,shoplifting
53.368484,-1.464172,shoplifting
53.368484,-1.464172,shoplifting
53.368484,-1.464172,shoplifting
53.368484,-1.464172,shoplifting
53.358404,-1.419223,shoplifting
53.352317,-1.417037,theft_person
53.350856,-1.419746,burglary_biz
53.3558,-1.479102,shoplifting
53.35149,-1.479213,burglary_biz
53.350398,-1.476252,burglary_biz
53.350612,-1.442163,burglary_biz
53.350612,-1.442163,robbery_biz
53.345141,-1.425833,shoplifting
53.345141,-1.425833,shoplifting
53.345141,-1.425833,shoplifting
53.345141,-1.425833,shoplifting
53.345141,-1.425833,shoplifting
53.345141,-1.425833,shoplifting
53.345141,-1.425833,shoplifting
53.345141,-1.425833,shoplifting
53.345141,-1.425833,shoplifting
53.345141,-1.425833,shoplifting
53.345141,-1.425833,shoplifting
53.345141,-1.425833,shoplifting
53.345141,-1.425833,shoplifting
53.345141,-1.425833,shoplifting
53.345141,-1.425833,shoplifting
53.345141,-1.425833,shoplifting
53.345141,-1.425833,shoplifting
53.345141,-1.425833,shoplifting
53.345141,-1.425833,shoplifting
53.345141,-1.425833,shoplifting
53.345141,-1.425833,shoplifting
53.354093,-1.514607,robbery_biz
53.349312,-1.499729,burglary_biz
53.34189,-1.351147,shoplifting
53.346169,-1.350908,shoplifting
53.34189,-1.351147,shoplifting
53.34562,-1.481297,shoplifting
53.340402,-1.482186,burglary_biz
53.340496,-1.481104,burglary_biz
53.341611,-1.477215,burglary_biz
53.348564,-1.480345,shoplifting
53.346054,-1.445842,burglary_biz
53.342771,-1.449234,burglary_biz
53.3442,-1.360282,robbery_biz
53.345553,-1.358413,robbery_biz
53.345553,-1.358413,shoplifting
53.343802,-1.357027,shoplifting
53.343802,-1.357027,shoplifting
53.343802,-1.357027,shoplifting
53.343802,-1.357027,shoplifting
53.343802,-1.357027,shoplifting
53.343802,-1.357027,shoplifting
53.343802,-1.357027,shoplifting
53.344307,-1.357183,shoplifting
53.343802,-1.357027,shoplifting
53.343802,-1.357027,shoplifting
53.343802,-1.357027,shoplifting
53.345553,-1.358413,shoplifting
53.3442,-1.360282,shoplifting
53.3442,-1.360282,shoplifting
53.3442,-1.360282,shoplifting
53.345553,-1.358413,shoplifting
53.342071,-1.339645,burglary_biz
53.346892,-1.335365,shoplifting
53.346892,-1.335365,shoplifting
53.346892,-1.335365,shoplifting
53.346892,-1.335365,shoplifting
53.33781,-1.336332,burglary_biz
53.339451,-1.472466,robbery_biz
53.348141,-1.46991,burglary_biz
53.345532,-1.471535,shoplifting
53.345532,-1.471535,shoplifting
53.345532,-1.471535,shoplifting
53.345532,-1.471535,shoplifting
53.345532,-1.471535,shoplifting
53.345532,-1.471535,shoplifting
53.345532,-1.471535,shoplifting
53.345532,-1.471535,shoplifting
53.345532,-1.471535,shoplifting
53.345532,-1.471535,shoplifting
53.345532,-1.471535,shoplifting
53.332098,-1.48053,burglary_biz
53.329907,-1.472989,burglary_biz
53.329077,-1.472128,robbery_biz
53.333231,-1.458367,burglary_biz
53.330146,-1.467941,burglary_biz
53.332274,-1.457433,burglary_biz
53.330146,-1.467941,burglary_biz
53.327724,-1.467567,burglary_biz
53.327724,-1.467567,robbery_biz
53.327724,-1.467567,shoplifting
53.327724,-1.467567,shoplifting
53.327724,-1.467567,shoplifting
53.327724,-1.467567,shoplifting
53.327724,-1.467567,shoplifting
53.327724,-1.467567,shoplifting
53.327724,-1.467567,shoplifting
53.328992,-1.349367,burglary_biz
53.329064,-1.347759,robbery_biz
53.328808,-1.346937,robbery_biz
53.329064,-1.347759,robbery_biz
53.335752,-1.352733,theft_person
53.339058,-1.349138,burglary_biz
53.34269,-1.350825,shoplifting
53.34269,-1.350825,shoplifting
53.34269,-1.350825,shoplifting
53.34269,-1.350825,shoplifting
53.34269,-1.350825,shoplifting
53.34269,-1.350825,shoplifting
53.34269,-1.350825,shoplifting
53.34269,-1.350825,shoplifting
53.34269,-1.350825,shoplifting
53.34269,-1.350825,shoplifting
53.34269,-1.350825,shoplifting
53.34269,-1.350825,shoplifting
53.34269,-1.350825,shoplifting
53.34269,-1.350825,shoplifting
53.34269,-1.350825,shoplifting
53.34269,-1.350825,shoplifting
53.34269,-1.350825,shoplifting
53.34269,-1.350825,shoplifting
53.328952,-1.490958,burglary_biz
53.33568,-1.481628,shoplifting
53.33568,-1.481628,shoplifting
53.328165,-1.515727,burglary_biz
53.328165,-1.515727,burglary_biz
53.328165,-1.515727,burglary_biz
53.327535,-1.536019,burglary_biz
53.326733,-1.537694,burglary_biz
53.326733,-1.537694,burglary_biz
53.327227,-1.540091,shoplifting
53.327284,-1.546327,robbery_biz
53.327748,-1.486964,shoplifting
53.324525,-1.487948,burglary_biz
53.321554,-1.48887,robbery_biz
53.321682,-1.49157,robbery_biz
53.321682,-1.49157,robbery_biz
53.321682,-1.49157,shoplifting
53.321682,-1.49157,shoplifting
53.321682,-1.49157,shoplifting
53.321682,-1.49157,shoplifting
53.321682,-1.49157,shoplifting
53.321682,-1.49157,shoplifting
53.321682,-1.49157,shoplifting
53.321682,-1.49157,shoplifting
53.321682,-1.49157,shoplifting
53.321682,-1.49157,shoplifting
53.321682,-1.49157,shoplifting
53.321682,-1.49157,shoplifting
53.321682,-1.49157,shoplifting
53.321682,-1.49157,shoplifting
53.321682,-1.49157,shoplifting
53.321682,-1.49157,shoplifting
53.321682,-1.49157,shoplifting
53.321682,-1.49157,shoplifting
53.321682,-1.49157,shoplifting
53.321682,-1.49157,shoplifting
53.321682,-1.49157,shoplifting
53.325619,-1.458689,burglary_biz
53.327506,-1.462508,burglary_biz
53.322555,-1.473049,burglary_biz
53.322555,-1.473049,burglary_biz
53.324113,-1.465644,burglary_biz
53.323353,-1.464647,shoplifting
53.323353,-1.464647,shoplifting
53.323609,-1.479822,burglary_biz
53.323156,-1.476855,burglary_biz
53.322805,-1.480958,shoplifting
53.322805,-1.480958,theft_person
53.321451,-1.471502,theft_person
53.321516,-1.496812,burglary_biz
53.321516,-1.496812,burglary_biz
53.321516,-1.496812,burglary_biz
53.322065,-1.523257,robbery_biz
53.322065,-1.523257,shoplifting
53.322065,-1.523257,shoplifting
53.322065,-1.523257,shoplifting
53.322065,-1.523257,shoplifting
53.322065,-1.523257,shoplifting
53.325127,-1.342894,shoplifting
53.325127,-1.342894,shoplifting
53.325127,-1.342894,shoplifting
53.325127,-1.342894,shoplifting
53.325127,-1.342894,shoplifting
53.322972,-1.343288,shoplifting
53.324257,-1.369917,burglary_biz
53.323842,-1.362822,shoplifting
53.323842,-1.362822,shoplifting
53.382651,-1.482802,shoplifting
53.382893,-1.476379,theft_person
53.384399,-1.46934,burglary_biz
53.388612,-1.470686,shoplifting
53.388612,-1.470686,shoplifting
53.383992,-1.468804,theft_person
53.384399,-1.46934,theft_person
53.389332,-1.475142,burglary_biz
53.391048,-1.481046,burglary_biz
53.391683,-1.482391,shoplifting
53.388625,-1.475783,theft_person
53.379191,-1.470577,burglary_biz
53.377835,-1.466926,burglary_biz
53.383162,-1.468182,burglary_biz
53.379861,-1.467682,burglary_biz
53.378326,-1.468062,burglary_biz
53.378409,-1.466603,robbery_biz
53.38282,-1.469961,robbery_biz
53.383533,-1.464585,robbery_biz
53.37823,-1.470679,robbery_biz
53.383629,-1.465952,robbery_biz
53.38282,-1.469961,robbery_biz
53.383533,-1.464585,robbery_biz
53.381809,-1.468581,robbery_biz
53.383727,-1.467754,robbery_biz
53.383162,-1.468182,shoplifting
53.382912,-1.466381,shoplifting
53.382912,-1.466381,shoplifting
53.382697,-1.468624,shoplifting
53.38282,-1.469961,shoplifting
53.382912,-1.466381,shoplifting
53.381809,-1.468581,shoplifting
53.382697,-1.468624,shoplifting
53.381809,-1.468581,shoplifting
53.381809,-1.468581,shoplifting
53.383162,-1.468182,shoplifting
53.381809,-1.468581,shoplifting
53.378326,-1.468062,shoplifting
53.378326,-1.468062,shoplifting
53.378409,-1.466603,shoplifting
53.381809,-1.468581,shoplifting
53.381809,-1.468581,shoplifting
53.382697,-1.468624,shoplifting
53.383162,-1.468182,shoplifting
53.382697,-1.468624,shoplifting
53.383629,-1.465952,shoplifting
53.381809,-1.468581,shoplifting
53.382912,-1.466381,shoplifting
53.378326,-1.468062,shoplifting
53.38282,-1.469961,shoplifting
53.382697,-1.468624,shoplifting
53.378409,-1.466603,shoplifting
53.378326,-1.468062,shoplifting
53.381809,-1.468581,shoplifting
53.382697,-1.468624,shoplifting
53.378326,-1.468062,shoplifting
53.381809,-1.468581,shoplifting
53.381809,-1.468581,shoplifting
53.383162,-1.468182,shoplifting
53.378326,-1.468062,shoplifting
53.378326,-1.468062,shoplifting
53.381997,-1.470843,shoplifting
53.382912,-1.466381,shoplifting
53.381809,-1.468581,shoplifting
53.383711,-1.464252,theft_person
53.383533,-1.464585,theft_person
53.38282,-1.469961,theft_person
53.387864,-1.468229,theft_person
53.384922,-1.477798,burglary_biz
53.385158,-1.480606,burglary_biz
53.384931,-1.482022,burglary_biz
53.38663,-1.477882,burglary_biz
53.384735,-1.480401,shoplifting
53.384735,-1.480401,shoplifting
53.384735,-1.480401,shoplifting
53.384735,-1.480401,shoplifting
53.384735,-1.480401,shoplifting
53.384735,-1.480401,shoplifting
53.384735,-1.480401,shoplifting
53.384735,-1.480401,shoplifting
53.384735,-1.480401,shoplifting
53.384735,-1.480401,shoplifting
53.384735,-1.480401,shoplifting
53.375404,-1.480199,burglary_biz
53.376925,-1.476543,burglary_biz
53.377837,-1.479493,robbery_biz
53.376549,-1.481087,robbery_biz
53.376769,-1.473854,shoplifting
53.376769,-1.473854,shoplifting
53.375818,-1.474151,shoplifting
53.376769,-1.473854,shoplifting
53.376572,-1.473946,shoplifting
53.378234,-1.47582,shoplifting
53.376125,-1.473827,shoplifting
53.376769,-1.473854,shoplifting
53.376769,-1.473854,shoplifting
53.378234,-1.47582,shoplifting
53.375818,-1.474151,shoplifting
53.376769,-1.473854,shoplifting
53.376769,-1.473854,shoplifting
53.376769,-1.473854,shoplifting
53.376769,-1.473854,shoplifting
53.376125,-1.473827,shoplifting
53.375818,-1.474151,shoplifting
53.376572,-1.473946,shoplifting
53.376572,-1.473946,shoplifting
53.376572,-1.473946,shoplifting
53.376769,-1.473854,shoplifting
53.375818,-1.474151,shoplifting
53.376572,-1.473946,shoplifting
53.376769,-1.473854,shoplifting
53.377324,-1.47583,theft_person
53.380913,-1.475847,burglary_biz
53.382328,-1.472553,burglary_biz
53.379205,-1.475763,burglary_biz
53.380913,-1.475847,robbery_biz
53.380913,-1.475847,robbery_biz
53.380913,-1.475847,robbery_biz
53.382036,-1.471519,robbery_biz
53.379247,-1.471072,robbery_biz
53.379247,-1.471072,robbery_biz
53.379832,-1.475319,shoplifting
53.379247,-1.471072,shoplifting
53.380913,-1.475847,shoplifting
53.379732,-1.473021,shoplifting
53.377755,-1.471061,shoplifting
53.380604,-1.471025,shoplifting
53.377755,-1.471061,shoplifting
53.380041,-1.473829,shoplifting
53.382036,-1.471519,theft_person
53.380641,-1.474268,theft_person
53.380215,-1.474065,theft_person
53.380641,-1.474268,theft_person
53.380913,-1.475847,theft_person
53.380641,-1.474268,theft_person
53.380641,-1.474268,theft_person
53.380913,-1.475847,theft_person
53.382036,-1.471519,theft_person
53.380913,-1.475847,theft_person
53.379732,-1.473021,theft_person
53.380641,-1.474268,theft_person
53.380641,-1.474268,theft_person
53.381592,-1.474982,theft_person
53.377755,-1.471061,theft_person
53.380641,-1.474268,theft_person
53.381414,-1.471121,theft_person
53.380641,-1.474268,theft_person
53.380913,-1.475847,theft_person
53.381002,-1.47762,burglary_biz
53.379969,-1.479653,robbery_biz
53.38041,-1.480093,shoplifting
53.379969,-1.479653,theft_person
53.379969,-1.479653,theft_person
53.376231,-1.448247,burglary_biz
53.376182,-1.445271,burglary_biz
53.377258,-1.454457,burglary_biz
53.372808,-1.440686,robbery_biz
53.371651,-1.447058,burglary_biz
53.38597,-1.454841,burglary_biz
53.38597,-1.454841,burglary_biz
53.383554,-1.451535,burglary_biz
53.382831,-1.444869,theft_person
53.382645,-1.4377,robbery_biz
53.383115,-1.457569,burglary_biz
53.381892,-1.459464,robbery_biz
53.383549,-1.463989,shoplifting
53.376798,-1.464053,shoplifting
53.376798,-1.464053,shoplifting
53.376798,-1.464053,shoplifting
53.376798,-1.464053,shoplifting
53.350584,-1.401136,burglary_biz
53.348989,-1.39856,shoplifting
53.348989,-1.39856,shoplifting
53.348989,-1.39856,shoplifting
53.346874,-1.397974,shoplifting
53.348989,-1.39856,shoplifting
53.348989,-1.39856,shoplifting
53.348989,-1.39856,shoplifting
53.348989,-1.39856,shoplifting
53.348989,-1.39856,shoplifting
53.352653,-1.401318,burglary_biz
53.343006,-1.397428,burglary_biz
53.340144,-1.402004,shoplifting
53.351361,-1.396559,burglary_biz
53.346896,-1.377665,shoplifting
53.345546,-1.393021,burglary_biz
53.345124,-1.38798,robbery_biz
53.496388,-1.465215,burglary_biz
53.497364,-1.464404,shoplifting
53.495279,-1.444759,theft_person
53.497454,-1.454468,burglary_biz
53.495757,-1.272579,robbery_biz
53.494211,-1.287513,burglary_biz
53.493171,-1.290937,robbery_biz
53.494125,-1.288147,shoplifting
53.497337,-1.305354,burglary_biz
53.496784,-1.306101,shoplifting
53.497255,-1.280995,shoplifting
53.493677,-1.294425,shoplifting
53.482811,-1.2305,shoplifting
53.482811,-1.2305,shoplifting
53.482811,-1.2305,shoplifting
53.482811,-1.2305,shoplifting
53.482811,-1.2305,shoplifting
53.482811,-1.2305,shoplifting
53.482811,-1.2305,shoplifting
53.482811,-1.2305,shoplifting
53.482811,-1.2305,shoplifting
53.482811,-1.2305,shoplifting
53.482811,-1.2305,shoplifting
53.490911,-1.237784,burglary_biz
53.485058,-1.231816,burglary_biz
53.485058,-1.231816,burglary_biz
53.490721,-1.246047,burglary_biz
53.490911,-1.237784,burglary_biz
53.485058,-1.231816,burglary_biz
53.485058,-1.231816,burglary_biz
53.484137,-1.231199,burglary_biz
53.485058,-1.231816,burglary_biz
53.485058,-1.231816,burglary_biz
53.491306,-1.24046,robbery_biz
53.491307,-1.244921,robbery_biz
53.491307,-1.244921,shoplifting
53.491307,-1.244921,shoplifting
53.485828,-1.255493,burglary_biz
53.484604,-1.255288,burglary_biz
53.485828,-1.255493,burglary_biz
53.488451,-1.256788,burglary_biz
53.491102,-1.255219,shoplifting
53.491102,-1.255219,shoplifting
53.491102,-1.255219,shoplifting
53.489588,-1.251599,burglary_biz
53.49179,-1.248802,burglary_biz
53.489588,-1.251599,burglary_biz
53.489588,-1.251599,burglary_biz
53.445202,-1.231827,burglary_biz
53.484313,-1.246146,burglary_biz
53.480769,-1.234455,burglary_biz
53.475961,-1.247303,burglary_biz
53.49799,-1.338191,burglary_biz
53.496996,-1.340407,burglary_biz
53.495483,-1.353047,burglary_biz
53.497921,-1.348518,burglary_biz
53.491833,-1.315753,burglary_biz
53.491833,-1.315753,burglary_biz
53.490178,-1.303255,burglary_biz
53.486665,-1.303433,burglary_biz
53.486578,-1.31323,shoplifting
53.486578,-1.31323,shoplifting
53.486578,-1.31323,shoplifting
53.476726,-1.308583,burglary_biz
53.466727,-1.339641,shoplifting
53.466727,-1.339641,shoplifting
53.466727,-1.339641,shoplifting
53.466727,-1.339641,shoplifting
53.466727,-1.339641,shoplifting
53.466521,-1.33502,burglary_biz
53.46876,-1.333403,shoplifting
53.466213,-1.328125,burglary_biz
53.467462,-1.323195,burglary_biz
53.463309,-1.331108,burglary_biz
53.463633,-1.331269,shoplifting
53.452507,-1.428752,robbery_biz
53.454922,-1.435647,burglary_biz
53.45881,-1.44043,burglary_biz
53.454296,-1.338162,burglary_biz
53.460813,-1.338091,burglary_biz
53.455359,-1.34673,burglary_biz
53.451113,-1.344355,burglary_biz
53.451113,-1.344355,burglary_biz
53.447991,-1.343831,burglary_biz
53.451113,-1.344355,robbery_biz
53.451113,-1.344355,robbery_biz
53.451113,-1.344355,robbery_biz
53.451113,-1.344355,robbery_biz
53.451293,-1.339594,shoplifting
53.449549,-1.341127,shoplifting
53.451113,-1.344355,shoplifting
53.451293,-1.339594,shoplifting
53.451293,-1.339594,shoplifting
53.447956,-1.342615,shoplifting
53.451113,-1.344355,shoplifting
53.451113,-1.344355,shoplifting
53.447951,-1.34323,shoplifting
53.451113,-1.344355,shoplifting
53.451293,-1.339594,shoplifting
53.449549,-1.341127,shoplifting
53.449549,-1.341127,shoplifting
53.451113,-1.344355,shoplifting
53.451113,-1.344355,shoplifting
53.447956,-1.342615,shoplifting
53.451113,-1.344355,shoplifting
53.451113,-1.344355,shoplifting
53.442039,-1.361929,burglary_biz
53.452924,-1.373767,shoplifting
53.464315,-1.290483,burglary_biz
53.446503,-1.301711,burglary_biz
53.441819,-1.315668,burglary_biz
53.443541,-1.319167,robbery_biz
53.443541,-1.319167,robbery_biz
53.442968,-1.315394,shoplifting
53.442968,-1.315394,shoplifting
53.446914,-1.406016,burglary_biz
53.448907,-1.400131,robbery_biz
53.447861,-1.403158,shoplifting
53.447861,-1.403158,shoplifting
53.447861,-1.403158,shoplifting
53.447861,-1.403158,shoplifting
53.447861,-1.403158,shoplifting
53.447861,-1.403158,shoplifting
53.447861,-1.403158,shoplifting
53.447861,-1.403158,shoplifting
53.447861,-1.403158,shoplifting
53.447442,-1.393045,burglary_biz
53.448614,-1.399187,burglary_biz
53.44232,-1.393389,burglary_biz
53.440819,-1.245139,burglary_biz
53.439863,-1.314721,burglary_biz
53.438944,-1.315835,shoplifting
53.438944,-1.315835,shoplifting
53.437453,-1.319231,burglary_biz
53.438136,-1.322426,burglary_biz
53.439241,-1.336575,burglary_biz
53.432489,-1.336469,robbery_biz
53.43301,-1.328363,robbery_biz
53.439026,-1.341636,robbery_biz
53.439326,-1.34392,shoplifting
53.439326,-1.34392,shoplifting
53.439326,-1.34392,shoplifting
53.439326,-1.34392,shoplifting
53.439326,-1.34392,shoplifting
53.439326,-1.34392,shoplifting
53.439326,-1.34392,shoplifting
53.435779,-1.333272,burglary_biz
53.435986,-1.386916,burglary_biz
53.430343,-1.396163,burglary_biz
53.430036,-1.383525,burglary_biz
53.430025,-1.376316,burglary_biz
53.430036,-1.383525,burglary_biz
53.432974,-1.372841,robbery_biz
53.432974,-1.372841,shoplifting
53.432974,-1.372841,shoplifting
53.432974,-1.372841,shoplifting
53.432639,-1.384647,burglary_biz
53.431263,-1.386232,burglary_biz
53.425016,-1.357052,burglary_biz
53.430355,-1.350529,burglary_biz
53.436275,-1.353089,burglary_biz
53.426907,-1.357851,burglary_biz
53.433941,-1.35198,burglary_biz
53.43029,-1.358342,burglary_biz
53.432099,-1.365449,robbery_biz
53.43191,-1.357098,robbery_biz
53.432099,-1.365449,robbery_biz
53.432099,-1.365449,robbery_biz
53.432099,-1.365449,robbery_biz
53.433223,-1.350591,robbery_biz
53.432099,-1.365449,robbery_biz
53.433833,-1.353592,shoplifting
53.433054,-1.354146,shoplifting
53.430929,-1.355277,shoplifting
53.430929,-1.355277,shoplifting
53.43169,-1.354633,shoplifting
53.43169,-1.354633,shoplifting
53.43169,-1.354633,shoplifting
53.43169,-1.354633,shoplifting
53.433833,-1.353592,shoplifting
53.433833,-1.353592,shoplifting
53.432099,-1.365449,shoplifting
53.432099,-1.365449,shoplifting
53.433054,-1.354146,shoplifting
53.43169,-1.354633,shoplifting
53.433054,-1.354146,shoplifting
53.43169,-1.354633,shoplifting
53.43169,-1.354633,shoplifting
53.43169,-1.354633,shoplifting
53.43169,-1.354633,shoplifting
53.43169,-1.354633,shoplifting
53.43169,-1.354633,shoplifting
53.43169,-1.354633,shoplifting
53.433054,-1.354146,shoplifting
53.433833,-1.353592,shoplifting
53.43191,-1.357098,shoplifting
53.432099,-1.365449,shoplifting
53.433054,-1.354146,shoplifting
53.43169,-1.354633,shoplifting
53.433833,-1.353592,shoplifting
53.433054,-1.354146,shoplifting
53.43169,-1.354633,shoplifting
53.43169,-1.354633,shoplifting
53.432099,-1.365449,shoplifting
53.43169,-1.354633,shoplifting
53.433054,-1.354146,shoplifting
53.432099,-1.365449,shoplifting
53.432099,-1.365449,shoplifting
53.43169,-1.354633,shoplifting
53.43191,-1.357098,shoplifting
53.43169,-1.354633,shoplifting
53.43191,-1.357098,shoplifting
53.432099,-1.365449,shoplifting
53.43191,-1.357098,shoplifting
53.43169,-1.354633,shoplifting
53.43169,-1.354633,shoplifting
53.43169,-1.354633,shoplifting
53.432099,-1.365449,shoplifting
53.433833,-1.353592,shoplifting
53.433054,-1.354146,shoplifting
53.433054,-1.354146,shoplifting
53.432099,-1.365449,shoplifting
53.43169,-1.354633,shoplifting
53.433054,-1.354146,shoplifting
53.43191,-1.357098,shoplifting
53.430929,-1.355277,theft_person
53.433054,-1.354146,theft_person
53.428259,-1.346799,burglary_biz
53.434805,-1.350597,robbery_biz
53.422414,-1.245721,burglary_biz
53.420327,-1.284911,shoplifting
53.420327,-1.284911,shoplifting
53.420327,-1.284911,shoplifting
53.430225,-1.277701,shoplifting
53.430225,-1.277701,shoplifting
53.430225,-1.277701,shoplifting
53.430225,-1.277701,shoplifting
53.427686,-1.283042,burglary_biz
53.428636,-1.285464,shoplifting
53.420249,-1.306159,shoplifting
53.420249,-1.306159,shoplifting
53.425972,-1.329889,burglary_biz
53.428634,-1.331743,shoplifting
53.416363,-1.342829,burglary_biz
53.408665,-1.340525,burglary_biz
53.41885,-1.340759,burglary_biz
53.421661,-1.350165,burglary_biz
53.411857,-1.330998,burglary_biz
53.411857,-1.330998,burglary_biz
53.409214,-1.362239,robbery_biz
53.409214,-1.362239,shoplifting
53.405854,-1.362455,burglary_biz
53.399441,-1.371875,burglary_biz
53.39454,-1.260184,burglary_biz
53.393582,-1.252065,burglary_biz
53.396986,-1.258027,robbery_biz
53.396986,-1.258027,shoplifting
53.39477,-1.256586,shoplifting
53.396986,-1.258027,shoplifting
53.396986,-1.258027,shoplifting
53.396272,-1.255387,shoplifting
53.391116,-1.374002,robbery_biz
53.391116,-1.374002,shoplifting
53.391116,-1.374002,shoplifting
53.380752,-1.36988,burglary_biz
53.381053,-1.367486,burglary_biz
53.358541,-1.32722,shoplifting
53.358541,-1.32722,shoplifting
53.37553,-1.233201,burglary_biz
53.3635,-1.321867,shoplifting
53.3635,-1.321867,shoplifting
53.3635,-1.321867,shoplifting
53.3635,-1.321867,shoplifting
53.3635,-1.321867,shoplifting
53.339532,-1.276816,burglary_biz
53.364073,-1.23518,burglary_biz
53.339935,-1.261359,burglary_biz
53.423447,-1.257034,shoplifting
53.423447,-1.257034,shoplifting
53.412518,-1.274781,burglary_biz
53.411987,-1.323715,burglary_biz
53.411054,-1.32409,burglary_biz
53.478492,-1.590501,burglary_biz
53.478492,-1.590501,burglary_biz
53.482171,-1.587946,robbery_biz
53.483238,-1.588135,shoplifting
53.478567,-1.596769,theft_person
53.474111,-1.594686,burglary_biz
53.478574,-1.570325,shoplifting
53.464695,-1.488011,burglary_biz
53.470645,-1.494388,shoplifting
53.477298,-1.490496,burglary_biz
53.474575,-1.486416,shoplifting
53.474575,-1.486416,shoplifting
53.474575,-1.486416,shoplifting
53.474575,-1.486416,shoplifting
53.474575,-1.486416,shoplifting
53.474575,-1.486416,shoplifting
53.473685,-1.490419,shoplifting
53.46164,-1.480468,robbery_biz
53.46164,-1.480468,shoplifting
53.46164,-1.480468,shoplifting
53.46164,-1.480468,shoplifting
53.46164,-1.480468,shoplifting
53.46164,-1.480468,shoplifting
53.46164,-1.480468,shoplifting
53.46164,-1.480468,shoplifting
53.46164,-1.480468,shoplifting
53.46164,-1.480468,shoplifting
53.469365,-1.476687,shoplifting
53.461784,-1.467773,shoplifting
53.461784,-1.467773,shoplifting
53.461784,-1.467773,shoplifting
53.460042,-1.482465,burglary_biz
53.442759,-1.502005,robbery_biz
53.445686,-1.463924,robbery_biz
53.444292,-1.459621,shoplifting
53.444292,-1.459621,shoplifting
53.445686,-1.463924,shoplifting
53.444292,-1.459621,shoplifting
53.444292,-1.459621,shoplifting
53.43957,-1.489638,theft_person
53.430816,-1.469229,burglary_biz
53.438872,-1.463619,robbery_biz
53.438872,-1.463619,robbery_biz
53.438872,-1.463619,shoplifting
53.438786,-1.470559,theft_person
53.437602,-1.433874,robbery_biz
53.431235,-1.440852,shoplifting
53.436852,-1.442615,theft_person
53.435321,-1.453699,burglary_biz
53.424605,-1.56983,burglary_biz
53.435997,-1.53958,theft_person
53.415877,-1.520389,burglary_biz
53.432045,-1.533301,shoplifting
53.432045,-1.533301,shoplifting
53.432045,-1.533301,shoplifting
53.432045,-1.533301,shoplifting
53.428799,-1.484891,burglary_biz
53.431576,-1.478596,robbery_biz
53.431576,-1.478596,shoplifting
53.428108,-1.487202,robbery_biz
53.428108,-1.487202,shoplifting
53.429797,-1.470596,burglary_biz
53.429797,-1.470596,shoplifting
53.435486,-1.474454,burglary_biz
53.424222,-1.450169,shoplifting
53.424222,-1.450169,shoplifting
53.424222,-1.450169,shoplifting
53.424222,-1.450169,shoplifting
53.424222,-1.450169,shoplifting
53.424401,-1.459918,burglary_biz
53.421596,-1.453844,burglary_biz
53.421596,-1.453844,robbery_biz
53.426855,-1.482266,burglary_biz
53.426855,-1.482266,robbery_biz
53.423742,-1.498435,burglary_biz
53.423742,-1.498435,burglary_biz
53.424196,-1.497346,burglary_biz
53.421488,-1.496686,burglary_biz
53.423727,-1.494974,burglary_biz
53.422584,-1.491846,robbery_biz
53.422584,-1.491846,shoplifting
53.422584,-1.491846,shoplifting
53.422584,-1.491846,shoplifting
53.420608,-1.482341,robbery_biz
53.416986,-1.452113,burglary_biz
53.416133,-1.450379,burglary_biz
53.418908,-1.44867,shoplifting
53.41954,-1.448499,shoplifting
53.425131,-1.416373,theft_person
53.416522,-1.413015,theft_person
53.415083,-1.415589,burglary_biz
53.414124,-1.461327,burglary_biz
53.410116,-1.465424,burglary_biz
53.414547,-1.465294,burglary_biz
53.410116,-1.465424,burglary_biz
53.414124,-1.461327,burglary_biz
53.416302,-1.467784,burglary_biz
53.416302,-1.467784,burglary_biz
53.414087,-1.473138,robbery_biz
53.413413,-1.481436,burglary_biz
53.422099,-1.471654,burglary_biz
53.408932,-1.510027,burglary_biz
53.402441,-1.503168,burglary_biz
53.402644,-1.502338,shoplifting
53.402644,-1.502338,shoplifting
53.402644,-1.502338,shoplifting
53.402644,-1.502338,shoplifting
53.402644,-1.502338,shoplifting
53.402644,-1.502338,shoplifting
53.402644,-1.502338,shoplifting
53.402644,-1.502338,theft_person
53.418909,-1.512064,burglary_biz
53.411864,-1.504343,robbery_biz
53.411864,-1.504343,shoplifting
53.411864,-1.504343,shoplifting
53.408735,-1.495016,burglary_biz
53.418405,-1.496956,shoplifting
53.413672,-1.499908,shoplifting
53.418737,-1.496794,shoplifting
53.418737,-1.496794,shoplifting
53.418405,-1.496956,shoplifting
53.406961,-1.498587,burglary_biz
53.401523,-1.494365,burglary_biz
53.406961,-1.498587,robbery_biz
53.406961,-1.498587,robbery_biz
53.406961,-1.498587,robbery_biz
53.401994,-1.495231,shoplifting
53.401994,-1.495231,shoplifting
53.401994,-1.495231,shoplifting
53.401523,-1.494365,shoplifting
53.404321,-1.501341,shoplifting
53.402773,-1.498802,theft_person
53.393549,-1.415421,burglary_biz
53.396759,-1.417442,theft_person
53.405627,-1.409314,robbery_biz
53.414119,-1.410731,shoplifting
53.4124,-1.412139,shoplifting
53.4124,-1.412139,shoplifting
53.414961,-1.411893,shoplifting
53.414961,-1.411893,shoplifting
53.414961,-1.411893,shoplifting
53.414961,-1.411893,shoplifting
53.4124,-1.412139,shoplifting
53.414961,-1.411893,shoplifting
53.414961,-1.411893,shoplifting
53.4124,-1.412139,shoplifting
53.405627,-1.409314,shoplifting
53.414961,-1.411893,shoplifting
53.4124,-1.412139,shoplifting
53.4124,-1.412139,shoplifting
53.405627,-1.409314,shoplifting
53.405627,-1.409314,shoplifting
53.414925,-1.409968,shoplifting
53.4124,-1.412139,shoplifting
53.414961,-1.411893,shoplifting
53.414119,-1.410731,shoplifting
53.414119,-1.410731,shoplifting
53.414961,-1.411893,shoplifting
53.413748,-1.41378,shoplifting
53.4124,-1.412139,shoplifting
53.4124,-1.412139,shoplifting
53.4124,-1.412139,shoplifting
53.414961,-1.411893,shoplifting
53.414925,-1.409968,shoplifting
53.4124,-1.412139,shoplifting
53.414961,-1.411893,shoplifting
53.4124,-1.412139,shoplifting
53.414961,-1.411893,shoplifting
53.414961,-1.411893,shoplifting
53.4124,-1.412139,shoplifting
53.414119,-1.410731,shoplifting
53.414961,-1.411893,shoplifting
53.414119,-1.410731,shoplifting
53.414119,-1.410731,shoplifting
53.405627,-1.409314,shoplifting
53.413696,-1.406946,shoplifting
53.4124,-1.412139,shoplifting
53.405627,-1.409314,shoplifting
53.4124,-1.412139,shoplifting
53.4124,-1.412139,shoplifting
53.414961,-1.411893,shoplifting
53.4124,-1.412139,shoplifting
53.414961,-1.411893,shoplifting
53.414961,-1.411893,shoplifting
53.4124,-1.412139,shoplifting
53.4124,-1.412139,shoplifting
53.414119,-1.410731,shoplifting
53.414119,-1.410731,shoplifting
53.414925,-1.409968,shoplifting
53.4124,-1.412139,shoplifting
53.414961,-1.411893,shoplifting
53.4124,-1.412139,shoplifting
53.414925,-1.409968,shoplifting
53.414925,-1.409968,shoplifting
53.414925,-1.409968,shoplifting
53.4124,-1.412139,shoplifting
53.4124,-1.412139,shoplifting
53.4124,-1.412139,shoplifting
53.4124,-1.412139,shoplifting
53.4124,-1.412139,shoplifting
53.4124,-1.412139,shoplifting
53.4124,-1.412139,shoplifting
53.414961,-1.411893,shoplifting
53.414119,-1.410731,theft_person
53.401685,-1.46544,theft_person
53.404463,-1.473738,burglary_biz
53.410936,-1.471868,robbery_biz
53.412957,-1.471542,shoplifting
53.410502,-1.477545,burglary_biz
53.399218,-1.462598,burglary_biz
53.40175,-1.46207,robbery_biz
53.40175,-1.46207,robbery_biz
53.40445,-1.444949,burglary_biz
53.406812,-1.452424,robbery_biz
53.406812,-1.452424,robbery_biz
53.406812,-1.452424,robbery_biz
53.406812,-1.452424,robbery_biz
53.406812,-1.452424,shoplifting
53.406812,-1.452424,shoplifting
53.406812,-1.452424,shoplifting
53.406812,-1.452424,shoplifting
53.406812,-1.452424,shoplifting
53.406812,-1.452424,shoplifting
53.411735,-1.445922,burglary_biz
53.408075,-1.520311,robbery_biz
53.39426,-1.455382,robbery_biz
53.409394,-1.443154,burglary_biz
53.41022,-1.441053,burglary_biz
53.394829,-1.454157,burglary_biz
53.392656,-1.434223,burglary_biz
53.389639,-1.457193,robbery_biz
53.389639,-1.457193,shoplifting
53.389639,-1.457193,shoplifting
53.389639,-1.457193,shoplifting
53.389639,-1.457193,shoplifting
53.389639,-1.457193,shoplifting
53.389639,-1.457193,shoplifting
53.389639,-1.457193,shoplifting
53.389639,-1.457193,shoplifting
53.389639,-1.457193,shoplifting
53.389639,-1.457193,shoplifting
53.389639,-1.457193,shoplifting
53.389639,-1.457193,shoplifting
53.389639,-1.457193,shoplifting
53.389639,-1.457193,shoplifting
53.389639,-1.457193,shoplifting
53.389639,-1.457193,shoplifting
53.389639,-1.457193,shoplifting
53.389639,-1.457193,shoplifting
53.389639,-1.457193,shoplifting
53.389639,-1.457193,shoplifting
53.389639,-1.457193,shoplifting
53.389639,-1.457193,shoplifting
53.389639,-1.457193,shoplifting
53.389639,-1.457193,shoplifting
53.389639,-1.457193,shoplifting
53.389639,-1.457193,shoplifting
53.389639,-1.457193,shoplifting
53.389639,-1.457193,shoplifting
53.389639,-1.457193,shoplifting
53.389639,-1.457193,shoplifting
53.389639,-1.457193,shoplifting
53.389639,-1.457193,shoplifting
53.389639,-1.457193,shoplifting
53.389639,-1.457193,shoplifting
53.389639,-1.457193,shoplifting
53.389639,-1.457193,shoplifting
53.393307,-1.46347,theft_person
53.38639,-1.462369,burglary_biz
53.39604,-1.477722,burglary_biz
53.391235,-1.476638,robbery_biz
53.387172,-1.462359,shoplifting
53.4098,-1.447346,burglary_biz
53.408467,-1.444881,burglary_biz
53.404675,-1.435424,robbery_biz
53.398654,-1.43382,robbery_biz
53.407327,-1.449138,theft_person
53.392341,-1.532984,robbery_biz
53.392341,-1.532984,shoplifting
53.392341,-1.532984,shoplifting
53.392341,-1.532984,shoplifting
53.390008,-1.500711,burglary_biz
53.395763,-1.503245,burglary_biz
53.395763,-1.503245,burglary_biz
53.392789,-1.528032,shoplifting
53.392789,-1.528032,shoplifting
53.391651,-1.524435,burglary_biz
53.391609,-1.522857,burglary_biz
53.390612,-1.534536,burglary_biz
53.390433,-1.532358,burglary_biz
53.389382,-1.48251,robbery_biz
53.389382,-1.48251,shoplifting
53.389382,-1.48251,shoplifting
53.389382,-1.48251,shoplifting
53.389382,-1.48251,shoplifting
53.394665,-1.488175,shoplifting
53.39766,-1.496952,burglary_biz
53.395214,-1.49259,theft_person
53.387436,-1.422602,burglary_biz
53.383806,-1.443835,shoplifting
53.393589,-1.412518,burglary_biz
53.385339,-1.507955,shoplifting
53.38598,-1.506832,theft_person
53.38598,-1.506832,theft_person
53.385562,-1.49935,burglary_biz
53.388344,-1.502505,burglary_biz
53.389368,-1.504864,burglary_biz
53.381941,-1.510412,burglary_biz
53.381941,-1.510412,burglary_biz
53.379601,-1.518662,shoplifting
53.379601,-1.518662,shoplifting
53.379601,-1.518662,shoplifting
53.379601,-1.518662,shoplifting
53.379601,-1.518662,shoplifting
53.379601,-1.518662,shoplifting
53.379601,-1.518662,shoplifting
53.379601,-1.518662,shoplifting
53.379601,-1.518662,shoplifting
53.384387,-1.510835,burglary_biz
53.382481,-1.504107,burglary_biz
53.387356,-1.509267,burglary_biz
53.383583,-1.503162,burglary_biz
53.380576,-1.49786,burglary_biz
53.380361,-1.500117,burglary_biz
53.380361,-1.500117,burglary_biz
53.382394,-1.500499,burglary_biz
53.382394,-1.500499,burglary_biz
53.382141,-1.498082,burglary_biz
53.383252,-1.501587,robbery_biz
53.379577,-1.489165,shoplifting
53.379577,-1.489165,shoplifting
53.379577,-1.489165,shoplifting
53.379577,-1.489165,shoplifting
53.379577,-1.489165,shoplifting
53.379577,-1.489165,shoplifting
53.379577,-1.489165,shoplifting
53.379577,-1.489165,shoplifting
53.379577,-1.489165,shoplifting
53.379577,-1.489165,shoplifting
53.379577,-1.489165,shoplifting
53.379577,-1.489165,shoplifting
53.379577,-1.489165,shoplifting
53.379152,-1.501169,burglary_biz
53.377385,-1.501885,shoplifting
53.377385,-1.501885,shoplifting
53.377385,-1.501885,theft_person
53.38114,-1.503716,theft_person
53.385324,-1.49612,burglary_biz
53.39131,-1.491794,burglary_biz
53.38392,-1.405886,burglary_biz
53.371949,-1.386679,burglary_biz
53.372936,-1.388002,burglary_biz
53.373627,-1.370602,burglary_biz
53.383287,-1.419726,shoplifting
53.377363,-1.529976,burglary_biz
53.37812,-1.542053,burglary_biz
53.381526,-1.516791,burglary_biz
53.381526,-1.516791,burglary_biz
53.380726,-1.5191,burglary_biz
53.371599,-1.50267,burglary_biz
53.368657,-1.49567,burglary_biz
53.368997,-1.493142,shoplifting
53.368997,-1.493142,shoplifting
53.368997,-1.493142,shoplifting
53.368997,-1.493142,shoplifting
53.368997,-1.493142,shoplifting
53.368997,-1.493142,shoplifting
53.368997,-1.493142,shoplifting
53.368997,-1.493142,shoplifting
53.368997,-1.493142,shoplifting
53.368997,-1.493142,shoplifting
53.368997,-1.493142,shoplifting
53.368997,-1.493142,shoplifting
53.368997,-1.493142,shoplifting
53.368997,-1.493142,shoplifting
53.368997,-1.493142,shoplifting
53.368997,-1.493142,shoplifting
53.368997,-1.493142,shoplifting
53.368997,-1.493142,shoplifting
53.368997,-1.493142,shoplifting
53.368997,-1.493142,shoplifting
53.368997,-1.493142,shoplifting
53.374682,-1.496261,burglary_biz
53.372092,-1.493901,burglary_biz
53.372092,-1.493901,burglary_biz
53.374563,-1.400455,burglary_biz
53.375784,-1.396619,shoplifting
53.375784,-1.396619,shoplifting
53.369135,-1.390116,shoplifting
53.370407,-1.530353,burglary_biz
53.369413,-1.53352,burglary_biz
53.366302,-1.537867,burglary_biz
53.370376,-1.51349,burglary_biz
53.367721,-1.52383,burglary_biz
53.366293,-1.420393,burglary_biz
53.367889,-1.421438,shoplifting
53.365675,-1.433941,burglary_biz
53.367448,-1.42699,burglary_biz
53.366445,-1.425831,burglary_biz
53.363009,-1.429093,burglary_biz
53.37759,-1.433242,burglary_biz
53.37759,-1.433242,burglary_biz
53.373102,-1.417715,burglary_biz
53.371887,-1.417401,burglary_biz
53.376869,-1.423466,robbery_biz
53.376057,-1.426513,burglary_biz
53.372371,-1.426367,robbery_biz
53.366913,-1.480888,shoplifting
53.366913,-1.480888,shoplifting
53.368729,-1.476929,theft_person
53.367603,-1.482533,burglary_biz
53.368009,-1.482994,burglary_biz
53.368009,-1.482994,burglary_biz
53.370473,-1.489337,burglary_biz
53.36963,-1.489828,burglary_biz
53.368278,-1.486973,burglary_biz
53.372388,-1.47508,shoplifting
53.372797,-1.478096,shoplifting
53.372797,-1.478096,shoplifting
53.372797,-1.478096,theft_person
53.37315,-1.482824,shoplifting
53.37315,-1.482824,shoplifting
53.367012,-1.468684,burglary_biz
53.362893,-1.472342,burglary_biz
53.362893,-1.472342,burglary_biz
53.365643,-1.470219,shoplifting
53.366391,-1.474748,robbery_biz
53.369862,-1.475036,shoplifting
53.366844,-1.475479,theft_person
53.358703,-1.480147,shoplifting
53.358703,-1.480147,shoplifting
53.358703,-1.480147,shoplifting
53.369436,-1.468128,burglary_biz
53.375458,-1.47327,shoplifting
53.374667,-1.476044,shoplifting
53.375458,-1.47327,shoplifting
53.374667,-1.476044,shoplifting
53.376878,-1.465961,shoplifting
53.374667,-1.476044,theft_person
53.374667,-1.476044,theft_person
53.370621,-1.461416,shoplifting
53.370621,-1.461416,shoplifting
53.370621,-1.461416,theft_person
53.356126,-1.363843,burglary_biz
53.362304,-1.397155,burglary_biz
53.362304,-1.397155,burglary_biz
53.362288,-1.404819,shoplifting
53.36528,-1.404537,burglary_biz
53.36807,-1.408962,burglary_biz
53.352905,-1.499116,burglary_biz
53.35625,-1.505913,burglary_biz
53.367782,-1.499152,burglary_biz
53.367782,-1.499152,burglary_biz
53.36813,-1.498682,robbery_biz
53.36813,-1.498682,robbery_biz
53.36813,-1.498682,shoplifting
53.36813,-1.498682,shoplifting
53.36813,-1.498682,shoplifting
53.36813,-1.498682,shoplifting
53.36813,-1.498682,shoplifting
53.364206,-1.501854,burglary_biz
53.362701,-1.496462,burglary_biz
53.366839,-1.499524,shoplifting
53.364299,-1.506722,burglary_biz
53.361998,-1.509138,shoplifting
53.363585,-1.514559,burglary_biz
53.359829,-1.427756,shoplifting
53.359829,-1.427756,shoplifting
53.359606,-1.437493,shoplifting
53.359606,-1.437493,shoplifting
53.359606,-1.437493,shoplifting
53.359606,-1.437493,shoplifting
53.359606,-1.437493,shoplifting
53.359606,-1.437493,shoplifting
53.359606,-1.437493,shoplifting
53.359606,-1.437493,shoplifting
53.359606,-1.437493,shoplifting
53.357203,-1.446539,burglary_biz
53.359938,-1.375837,burglary_biz
53.360392,-1.363163,shoplifting
53.35934,-1.373467,shoplifting
53.35934,-1.373467,shoplifting
53.35934,-1.373467,shoplifting
53.35934,-1.373467,shoplifting
53.354711,-1.484086,burglary_biz
53.354711,-1.484086,burglary_biz
53.354947,-1.484744,burglary_biz
53.363889,-1.484186,burglary_biz
53.359264,-1.489365,shoplifting
53.359264,-1.489365,shoplifting
53.359264,-1.489365,shoplifting
53.359264,-1.489365,shoplifting
53.359355,-1.466931,burglary_biz
53.362272,-1.468022,burglary_biz
53.363114,-1.469319,theft_person
53.358417,-1.46236,burglary_biz
53.355404,-1.448125,burglary_biz
53.355404,-1.448125,shoplifting
53.368484,-1.464172,robbery_biz
53.368484,-1.464172,shoplifting
53.368484,-1.464172,shoplifting
53.368484,-1.464172,shoplifting
53.368484,-1.464172,shoplifting
53.358404,-1.419223,robbery_biz
53.355994,-1.411773,shoplifting
53.361112,-1.417939,burglary_biz
53.357534,-1.469839,burglary_biz
53.357097,-1.476755,burglary_biz
53.357097,-1.476755,robbery_biz
53.357097,-1.476755,shoplifting
53.35149,-1.479213,burglary_biz
53.354885,-1.435106,burglary_biz
53.357498,-1.430759,burglary_biz
53.345141,-1.425833,shoplifting
53.345141,-1.425833,shoplifting
53.345141,-1.425833,shoplifting
53.345141,-1.425833,shoplifting
53.345141,-1.425833,shoplifting
53.345141,-1.425833,shoplifting
53.345141,-1.425833,shoplifting
53.345141,-1.425833,shoplifting
53.345141,-1.425833,shoplifting
53.345141,-1.425833,shoplifting
53.345141,-1.425833,shoplifting
53.345141,-1.425833,shoplifting
53.345141,-1.425833,shoplifting
53.345141,-1.425833,shoplifting
53.345141,-1.425833,shoplifting
53.345141,-1.425833,shoplifting
53.345141,-1.425833,shoplifting
53.345141,-1.425833,shoplifting
53.345141,-1.425833,shoplifting
53.345141,-1.425833,shoplifting
53.345141,-1.425833,shoplifting
53.345141,-1.425833,shoplifting
53.345141,-1.425833,shoplifting
53.345141,-1.425833,shoplifting
53.345141,-1.425833,shoplifting
53.345141,-1.425833,shoplifting
53.345141,-1.425833,shoplifting
53.345141,-1.425833,shoplifting
53.345141,-1.425833,shoplifting
53.345141,-1.425833,shoplifting
53.353016,-1.521725,burglary_biz
53.349557,-1.491584,burglary_biz
53.35182,-1.338834,burglary_biz
53.34189,-1.351147,robbery_biz
53.346169,-1.350908,shoplifting
53.346169,-1.350908,shoplifting
53.346169,-1.350908,shoplifting
53.345293,-1.493107,shoplifting
53.345293,-1.493107,shoplifting
53.345293,-1.493107,shoplifting
53.345293,-1.493107,shoplifting
53.345293,-1.493107,shoplifting
53.33953,-1.486552,burglary_biz
53.340496,-1.481104,robbery_biz
53.348564,-1.480345,shoplifting
53.343964,-1.437143,burglary_biz
53.343983,-1.444983,burglary_biz
53.340802,-1.443372,robbery_biz
53.342715,-1.446787,theft_person
53.338394,-1.445431,burglary_biz
53.338285,-1.449037,burglary_biz
53.348178,-1.378803,robbery_biz
53.343538,-1.376662,burglary_biz
53.345553,-1.358413,robbery_biz
53.343802,-1.357027,shoplifting
53.3442,-1.360282,shoplifting
53.343802,-1.357027,shoplifting
53.343802,-1.357027,shoplifting
53.343802,-1.357027,shoplifting
53.343802,-1.357027,shoplifting
53.343802,-1.357027,shoplifting
53.343802,-1.357027,shoplifting
53.343802,-1.357027,shoplifting
53.340011,-1.365765,burglary_biz
53.346562,-1.42033,burglary_biz
53.344149,-1.426941,shoplifting
53.339198,-1.46799,robbery_biz
53.345532,-1.471535,shoplifting
53.345532,-1.471535,shoplifting
53.345532,-1.471535,shoplifting
53.345532,-1.471535,shoplifting
53.345532,-1.471535,shoplifting
53.345532,-1.471535,shoplifting
53.332895,-1.475895,burglary_biz
53.332492,-1.470829,burglary_biz
53.333231,-1.458367,burglary_biz
53.340363,-1.449663,shoplifting
53.340363,-1.449663,shoplifting
53.340363,-1.449663,shoplifting
53.340363,-1.449663,shoplifting
53.340363,-1.449663,shoplifting
53.340363,-1.449663,shoplifting
53.340363,-1.449663,shoplifting
53.340363,-1.449663,shoplifting
53.340363,-1.449663,shoplifting
53.340363,-1.449663,shoplifting
53.340363,-1.449663,shoplifting
53.340363,-1.449663,shoplifting
53.340363,-1.449663,shoplifting
53.340363,-1.449663,shoplifting
53.340363,-1.449663,shoplifting
53.340363,-1.449663,shoplifting
53.340363,-1.449663,shoplifting
53.340363,-1.449663,shoplifting
53.327724,-1.467567,robbery_biz
53.327724,-1.467567,shoplifting
53.327724,-1.467567,shoplifting
53.327724,-1.467567,shoplifting
53.327724,-1.467567,shoplifting
53.327724,-1.467567,shoplifting
53.327724,-1.467567,shoplifting
53.327724,-1.467567,shoplifting
53.32721,-1.474764,shoplifting
53.328992,-1.349367,burglary_biz
53.332072,-1.350476,burglary_biz
53.33267,-1.349731,burglary_biz
53.323892,-1.353738,shoplifting
53.323892,-1.353738,shoplifting
53.339022,-1.355777,burglary_biz
53.34269,-1.350825,shoplifting
53.34269,-1.350825,shoplifting
53.34269,-1.350825,shoplifting
53.34269,-1.350825,shoplifting
53.34269,-1.350825,shoplifting
53.34269,-1.350825,shoplifting
53.34269,-1.350825,shoplifting
53.34269,-1.350825,shoplifting
53.34269,-1.350825,shoplifting
53.34269,-1.350825,shoplifting
53.34269,-1.350825,shoplifting
53.34269,-1.350825,shoplifting
53.34269,-1.350825,shoplifting
53.34269,-1.350825,shoplifting
53.34269,-1.350825,shoplifting
53.331096,-1.496384,burglary_biz
53.335718,-1.490427,burglary_biz
53.33568,-1.481628,burglary_biz
53.335603,-1.486659,burglary_biz
53.335718,-1.490427,burglary_biz
53.335425,-1.499892,burglary_biz
53.338283,-1.482858,shoplifting
53.338283,-1.482858,shoplifting
53.33568,-1.481628,shoplifting
53.33568,-1.481628,shoplifting
53.315656,-1.532425,shoplifting
53.315656,-1.532425,shoplifting
53.330685,-1.484436,burglary_biz
53.327748,-1.486964,burglary_biz
53.324525,-1.487948,robbery_biz
53.321376,-1.485104,robbery_biz
53.321682,-1.49157,robbery_biz
53.322956,-1.490865,robbery_biz
53.321682,-1.49157,shoplifting
53.321682,-1.49157,shoplifting
53.321682,-1.49157,shoplifting
53.321682,-1.49157,shoplifting
53.321682,-1.49157,shoplifting
53.321682,-1.49157,shoplifting
53.321682,-1.49157,shoplifting
53.321682,-1.49157,shoplifting
53.321682,-1.49157,shoplifting
53.321682,-1.49157,shoplifting
53.321682,-1.49157,shoplifting
53.321682,-1.49157,shoplifting
53.321682,-1.49157,shoplifting
53.329378,-1.481434,burglary_biz
53.328329,-1.475951,burglary_biz
53.323213,-1.463403,burglary_biz
53.323353,-1.464647,shoplifting
53.323863,-1.478228,burglary_biz
53.322805,-1.480958,burglary_biz
53.322805,-1.480958,shoplifting
53.318841,-1.468652,burglary_biz
53.322065,-1.523257,shoplifting
53.322065,-1.523257,shoplifting
53.330494,-1.374825,burglary_biz
53.322972,-1.343288,shoplifting
53.325127,-1.342894,shoplifting
53.325127,-1.342894,shoplifting
53.325127,-1.342894,shoplifting
53.325127,-1.342894,shoplifting
53.322972,-1.343288,shoplifting
53.325127,-1.342894,shoplifting
53.325127,-1.342894,shoplifting
53.323842,-1.362822,shoplifting
53.323842,-1.362822,shoplifting
53.382639,-1.475871,burglary_biz
53.383632,-1.476896,burglary_biz
53.384722,-1.475274,burglary_biz
53.383189,-1.476225,shoplifting
53.383189,-1.476225,shoplifting
53.384198,-1.47056,burglary_biz
53.384448,-1.472286,burglary_biz
53.387663,-1.469645,burglary_biz
53.384198,-1.47056,burglary_biz
53.388612,-1.470686,burglary_biz
53.384568,-1.471097,robbery_biz
53.385893,-1.469787,robbery_biz
53.384568,-1.471097,shoplifting
53.387864,-1.468229,burglary_biz
53.3848,-1.466493,burglary_biz
53.379861,-1.467682,burglary_biz
53.382912,-1.466381,robbery_biz
53.380414,-1.466623,robbery_biz
53.383629,-1.465952,robbery_biz
53.380414,-1.466623,robbery_biz
53.382912,-1.466381,robbery_biz
53.381997,-1.470843,robbery_biz
53.382869,-1.464879,robbery_biz
53.382912,-1.466381,robbery_biz
53.382697,-1.468624,shoplifting
53.383629,-1.465952,shoplifting
53.382912,-1.466381,shoplifting
53.382697,-1.468624,shoplifting
53.378409,-1.466603,shoplifting
53.381997,-1.470843,shoplifting
53.382912,-1.466381,shoplifting
53.381809,-1.468581,shoplifting
53.382912,-1.466381,shoplifting
53.378326,-1.468062,shoplifting
53.383629,-1.465952,shoplifting
53.382912,-1.466381,shoplifting
53.382912,-1.466381,shoplifting
53.382697,-1.468624,shoplifting
53.378326,-1.468062,shoplifting
53.382912,-1.466381,shoplifting
53.382912,-1.466381,shoplifting
53.383162,-1.468182,shoplifting
53.378326,-1.468062,shoplifting
53.382697,-1.468624,shoplifting
53.382912,-1.466381,shoplifting
53.382697,-1.468624,shoplifting
53.382697,-1.468624,shoplifting
53.381997,-1.470843,shoplifting
53.378326,-1.468062,shoplifting
53.382912,-1.466381,shoplifting
53.382912,-1.466381,shoplifting
53.382697,-1.468624,shoplifting
53.382912,-1.466381,shoplifting
53.382697,-1.468624,shoplifting
53.382912,-1.466381,shoplifting
53.382912,-1.466381,shoplifting
53.381809,-1.468581,shoplifting
53.382912,-1.466381,shoplifting
53.382912,-1.466381,shoplifting
53.382697,-1.468624,shoplifting
53.382912,-1.466381,shoplifting
53.383629,-1.465952,shoplifting
53.382697,-1.468624,shoplifting
53.382912,-1.466381,shoplifting
53.381809,-1.468581,shoplifting
53.382912,-1.466381,shoplifting
53.382912,-1.466381,shoplifting
53.382912,-1.466381,shoplifting
53.383533,-1.464585,theft_person
53.382289,-1.465818,theft_person
53.380414,-1.466623,theft_person
53.382912,-1.466381,theft_person
53.379861,-1.467682,theft_person
53.382133,-1.467068,theft_person
53.381809,-1.468581,theft_person
53.382289,-1.465818,theft_person
53.381809,-1.468581,theft_person
53.38814,-1.477924,burglary_biz
53.384839,-1.481602,burglary_biz
53.384735,-1.480401,shoplifting
53.384735,-1.480401,shoplifting
53.384735,-1.480401,shoplifting
53.378306,-1.475849,burglary_biz
53.375992,-1.474825,robbery_biz
53.375818,-1.474151,shoplifting
53.376572,-1.473946,shoplifting
53.376125,-1.473827,shoplifting
53.376769,-1.473854,shoplifting
53.376769,-1.473854,shoplifting
53.376769,-1.473854,shoplifting
53.375818,-1.474151,shoplifting
53.378234,-1.47582,shoplifting
53.376125,-1.473827,shoplifting
53.376769,-1.473854,shoplifting
53.375818,-1.474151,shoplifting
53.376769,-1.473854,shoplifting
53.376572,-1.473946,shoplifting
53.376769,-1.473854,shoplifting
53.375818,-1.474151,shoplifting
53.376769,-1.473854,shoplifting
53.380041,-1.473829,burglary_biz
53.379362,-1.474694,burglary_biz
53.380041,-1.473829,burglary_biz
53.380604,-1.471025,burglary_biz
53.380913,-1.475847,burglary_biz
53.382036,-1.471519,robbery_biz
53.382036,-1.471519,robbery_biz
53.377755,-1.471061,shoplifting
53.377755,-1.471061,shoplifting
53.380604,-1.471025,shoplifting
53.380604,-1.471025,shoplifting
53.380041,-1.473829,shoplifting
53.380041,-1.473829,shoplifting
53.380604,-1.471025,shoplifting
53.380604,-1.471025,shoplifting
53.380604,-1.471025,shoplifting
53.380041,-1.473829,shoplifting
53.380913,-1.475847,theft_person
53.380913,-1.475847,theft_person
53.380099,-1.476699,theft_person
53.380685,-1.472405,theft_person
53.379247,-1.471072,theft_person
53.380913,-1.475847,theft_person
53.380913,-1.475847,theft_person
53.380913,-1.475847,theft_person
53.382036,-1.471519,theft_person
53.379319,-1.479279,robbery_biz
53.38041,-1.480093,shoplifting
53.379969,-1.479653,theft_person
53.379969,-1.479653,theft_person
53.38041,-1.480093,theft_person
53.380142,-1.446317,burglary_biz
53.376231,-1.448247,burglary_biz
53.375753,-1.451605,shoplifting
53.372362,-1.445351,shoplifting
53.372362,-1.445351,shoplifting
53.384087,-1.446251,burglary_biz
53.383554,-1.451535,shoplifting
53.376494,-1.440818,burglary_biz
53.384609,-1.460136,burglary_biz
53.385288,-1.463179,burglary_biz
53.381132,-1.46039,burglary_biz
53.379673,-1.459823,burglary_biz
53.386003,-1.460209,burglary_biz
53.376798,-1.464053,shoplifting
53.381132,-1.46039,shoplifting
53.348989,-1.39856,shoplifting
53.34685,-1.398545,shoplifting
53.348989,-1.39856,shoplifting
53.348989,-1.39856,shoplifting
53.348989,-1.39856,shoplifting
53.348989,-1.39856,shoplifting
53.348989,-1.39856,shoplifting
53.348989,-1.39856,shoplifting
53.348989,-1.39856,shoplifting
53.348989,-1.39856,shoplifting
53.348989,-1.39856,shoplifting
53.348989,-1.39856,shoplifting
53.348989,-1.39856,shoplifting
53.348989,-1.39856,shoplifting
53.348989,-1.39856,shoplifting
53.348989,-1.39856,shoplifting
53.348665,-1.40199,shoplifting
53.348989,-1.39856,shoplifting
53.34685,-1.398545,shoplifting
53.340144,-1.402004,shoplifting
53.346896,-1.377665,burglary_biz
53.351111,-1.386272,burglary_biz
53.345765,-1.386724,shoplifting
53.343496,-1.386005,burglary_biz
53.485522,-1.555531,robbery_biz
53.496033,-1.464773,burglary_biz
53.497364,-1.464404,shoplifting
53.498928,-1.468484,burglary_biz
53.49829,-1.433413,burglary_biz
53.49829,-1.433413,burglary_biz
53.49805,-1.422608,burglary_biz
53.498616,-1.437675,burglary_biz
53.497079,-1.43759,burglary_biz
53.498006,-1.437879,burglary_biz
53.49379,-1.437799,robbery_biz
53.499213,-1.448084,burglary_biz
53.493171,-1.290937,shoplifting
53.493171,-1.290937,shoplifting
53.493171,-1.290937,shoplifting
53.49883,-1.294792,burglary_biz
53.499378,-1.29629,robbery_biz
53.496266,-1.300532,shoplifting
53.492401,-1.293545,burglary_biz
53.494364,-1.292032,shoplifting
53.482811,-1.2305,burglary_biz
53.482811,-1.2305,shoplifting
53.482811,-1.2305,shoplifting
53.482811,-1.2305,shoplifting
53.482811,-1.2305,shoplifting
53.482811,-1.2305,shoplifting
53.491307,-1.244921,shoplifting
53.486062,-1.257116,robbery_biz
53.491102,-1.255219,shoplifting
53.327584,-1.299194,burglary_biz
53.299604,-1.557251,burglary_biz
53.494261,-1.335219,burglary_biz
53.493087,-1.343874,burglary_biz
53.493087,-1.343874,burglary_biz
53.489853,-1.344286,burglary_biz
53.498653,-1.337773,burglary_biz
53.494564,-1.310931,theft_person
53.488258,-1.300664,burglary_biz
53.486578,-1.31323,shoplifting
53.487775,-1.302737,shoplifting
53.486578,-1.31323,shoplifting
53.486578,-1.31323,shoplifting
53.486578,-1.31323,shoplifting
53.486578,-1.31323,shoplifting
53.487467,-1.330548,burglary_biz
53.487666,-1.333951,burglary_biz
53.489168,-1.326105,robbery_biz
53.480745,-1.325997,burglary_biz
53.477819,-1.320469,burglary_biz
53.480505,-1.32017,theft_person
53.473415,-1.36304,burglary_biz
53.473687,-1.345153,robbery_biz
53.471655,-1.348212,robbery_biz
53.466727,-1.339641,robbery_biz
53.466727,-1.339641,shoplifting
53.466727,-1.339641,shoplifting
53.466727,-1.339641,shoplifting
53.466727,-1.339641,shoplifting
53.466727,-1.339641,shoplifting
53.466727,-1.339641,shoplifting
53.466727,-1.339641,shoplifting
53.466727,-1.339641,shoplifting
53.466727,-1.339641,shoplifting
53.466727,-1.339641,shoplifting
53.466727,-1.339641,shoplifting
53.466727,-1.339641,shoplifting
53.466727,-1.339641,shoplifting
53.466727,-1.339641,shoplifting
53.469358,-1.335924,burglary_biz
53.466767,-1.330738,burglary_biz
53.464269,-1.329147,shoplifting
53.464269,-1.329147,shoplifting
53.477547,-1.39349,burglary_biz
53.482917,-1.397768,burglary_biz
53.451777,-1.428205,shoplifting
53.462688,-1.339086,burglary_biz
53.460368,-1.338926,burglary_biz
53.459744,-1.33502,burglary_biz
53.457851,-1.347158,burglary_biz
53.45619,-1.340934,burglary_biz
53.455677,-1.340686,burglary_biz
53.458938,-1.342126,burglary_biz
53.459815,-1.343655,robbery_biz
53.449549,-1.341127,burglary_biz
53.447991,-1.343831,burglary_biz
53.451113,-1.344355,burglary_biz
53.451113,-1.344355,burglary_biz
53.451113,-1.344355,burglary_biz
53.451293,-1.339594,robbery_biz
53.451113,-1.344355,robbery_biz
53.452532,-1.342587,robbery_biz
53.451113,-1.344355,shoplifting
53.451113,-1.344355,shoplifting
53.451293,-1.339594,shoplifting
53.451113,-1.344355,shoplifting
53.449549,-1.341127,shoplifting
53.451113,-1.344355,shoplifting
53.451113,-1.344355,shoplifting
53.451113,-1.344355,shoplifting
53.451113,-1.344355,shoplifting
53.451113,-1.344355,shoplifting
53.451113,-1.344355,shoplifting
53.451113,-1.344355,shoplifting
53.449549,-1.341127,shoplifting
53.451113,-1.344355,shoplifting
53.447951,-1.34323,shoplifting
53.451113,-1.344355,shoplifting
53.451113,-1.344355,shoplifting
53.447951,-1.34323,shoplifting
53.447956,-1.342615,shoplifting
53.447991,-1.343831,shoplifting
53.451113,-1.344355,shoplifting
53.451113,-1.344355,shoplifting
53.442039,-1.361929,shoplifting
53.442039,-1.361929,shoplifting
53.449969,-1.375949,burglary_biz
53.449969,-1.375949,burglary_biz
53.450563,-1.372597,robbery_biz
53.450924,-1.388403,burglary_biz
53.455719,-1.373696,burglary_biz
53.455321,-1.371503,burglary_biz
53.453849,-1.389114,robbery_biz
53.455949,-1.381584,burglary_biz
53.447485,-1.29903,shoplifting
53.447485,-1.29903,shoplifting
53.447485,-1.29903,shoplifting
53.442968,-1.315394,robbery_biz
53.442968,-1.315394,shoplifting
53.443541,-1.319167,shoplifting
53.443541,-1.319167,shoplifting
53.443541,-1.319167,shoplifting
53.442968,-1.315394,shoplifting
53.443541,-1.319167,shoplifting
53.445561,-1.292874,robbery_biz
53.445561,-1.292874,robbery_biz
53.447861,-1.403158,shoplifting
53.447861,-1.403158,shoplifting
53.447861,-1.403158,shoplifting
53.447861,-1.403158,shoplifting
53.447861,-1.403158,shoplifting
53.447861,-1.403158,shoplifting
53.447861,-1.403158,shoplifting
53.447861,-1.403158,shoplifting
53.447861,-1.403158,shoplifting
53.447861,-1.403158,shoplifting
53.447861,-1.403158,shoplifting
53.447861,-1.403158,shoplifting
53.446715,-1.398732,burglary_biz
53.446508,-1.393209,robbery_biz
53.447449,-1.390877,burglary_biz
53.447449,-1.390877,burglary_biz
53.42779,-1.264619,burglary_biz
53.4359,-1.273676,burglary_biz
53.43461,-1.320345,burglary_biz
53.43339,-1.320816,robbery_biz
53.430564,-1.32643,shoplifting
53.430564,-1.32643,shoplifting
53.435671,-1.317318,burglary_biz
53.437383,-1.317968,burglary_biz
53.435099,-1.324115,burglary_biz
53.443574,-1.322295,burglary_biz
53.438183,-1.350214,burglary_biz
53.438135,-1.347957,burglary_biz
53.439326,-1.34392,robbery_biz
53.439326,-1.34392,robbery_biz
53.439326,-1.34392,shoplifting
53.439326,-1.34392,shoplifting
53.439326,-1.34392,shoplifting
53.439326,-1.34392,shoplifting
53.439326,-1.34392,shoplifting
53.439326,-1.34392,shoplifting
53.439326,-1.34392,shoplifting
53.439326,-1.34392,shoplifting
53.439326,-1.34392,shoplifting
53.439326,-1.34392,shoplifting
53.439326,-1.34392,shoplifting
53.439326,-1.34392,shoplifting
53.439326,-1.34392,shoplifting
53.439326,-1.34392,shoplifting
53.439326,-1.34392,shoplifting
53.439326,-1.34392,shoplifting
53.439326,-1.34392,shoplifting
53.439326,-1.34392,shoplifting
53.439326,-1.34392,shoplifting
53.439326,-1.34392,shoplifting
53.439326,-1.34392,shoplifting
53.439326,-1.34392,shoplifting
53.433181,-1.334772,shoplifting
53.447511,-1.417722,burglary_biz
53.435745,-1.396102,burglary_biz
53.429283,-1.37881,burglary_biz
53.432974,-1.372841,shoplifting
53.432974,-1.372841,shoplifting
53.432974,-1.372841,shoplifting
53.435435,-1.375996,burglary_biz
53.431263,-1.386232,burglary_biz
53.423601,-1.358172,robbery_biz
53.423601,-1.358172,shoplifting
53.423601,-1.358172,shoplifting
53.423601,-1.358172,shoplifting
53.423601,-1.358172,shoplifting
53.423601,-1.358172,shoplifting
53.423601,-1.358172,shoplifting
53.423601,-1.358172,shoplifting
53.423601,-1.358172,shoplifting
53.433223,-1.350591,burglary_biz
53.436275,-1.353089,burglary_biz
53.430929,-1.355277,burglary_biz
53.436275,-1.353089,burglary_biz
53.436275,-1.353089,burglary_biz
53.430929,-1.355277,burglary_biz
53.428646,-1.356877,burglary_biz
53.435746,-1.351757,burglary_biz
53.430929,-1.355277,burglary_biz
53.436275,-1.353089,burglary_biz
53.430222,-1.35747,burglary_biz
53.430347,-1.355677,burglary_biz
53.433054,-1.354146,burglary_biz
53.43191,-1.357098,robbery_biz
53.43191,-1.357098,robbery_biz
53.430669,-1.357057,robbery_biz
53.433833,-1.353592,shoplifting
53.433833,-1.353592,shoplifting
53.433833,-1.353592,shoplifting
53.43169,-1.354633,shoplifting
53.43169,-1.354633,shoplifting
53.433833,-1.353592,shoplifting
53.43169,-1.354633,shoplifting
53.433054,-1.354146,shoplifting
53.432099,-1.365449,shoplifting
53.43169,-1.354633,shoplifting
53.433833,-1.353592,shoplifting
53.433054,-1.354146,shoplifting
53.43169,-1.354633,shoplifting
53.433833,-1.353592,shoplifting
53.433833,-1.353592,shoplifting
53.432099,-1.365449,shoplifting
53.43191,-1.357098,shoplifting
53.433054,-1.354146,shoplifting
53.433054,-1.354146,shoplifting
53.43169,-1.354633,shoplifting
53.43169,-1.354633,shoplifting
53.43169,-1.354633,shoplifting
53.432099,-1.365449,shoplifting
53.433833,-1.353592,shoplifting
53.43169,-1.354633,shoplifting
53.433833,-1.353592,shoplifting
53.43169,-1.354633,shoplifting
53.43169,-1.354633,shoplifting
53.43169,-1.354633,shoplifting
53.433833,-1.353592,shoplifting
53.43169,-1.354633,shoplifting
53.43169,-1.354633,shoplifting
53.433054,-1.354146,shoplifting
53.43191,-1.357098,shoplifting
53.433054,-1.354146,shoplifting
53.433833,-1.353592,shoplifting
53.43191,-1.357098,shoplifting
53.433054,-1.354146,shoplifting
53.433054,-1.354146,shoplifting
53.43029,-1.358342,shoplifting
53.43169,-1.354633,shoplifting
53.43169,-1.354633,shoplifting
53.430929,-1.355277,shoplifting
53.433054,-1.354146,shoplifting
53.430929,-1.355277,shoplifting
53.43169,-1.354633,shoplifting
53.432099,-1.365449,shoplifting
53.43169,-1.354633,shoplifting
53.43191,-1.357098,shoplifting
53.43169,-1.354633,shoplifting
53.433054,-1.354146,shoplifting
53.433833,-1.353592,shoplifting
53.433054,-1.354146,shoplifting
53.43169,-1.354633,shoplifting
53.433054,-1.354146,shoplifting
53.432099,-1.365449,shoplifting
53.433833,-1.353592,shoplifting
53.433054,-1.354146,shoplifting
53.43169,-1.354633,shoplifting
53.433833,-1.353592,shoplifting
53.433054,-1.354146,shoplifting
53.43169,-1.354633,shoplifting
53.43169,-1.354633,shoplifting
53.43169,-1.354633,shoplifting
53.430929,-1.355277,theft_person
53.434941,-1.354072,theft_person
53.433054,-1.354146,theft_person
53.422413,-1.338116,burglary_biz
53.437625,-1.350088,burglary_biz
53.436565,-1.346852,shoplifting
53.43737,-1.345065,shoplifting
53.424429,-1.255994,burglary_biz
53.422414,-1.245721,burglary_biz
53.422126,-1.255733,burglary_biz
53.428733,-1.274701,burglary_biz
53.434597,-1.275339,burglary_biz
53.433708,-1.274014,burglary_biz
53.430225,-1.277701,shoplifting
53.430225,-1.277701,shoplifting
53.430225,-1.277701,shoplifting
53.429342,-1.284865,robbery_biz
53.422923,-1.32476,burglary_biz
53.424713,-1.326613,burglary_biz
53.420656,-1.31184,burglary_biz
53.425265,-1.322571,burglary_biz
53.420249,-1.306159,shoplifting
53.420249,-1.306159,shoplifting
53.420249,-1.306159,shoplifting
53.420249,-1.306159,shoplifting
53.427392,-1.326721,burglary_biz
53.421062,-1.348986,robbery_biz
53.421062,-1.348986,shoplifting
53.421062,-1.348986,shoplifting
53.421062,-1.348986,shoplifting
53.421062,-1.348986,shoplifting
53.421062,-1.348986,shoplifting
53.414166,-1.340591,burglary_biz
53.414166,-1.340591,shoplifting
53.427478,-1.350724,burglary_biz
53.418419,-1.329541,burglary_biz
53.410452,-1.368494,burglary_biz
53.406095,-1.365565,burglary_biz
53.405196,-1.362194,burglary_biz
53.401911,-1.371613,burglary_biz
53.406659,-1.365166,burglary_biz
53.406152,-1.378064,burglary_biz
53.394944,-1.255741,burglary_biz
53.396986,-1.258027,shoplifting
53.396986,-1.258027,shoplifting
53.39477,-1.256586,shoplifting
53.384006,-1.380341,burglary_biz
53.382974,-1.377154,burglary_biz
53.391116,-1.374002,shoplifting
53.391116,-1.374002,shoplifting
53.3951,-1.361803,shoplifting
53.391116,-1.374002,shoplifting
53.391116,-1.374002,shoplifting
53.400387,-1.360461,burglary_biz
53.400387,-1.360461,shoplifting
53.383717,-1.36471,burglary_biz
53.383006,-1.3712,burglary_biz
53.374429,-1.231237,burglary_biz
53.37054,-1.231638,burglary_biz
53.37054,-1.231638,burglary_biz
53.366276,-1.320065,burglary_biz
53.361053,-1.31525,burglary_biz
53.3635,-1.321867,shoplifting
53.340456,-1.275073,burglary_biz
53.341038,-1.27619,shoplifting
53.342459,-1.254297,robbery_biz
53.34134,-1.28449,shoplifting
53.405416,-1.331671,burglary_biz
53.482171,-1.587946,burglary_biz
53.482171,-1.587946,burglary_biz
53.484064,-1.590252,burglary_biz
53.482171,-1.587946,burglary_biz
53.482171,-1.587946,shoplifting
53.477116,-1.580148,burglary_biz
53.478116,-1.567979,robbery_biz
53.461821,-1.492836,burglary_biz
53.474575,-1.486416,shoplifting
53.474575,-1.486416,shoplifting
53.474575,-1.486416,shoplifting
53.469636,-1.487319,shoplifting
53.46164,-1.480468,shoplifting
53.46164,-1.480468,shoplifting
53.46164,-1.480468,shoplifting
53.46164,-1.480468,shoplifting
53.46164,-1.480468,shoplifting
53.46164,-1.480468,shoplifting
53.46164,-1.480468,shoplifting
53.46164,-1.480468,shoplifting
53.46164,-1.480468,shoplifting
53.46164,-1.480468,shoplifting
53.46164,-1.480468,shoplifting
53.46164,-1.480468,shoplifting
53.46164,-1.480468,shoplifting
53.46164,-1.480468,shoplifting
53.46164,-1.480468,shoplifting
53.46164,-1.480468,shoplifting
53.46164,-1.480468,shoplifting
53.469365,-1.476687,shoplifting
53.452267,-1.466145,robbery_biz
53.464029,-1.465185,burglary_biz
53.461784,-1.467773,shoplifting
53.445386,-1.465148,burglary_biz
53.444292,-1.459621,shoplifting
53.438872,-1.463619,shoplifting
53.438872,-1.463619,shoplifting
53.432532,-1.445321,robbery_biz
53.431235,-1.440852,shoplifting
53.431235,-1.440852,shoplifting
53.431235,-1.440852,shoplifting
53.436852,-1.442615,burglary_biz
53.436886,-1.539194,robbery_biz
53.432045,-1.533301,burglary_biz
53.432045,-1.533301,robbery_biz
53.432045,-1.533301,shoplifting
53.432045,-1.533301,shoplifting
53.432045,-1.533301,shoplifting
53.430174,-1.493257,burglary_biz
53.427754,-1.492789,burglary_biz
53.428799,-1.484891,burglary_biz
53.428799,-1.484891,robbery_biz
53.431785,-1.487368,robbery_biz
53.428799,-1.484891,shoplifting
53.428799,-1.484891,shoplifting
53.428799,-1.484891,shoplifting
53.428799,-1.484891,shoplifting
53.428799,-1.484891,shoplifting
53.429887,-1.478872,burglary_biz
53.429317,-1.484147,shoplifting
53.431576,-1.478596,shoplifting
53.431576,-1.478596,shoplifting
53.431576,-1.478596,shoplifting
53.429317,-1.484147,shoplifting
53.431576,-1.478596,shoplifting
53.431576,-1.478596,shoplifting
53.431576,-1.478596,shoplifting
53.429317,-1.484147,shoplifting
53.428108,-1.487202,burglary_biz
53.428108,-1.487202,shoplifting
53.436176,-1.478148,burglary_biz
53.423061,-1.447927,burglary_biz
53.422097,-1.441369,robbery_biz
53.429626,-1.437156,burglary_biz
53.424222,-1.450169,shoplifting
53.424222,-1.450169,shoplifting
53.426925,-1.457554,robbery_biz
53.426925,-1.457554,shoplifting
53.422805,-1.464754,burglary_biz
53.420974,-1.455357,shoplifting
53.41808,-1.494424,robbery_biz
53.41808,-1.494424,shoplifting
53.418585,-1.494794,shoplifting
53.41808,-1.494424,shoplifting
53.418585,-1.494794,shoplifting
53.418585,-1.494794,shoplifting
53.418585,-1.494794,shoplifting
53.41808,-1.494424,shoplifting
53.418585,-1.494794,shoplifting
53.41808,-1.494424,shoplifting
53.422065,-1.490916,burglary_biz
53.422069,-1.487545,burglary_biz
53.422584,-1.491846,robbery_biz
53.413328,-1.488779,burglary_biz
53.413328,-1.488779,robbery_biz
53.420892,-1.48154,burglary_biz
53.418754,-1.479776,shoplifting
53.416027,-1.485045,burglary_biz
53.41695,-1.43475,burglary_biz
53.418908,-1.44867,shoplifting
53.418908,-1.44867,shoplifting
53.422239,-1.424162,robbery_biz
53.416522,-1.413015,theft_person
53.417621,-1.419184,burglary_biz
53.409987,-1.433489,burglary_biz
53.409779,-1.427625,burglary_biz
53.409779,-1.427625,burglary_biz
53.414124,-1.461327,burglary_biz
53.415627,-1.467552,burglary_biz
53.416675,-1.464801,burglary_biz
53.415624,-1.473164,burglary_biz
53.418565,-1.469351,burglary_biz
53.412806,-1.510103,burglary_biz
53.411447,-1.51406,burglary_biz
53.402644,-1.502338,burglary_biz
53.403342,-1.503623,robbery_biz
53.402644,-1.502338,robbery_biz
53.402644,-1.502338,shoplifting
53.402644,-1.502338,shoplifting
53.402644,-1.502338,shoplifting
53.402644,-1.502338,shoplifting
53.402644,-1.502338,shoplifting
53.402644,-1.502338,shoplifting
53.402644,-1.502338,shoplifting
53.418909,-1.512064,burglary_biz
53.417203,-1.501657,burglary_biz
53.411864,-1.504343,robbery_biz
53.411864,-1.504343,shoplifting
53.411864,-1.504343,shoplifting
53.419766,-1.499761,theft_person
53.41102,-1.497511,burglary_biz
53.409496,-1.498753,robbery_biz
53.413672,-1.499908,shoplifting
53.418405,-1.496956,shoplifting
53.418405,-1.496956,shoplifting
53.418405,-1.496956,shoplifting
53.418405,-1.496956,shoplifting
53.404464,-1.497022,burglary_biz
53.401994,-1.495231,robbery_biz
53.404048,-1.503018,shoplifting
53.404048,-1.503018,shoplifting
53.401994,-1.495231,shoplifting
53.404048,-1.503018,theft_person
53.404048,-1.503018,theft_person
53.411038,-1.396662,burglary_biz
53.412164,-1.395413,burglary_biz
53.397347,-1.412647,burglary_biz
53.400509,-1.404918,burglary_biz
53.398646,-1.406222,burglary_biz
53.396759,-1.417442,theft_person
53.406551,-1.40888,burglary_biz
53.414961,-1.411893,shoplifting
53.4124,-1.412139,shoplifting
53.414925,-1.409968,shoplifting
53.414961,-1.411893,shoplifting
53.4124,-1.412139,shoplifting
53.4124,-1.412139,shoplifting
53.4124,-1.412139,shoplifting
53.4124,-1.412139,shoplifting
53.414961,-1.411893,shoplifting
53.414961,-1.411893,shoplifting
53.4124,-1.412139,shoplifting
53.4124,-1.412139,shoplifting
53.4124,-1.412139,shoplifting
53.414961,-1.411893,shoplifting
53.414961,-1.411893,shoplifting
53.4124,-1.412139,shoplifting
53.405627,-1.409314,shoplifting
53.405627,-1.409314,shoplifting
53.4124,-1.412139,shoplifting
53.4124,-1.412139,shoplifting
53.414255,-1.407299,shoplifting
53.405627,-1.409314,shoplifting
53.4124,-1.412139,shoplifting
53.414961,-1.411893,shoplifting
53.4124,-1.412139,shoplifting
53.4124,-1.412139,shoplifting
53.414925,-1.409968,shoplifting
53.414119,-1.410731,shoplifting
53.414255,-1.407299,shoplifting
53.4124,-1.412139,shoplifting
53.4124,-1.412139,shoplifting
53.4124,-1.412139,shoplifting
53.414961,-1.411893,shoplifting
53.405627,-1.409314,shoplifting
53.414119,-1.410731,shoplifting
53.4124,-1.412139,shoplifting
53.4124,-1.412139,shoplifting
53.414961,-1.411893,shoplifting
53.414925,-1.409968,shoplifting
53.414961,-1.411893,shoplifting
53.4124,-1.412139,shoplifting
53.414961,-1.411893,shoplifting
53.4124,-1.412139,shoplifting
53.414925,-1.409968,shoplifting
53.4124,-1.412139,shoplifting
53.4124,-1.412139,shoplifting
53.4124,-1.412139,shoplifting
53.4124,-1.412139,shoplifting
53.4124,-1.412139,shoplifting
53.405627,-1.409314,shoplifting
53.414961,-1.411893,shoplifting
53.414255,-1.407299,shoplifting
53.4124,-1.412139,shoplifting
53.4124,-1.412139,shoplifting
53.405627,-1.409314,theft_person
53.4124,-1.412139,theft_person
53.4124,-1.412139,theft_person
53.401758,-1.46968,burglary_biz
53.404955,-1.469204,shoplifting
53.412957,-1.471542,robbery_biz
53.412957,-1.471542,shoplifting
53.412957,-1.471542,shoplifting
53.412957,-1.471542,shoplifting
53.412957,-1.471542,shoplifting
53.412957,-1.471542,shoplifting
53.412957,-1.471542,shoplifting
53.412957,-1.471542,theft_person
53.404656,-1.468591,burglary_biz
53.401411,-1.454584,robbery_biz
53.406812,-1.452424,shoplifting
53.4093,-1.450091,robbery_biz
53.412526,-1.451719,burglary_biz
53.411735,-1.449758,robbery_biz
53.404897,-1.519113,burglary_biz
53.398246,-1.442758,burglary_biz
53.392745,-1.435161,burglary_biz
53.392745,-1.435161,burglary_biz
53.391608,-1.457416,robbery_biz
53.392656,-1.434223,robbery_biz
53.389639,-1.457193,shoplifting
53.389639,-1.457193,shoplifting
53.389639,-1.457193,shoplifting
53.389639,-1.457193,shoplifting
53.389639,-1.457193,shoplifting
53.389639,-1.457193,shoplifting
53.389639,-1.457193,shoplifting
53.389639,-1.457193,shoplifting
53.389639,-1.457193,shoplifting
53.389639,-1.457193,shoplifting
53.389639,-1.457193,shoplifting
53.389639,-1.457193,shoplifting
53.389639,-1.457193,shoplifting
53.389639,-1.457193,shoplifting
53.389639,-1.457193,shoplifting
53.389639,-1.457193,shoplifting
53.389639,-1.457193,shoplifting
53.389639,-1.457193,shoplifting
53.389639,-1.457193,shoplifting
53.389639,-1.457193,shoplifting
53.389639,-1.457193,shoplifting
53.389639,-1.457193,shoplifting
53.389639,-1.457193,shoplifting
53.389639,-1.457193,shoplifting
53.389639,-1.457193,shoplifting
53.389639,-1.457193,shoplifting
53.389639,-1.457193,shoplifting
53.389639,-1.457193,shoplifting
53.389639,-1.457193,shoplifting
53.389639,-1.457193,shoplifting
53.389639,-1.457193,shoplifting
53.389639,-1.457193,shoplifting
53.389639,-1.457193,shoplifting
53.390375,-1.47107,burglary_biz
53.387172,-1.462359,burglary_biz
53.390203,-1.468877,robbery_biz
53.390147,-1.460352,theft_person
53.399992,-1.431756,burglary_biz
53.398654,-1.43382,burglary_biz
53.406916,-1.439862,robbery_biz
53.404675,-1.435424,shoplifting
53.404675,-1.435424,shoplifting
53.404675,-1.435424,shoplifting
53.393722,-1.501886,robbery_biz
53.395629,-1.499172,robbery_biz
53.389382,-1.48251,shoplifting
53.389382,-1.48251,shoplifting
53.394665,-1.488175,shoplifting
53.394665,-1.488175,shoplifting
53.394516,-1.49123,burglary_biz
53.400386,-1.495356,burglary_biz
53.383806,-1.443835,robbery_biz
53.388417,-1.413687,burglary_biz
53.387099,-1.408864,shoplifting
53.387099,-1.408864,shoplifting
53.387099,-1.408864,shoplifting
53.387099,-1.408864,theft_person
53.388973,-1.422656,burglary_biz
53.385749,-1.415708,burglary_biz
53.385876,-1.41055,burglary_biz
53.385928,-1.413736,burglary_biz
53.38687,-1.411709,robbery_biz
53.386292,-1.504092,burglary_biz
53.385339,-1.507955,robbery_biz
53.385339,-1.507955,shoplifting
53.385339,-1.507955,shoplifting
53.383252,-1.501587,burglary_biz
53.383334,-1.499677,burglary_biz
53.380686,-1.491875,burglary_biz
53.380249,-1.499051,burglary_biz
53.383252,-1.501587,burglary_biz
53.380533,-1.485548,burglary_biz
53.379577,-1.489165,shoplifting
53.379577,-1.489165,shoplifting
53.379577,-1.489165,shoplifting
53.379577,-1.489165,shoplifting
53.379577,-1.489165,shoplifting
53.379577,-1.489165,shoplifting
53.379577,-1.489165,shoplifting
53.379577,-1.489165,shoplifting
53.379577,-1.489165,shoplifting
53.379577,-1.489165,shoplifting
53.379577,-1.489165,shoplifting
53.379577,-1.489165,shoplifting
53.379577,-1.489165,shoplifting
53.379577,-1.489165,shoplifting
53.379577,-1.489165,shoplifting
53.379577,-1.489165,shoplifting
53.379577,-1.489165,shoplifting
53.379577,-1.489165,shoplifting
53.379577,-1.489165,shoplifting
53.379577,-1.489165,shoplifting
53.379577,-1.489165,shoplifting
53.379577,-1.489165,shoplifting
53.379577,-1.489165,shoplifting
53.379577,-1.489165,shoplifting
53.38421,-1.496359,robbery_biz
53.386797,-1.493727,burglary_biz
53.386258,-1.493734,burglary_biz
53.386258,-1.493734,theft_person
53.388434,-1.493963,theft_person
53.38555,-1.408299,burglary_biz
53.375867,-1.393522,burglary_biz
53.377241,-1.391398,burglary_biz
53.382187,-1.391914,burglary_biz
53.372357,-1.368366,burglary_biz
53.383287,-1.419726,shoplifting
53.383287,-1.419726,shoplifting
53.37514,-1.52241,burglary_biz
53.369163,-1.498505,burglary_biz
53.369781,-1.491659,burglary_biz
53.368997,-1.493142,shoplifting
53.368997,-1.493142,shoplifting
53.368997,-1.493142,shoplifting
53.368997,-1.493142,shoplifting
53.372803,-1.487806,burglary_biz
53.374345,-1.495273,burglary_biz
53.373281,-1.399285,burglary_biz
53.371739,-1.398375,robbery_biz
53.375784,-1.396619,shoplifting
53.370586,-1.376959,burglary_biz
53.367681,-1.385297,burglary_biz
53.371558,-1.528146,burglary_biz
53.37238,-1.50463,burglary_biz
53.37238,-1.50463,burglary_biz
53.366571,-1.416542,robbery_biz
53.372623,-1.432,burglary_biz
53.382066,-1.434957,burglary_biz
53.371551,-1.416744,shoplifting
53.371551,-1.416744,shoplifting
53.371887,-1.417401,shoplifting
53.37213,-1.426792,burglary_biz
53.366913,-1.480888,shoplifting
53.366913,-1.480888,shoplifting
53.366913,-1.480888,shoplifting
53.371811,-1.47668,shoplifting
53.366913,-1.480888,shoplifting
53.371811,-1.47668,theft_person
53.367929,-1.485264,robbery_biz
53.367929,-1.485264,robbery_biz
53.370974,-1.478359,burglary_biz
53.37131,-1.479257,burglary_biz
53.372774,-1.480982,burglary_biz
53.372079,-1.548942,burglary_biz
53.370258,-1.552433,burglary_biz
53.365643,-1.470219,burglary_biz
53.365643,-1.470219,burglary_biz
53.371189,-1.472149,shoplifting
53.371189,-1.472149,shoplifting
53.373264,-1.471928,burglary_biz
53.373264,-1.471928,robbery_biz
53.369862,-1.475036,shoplifting
53.369862,-1.475036,shoplifting
53.369436,-1.468128,burglary_biz
53.375504,-1.470247,burglary_biz
53.374606,-1.472422,shoplifting
53.375458,-1.47327,shoplifting
53.376471,-1.471467,theft_person
53.375458,-1.47327,theft_person
53.375091,-1.472311,theft_person
53.376471,-1.471467,theft_person
53.36308,-1.461851,burglary_biz
53.362608,-1.458791,burglary_biz
53.370621,-1.461416,shoplifting
53.370621,-1.461416,shoplifting
53.370621,-1.461416,shoplifting
53.370621,-1.461416,shoplifting
53.370621,-1.461416,shoplifting
53.367283,-1.439526,shoplifting
53.367283,-1.439526,shoplifting
53.367283,-1.439526,shoplifting
53.367283,-1.439526,shoplifting
53.357818,-1.362436,burglary_biz
53.357818,-1.362436,burglary_biz
53.356972,-1.365693,burglary_biz
53.357818,-1.362436,burglary_biz
53.363747,-1.353451,burglary_biz
53.359252,-1.408813,burglary_biz
53.361742,-1.405933,robbery_biz
53.361017,-1.400419,theft_person
53.358421,-1.504867,burglary_biz
53.36813,-1.498682,shoplifting
53.36813,-1.498682,shoplifting
53.36813,-1.498682,shoplifting
53.36813,-1.498682,shoplifting
53.36813,-1.498682,shoplifting
53.36813,-1.498682,shoplifting
53.36813,-1.498682,shoplifting
53.36813,-1.498682,shoplifting
53.367939,-1.498008,theft_person
53.361491,-1.50157,burglary_biz
53.364714,-1.50724,burglary_biz
53.365582,-1.508345,burglary_biz
53.363263,-1.508477,burglary_biz
53.36202,-1.509934,burglary_biz
53.36202,-1.509934,burglary_biz
53.36202,-1.509934,burglary_biz
53.363263,-1.508477,shoplifting
53.363263,-1.508477,shoplifting
53.360117,-1.427749,robbery_biz
53.359829,-1.427756,shoplifting
53.359829,-1.427756,shoplifting
53.359829,-1.427756,shoplifting
53.359835,-1.449901,robbery_biz
53.359606,-1.437493,shoplifting
53.359606,-1.437493,shoplifting
53.359606,-1.437493,shoplifting
53.359606,-1.437493,shoplifting
53.359606,-1.437493,shoplifting
53.359606,-1.437493,shoplifting
53.359606,-1.437493,shoplifting
53.359606,-1.437493,shoplifting
53.356076,-1.441881,burglary_biz
53.357203,-1.446539,burglary_biz
53.357203,-1.446539,burglary_biz
53.360849,-1.374682,burglary_biz
53.360849,-1.374682,burglary_biz
53.360392,-1.363163,robbery_biz
53.360844,-1.391181,burglary_biz
53.360844,-1.391181,burglary_biz
53.357144,-1.379544,burglary_biz
53.361944,-1.381232,burglary_biz
53.35934,-1.373467,shoplifting
53.35934,-1.373467,shoplifting
53.35934,-1.373467,shoplifting
53.35934,-1.373467,shoplifting
53.35934,-1.373467,shoplifting
53.35934,-1.373467,shoplifting
53.35934,-1.373467,shoplifting
53.359264,-1.489365,shoplifting
53.359264,-1.489365,shoplifting
53.359264,-1.489365,shoplifting
53.361758,-1.465699,burglary_biz
53.362272,-1.468022,burglary_biz
53.359232,-1.463556,shoplifting
53.359232,-1.463556,shoplifting
53.359232,-1.463556,shoplifting
53.359232,-1.463556,shoplifting
53.356839,-1.449308,robbery_biz
53.355404,-1.448125,shoplifting
53.364113,-1.465639,burglary_biz
53.363855,-1.466169,burglary_biz
53.368484,-1.464172,robbery_biz
53.368484,-1.464172,shoplifting
53.368484,-1.464172,shoplifting
53.368484,-1.464172,shoplifting
53.368484,-1.464172,shoplifting
53.358659,-1.421818,burglary_biz
53.352694,-1.428194,burglary_biz
53.355915,-1.465667,burglary_biz
53.35601,-1.481021,burglary_biz
53.357097,-1.476755,shoplifting
53.35149,-1.479213,shoplifting
53.35149,-1.479213,shoplifting
53.3496,-1.439021,burglary_biz
53.350806,-1.429872,burglary_biz
53.357671,-1.429404,burglary_biz
53.344209,-1.430035,burglary_biz
53.346127,-1.426915,burglary_biz
53.345141,-1.425833,shoplifting
53.345141,-1.425833,shoplifting
53.345141,-1.425833,shoplifting
53.345141,-1.425833,shoplifting
53.345141,-1.425833,shoplifting
53.345141,-1.425833,shoplifting
53.345141,-1.425833,shoplifting
53.345141,-1.425833,shoplifting
53.345141,-1.425833,shoplifting
53.345141,-1.425833,shoplifting
53.345141,-1.425833,shoplifting
53.345141,-1.425833,shoplifting
53.346177,-1.495816,robbery_biz
53.361275,-1.532707,burglary_biz
53.347376,-1.364709,robbery_biz
53.347887,-1.341298,burglary_biz
53.346169,-1.350908,shoplifting
53.346169,-1.350908,shoplifting
53.346169,-1.350908,shoplifting
53.346169,-1.350908,shoplifting
53.346169,-1.350908,shoplifting
53.346169,-1.350908,shoplifting
53.343783,-1.488904,burglary_biz
53.345293,-1.493107,shoplifting
53.345293,-1.493107,shoplifting
53.345293,-1.493107,shoplifting
53.345293,-1.493107,shoplifting
53.345293,-1.493107,shoplifting
53.345293,-1.493107,shoplifting
53.345293,-1.493107,theft_person
53.340402,-1.482186,burglary_biz
53.348564,-1.480345,shoplifting
53.348564,-1.480345,shoplifting
53.343964,-1.437143,burglary_biz
53.346139,-1.429528,burglary_biz
53.348099,-1.446717,burglary_biz
53.342771,-1.449234,theft_person
53.343983,-1.444983,burglary_biz
53.345462,-1.371647,burglary_biz
53.343802,-1.357027,shoplifting
53.343802,-1.357027,shoplifting
53.344307,-1.357183,shoplifting
53.3442,-1.360282,shoplifting
53.343802,-1.357027,shoplifting
53.343802,-1.357027,shoplifting
53.343802,-1.357027,shoplifting
53.343802,-1.357027,shoplifting
53.343802,-1.357027,shoplifting
53.347671,-1.336359,shoplifting
53.346892,-1.335365,shoplifting
53.346892,-1.335365,shoplifting
53.346892,-1.335365,shoplifting
53.346892,-1.335365,shoplifting
53.346892,-1.335365,shoplifting
53.346892,-1.335365,shoplifting
53.346892,-1.335365,shoplifting
53.328556,-1.333818,shoplifting
53.340363,-1.449663,burglary_biz
53.340363,-1.449663,robbery_biz
53.340363,-1.449663,shoplifting
53.340363,-1.449663,shoplifting
53.340363,-1.449663,shoplifting
53.340363,-1.449663,shoplifting
53.340363,-1.449663,shoplifting
53.340363,-1.449663,shoplifting
53.340363,-1.449663,shoplifting
53.340363,-1.449663,shoplifting
53.340363,-1.449663,shoplifting
53.32721,-1.474764,robbery_biz
53.32721,-1.474764,shoplifting
53.327724,-1.467567,shoplifting
53.32721,-1.474764,shoplifting
53.327724,-1.467567,shoplifting
53.32721,-1.474764,shoplifting
53.32721,-1.474764,shoplifting
53.327724,-1.467567,shoplifting
53.327724,-1.467567,shoplifting
53.32721,-1.474764,shoplifting
53.32721,-1.474764,shoplifting
53.327724,-1.467567,shoplifting
53.327724,-1.467567,shoplifting
53.327724,-1.467567,shoplifting
53.32956,-1.347962,burglary_biz
53.330387,-1.352934,burglary_biz
53.325834,-1.352072,burglary_biz
53.34269,-1.350825,robbery_biz
53.34269,-1.350825,shoplifting
53.34269,-1.350825,shoplifting
53.34269,-1.350825,shoplifting
53.34269,-1.350825,shoplifting
53.34269,-1.350825,shoplifting
53.34269,-1.350825,shoplifting
53.34269,-1.350825,shoplifting
53.341652,-1.35012,shoplifting
53.341652,-1.35012,shoplifting
53.341652,-1.35012,shoplifting
53.34269,-1.350825,shoplifting
53.34269,-1.350825,shoplifting
53.341652,-1.35012,shoplifting
53.34269,-1.350825,shoplifting
53.34269,-1.350825,shoplifting
53.332238,-1.492361,burglary_biz
53.330072,-1.492342,burglary_biz
53.335698,-1.505009,burglary_biz
53.324846,-1.493635,burglary_biz
53.324846,-1.493635,burglary_biz
53.335603,-1.486659,burglary_biz
53.338283,-1.482858,robbery_biz
53.33568,-1.481628,shoplifting
53.338283,-1.482858,shoplifting
53.33568,-1.481628,shoplifting
53.327615,-1.528736,burglary_biz
53.318799,-1.524855,burglary_biz
53.333574,-1.480932,burglary_biz
53.324525,-1.487948,burglary_biz
53.322956,-1.490865,burglary_biz
53.321682,-1.49157,shoplifting
53.321682,-1.49157,shoplifting
53.321682,-1.49157,shoplifting
53.321682,-1.49157,shoplifting
53.321682,-1.49157,shoplifting
53.321682,-1.49157,shoplifting
53.327146,-1.480725,burglary_biz
53.324637,-1.464226,burglary_biz
53.322555,-1.473049,robbery_biz
53.322805,-1.480958,shoplifting
53.322805,-1.480958,shoplifting
53.321562,-1.470044,burglary_biz
53.320651,-1.465327,burglary_biz
53.318916,-1.471353,robbery_biz
53.321451,-1.471502,theft_person
53.318418,-1.51956,burglary_biz
53.317735,-1.521804,burglary_biz
53.319341,-1.501968,burglary_biz
53.322065,-1.523257,shoplifting
53.322065,-1.523257,shoplifting
53.322065,-1.523257,shoplifting
53.322065,-1.523257,shoplifting
53.322065,-1.523257,shoplifting
53.322065,-1.523257,shoplifting
53.322065,-1.523257,shoplifting
53.322065,-1.523257,shoplifting
53.322065,-1.523257,shoplifting
53.322065,-1.523257,shoplifting
53.322065,-1.523257,shoplifting
53.325127,-1.342894,shoplifting
53.325127,-1.342894,shoplifting
53.322972,-1.343288,shoplifting
53.325127,-1.342894,shoplifting
53.327626,-1.359387,burglary_biz
53.323842,-1.362822,robbery_biz
53.323842,-1.362822,shoplifting
53.323842,-1.362822,shoplifting
53.384065,-1.475087,burglary_biz
53.384065,-1.475087,burglary_biz
53.384065,-1.475087,burglary_biz
53.384065,-1.475087,burglary_biz
53.384722,-1.475274,robbery_biz
53.388737,-1.472639,burglary_biz
53.387014,-1.473352,burglary_biz
53.387663,-1.469645,burglary_biz
53.384198,-1.47056,burglary_biz
53.384568,-1.471097,shoplifting
53.384568,-1.471097,shoplifting
53.388612,-1.470686,shoplifting
53.389674,-1.481393,robbery_biz
53.378326,-1.468062,burglary_biz
53.378618,-1.469066,burglary_biz
53.377948,-1.470051,burglary_biz
53.378618,-1.469066,burglary_biz
53.381809,-1.468581,robbery_biz
53.3848,-1.466493,robbery_biz
53.382912,-1.466381,robbery_biz
53.38282,-1.469961,robbery_biz
53.381809,-1.468581,shoplifting
53.378409,-1.466603,shoplifting
53.381809,-1.468581,shoplifting
53.381809,-1.468581,shoplifting
53.382697,-1.468624,shoplifting
53.382697,-1.468624,shoplifting
53.382912,-1.466381,shoplifting
53.382912,-1.466381,shoplifting
53.381809,-1.468581,shoplifting
53.382912,-1.466381,shoplifting
53.378409,-1.466603,shoplifting
53.381809,-1.468581,shoplifting
53.38282,-1.469961,shoplifting
53.378409,-1.466603,shoplifting
53.381809,-1.468581,shoplifting
53.383711,-1.464252,shoplifting
53.381997,-1.470843,shoplifting
53.381809,-1.468581,shoplifting
53.381809,-1.468581,shoplifting
53.381809,-1.468581,shoplifting
53.378409,-1.466603,shoplifting
53.381809,-1.468581,shoplifting
53.381809,-1.468581,shoplifting
53.381809,-1.468581,shoplifting
53.382912,-1.466381,shoplifting
53.381809,-1.468581,shoplifting
53.381809,-1.468581,shoplifting
53.381809,-1.468581,shoplifting
53.381997,-1.470843,shoplifting
53.381809,-1.468581,shoplifting
53.381809,-1.468581,shoplifting
53.381809,-1.468581,shoplifting
53.381809,-1.468581,shoplifting
53.381809,-1.468581,shoplifting
53.382912,-1.466381,shoplifting
53.379191,-1.470577,shoplifting
53.381809,-1.468581,shoplifting
53.382912,-1.466381,shoplifting
53.381809,-1.468581,shoplifting
53.383629,-1.465952,shoplifting
53.381809,-1.468581,shoplifting
53.381809,-1.468581,shoplifting
53.381997,-1.470843,shoplifting
53.382697,-1.468624,shoplifting
53.382697,-1.468624,theft_person
53.379861,-1.467682,theft_person
53.382697,-1.468624,theft_person
53.384839,-1.481602,burglary_biz
53.38814,-1.477924,burglary_biz
53.386203,-1.479,burglary_biz
53.384735,-1.480401,shoplifting
53.378406,-1.473954,burglary_biz
53.376769,-1.473854,burglary_biz
53.378406,-1.473954,burglary_biz
53.378234,-1.47582,robbery_biz
53.376769,-1.473854,robbery_biz
53.376769,-1.473854,shoplifting
53.376769,-1.473854,shoplifting
53.376769,-1.473854,shoplifting
53.376125,-1.473827,shoplifting
53.376572,-1.473946,shoplifting
53.376769,-1.473854,shoplifting
53.376572,-1.473946,shoplifting
53.376769,-1.473854,shoplifting
53.376769,-1.473854,shoplifting
53.375818,-1.474151,shoplifting
53.375818,-1.474151,shoplifting
53.376769,-1.473854,shoplifting
53.375818,-1.474151,shoplifting
53.376572,-1.473946,shoplifting
53.376769,-1.473854,shoplifting
53.376769,-1.473854,shoplifting
53.376572,-1.473946,shoplifting
53.376769,-1.473854,shoplifting
53.376125,-1.473827,shoplifting
53.376125,-1.473827,shoplifting
53.376572,-1.473946,shoplifting
53.376769,-1.473854,shoplifting
53.376125,-1.473827,shoplifting
53.375818,-1.474151,shoplifting
53.376572,-1.473946,shoplifting
53.376769,-1.473854,shoplifting
53.376572,-1.473946,shoplifting
53.376125,-1.473827,shoplifting
53.375818,-1.474151,shoplifting
53.376769,-1.473854,shoplifting
53.376125,-1.473827,shoplifting
53.376769,-1.473854,shoplifting
53.376125,-1.473827,shoplifting
53.376769,-1.473854,shoplifting
53.376769,-1.473854,shoplifting
53.378234,-1.47582,shoplifting
53.375818,-1.474151,shoplifting
53.376769,-1.473854,shoplifting
53.378234,-1.47582,shoplifting
53.377324,-1.47583,theft_person
53.377324,-1.47583,theft_person
53.377324,-1.47583,theft_person
53.379732,-1.473021,burglary_biz
53.379732,-1.473021,burglary_biz
53.382036,-1.471519,burglary_biz
53.380685,-1.472405,robbery_biz
53.380604,-1.471025,robbery_biz
53.380041,-1.473829,shoplifting
53.380604,-1.471025,shoplifting
53.377755,-1.471061,shoplifting
53.377755,-1.471061,shoplifting
53.380604,-1.471025,shoplifting
53.380041,-1.473829,shoplifting
53.380604,-1.471025,shoplifting
53.37907,-1.47575,shoplifting
53.377755,-1.471061,shoplifting
53.380215,-1.474065,theft_person
53.380913,-1.475847,theft_person
53.382036,-1.471519,theft_person
53.380913,-1.475847,theft_person
53.380913,-1.475847,theft_person
53.380215,-1.474065,theft_person
53.381472,-1.476337,burglary_biz
53.379899,-1.478325,burglary_biz
53.381331,-1.47691,burglary_biz
53.379899,-1.478325,burglary_biz
53.379969,-1.479653,robbery_biz
53.378717,-1.477317,robbery_biz
53.38041,-1.480093,shoplifting
53.38041,-1.480093,shoplifting
53.38041,-1.480093,shoplifting
53.379899,-1.478325,shoplifting
53.379969,-1.479653,theft_person
53.38041,-1.480093,theft_person
53.381472,-1.476337,theft_person
53.379899,-1.478325,theft_person
53.381472,-1.476337,theft_person
53.380142,-1.446317,burglary_biz
53.375873,-1.45249,burglary_biz
53.377369,-1.453343,burglary_biz
53.375753,-1.451605,shoplifting
53.374417,-1.440875,burglary_biz
53.368213,-1.44031,burglary_biz
53.386764,-1.455673,burglary_biz
53.38497,-1.452419,robbery_biz
53.384492,-1.458033,burglary_biz
53.383425,-1.456648,burglary_biz
53.383115,-1.457569,burglary_biz
53.374259,-1.457261,burglary_biz
53.381132,-1.46039,burglary_biz
53.383549,-1.463989,robbery_biz
53.376798,-1.464053,shoplifting
53.383549,-1.463989,shoplifting
53.383549,-1.463989,shoplifting
53.383549,-1.463989,shoplifting
53.375042,-1.461444,theft_person
53.348989,-1.39856,shoplifting
53.348989,-1.39856,shoplifting
53.348989,-1.39856,shoplifting
53.348989,-1.39856,shoplifting
53.348989,-1.39856,shoplifting
53.348989,-1.39856,shoplifting
53.34685,-1.398545,shoplifting
53.348989,-1.39856,shoplifting
53.348989,-1.39856,shoplifting
53.34685,-1.398545,shoplifting
53.344342,-1.379159,burglary_biz
53.351111,-1.386272,burglary_biz
53.342346,-1.396716,shoplifting
53.478911,-1.508574,burglary_biz
53.497713,-1.563649,burglary_biz
53.497364,-1.464404,shoplifting
53.494849,-1.458828,burglary_biz
53.494849,-1.458828,burglary_biz
53.486206,-1.4637,burglary_biz
53.49805,-1.422608,burglary_biz
53.495817,-1.438858,burglary_biz
53.498306,-1.440559,burglary_biz
53.493122,-1.439135,burglary_biz
53.495357,-1.456018,burglary_biz
53.497454,-1.454468,burglary_biz
53.497421,-1.451288,burglary_biz
53.499802,-1.275449,burglary_biz
53.495322,-1.281464,robbery_biz
53.495322,-1.281464,robbery_biz
53.495322,-1.281464,shoplifting
53.498272,-1.269249,burglary_biz
53.493171,-1.290937,burglary_biz
53.493171,-1.290937,shoplifting
53.493171,-1.290937,shoplifting
53.493171,-1.290937,shoplifting
53.493171,-1.290937,shoplifting
53.495866,-1.301278,burglary_biz
53.496613,-1.302984,burglary_biz
53.497691,-1.286188,burglary_biz
53.494364,-1.292032,shoplifting
53.481496,-1.230042,burglary_biz
53.480526,-1.231611,burglary_biz
53.482811,-1.2305,burglary_biz
53.482811,-1.2305,shoplifting
53.481243,-1.231252,shoplifting
53.482811,-1.2305,shoplifting
53.482811,-1.2305,shoplifting
53.482811,-1.2305,shoplifting
53.482811,-1.2305,shoplifting
53.482811,-1.2305,shoplifting
53.482811,-1.2305,shoplifting
53.484137,-1.231199,burglary_biz
53.484137,-1.231199,robbery_biz
53.491307,-1.244921,shoplifting
53.491307,-1.244921,shoplifting
53.491307,-1.244921,shoplifting
53.491307,-1.244921,shoplifting
53.491307,-1.244921,shoplifting
53.487076,-1.27131,burglary_biz
53.491102,-1.255219,shoplifting
53.487112,-1.252411,burglary_biz
53.483917,-1.251834,robbery_biz
53.485318,-1.243038,burglary_biz
53.48305,-1.238377,burglary_biz
53.492649,-1.341108,burglary_biz
53.492649,-1.341108,burglary_biz
53.493132,-1.342321,burglary_biz
53.499944,-1.337105,burglary_biz
53.498653,-1.337773,shoplifting
53.498653,-1.337773,shoplifting
53.499778,-1.351173,burglary_biz
53.488801,-1.318424,burglary_biz
53.490153,-1.298854,burglary_biz
53.486578,-1.31323,shoplifting
53.486578,-1.31323,shoplifting
53.487159,-1.314306,shoplifting
53.487775,-1.302737,shoplifting
53.486578,-1.31323,shoplifting
53.488242,-1.332465,robbery_biz
53.483762,-1.328737,burglary_biz
53.482663,-1.326705,robbery_biz
53.470319,-1.355418,burglary_biz
53.472536,-1.363219,burglary_biz
53.468374,-1.345023,burglary_biz
53.467975,-1.350874,robbery_biz
53.466727,-1.339641,shoplifting
53.466727,-1.339641,shoplifting
53.466727,-1.339641,shoplifting
53.466727,-1.339641,shoplifting
53.466727,-1.339641,shoplifting
53.466727,-1.339641,shoplifting
53.466727,-1.339641,shoplifting
53.463309,-1.331108,burglary_biz
53.463309,-1.331108,burglary_biz
53.464269,-1.329147,burglary_biz
53.465601,-1.32803,burglary_biz
53.46272,-1.335215,burglary_biz
53.478269,-1.449832,burglary_biz
53.45157,-1.426416,burglary_biz
53.452009,-1.433502,burglary_biz
53.45157,-1.426416,burglary_biz
53.446498,-1.411111,burglary_biz
53.45881,-1.44043,burglary_biz
53.461435,-1.340175,burglary_biz
53.463858,-1.339309,burglary_biz
53.461102,-1.333493,burglary_biz
53.46084,-1.343046,burglary_biz
53.457182,-1.339925,burglary_biz
53.459815,-1.343655,robbery_biz
53.459815,-1.343655,robbery_biz
53.459815,-1.343655,shoplifting
53.460508,-1.343232,shoplifting
53.459815,-1.343655,shoplifting
53.453123,-1.338828,burglary_biz
53.452532,-1.342587,burglary_biz
53.453353,-1.346414,burglary_biz
53.451113,-1.344355,shoplifting
53.447951,-1.34323,shoplifting
53.451113,-1.344355,shoplifting
53.451113,-1.344355,shoplifting
53.456758,-1.344419,shoplifting
53.451113,-1.344355,shoplifting
53.451113,-1.344355,shoplifting
53.451113,-1.344355,shoplifting
53.447951,-1.34323,shoplifting
53.451113,-1.344355,shoplifting
53.451113,-1.344355,shoplifting
53.451113,-1.344355,shoplifting
53.451113,-1.344355,shoplifting
53.451113,-1.344355,shoplifting
53.451113,-1.344355,shoplifting
53.451113,-1.344355,shoplifting
53.451113,-1.344355,shoplifting
53.447991,-1.343831,shoplifting
53.451113,-1.344355,shoplifting
53.447951,-1.34323,shoplifting
53.451113,-1.344355,shoplifting
53.447956,-1.342615,shoplifting
53.449549,-1.341127,shoplifting
53.451113,-1.344355,shoplifting
53.447956,-1.342615,shoplifting
53.451113,-1.344355,shoplifting
53.447187,-1.36143,burglary_biz
53.452891,-1.360652,burglary_biz
53.450783,-1.369929,robbery_biz
53.451083,-1.382754,robbery_biz
53.455214,-1.368147,shoplifting
53.45364,-1.392385,burglary_biz
53.447485,-1.29903,shoplifting
53.447485,-1.29903,shoplifting
53.447485,-1.29903,shoplifting
53.447485,-1.29903,shoplifting
53.447485,-1.29903,shoplifting
53.447485,-1.29903,shoplifting
53.447485,-1.29903,shoplifting
53.447485,-1.29903,shoplifting
53.466835,-1.276025,burglary_biz
53.444532,-1.384866,burglary_biz
53.447861,-1.403158,shoplifting
53.447861,-1.403158,shoplifting
53.447861,-1.403158,shoplifting
53.44312,-1.388108,burglary_biz
53.442208,-1.40143,burglary_biz
53.443721,-1.393098,shoplifting
53.442935,-1.392312,shoplifting
53.442935,-1.392312,shoplifting
53.438944,-1.315835,shoplifting
53.438944,-1.315835,shoplifting
53.438944,-1.315835,shoplifting
53.438944,-1.315835,shoplifting
53.438944,-1.315835,shoplifting
53.438944,-1.315835,shoplifting
53.430564,-1.32643,shoplifting
53.440636,-1.322567,shoplifting
53.440636,-1.322567,theft_person
53.431463,-1.32333,burglary_biz
53.447265,-1.336058,burglary_biz
53.435812,-1.339157,burglary_biz
53.439321,-1.330115,burglary_biz
53.43613,-1.336472,burglary_biz
53.435327,-1.344071,burglary_biz
53.438513,-1.343149,burglary_biz
53.439326,-1.34392,robbery_biz
53.438598,-1.347258,robbery_biz
53.439326,-1.34392,shoplifting
53.439326,-1.34392,shoplifting
53.439326,-1.34392,shoplifting
53.439326,-1.34392,shoplifting
53.439326,-1.34392,shoplifting
53.439326,-1.34392,shoplifting
53.439326,-1.34392,shoplifting
53.439326,-1.34392,shoplifting
53.439326,-1.34392,shoplifting
53.439326,-1.34392,shoplifting
53.439484,-1.400254,shoplifting
53.442124,-1.406324,burglary_biz
53.42989,-1.393656,robbery_biz
53.429662,-1.403759,burglary_biz
53.428791,-1.416608,burglary_biz
53.422556,-1.408116,burglary_biz
53.429644,-1.370422,burglary_biz
53.432974,-1.372841,shoplifting
53.432974,-1.372841,shoplifting
53.432974,-1.372841,shoplifting
53.432974,-1.372841,shoplifting
53.432974,-1.372841,shoplifting
53.432974,-1.372841,shoplifting
53.432974,-1.372841,shoplifting
53.428129,-1.383282,burglary_biz
53.433223,-1.350591,burglary_biz
53.432472,-1.349594,burglary_biz
53.428035,-1.358632,burglary_biz
53.43191,-1.357098,burglary_biz
53.42926,-1.354023,burglary_biz
53.429436,-1.356699,burglary_biz
53.435746,-1.351757,burglary_biz
53.43191,-1.357098,robbery_biz
53.43191,-1.357098,robbery_biz
53.43169,-1.354633,robbery_biz
53.433833,-1.353592,robbery_biz
53.43191,-1.357098,robbery_biz
53.432099,-1.365449,robbery_biz
53.433054,-1.354146,robbery_biz
53.432099,-1.365449,shoplifting
53.432099,-1.365449,shoplifting
53.433833,-1.353592,shoplifting
53.43169,-1.354633,shoplifting
53.432099,-1.365449,shoplifting
53.433054,-1.354146,shoplifting
53.433833,-1.353592,shoplifting
53.433833,-1.353592,shoplifting
53.433054,-1.354146,shoplifting
53.433054,-1.354146,shoplifting
53.433054,-1.354146,shoplifting
53.43169,-1.354633,shoplifting
53.433054,-1.354146,shoplifting
53.430929,-1.355277,shoplifting
53.432099,-1.365449,shoplifting
53.430929,-1.355277,shoplifting
53.433833,-1.353592,shoplifting
53.433054,-1.354146,shoplifting
53.433833,-1.353592,shoplifting
53.433833,-1.353592,shoplifting
53.433833,-1.353592,shoplifting
53.432099,-1.365449,shoplifting
53.433833,-1.353592,shoplifting
53.43191,-1.357098,shoplifting
53.432099,-1.365449,shoplifting
53.43191,-1.357098,shoplifting
53.43191,-1.357098,shoplifting
53.43169,-1.354633,shoplifting
53.43169,-1.354633,shoplifting
53.43169,-1.354633,shoplifting
53.43169,-1.354633,shoplifting
53.433054,-1.354146,shoplifting
53.433054,-1.354146,shoplifting
53.433833,-1.353592,shoplifting
53.43191,-1.357098,shoplifting
53.43191,-1.357098,shoplifting
53.433054,-1.354146,shoplifting
53.432099,-1.365449,shoplifting
53.43191,-1.357098,shoplifting
53.43169,-1.354633,shoplifting
53.433833,-1.353592,shoplifting
53.433833,-1.353592,shoplifting
53.433054,-1.354146,shoplifting
53.432354,-1.354367,shoplifting
53.433054,-1.354146,shoplifting
53.43191,-1.357098,shoplifting
53.43169,-1.354633,shoplifting
53.43191,-1.357098,shoplifting
53.433054,-1.354146,shoplifting
53.433054,-1.354146,shoplifting
53.433833,-1.353592,shoplifting
53.43169,-1.354633,shoplifting
53.43169,-1.354633,shoplifting
53.43169,-1.354633,shoplifting
53.432099,-1.365449,shoplifting
53.432099,-1.365449,shoplifting
53.433054,-1.354146,shoplifting
53.433833,-1.353592,shoplifting
53.433833,-1.353592,shoplifting
53.437427,-1.355103,shoplifting
53.433833,-1.353592,shoplifting
53.43169,-1.354633,shoplifting
53.43191,-1.357098,shoplifting
53.43169,-1.354633,shoplifting
53.43169,-1.354633,shoplifting
53.43169,-1.354633,shoplifting
53.43169,-1.354633,shoplifting
53.433833,-1.353592,shoplifting
53.433833,-1.353592,shoplifting
53.433833,-1.353592,shoplifting
53.433833,-1.353592,shoplifting
53.433833,-1.353592,shoplifting
53.433054,-1.354146,shoplifting
53.433054,-1.354146,shoplifting
53.433054,-1.354146,shoplifting
53.433054,-1.354146,shoplifting
53.433054,-1.354146,shoplifting
53.433054,-1.354146,shoplifting
53.433833,-1.353592,shoplifting
53.433833,-1.353592,shoplifting
53.43169,-1.354633,shoplifting
53.43169,-1.354633,shoplifting
53.43169,-1.354633,shoplifting
53.433833,-1.353592,shoplifting
53.433833,-1.353592,shoplifting
53.433833,-1.353592,shoplifting
53.43191,-1.357098,shoplifting
53.433833,-1.353592,shoplifting
53.432099,-1.365449,shoplifting
53.433833,-1.353592,shoplifting
53.43169,-1.354633,shoplifting
53.43169,-1.354633,shoplifting
53.43169,-1.354633,shoplifting
53.43169,-1.354633,shoplifting
53.43169,-1.354633,shoplifting
53.433054,-1.354146,shoplifting
53.432099,-1.365449,shoplifting
53.433833,-1.353592,theft_person
53.42926,-1.354023,theft_person
53.433463,-1.346719,burglary_biz
53.429232,-1.344015,theft_person
53.437378,-1.347638,burglary_biz
53.422126,-1.255733,burglary_biz
53.422126,-1.255733,shoplifting
53.420327,-1.284911,burglary_biz
53.420327,-1.284911,shoplifting
53.420327,-1.284911,shoplifting
53.420327,-1.284911,shoplifting
53.420327,-1.284911,shoplifting
53.420327,-1.284911,shoplifting
53.420327,-1.284911,shoplifting
53.420327,-1.284911,shoplifting
53.420327,-1.284911,shoplifting
53.430225,-1.277701,shoplifting
53.428636,-1.285464,shoplifting
53.428636,-1.285464,shoplifting
53.428636,-1.285464,shoplifting
53.420905,-1.33039,robbery_biz
53.418967,-1.321512,shoplifting
53.420249,-1.306159,shoplifting
53.420249,-1.306159,shoplifting
53.420249,-1.306159,shoplifting
53.420249,-1.306159,shoplifting
53.420249,-1.306159,shoplifting
53.420249,-1.306159,shoplifting
53.420249,-1.306159,shoplifting
53.420249,-1.306159,shoplifting
53.421062,-1.348986,robbery_biz
53.421062,-1.348986,shoplifting
53.421062,-1.348986,shoplifting
53.421062,-1.348986,shoplifting
53.421062,-1.348986,shoplifting
53.421062,-1.348986,shoplifting
53.421062,-1.348986,shoplifting
53.421062,-1.348986,shoplifting
53.420756,-1.345755,theft_person
53.414166,-1.340591,burglary_biz
53.426381,-1.348528,burglary_biz
53.426985,-1.352191,burglary_biz
53.427478,-1.350724,robbery_biz
53.411438,-1.334871,burglary_biz
53.40921,-1.373311,burglary_biz
53.419977,-1.381594,burglary_biz
53.419977,-1.381594,theft_person
53.419977,-1.381594,theft_person
53.406484,-1.364431,burglary_biz
53.401881,-1.365974,burglary_biz
53.407299,-1.368796,burglary_biz
53.404817,-1.370352,burglary_biz
53.401911,-1.371613,burglary_biz
53.392716,-1.263148,robbery_biz
53.391254,-1.256392,burglary_biz
53.396986,-1.258027,robbery_biz
53.396986,-1.258027,shoplifting
53.396986,-1.258027,shoplifting
53.396272,-1.255387,shoplifting
53.386314,-1.376519,robbery_biz
53.391345,-1.362341,burglary_biz
53.393566,-1.360714,burglary_biz
53.382689,-1.3691,burglary_biz
53.358541,-1.32722,shoplifting
53.358541,-1.32722,shoplifting
53.378372,-1.231325,robbery_biz
53.371765,-1.321105,robbery_biz
53.366175,-1.302484,burglary_biz
53.36465,-1.301472,burglary_biz
53.365627,-1.301095,burglary_biz
53.36349,-1.305438,shoplifting
53.362831,-1.316529,burglary_biz
53.365434,-1.32373,burglary_biz
53.34285,-1.263722,robbery_biz
53.343511,-1.297326,burglary_biz
53.352462,-1.262791,burglary_biz
53.342923,-1.255235,burglary_biz
53.33769,-1.278469,burglary_biz
53.341126,-1.265464,burglary_biz
53.319261,-1.278134,shoplifting
53.340703,-1.271344,shoplifting
53.319261,-1.278134,shoplifting
53.319261,-1.278134,shoplifting
53.319261,-1.278134,shoplifting
53.340703,-1.271344,shoplifting
53.319261,-1.278134,shoplifting
53.424267,-1.263205,shoplifting
53.424267,-1.263205,shoplifting
53.424267,-1.263205,shoplifting
53.423396,-1.260421,shoplifting
53.405107,-1.329494,burglary_biz
53.477249,-1.603245,burglary_biz
53.477165,-1.602357,burglary_biz
53.479639,-1.594935,burglary_biz
53.472793,-1.59842,burglary_biz
53.473012,-1.596897,burglary_biz
53.482062,-1.607193,burglary_biz
53.478343,-1.566304,burglary_biz
53.478574,-1.570325,shoplifting
53.477155,-1.494777,burglary_biz
53.474575,-1.486416,shoplifting
53.474575,-1.486416,shoplifting
53.468793,-1.487811,burglary_biz
53.469819,-1.484033,burglary_biz
53.469636,-1.487319,shoplifting
53.468793,-1.487811,shoplifting
53.468793,-1.487811,shoplifting
53.469636,-1.487319,shoplifting
53.46164,-1.480468,shoplifting
53.46164,-1.480468,shoplifting
53.46164,-1.480468,shoplifting
53.46164,-1.480468,shoplifting
53.46164,-1.480468,shoplifting
53.46164,-1.480468,shoplifting
53.46164,-1.480468,shoplifting
53.46164,-1.480468,shoplifting
53.46164,-1.480468,shoplifting
53.46164,-1.480468,shoplifting
53.46164,-1.480468,shoplifting
53.46164,-1.480468,shoplifting
53.46164,-1.480468,shoplifting
53.46164,-1.480468,shoplifting
53.46164,-1.480468,shoplifting
53.46164,-1.480468,shoplifting
53.46164,-1.480468,shoplifting
53.46164,-1.480468,shoplifting
53.46164,-1.480468,shoplifting
53.46164,-1.480468,shoplifting
53.46164,-1.480468,shoplifting
53.46164,-1.480468,shoplifting
53.46164,-1.480468,shoplifting
53.465815,-1.466729,burglary_biz
53.460772,-1.464518,burglary_biz
53.46165,-1.465832,robbery_biz
53.46165,-1.465832,shoplifting
53.459096,-1.477898,burglary_biz
53.4432,-1.504318,theft_person
53.443854,-1.456374,burglary_biz
53.444292,-1.459621,shoplifting
53.444292,-1.459621,shoplifting
53.444292,-1.459621,shoplifting
53.445686,-1.463924,shoplifting
53.445686,-1.463924,shoplifting
53.444292,-1.459621,shoplifting
53.445686,-1.463924,shoplifting
53.445686,-1.463924,shoplifting
53.444292,-1.459621,shoplifting
53.42922,-1.462039,burglary_biz
53.42922,-1.462039,burglary_biz
53.42922,-1.462039,burglary_biz
53.440882,-1.468908,burglary_biz
53.438872,-1.463619,shoplifting
53.429987,-1.433659,theft_person
53.431235,-1.440852,robbery_biz
53.431235,-1.440852,shoplifting
53.431235,-1.440852,shoplifting
53.436374,-1.450118,burglary_biz
53.43192,-1.451018,shoplifting
53.438523,-1.541781,burglary_biz
53.424605,-1.56983,burglary_biz
53.452089,-1.55451,robbery_biz
53.432882,-1.535851,burglary_biz
53.435997,-1.53958,theft_person
53.429634,-1.532741,theft_person
53.430797,-1.494017,robbery_biz
53.427273,-1.493788,burglary_biz
53.428799,-1.484891,burglary_biz
53.428799,-1.484891,burglary_biz
53.428799,-1.484891,robbery_biz
53.428799,-1.484891,shoplifting
53.428799,-1.484891,shoplifting
53.431576,-1.478596,shoplifting
53.431576,-1.478596,shoplifting
53.431576,-1.478596,shoplifting
53.428108,-1.487202,burglary_biz
53.428108,-1.487202,burglary_biz
53.428108,-1.487202,shoplifting
53.428108,-1.487202,shoplifting
53.428108,-1.487202,shoplifting
53.428108,-1.487202,shoplifting
53.428108,-1.487202,shoplifting
53.426634,-1.441153,burglary_biz
53.424222,-1.450169,robbery_biz
53.42991,-1.445942,robbery_biz
53.424222,-1.450169,shoplifting
53.426824,-1.449142,burglary_biz
53.425187,-1.45288,burglary_biz
53.421349,-1.464697,burglary_biz
53.421349,-1.464697,burglary_biz
53.422805,-1.464754,robbery_biz
53.42317,-1.457902,theft_person
53.426305,-1.461625,burglary_biz
53.418585,-1.494794,shoplifting
53.418585,-1.494794,shoplifting
53.418585,-1.494794,shoplifting
53.418585,-1.494794,shoplifting
53.418772,-1.494266,shoplifting
53.418585,-1.494794,shoplifting
53.418585,-1.494794,shoplifting
53.422584,-1.491846,shoplifting
53.418416,-1.480577,burglary_biz
53.419863,-1.482576,burglary_biz
53.418754,-1.479776,shoplifting
53.418754,-1.479776,shoplifting
53.418754,-1.479776,shoplifting
53.418754,-1.479776,shoplifting
53.420085,-1.441962,burglary_biz
53.417019,-1.436028,robbery_biz
53.417636,-1.444988,burglary_biz
53.417673,-1.443302,theft_person
53.413627,-1.45858,shoplifting
53.418908,-1.44867,burglary_biz
53.422194,-1.452889,burglary_biz
53.421407,-1.453741,burglary_biz
53.418908,-1.44867,robbery_biz
53.418908,-1.44867,shoplifting
53.418908,-1.44867,theft_person
53.42027,-1.416695,burglary_biz
53.422755,-1.419309,shoplifting
53.414124,-1.461327,burglary_biz
53.414124,-1.461327,burglary_biz
53.416701,-1.470743,burglary_biz
53.417931,-1.472278,robbery_biz
53.408919,-1.511321,burglary_biz
53.408919,-1.511321,burglary_biz
53.402441,-1.503168,burglary_biz
53.402644,-1.502338,shoplifting
53.402644,-1.502338,shoplifting
53.402644,-1.502338,shoplifting
53.402644,-1.502338,shoplifting
53.417203,-1.501657,robbery_biz
53.411864,-1.504343,shoplifting
53.411864,-1.504343,shoplifting
53.413181,-1.502952,burglary_biz
53.413672,-1.499908,robbery_biz
53.418405,-1.496956,shoplifting
53.418405,-1.496956,shoplifting
53.418405,-1.496956,shoplifting
53.418405,-1.496956,shoplifting
53.418405,-1.496956,shoplifting
53.418405,-1.496956,shoplifting
53.418405,-1.496956,shoplifting
53.418405,-1.496956,shoplifting
53.418405,-1.496956,shoplifting
53.413672,-1.499908,shoplifting
53.418405,-1.496956,shoplifting
53.418405,-1.496956,shoplifting
53.418405,-1.496956,shoplifting
53.413672,-1.499908,shoplifting
53.418405,-1.496956,theft_person
53.403858,-1.498203,burglary_biz
53.404321,-1.501341,robbery_biz
53.404321,-1.501341,shoplifting
53.404321,-1.501341,shoplifting
53.406031,-1.493303,theft_person
53.398706,-1.384459,burglary_biz
53.410011,-1.387455,robbery_biz
53.409474,-1.407696,burglary_biz
53.41599,-1.396457,robbery_biz
53.405627,-1.409314,robbery_biz
53.4124,-1.412139,shoplifting
53.414961,-1.411893,shoplifting
53.4124,-1.412139,shoplifting
53.4124,-1.412139,shoplifting
53.405627,-1.409314,shoplifting
53.4124,-1.412139,shoplifting
53.414961,-1.411893,shoplifting
53.414925,-1.409968,shoplifting
53.4124,-1.412139,shoplifting
53.4124,-1.412139,shoplifting
53.4124,-1.412139,shoplifting
53.405627,-1.409314,shoplifting
53.4124,-1.412139,shoplifting
53.4124,-1.412139,shoplifting
53.405627,-1.409314,shoplifting
53.405627,-1.409314,shoplifting
53.4124,-1.412139,shoplifting
53.4124,-1.412139,shoplifting
53.414961,-1.411893,shoplifting
53.414119,-1.410731,shoplifting
53.414961,-1.411893,shoplifting
53.4124,-1.412139,shoplifting
53.414961,-1.411893,shoplifting
53.414961,-1.411893,shoplifting
53.4124,-1.412139,shoplifting
53.4124,-1.412139,shoplifting
53.414119,-1.410731,shoplifting
53.414119,-1.410731,shoplifting
53.4124,-1.412139,shoplifting
53.4124,-1.412139,shoplifting
53.4124,-1.412139,shoplifting
53.414961,-1.411893,shoplifting
53.405627,-1.409314,shoplifting
53.4124,-1.412139,shoplifting
53.4124,-1.412139,shoplifting
53.414961,-1.411893,shoplifting
53.4124,-1.412139,shoplifting
53.4124,-1.412139,shoplifting
53.4124,-1.412139,shoplifting
53.414925,-1.409968,shoplifting
53.4124,-1.412139,shoplifting
53.4124,-1.412139,shoplifting
53.405627,-1.409314,shoplifting
53.4124,-1.412139,shoplifting
53.4124,-1.412139,shoplifting
53.4124,-1.412139,shoplifting
53.4124,-1.412139,shoplifting
53.4124,-1.412139,shoplifting
53.406551,-1.40888,shoplifting
53.4124,-1.412139,shoplifting
53.414119,-1.410731,shoplifting
53.4124,-1.412139,shoplifting
53.4124,-1.412139,shoplifting
53.405627,-1.409314,shoplifting
53.414119,-1.410731,shoplifting
53.4124,-1.412139,shoplifting
53.4124,-1.412139,shoplifting
53.4124,-1.412139,shoplifting
53.4124,-1.412139,shoplifting
53.4124,-1.412139,shoplifting
53.4124,-1.412139,shoplifting
53.4124,-1.412139,theft_person
53.414119,-1.410731,theft_person
53.4124,-1.412139,theft_person
53.396652,-1.469744,burglary_biz
53.396652,-1.469744,burglary_biz
53.401685,-1.46544,robbery_biz
53.406142,-1.473281,burglary_biz
53.402333,-1.467778,robbery_biz
53.412957,-1.471542,shoplifting
53.412957,-1.471542,shoplifting
53.412957,-1.471542,shoplifting
53.412957,-1.471542,shoplifting
53.412957,-1.471542,shoplifting
53.412957,-1.471542,shoplifting
53.412957,-1.471542,shoplifting
53.412957,-1.471542,shoplifting
53.411736,-1.482208,burglary_biz
53.409219,-1.477982,burglary_biz
53.401411,-1.454584,burglary_biz
53.404656,-1.468591,burglary_biz
53.40445,-1.444949,burglary_biz
53.406812,-1.452424,burglary_biz
53.406812,-1.452424,shoplifting
53.406783,-1.453838,burglary_biz
53.40812,-1.457356,theft_person
53.406969,-1.507056,burglary_biz
53.407623,-1.508703,shoplifting
53.407623,-1.508703,shoplifting
53.407623,-1.508703,shoplifting
53.407623,-1.508703,shoplifting
53.407623,-1.508703,shoplifting
53.407623,-1.508703,shoplifting
53.407623,-1.508703,shoplifting
53.401081,-1.51126,shoplifting
53.401302,-1.512656,shoplifting
53.401302,-1.512656,shoplifting
53.401302,-1.512656,shoplifting
53.401302,-1.512656,shoplifting
53.401302,-1.512656,shoplifting
53.401302,-1.512656,shoplifting
53.396324,-1.466725,theft_person
53.39326,-1.430042,burglary_biz
53.398246,-1.442758,burglary_biz
53.396207,-1.435416,burglary_biz
53.393948,-1.427175,burglary_biz
53.393784,-1.467434,robbery_biz
53.389639,-1.457193,shoplifting
53.389639,-1.457193,shoplifting
53.389639,-1.457193,shoplifting
53.389639,-1.457193,shoplifting
53.389639,-1.457193,shoplifting
53.389639,-1.457193,shoplifting
53.389639,-1.457193,shoplifting
53.389639,-1.457193,shoplifting
53.389639,-1.457193,shoplifting
53.389639,-1.457193,shoplifting
53.389639,-1.457193,shoplifting
53.389639,-1.457193,shoplifting
53.389639,-1.457193,shoplifting
53.389639,-1.457193,shoplifting
53.389639,-1.457193,shoplifting
53.389639,-1.457193,shoplifting
53.389639,-1.457193,shoplifting
53.389639,-1.457193,shoplifting
53.389639,-1.457193,shoplifting
53.389639,-1.457193,shoplifting
53.389639,-1.457193,shoplifting
53.389639,-1.457193,shoplifting
53.389639,-1.457193,shoplifting
53.389639,-1.457193,shoplifting
53.389639,-1.457193,shoplifting
53.389639,-1.457193,shoplifting
53.389639,-1.457193,shoplifting
53.393307,-1.46347,theft_person
53.38639,-1.462369,burglary_biz
53.390084,-1.468247,burglary_biz
53.39051,-1.461129,burglary_biz
53.390084,-1.468247,burglary_biz
53.390084,-1.468247,burglary_biz
53.387172,-1.462359,robbery_biz
53.396336,-1.53873,burglary_biz
53.400788,-1.503443,burglary_biz
53.398677,-1.514777,shoplifting
53.393111,-1.529938,burglary_biz
53.393111,-1.529938,theft_person
53.387719,-1.482485,burglary_biz
53.389382,-1.48251,robbery_biz
53.389382,-1.48251,robbery_biz
53.389382,-1.48251,robbery_biz
53.381346,-1.488726,burglary_biz
53.394665,-1.488175,shoplifting
53.394665,-1.488175,shoplifting
53.393795,-1.486501,shoplifting
53.394665,-1.488175,shoplifting
53.383906,-1.426904,burglary_biz
53.383906,-1.426904,burglary_biz
53.383806,-1.443835,shoplifting
53.392549,-1.411149,burglary_biz
53.390187,-1.393649,burglary_biz
53.388704,-1.411623,burglary_biz
53.387099,-1.408864,burglary_biz
53.393589,-1.412518,burglary_biz
53.383551,-1.402193,robbery_biz
53.387099,-1.408864,shoplifting
53.387099,-1.408864,shoplifting
53.387099,-1.408864,shoplifting
53.384381,-1.507121,burglary_biz
53.385339,-1.507955,shoplifting
53.385339,-1.507955,shoplifting
53.387158,-1.498399,burglary_biz
53.385753,-1.495484,burglary_biz
53.384333,-1.50428,burglary_biz
53.384333,-1.50428,burglary_biz
53.379601,-1.518662,shoplifting
53.379601,-1.518662,shoplifting
53.38598,-1.511343,burglary_biz
53.379483,-1.498669,burglary_biz
53.378355,-1.493331,burglary_biz
53.379577,-1.489165,shoplifting
53.379577,-1.489165,shoplifting
53.379577,-1.489165,shoplifting
53.379577,-1.489165,shoplifting
53.379577,-1.489165,shoplifting
53.379577,-1.489165,shoplifting
53.379577,-1.489165,shoplifting
53.379577,-1.489165,shoplifting
53.379577,-1.489165,shoplifting
53.379577,-1.489165,shoplifting
53.379577,-1.489165,shoplifting
53.379577,-1.489165,shoplifting
53.379577,-1.489165,shoplifting
53.379577,-1.489165,shoplifting
53.379577,-1.489165,shoplifting
53.379577,-1.489165,shoplifting
53.379577,-1.489165,shoplifting
53.379577,-1.489165,shoplifting
53.379577,-1.489165,shoplifting
53.379577,-1.489165,shoplifting
53.379577,-1.489165,shoplifting
53.379577,-1.489165,shoplifting
53.379577,-1.489165,shoplifting
53.379577,-1.489165,shoplifting
53.379577,-1.489165,shoplifting
53.380631,-1.487396,theft_person
53.378782,-1.498723,burglary_biz
53.377385,-1.501885,shoplifting
53.377385,-1.501885,shoplifting
53.385221,-1.495144,burglary_biz
53.380127,-1.404014,burglary_biz
53.381028,-1.400815,burglary_biz
53.380328,-1.395774,theft_person
53.372198,-1.384315,burglary_biz
53.378234,-1.390497,burglary_biz
53.371949,-1.386679,burglary_biz
53.374612,-1.386741,burglary_biz
53.371949,-1.386679,burglary_biz
53.371949,-1.386679,robbery_biz
53.375867,-1.393522,shoplifting
53.375867,-1.393522,shoplifting
53.375867,-1.393522,shoplifting
53.375867,-1.393522,shoplifting
53.375867,-1.393522,shoplifting
53.383287,-1.419726,shoplifting
53.383287,-1.419726,shoplifting
53.383287,-1.419726,shoplifting
53.383287,-1.419726,shoplifting
53.378754,-1.420885,burglary_biz
53.379377,-1.421538,burglary_biz
53.370899,-1.507277,burglary_biz
53.369778,-1.490818,burglary_biz
53.368997,-1.493142,shoplifting
53.368997,-1.493142,shoplifting
53.368997,-1.493142,shoplifting
53.373303,-1.503958,burglary_biz
53.373833,-1.499698,burglary_biz
53.372319,-1.399329,burglary_biz
53.378335,-1.398087,burglary_biz
53.374221,-1.39852,burglary_biz
53.372319,-1.399329,burglary_biz
53.375784,-1.396619,shoplifting
53.370992,-1.389383,burglary_biz
53.372116,-1.389093,shoplifting
53.372116,-1.389093,shoplifting
53.372116,-1.389093,shoplifting
53.370479,-1.373579,burglary_biz
53.367053,-1.387185,burglary_biz
53.369549,-1.386683,burglary_biz
53.367681,-1.385297,burglary_biz
53.368244,-1.389768,burglary_biz
53.369549,-1.386683,burglary_biz
53.369135,-1.390116,robbery_biz
53.374073,-1.507721,burglary_biz
53.375314,-1.512081,burglary_biz
53.374324,-1.513971,burglary_biz
53.365138,-1.534453,burglary_biz
53.366571,-1.416542,burglary_biz
53.369488,-1.426917,burglary_biz
53.364562,-1.432363,robbery_biz
53.36654,-1.424958,burglary_biz
53.361849,-1.428958,robbery_biz
53.383413,-1.431,burglary_biz
53.372623,-1.432,burglary_biz
53.375226,-1.429441,burglary_biz
53.377639,-1.409806,burglary_biz
53.371551,-1.416744,robbery_biz
53.371551,-1.416744,shoplifting
53.371551,-1.416744,shoplifting
53.371887,-1.417401,shoplifting
53.371551,-1.416744,shoplifting
53.371551,-1.416744,shoplifting
53.37,-1.479859,burglary_biz
53.366913,-1.480888,shoplifting
53.366913,-1.480888,shoplifting
53.366913,-1.480888,shoplifting
53.366913,-1.480888,shoplifting
53.366913,-1.480888,shoplifting
53.366913,-1.480888,shoplifting
53.371707,-1.48579,burglary_biz
53.373756,-1.481527,burglary_biz
53.372774,-1.480982,burglary_biz
53.37315,-1.482824,shoplifting
53.366099,-1.555617,burglary_biz
53.365643,-1.470219,burglary_biz
53.37211,-1.469056,burglary_biz
53.372182,-1.473114,theft_person
53.358703,-1.480147,robbery_biz
53.358703,-1.480147,shoplifting
53.358703,-1.480147,shoplifting
53.360741,-1.479731,shoplifting
53.360741,-1.479731,shoplifting
53.368919,-1.467067,burglary_biz
53.370877,-1.466742,burglary_biz
53.37591,-1.472497,burglary_biz
53.374667,-1.476044,shoplifting
53.374667,-1.476044,shoplifting
53.375458,-1.47327,shoplifting
53.374667,-1.476044,theft_person
53.376878,-1.465961,theft_person
53.375458,-1.47327,theft_person
53.375405,-1.464251,theft_person
53.376829,-1.470803,theft_person
53.376829,-1.470803,theft_person
53.36686,-1.445242,burglary_biz
53.365065,-1.451727,burglary_biz
53.366569,-1.462197,robbery_biz
53.370621,-1.461416,shoplifting
53.370621,-1.461416,shoplifting
53.361971,-1.437777,burglary_biz
53.367283,-1.439526,shoplifting
53.367283,-1.439526,theft_person
53.358858,-1.452558,burglary_biz
53.368213,-1.371688,burglary_biz
53.367023,-1.369392,burglary_biz
53.366158,-1.368878,burglary_biz
53.360385,-1.356687,burglary_biz
53.362008,-1.350998,burglary_biz
53.364386,-1.401935,robbery_biz
53.365341,-1.397083,burglary_biz
53.356975,-1.410107,burglary_biz
53.362385,-1.406185,burglary_biz
53.366799,-1.408183,burglary_biz
53.36528,-1.404537,robbery_biz
53.365218,-1.406537,theft_person
53.36345,-1.410679,burglary_biz
53.367586,-1.495488,burglary_biz
53.366623,-1.495078,burglary_biz
53.367288,-1.497069,burglary_biz
53.36813,-1.498682,shoplifting
53.36813,-1.498682,shoplifting
53.36813,-1.498682,shoplifting
53.364714,-1.50724,shoplifting
53.36534,-1.515125,burglary_biz
53.361028,-1.518165,burglary_biz
53.361028,-1.518165,burglary_biz
53.360531,-1.433453,burglary_biz
53.359829,-1.427756,theft_person
53.359384,-1.443716,burglary_biz
53.359606,-1.437493,robbery_biz
53.359606,-1.437493,shoplifting
53.359606,-1.437493,shoplifting
53.359606,-1.437493,shoplifting
53.359606,-1.437493,shoplifting
53.359606,-1.437493,shoplifting
53.357203,-1.446539,robbery_biz
53.359402,-1.369699,burglary_biz
53.358205,-1.383105,burglary_biz
53.35658,-1.383428,burglary_biz
53.357245,-1.376552,burglary_biz
53.357283,-1.373412,burglary_biz
53.35934,-1.373467,shoplifting
53.35934,-1.373467,shoplifting
53.35934,-1.373467,shoplifting
53.35934,-1.373467,shoplifting
53.35934,-1.373467,shoplifting
53.35934,-1.373467,shoplifting
53.35934,-1.373467,shoplifting
53.362391,-1.491236,burglary_biz
53.365954,-1.490067,burglary_biz
53.365954,-1.490067,burglary_biz
53.365954,-1.490067,burglary_biz
53.359264,-1.489365,shoplifting
53.359264,-1.489365,shoplifting
53.359264,-1.489365,shoplifting
53.359264,-1.489365,shoplifting
53.35698,-1.458667,burglary_biz
53.356408,-1.457232,burglary_biz
53.353712,-1.447696,burglary_biz
53.354807,-1.449335,burglary_biz
53.355404,-1.448125,burglary_biz
53.355404,-1.448125,shoplifting
53.365165,-1.463748,burglary_biz
53.368484,-1.464172,robbery_biz
53.359583,-1.417719,burglary_biz
53.360441,-1.425957,theft_person
53.353648,-1.419002,burglary_biz
53.353676,-1.415546,burglary_biz
53.351483,-1.421074,burglary_biz
53.3558,-1.479102,shoplifting
53.356804,-1.477706,shoplifting
53.35149,-1.479213,shoplifting
53.350967,-1.468778,burglary_biz
53.352591,-1.438561,burglary_biz
53.347602,-1.430906,burglary_biz
53.356307,-1.428025,burglary_biz
53.353335,-1.428636,burglary_biz
53.345141,-1.425833,shoplifting
53.345141,-1.425833,shoplifting
53.345141,-1.425833,shoplifting
53.345141,-1.425833,shoplifting
53.345141,-1.425833,shoplifting
53.345141,-1.425833,shoplifting
53.355753,-1.520688,burglary_biz
53.346177,-1.495816,burglary_biz
53.34189,-1.351147,shoplifting
53.34189,-1.351147,shoplifting
53.34189,-1.351147,shoplifting
53.346169,-1.350908,shoplifting
53.346169,-1.350908,shoplifting
53.346169,-1.350908,shoplifting
53.34189,-1.351147,shoplifting
53.346169,-1.350908,shoplifting
53.34403,-1.48782,burglary_biz
53.345293,-1.493107,robbery_biz
53.345293,-1.493107,shoplifting
53.345293,-1.493107,shoplifting
53.345293,-1.493107,shoplifting
53.340402,-1.482186,burglary_biz
53.341554,-1.484726,burglary_biz
53.348564,-1.480345,shoplifting
53.344588,-1.479597,theft_person
53.346416,-1.368404,burglary_biz
53.345553,-1.358413,shoplifting
53.343802,-1.357027,shoplifting
53.343802,-1.357027,shoplifting
53.344307,-1.357183,shoplifting
53.343802,-1.357027,shoplifting
53.343802,-1.357027,shoplifting
53.345553,-1.358413,shoplifting
53.343802,-1.357027,shoplifting
53.343802,-1.357027,shoplifting
53.341609,-1.433359,burglary_biz
53.342747,-1.428763,burglary_biz
53.340331,-1.421706,burglary_biz
53.342981,-1.4214,shoplifting
53.344703,-1.41325,burglary_biz
53.344079,-1.410675,burglary_biz
53.347663,-1.417889,shoplifting
53.346892,-1.335365,burglary_biz
53.346892,-1.335365,shoplifting
53.346892,-1.335365,shoplifting
53.346892,-1.335365,shoplifting
53.339645,-1.330086,burglary_biz
53.338817,-1.336421,burglary_biz
53.338817,-1.336421,burglary_biz
53.328556,-1.333818,burglary_biz
53.330957,-1.480694,burglary_biz
53.332098,-1.48053,burglary_biz
53.333497,-1.479867,burglary_biz
53.329077,-1.472128,burglary_biz
53.329374,-1.472395,robbery_biz
53.352382,-1.463548,burglary_biz
53.339919,-1.456435,burglary_biz
53.340363,-1.449663,shoplifting
53.340363,-1.449663,shoplifting
53.329736,-1.464733,burglary_biz
53.332274,-1.457433,burglary_biz
53.331787,-1.467064,burglary_biz
53.331787,-1.467064,burglary_biz
53.327724,-1.467567,robbery_biz
53.327724,-1.467567,shoplifting
53.327724,-1.467567,shoplifting
53.32721,-1.474764,shoplifting
53.327724,-1.467567,shoplifting
53.327724,-1.467567,shoplifting
53.327724,-1.467567,shoplifting
53.327724,-1.467567,shoplifting
53.327724,-1.467567,shoplifting
53.327724,-1.467567,shoplifting
53.337101,-1.357924,burglary_biz
53.337101,-1.357924,burglary_biz
53.325258,-1.353612,burglary_biz
53.34269,-1.350825,shoplifting
53.34269,-1.350825,shoplifting
53.34269,-1.350825,shoplifting
53.34269,-1.350825,shoplifting
53.34269,-1.350825,shoplifting
53.342087,-1.342424,burglary_biz
53.342087,-1.342424,burglary_biz
53.331559,-1.486918,burglary_biz
53.328613,-1.489551,burglary_biz
53.322992,-1.510246,burglary_biz
53.335425,-1.499892,burglary_biz
53.337653,-1.48674,burglary_biz
53.338283,-1.482858,shoplifting
53.33568,-1.481628,shoplifting
53.338283,-1.482858,shoplifting
53.327152,-1.516384,burglary_biz
53.327227,-1.540091,shoplifting
53.327227,-1.540091,shoplifting
53.318988,-1.538483,robbery_biz
53.316243,-1.537732,burglary_biz
53.340093,-1.524618,burglary_biz
53.340687,-1.52712,burglary_biz
53.337685,-1.52041,burglary_biz
53.330037,-1.486231,burglary_biz
53.323728,-1.492897,burglary_biz
53.322857,-1.48459,burglary_biz
53.320133,-1.488661,burglary_biz
53.321731,-1.48606,burglary_biz
53.320133,-1.488661,burglary_biz
53.324234,-1.484949,theft_person
53.321682,-1.49157,robbery_biz
53.321682,-1.49157,shoplifting
53.321682,-1.49157,shoplifting
53.321682,-1.49157,shoplifting
53.323353,-1.464647,shoplifting
53.321308,-1.475662,burglary_biz
53.322805,-1.480958,shoplifting
53.322805,-1.480958,shoplifting
53.320651,-1.465327,burglary_biz
53.321451,-1.471502,burglary_biz
53.318841,-1.468652,burglary_biz
53.32111,-1.498558,burglary_biz
53.321162,-1.508961,burglary_biz
53.321162,-1.508961,burglary_biz
53.319341,-1.501968,shoplifting
53.322065,-1.523257,shoplifting
53.322065,-1.523257,shoplifting
53.322065,-1.523257,shoplifting
53.322065,-1.523257,shoplifting
53.322065,-1.523257,shoplifting
53.322065,-1.523257,shoplifting
53.322103,-1.514805,burglary_biz
53.333829,-1.386925,burglary_biz
53.331559,-1.377377,burglary_biz
53.331181,-1.373779,burglary_biz
53.325127,-1.342894,shoplifting
53.322972,-1.343288,shoplifting
53.325127,-1.342894,shoplifting
53.325127,-1.342894,shoplifting
53.325127,-1.342894,shoplifting
53.325127,-1.342894,shoplifting
53.325127,-1.342894,shoplifting
53.33048,-1.365366,theft_person
53.322897,-1.359308,burglary_biz
53.384065,-1.475087,burglary_biz
53.384198,-1.47056,burglary_biz
53.388612,-1.470686,robbery_biz
53.388612,-1.470686,shoplifting
53.388612,-1.470686,shoplifting
53.388612,-1.470686,shoplifting
53.388612,-1.470686,shoplifting
53.389332,-1.475142,burglary_biz
53.389461,-1.479877,burglary_biz
53.389461,-1.479877,robbery_biz
53.389461,-1.479877,robbery_biz
53.391683,-1.482391,shoplifting
53.389461,-1.479877,theft_person
53.38713,-1.466915,burglary_biz
53.387864,-1.468229,burglary_biz
53.379861,-1.467682,burglary_biz
53.377948,-1.470051,burglary_biz
53.381809,-1.468581,burglary_biz
53.377948,-1.470051,burglary_biz
53.382912,-1.466381,robbery_biz
53.382697,-1.468624,robbery_biz
53.376737,-1.468443,robbery_biz
53.38282,-1.469961,robbery_biz
53.383727,-1.467754,robbery_biz
53.383533,-1.464585,robbery_biz
53.381809,-1.468581,robbery_biz
53.382912,-1.466381,robbery_biz
53.382912,-1.466381,shoplifting
53.378409,-1.466603,shoplifting
53.381809,-1.468581,shoplifting
53.38282,-1.469961,shoplifting
53.382912,-1.466381,shoplifting
53.383162,-1.468182,shoplifting
53.381809,-1.468581,shoplifting
53.382912,-1.466381,shoplifting
53.382912,-1.466381,shoplifting
53.378409,-1.466603,shoplifting
53.382912,-1.466381,shoplifting
53.382697,-1.468624,shoplifting
53.381997,-1.470843,shoplifting
53.381997,-1.470843,shoplifting
53.382912,-1.466381,theft_person
53.382133,-1.467068,theft_person
53.382697,-1.468624,theft_person
53.384397,-1.46498,theft_person
53.382697,-1.468624,theft_person
53.380414,-1.466623,theft_person
53.382289,-1.465818,theft_person
53.384735,-1.480401,shoplifting
53.384735,-1.480401,shoplifting
53.378406,-1.473954,burglary_biz
53.375682,-1.478106,burglary_biz
53.378234,-1.47582,burglary_biz
53.378406,-1.473954,burglary_biz
53.376283,-1.479662,burglary_biz
53.376125,-1.473827,shoplifting
53.376769,-1.473854,shoplifting
53.376572,-1.473946,shoplifting
53.376572,-1.473946,shoplifting
53.376572,-1.473946,shoplifting
53.375818,-1.474151,shoplifting
53.376572,-1.473946,shoplifting
53.376572,-1.473946,shoplifting
53.376769,-1.473854,shoplifting
53.376572,-1.473946,shoplifting
53.376572,-1.473946,shoplifting
53.376769,-1.473854,shoplifting
53.376572,-1.473946,shoplifting
53.376572,-1.473946,shoplifting
53.376769,-1.473854,shoplifting
53.376572,-1.473946,shoplifting
53.376572,-1.473946,shoplifting
53.376572,-1.473946,shoplifting
53.376572,-1.473946,shoplifting
53.376572,-1.473946,shoplifting
53.378234,-1.47582,shoplifting
53.376572,-1.473946,shoplifting
53.376769,-1.473854,shoplifting
53.376769,-1.473854,shoplifting
53.376125,-1.473827,shoplifting
53.376769,-1.473854,shoplifting
53.376572,-1.473946,shoplifting
53.376769,-1.473854,shoplifting
53.376769,-1.473854,shoplifting
53.376769,-1.473854,shoplifting
53.376769,-1.473854,shoplifting
53.376769,-1.473854,shoplifting
53.376572,-1.473946,shoplifting
53.376572,-1.473946,shoplifting
53.376769,-1.473854,shoplifting
53.376769,-1.473854,shoplifting
53.376769,-1.473854,shoplifting
53.376769,-1.473854,shoplifting
53.376572,-1.473946,shoplifting
53.376572,-1.473946,shoplifting
53.376769,-1.473854,shoplifting
53.376572,-1.473946,shoplifting
53.378234,-1.47582,shoplifting
53.376572,-1.473946,shoplifting
53.376572,-1.473946,shoplifting
53.376769,-1.473854,theft_person
53.377868,-1.47838,theft_person
53.377324,-1.47583,theft_person
53.379732,-1.473021,burglary_biz
53.380099,-1.476699,burglary_biz
53.379732,-1.473021,burglary_biz
53.380913,-1.475847,burglary_biz
53.379732,-1.473021,burglary_biz
53.380878,-1.474059,robbery_biz
53.382036,-1.471519,robbery_biz
53.379247,-1.471072,robbery_biz
53.377755,-1.471061,shoplifting
53.380604,-1.471025,shoplifting
53.380041,-1.473829,shoplifting
53.380604,-1.471025,shoplifting
53.380604,-1.471025,shoplifting
53.380041,-1.473829,shoplifting
53.377755,-1.471061,shoplifting
53.377755,-1.471061,shoplifting
53.379247,-1.471072,shoplifting
53.381592,-1.474982,shoplifting
53.377755,-1.471061,theft_person
53.382036,-1.471519,theft_person
53.380685,-1.472405,theft_person
53.377755,-1.471061,theft_person
53.379247,-1.471072,theft_person
53.380215,-1.474065,theft_person
53.380099,-1.476699,theft_person
53.377755,-1.471061,theft_person
53.377755,-1.471061,theft_person
53.379247,-1.471072,theft_person
53.37902,-1.480846,burglary_biz
53.379319,-1.479279,burglary_biz
53.379969,-1.479653,robbery_biz
53.379969,-1.479653,robbery_biz
53.38041,-1.480093,shoplifting
53.38041,-1.480093,shoplifting
53.38041,-1.480093,shoplifting
53.38041,-1.480093,shoplifting
53.379319,-1.479279,theft_person
53.379969,-1.479653,theft_person
53.379899,-1.478325,theft_person
53.37992,-1.478971,theft_person
53.37902,-1.480846,theft_person
53.376182,-1.445271,burglary_biz
53.37663,-1.44504,burglary_biz
53.377762,-1.44492,burglary_biz
53.372942,-1.436746,burglary_biz
53.374105,-1.449086,burglary_biz
53.374105,-1.449086,burglary_biz
53.374105,-1.449086,burglary_biz
53.386764,-1.455673,burglary_biz
53.382645,-1.4377,burglary_biz
53.376798,-1.464053,burglary_biz
53.381415,-1.455396,robbery_biz
53.3854,-1.46205,theft_person
53.383549,-1.463989,theft_person
53.3854,-1.46205,theft_person
53.346285,-1.400626,burglary_biz
53.348989,-1.39856,shoplifting
53.34685,-1.398545,shoplifting
53.348989,-1.39856,shoplifting
53.348989,-1.39856,shoplifting
53.348989,-1.39856,shoplifting
53.348989,-1.39856,shoplifting
53.34685,-1.398545,shoplifting
53.348989,-1.39856,shoplifting
53.348989,-1.39856,shoplifting
53.348989,-1.39856,shoplifting
53.348989,-1.39856,shoplifting
53.348533,-1.400805,shoplifting
53.346316,-1.401452,burglary_biz
53.346896,-1.377665,robbery_biz
53.343925,-1.388958,burglary_biz
53.343854,-1.390972,burglary_biz
53.343925,-1.388958,burglary_biz
53.490047,-1.537714,burglary_biz
53.49894,-1.48775,burglary_biz
53.499345,-1.469233,burglary_biz
53.494696,-1.49377,theft_person
53.495189,-1.420026,burglary_biz
53.499796,-1.421258,burglary_biz
53.49379,-1.437799,burglary_biz
53.499405,-1.443001,burglary_biz
53.495322,-1.281464,shoplifting
53.495448,-1.27489,burglary_biz
53.493171,-1.290937,burglary_biz
53.499815,-1.284954,shoplifting
53.496425,-1.298775,burglary_biz
53.495384,-1.302009,robbery_biz
53.496169,-1.284269,burglary_biz
53.494662,-1.284403,burglary_biz
53.497691,-1.286188,robbery_biz
53.495686,-1.296698,burglary_biz
53.494364,-1.292032,burglary_biz
53.482728,-1.235291,burglary_biz
53.482811,-1.2305,shoplifting
53.482811,-1.2305,shoplifting
53.482811,-1.2305,shoplifting
53.482811,-1.2305,shoplifting
53.488338,-1.241658,burglary_biz
53.491307,-1.244921,shoplifting
53.491102,-1.255219,shoplifting
53.484066,-1.235556,burglary_biz
53.480769,-1.234455,robbery_biz
53.480769,-1.234455,robbery_biz
53.494682,-1.338061,burglary_biz
53.489169,-1.299775,burglary_biz
53.487715,-1.307787,burglary_biz
53.487666,-1.333951,burglary_biz
53.473887,-1.363862,burglary_biz
53.474973,-1.365186,burglary_biz
53.469403,-1.349045,robbery_biz
53.465076,-1.341866,burglary_biz
53.466727,-1.339641,shoplifting
53.466727,-1.339641,shoplifting
53.466727,-1.339641,shoplifting
53.466727,-1.339641,shoplifting
53.470484,-1.304768,burglary_biz
53.451777,-1.428205,burglary_biz
53.451777,-1.428205,burglary_biz
53.449542,-1.419501,burglary_biz
53.451131,-1.337955,burglary_biz
53.46143,-1.34251,theft_person
53.454956,-1.343679,burglary_biz
53.451293,-1.339594,robbery_biz
53.451113,-1.344355,shoplifting
53.451113,-1.344355,shoplifting
53.451113,-1.344355,shoplifting
53.451113,-1.344355,shoplifting
53.451113,-1.344355,shoplifting
53.451113,-1.344355,shoplifting
53.451113,-1.344355,shoplifting
53.447956,-1.342615,shoplifting
53.449549,-1.341127,shoplifting
53.451113,-1.344355,shoplifting
53.451113,-1.344355,shoplifting
53.451113,-1.344355,shoplifting
53.449549,-1.341127,shoplifting
53.449549,-1.341127,shoplifting
53.451113,-1.344355,shoplifting
53.449549,-1.341127,shoplifting
53.447956,-1.342615,shoplifting
53.449549,-1.341127,shoplifting
53.447956,-1.342615,shoplifting
53.449549,-1.341127,shoplifting
53.451113,-1.344355,shoplifting
53.449549,-1.341127,shoplifting
53.451113,-1.344355,shoplifting
53.451113,-1.344355,shoplifting
53.449549,-1.341127,shoplifting
53.447991,-1.343831,shoplifting
53.451113,-1.344355,shoplifting
53.447991,-1.343831,shoplifting
53.447956,-1.342615,theft_person
53.449543,-1.371844,robbery_biz
53.451083,-1.382754,burglary_biz
53.450834,-1.379701,burglary_biz
53.450924,-1.388403,robbery_biz
53.455885,-1.367549,robbery_biz
53.455949,-1.381584,burglary_biz
53.447485,-1.29903,shoplifting
53.447485,-1.29903,shoplifting
53.447485,-1.29903,shoplifting
53.447485,-1.29903,shoplifting
53.447485,-1.29903,shoplifting
53.447485,-1.29903,shoplifting
53.447485,-1.29903,shoplifting
53.447485,-1.29903,shoplifting
53.447485,-1.29903,shoplifting
53.441819,-1.315668,burglary_biz
53.443541,-1.319167,shoplifting
53.443541,-1.319167,shoplifting
53.443541,-1.319167,shoplifting
53.440939,-1.385279,burglary_biz
53.440939,-1.385279,burglary_biz
53.447861,-1.403158,shoplifting
53.447861,-1.403158,shoplifting
53.447861,-1.403158,shoplifting
53.430943,-1.285004,burglary_biz
53.438944,-1.315835,shoplifting
53.438944,-1.315835,shoplifting
53.434702,-1.319185,robbery_biz
53.430564,-1.32643,shoplifting
53.430564,-1.32643,shoplifting
53.440177,-1.327196,burglary_biz
53.435099,-1.324115,burglary_biz
53.433197,-1.324793,robbery_biz
53.428582,-1.338577,burglary_biz
53.429386,-1.340927,burglary_biz
53.432489,-1.336469,robbery_biz
53.438183,-1.350214,burglary_biz
53.437135,-1.342599,burglary_biz
53.435327,-1.344071,burglary_biz
53.435327,-1.344071,burglary_biz
53.439326,-1.34392,robbery_biz
53.435278,-1.341799,robbery_biz
53.439326,-1.34392,robbery_biz
53.439326,-1.34392,robbery_biz
53.439326,-1.34392,shoplifting
53.439326,-1.34392,shoplifting
53.439326,-1.34392,shoplifting
53.439326,-1.34392,shoplifting
53.439326,-1.34392,shoplifting
53.433181,-1.334772,burglary_biz
53.434937,-1.389235,burglary_biz
53.439484,-1.400254,robbery_biz
53.439484,-1.400254,shoplifting
53.439484,-1.400254,shoplifting
53.439484,-1.400254,shoplifting
53.439484,-1.400254,shoplifting
53.439484,-1.400254,shoplifting
53.440964,-1.406175,burglary_biz
53.433161,-1.381237,burglary_biz
53.4296,-1.380943,burglary_biz
53.43216,-1.377053,burglary_biz
53.431639,-1.382343,burglary_biz
53.431639,-1.382343,burglary_biz
53.431294,-1.383387,burglary_biz
53.434342,-1.36805,burglary_biz
53.432974,-1.372841,shoplifting
53.432974,-1.372841,shoplifting
53.432974,-1.372841,shoplifting
53.432974,-1.372841,shoplifting
53.432974,-1.372841,shoplifting
53.432974,-1.372841,shoplifting
53.432974,-1.372841,shoplifting
53.432974,-1.372841,shoplifting
53.42909,-1.367601,shoplifting
53.432974,-1.372841,shoplifting
53.435435,-1.375996,burglary_biz
53.435435,-1.375996,burglary_biz
53.43517,-1.382157,shoplifting
53.428565,-1.380732,burglary_biz
53.429117,-1.388279,burglary_biz
53.423042,-1.352793,burglary_biz
53.423601,-1.358172,shoplifting
53.423601,-1.358172,shoplifting
53.423601,-1.358172,shoplifting
53.423601,-1.358172,shoplifting
53.423601,-1.358172,shoplifting
53.423601,-1.358172,shoplifting
53.436275,-1.353089,burglary_biz
53.436275,-1.353089,burglary_biz
53.433941,-1.35198,burglary_biz
53.429286,-1.34895,burglary_biz
53.433223,-1.350591,burglary_biz
53.427531,-1.355118,burglary_biz
53.430929,-1.355277,burglary_biz
53.430929,-1.355277,burglary_biz
53.432013,-1.349616,burglary_biz
53.43231,-1.351237,burglary_biz
53.430929,-1.355277,burglary_biz
53.430347,-1.355677,burglary_biz
53.434226,-1.349899,burglary_biz
53.434226,-1.349899,robbery_biz
53.433054,-1.354146,robbery_biz
53.43307,-1.352099,robbery_biz
53.430222,-1.35747,robbery_biz
53.433054,-1.354146,robbery_biz
53.432099,-1.365449,robbery_biz
53.432099,-1.365449,robbery_biz
53.43169,-1.354633,robbery_biz
53.43169,-1.354633,robbery_biz
53.433833,-1.353592,shoplifting
53.43169,-1.354633,shoplifting
53.432099,-1.365449,shoplifting
53.43169,-1.354633,shoplifting
53.433054,-1.354146,shoplifting
53.433833,-1.353592,shoplifting
53.433833,-1.353592,shoplifting
53.433054,-1.354146,shoplifting
53.433054,-1.354146,shoplifting
53.430929,-1.355277,shoplifting
53.433054,-1.354146,shoplifting
53.433054,-1.354146,shoplifting
53.433054,-1.354146,shoplifting
53.433054,-1.354146,shoplifting
53.433054,-1.354146,shoplifting
53.433054,-1.354146,shoplifting
53.433833,-1.353592,shoplifting
53.433054,-1.354146,shoplifting
53.43169,-1.354633,shoplifting
53.4305,-1.355614,shoplifting
53.43191,-1.357098,shoplifting
53.433833,-1.353592,shoplifting
53.433054,-1.354146,shoplifting
53.43169,-1.354633,shoplifting
53.433054,-1.354146,shoplifting
53.43169,-1.354633,shoplifting
53.43169,-1.354633,shoplifting
53.43169,-1.354633,shoplifting
53.433054,-1.354146,shoplifting
53.433054,-1.354146,shoplifting
53.433054,-1.354146,shoplifting
53.432099,-1.365449,shoplifting
53.433054,-1.354146,shoplifting
53.433054,-1.354146,shoplifting
53.433054,-1.354146,shoplifting
53.432099,-1.365449,shoplifting
53.433833,-1.353592,shoplifting
53.433833,-1.353592,shoplifting
53.433054,-1.354146,shoplifting
53.43169,-1.354633,shoplifting
53.432099,-1.365449,shoplifting
53.433833,-1.353592,shoplifting
53.43169,-1.354633,shoplifting
53.433054,-1.354146,shoplifting
53.43169,-1.354633,shoplifting
53.433054,-1.354146,shoplifting
53.43169,-1.354633,shoplifting
53.432099,-1.365449,shoplifting
53.432099,-1.365449,shoplifting
53.43169,-1.354633,shoplifting
53.433054,-1.354146,shoplifting
53.43169,-1.354633,shoplifting
53.433054,-1.354146,shoplifting
53.433054,-1.354146,shoplifting
53.430929,-1.355277,theft_person
53.430929,-1.355277,theft_person
53.433054,-1.354146,theft_person
53.430929,-1.355277,theft_person
53.427476,-1.341829,burglary_biz
53.431414,-1.338653,burglary_biz
53.427924,-1.341506,burglary_biz
53.422413,-1.338116,burglary_biz
53.433463,-1.346719,burglary_biz
53.427441,-1.346811,burglary_biz
53.438803,-1.351936,shoplifting
53.43737,-1.345065,shoplifting
53.424429,-1.255994,shoplifting
53.424774,-1.278606,burglary_biz
53.4228,-1.28818,burglary_biz
53.430225,-1.277701,shoplifting
53.427686,-1.283042,robbery_biz
53.428636,-1.285464,shoplifting
53.41999,-1.314935,burglary_biz
53.421271,-1.314117,burglary_biz
53.420355,-1.317322,burglary_biz
53.41999,-1.314935,burglary_biz
53.418967,-1.321512,shoplifting
53.421207,-1.321808,burglary_biz
53.4193,-1.307423,burglary_biz
53.4193,-1.307423,shoplifting
53.420751,-1.303487,burglary_biz
53.420249,-1.306159,shoplifting
53.420249,-1.306159,shoplifting
53.420249,-1.306159,shoplifting
53.420249,-1.306159,shoplifting
53.420249,-1.306159,shoplifting
53.420249,-1.306159,shoplifting
53.420249,-1.306159,shoplifting
53.429057,-1.335093,robbery_biz
53.421062,-1.348986,burglary_biz
53.421062,-1.348986,robbery_biz
53.421062,-1.348986,shoplifting
53.421062,-1.348986,shoplifting
53.421062,-1.348986,shoplifting
53.421062,-1.348986,shoplifting
53.421062,-1.348986,shoplifting
53.421062,-1.348986,shoplifting
53.421062,-1.348986,shoplifting
53.421062,-1.348986,shoplifting
53.421062,-1.348986,shoplifting
53.421062,-1.348986,shoplifting
53.421062,-1.348986,shoplifting
53.421062,-1.348986,shoplifting
53.421062,-1.348986,shoplifting
53.421062,-1.348986,shoplifting
53.421062,-1.348986,shoplifting
53.421062,-1.348986,shoplifting
53.421062,-1.348986,shoplifting
53.421062,-1.348986,shoplifting
53.421062,-1.348986,shoplifting
53.421062,-1.348986,shoplifting
53.421062,-1.348986,shoplifting
53.421062,-1.348986,shoplifting
53.421062,-1.348986,shoplifting
53.417673,-1.340807,burglary_biz
53.416536,-1.331827,shoplifting
53.409786,-1.332038,burglary_biz
53.410409,-1.329291,burglary_biz
53.410764,-1.331632,burglary_biz
53.409193,-1.333687,burglary_biz
53.404995,-1.373478,burglary_biz
53.376108,-1.319728,burglary_biz
53.376108,-1.319728,burglary_biz
53.396986,-1.258027,shoplifting
53.396986,-1.258027,shoplifting
53.387007,-1.383606,burglary_biz
53.391116,-1.374002,robbery_biz
53.391116,-1.374002,shoplifting
53.394469,-1.359768,robbery_biz
53.377734,-1.361232,burglary_biz
53.361904,-1.333794,shoplifting
53.36349,-1.305438,shoplifting
53.36349,-1.305438,shoplifting
53.36349,-1.305438,shoplifting
53.36349,-1.305438,shoplifting
53.362126,-1.314241,burglary_biz
53.3635,-1.321867,robbery_biz
53.3635,-1.321867,shoplifting
53.3635,-1.321867,shoplifting
53.3635,-1.321867,shoplifting
53.3635,-1.321867,shoplifting
53.354741,-1.305585,burglary_biz
53.342932,-1.283097,burglary_biz
53.341997,-1.283188,burglary_biz
53.340962,-1.290504,robbery_biz
53.359266,-1.267669,burglary_biz
53.323737,-1.277999,burglary_biz
53.319261,-1.278134,shoplifting
53.319261,-1.278134,shoplifting
53.319261,-1.278134,shoplifting
53.340703,-1.271344,shoplifting
53.340703,-1.271344,shoplifting
53.319261,-1.278134,shoplifting
53.324332,-1.259252,burglary_biz
53.337281,-1.268864,burglary_biz
53.424389,-1.268364,burglary_biz
53.422825,-1.269836,burglary_biz
53.424267,-1.263205,shoplifting
53.424267,-1.263205,shoplifting
53.419816,-1.306527,burglary_biz
53.419816,-1.306527,robbery_biz
53.412744,-1.320904,shoplifting
53.412744,-1.320904,shoplifting
53.419714,-1.293739,burglary_biz
53.418064,-1.294293,burglary_biz
53.478026,-1.590958,burglary_biz
53.477079,-1.592564,burglary_biz
53.484005,-1.613068,burglary_biz
53.484005,-1.613068,burglary_biz
53.482783,-1.604866,robbery_biz
53.478343,-1.566304,burglary_biz
53.478574,-1.570325,shoplifting
53.458798,-1.562723,burglary_biz
53.474575,-1.486416,robbery_biz
53.474575,-1.486416,shoplifting
53.467322,-1.488658,burglary_biz
53.46164,-1.480468,shoplifting
53.46164,-1.480468,shoplifting
53.46164,-1.480468,shoplifting
53.46164,-1.480468,shoplifting
53.459357,-1.467653,burglary_biz
53.465162,-1.465456,burglary_biz
53.461784,-1.467773,shoplifting
53.461784,-1.467773,shoplifting
53.46165,-1.465832,shoplifting
53.458571,-1.481082,burglary_biz
53.442759,-1.502005,burglary_biz
53.443256,-1.471196,burglary_biz
53.447253,-1.466509,shoplifting
53.444292,-1.459621,shoplifting
53.441385,-1.472876,burglary_biz
53.439525,-1.494019,burglary_biz
53.441112,-1.492962,burglary_biz
53.42922,-1.462039,burglary_biz
53.432035,-1.468476,burglary_biz
53.430816,-1.469229,burglary_biz
53.431487,-1.458654,burglary_biz
53.437434,-1.461815,burglary_biz
53.438872,-1.463619,shoplifting
53.439135,-1.464278,burglary_biz
53.437602,-1.433874,burglary_biz
53.433818,-1.451295,burglary_biz
53.434546,-1.45133,burglary_biz
53.433955,-1.543832,burglary_biz
53.414146,-1.521281,burglary_biz
53.432045,-1.533301,shoplifting
53.427372,-1.498016,burglary_biz
53.428522,-1.500754,burglary_biz
53.428799,-1.484891,shoplifting
53.428799,-1.484891,shoplifting
53.429887,-1.478872,burglary_biz
53.431576,-1.478596,shoplifting
53.431576,-1.478596,shoplifting
53.428108,-1.487202,burglary_biz
53.428108,-1.487202,burglary_biz
53.428108,-1.487202,burglary_biz
53.428108,-1.487202,shoplifting
53.428108,-1.487202,shoplifting
53.428108,-1.487202,shoplifting
53.428108,-1.487202,shoplifting
53.436176,-1.478148,shoplifting
53.436176,-1.478148,shoplifting
53.424222,-1.450169,shoplifting
53.424222,-1.450169,shoplifting
53.424589,-1.457734,burglary_biz
53.422805,-1.464754,burglary_biz
53.425344,-1.496851,burglary_biz
53.419954,-1.497607,burglary_biz
53.425344,-1.496851,robbery_biz
53.41808,-1.494424,robbery_biz
53.418585,-1.494794,shoplifting
53.418585,-1.494794,shoplifting
53.418585,-1.494794,shoplifting
53.418585,-1.494794,shoplifting
53.419571,-1.492089,burglary_biz
53.417486,-1.492129,burglary_biz
53.418754,-1.479776,shoplifting
53.418754,-1.479776,shoplifting
53.420608,-1.482341,robbery_biz
53.4181,-1.482161,robbery_biz
53.415686,-1.483168,theft_person
53.418118,-1.432764,burglary_biz
53.419014,-1.445542,burglary_biz
53.414701,-1.443958,burglary_biz
53.413121,-1.442354,burglary_biz
53.415373,-1.461191,burglary_biz
53.417683,-1.449351,burglary_biz
53.418376,-1.451463,robbery_biz
53.420745,-1.4505,burglary_biz
53.420745,-1.4505,burglary_biz
53.418908,-1.44867,shoplifting
53.422992,-1.425762,burglary_biz
53.422231,-1.422507,burglary_biz
53.418961,-1.434182,burglary_biz
53.41992,-1.424238,burglary_biz
53.418468,-1.430758,shoplifting
53.422755,-1.419309,burglary_biz
53.420552,-1.42104,burglary_biz
53.419803,-1.422359,burglary_biz
53.420442,-1.418724,burglary_biz
53.42027,-1.416695,shoplifting
53.413879,-1.426005,burglary_biz
53.412096,-1.423486,robbery_biz
53.414124,-1.461327,burglary_biz
53.413107,-1.479138,robbery_biz
53.420312,-1.478267,burglary_biz
53.41311,-1.518479,shoplifting
53.41311,-1.518479,shoplifting
53.409279,-1.504833,burglary_biz
53.403342,-1.503623,burglary_biz
53.402644,-1.502338,robbery_biz
53.402644,-1.502338,shoplifting
53.402644,-1.502338,theft_person
53.415108,-1.501621,robbery_biz
53.411864,-1.504343,shoplifting
53.413672,-1.499908,robbery_biz
53.418405,-1.496956,shoplifting
53.418405,-1.496956,shoplifting
53.404048,-1.503018,burglary_biz
53.405287,-1.491763,burglary_biz
53.404464,-1.497022,robbery_biz
53.401994,-1.495231,shoplifting
53.404048,-1.503018,theft_person
53.41186,-1.392183,burglary_biz
53.391667,-1.41656,burglary_biz
53.413748,-1.41378,burglary_biz
53.413748,-1.41378,burglary_biz
53.41599,-1.396457,burglary_biz
53.414122,-1.400455,burglary_biz
53.405627,-1.409314,shoplifting
53.4124,-1.412139,shoplifting
53.414119,-1.410731,shoplifting
53.4124,-1.412139,shoplifting
53.414925,-1.409968,shoplifting
53.405627,-1.409314,shoplifting
53.414961,-1.411893,shoplifting
53.414961,-1.411893,shoplifting
53.414961,-1.411893,shoplifting
53.4124,-1.412139,shoplifting
53.414961,-1.411893,shoplifting
53.4124,-1.412139,shoplifting
53.4124,-1.412139,shoplifting
53.414925,-1.409968,shoplifting
53.414961,-1.411893,shoplifting
53.4124,-1.412139,shoplifting
53.4124,-1.412139,shoplifting
53.4124,-1.412139,shoplifting
53.4124,-1.412139,shoplifting
53.4124,-1.412139,shoplifting
53.4124,-1.412139,shoplifting
53.4124,-1.412139,shoplifting
53.4124,-1.412139,shoplifting
53.4124,-1.412139,shoplifting
53.414961,-1.411893,shoplifting
53.414925,-1.409968,shoplifting
53.413748,-1.41378,shoplifting
53.405627,-1.409314,shoplifting
53.4124,-1.412139,shoplifting
53.414119,-1.410731,shoplifting
53.414961,-1.411893,shoplifting
53.4124,-1.412139,shoplifting
53.4124,-1.412139,shoplifting
53.414119,-1.410731,shoplifting
53.414961,-1.411893,shoplifting
53.4124,-1.412139,shoplifting
53.4124,-1.412139,shoplifting
53.405627,-1.409314,shoplifting
53.413748,-1.41378,shoplifting
53.414925,-1.409968,shoplifting
53.4124,-1.412139,shoplifting
53.414925,-1.409968,shoplifting
53.414255,-1.407299,shoplifting
53.414961,-1.411893,shoplifting
53.405627,-1.409314,shoplifting
53.4124,-1.412139,shoplifting
53.414119,-1.410731,shoplifting
53.414961,-1.411893,shoplifting
53.414961,-1.411893,shoplifting
53.414961,-1.411893,shoplifting
53.405627,-1.409314,shoplifting
53.4124,-1.412139,shoplifting
53.4124,-1.412139,shoplifting
53.4124,-1.412139,shoplifting
53.4124,-1.412139,shoplifting
53.414961,-1.411893,shoplifting
53.4124,-1.412139,shoplifting
53.4124,-1.412139,shoplifting
53.414119,-1.410731,shoplifting
53.4124,-1.412139,shoplifting
53.4124,-1.412139,shoplifting
53.4124,-1.412139,shoplifting
53.4124,-1.412139,shoplifting
53.4124,-1.412139,shoplifting
53.4124,-1.412139,shoplifting
53.4124,-1.412139,shoplifting
53.4124,-1.412139,shoplifting
53.4124,-1.412139,shoplifting
53.4124,-1.412139,shoplifting
53.4124,-1.412139,shoplifting
53.4124,-1.412139,shoplifting
53.4124,-1.412139,shoplifting
53.4124,-1.412139,shoplifting
53.4124,-1.412139,shoplifting
53.4124,-1.412139,shoplifting
53.414961,-1.411893,shoplifting
53.4124,-1.412139,shoplifting
53.414119,-1.410731,shoplifting
53.4124,-1.412139,shoplifting
53.414255,-1.407299,shoplifting
53.414961,-1.411893,shoplifting
53.4124,-1.412139,shoplifting
53.414925,-1.409968,shoplifting
53.4124,-1.412139,shoplifting
53.4124,-1.412139,shoplifting
53.414961,-1.411893,shoplifting
53.4124,-1.412139,shoplifting
53.4124,-1.412139,shoplifting
53.414255,-1.407299,shoplifting
53.414961,-1.411893,shoplifting
53.414925,-1.409968,shoplifting
53.4124,-1.412139,shoplifting
53.4124,-1.412139,shoplifting
53.413858,-1.403393,theft_person
53.401685,-1.46544,burglary_biz
53.400168,-1.468031,robbery_biz
53.404955,-1.469204,burglary_biz
53.40344,-1.46611,burglary_biz
53.404955,-1.469204,robbery_biz
53.410431,-1.471433,robbery_biz
53.410502,-1.477545,burglary_biz
53.401076,-1.454092,burglary_biz
53.398824,-1.453068,burglary_biz
53.406812,-1.452424,robbery_biz
53.406812,-1.452424,robbery_biz
53.406812,-1.452424,robbery_biz
53.406812,-1.452424,shoplifting
53.406812,-1.452424,shoplifting
53.406812,-1.452424,shoplifting
53.406812,-1.452424,shoplifting
53.406812,-1.452424,shoplifting
53.406812,-1.452424,shoplifting
53.406323,-1.4575,burglary_biz
53.411735,-1.445922,burglary_biz
53.412526,-1.451719,burglary_biz
53.406312,-1.506853,burglary_biz
53.407623,-1.508703,robbery_biz
53.407623,-1.508703,shoplifting
53.407623,-1.508703,shoplifting
53.407623,-1.508703,shoplifting
53.407623,-1.508703,shoplifting
53.407623,-1.508703,shoplifting
53.405089,-1.508943,burglary_biz
53.401302,-1.512656,shoplifting
53.401302,-1.512656,shoplifting
53.401302,-1.512656,shoplifting
53.401302,-1.512656,shoplifting
53.401302,-1.512656,shoplifting
53.396207,-1.468606,burglary_biz
53.393507,-1.465843,burglary_biz
53.410673,-1.443739,burglary_biz
53.412229,-1.445886,robbery_biz
53.392745,-1.435161,burglary_biz
53.39233,-1.468008,burglary_biz
53.391608,-1.457416,robbery_biz
53.389639,-1.457193,shoplifting
53.389639,-1.457193,shoplifting
53.389639,-1.457193,shoplifting
53.389639,-1.457193,shoplifting
53.389639,-1.457193,shoplifting
53.389639,-1.457193,shoplifting
53.389639,-1.457193,shoplifting
53.389639,-1.457193,shoplifting
53.389639,-1.457193,shoplifting
53.389639,-1.457193,shoplifting
53.389639,-1.457193,shoplifting
53.389639,-1.457193,shoplifting
53.389639,-1.457193,shoplifting
53.389639,-1.457193,shoplifting
53.389639,-1.457193,shoplifting
53.389639,-1.457193,shoplifting
53.389639,-1.457193,shoplifting
53.389639,-1.457193,shoplifting
53.389639,-1.457193,shoplifting
53.389639,-1.457193,shoplifting
53.389639,-1.457193,shoplifting
53.389639,-1.457193,shoplifting
53.389639,-1.457193,shoplifting
53.389639,-1.457193,shoplifting
53.389639,-1.457193,shoplifting
53.389639,-1.457193,shoplifting
53.389639,-1.457193,shoplifting
53.389639,-1.457193,shoplifting
53.389639,-1.457193,shoplifting
53.389639,-1.457193,shoplifting
53.389639,-1.457193,shoplifting
53.389639,-1.457193,shoplifting
53.389639,-1.457193,shoplifting
53.389639,-1.457193,shoplifting
53.389639,-1.457193,shoplifting
53.391608,-1.457416,theft_person
53.390745,-1.475366,burglary_biz
53.390084,-1.468247,burglary_biz
53.390147,-1.460352,theft_person
53.404675,-1.435424,burglary_biz
53.406916,-1.439862,burglary_biz
53.4098,-1.447346,burglary_biz
53.405989,-1.433963,burglary_biz
53.398654,-1.43382,burglary_biz
53.404675,-1.435424,shoplifting
53.404675,-1.435424,shoplifting
53.404675,-1.435424,shoplifting
53.404675,-1.435424,shoplifting
53.391395,-1.503356,burglary_biz
53.393701,-1.509119,burglary_biz
53.398109,-1.50985,burglary_biz
53.393359,-1.5178,burglary_biz
53.388053,-1.512702,burglary_biz
53.390938,-1.530473,burglary_biz
53.390612,-1.534536,burglary_biz
53.387414,-1.488818,robbery_biz
53.385878,-1.482763,robbery_biz
53.389382,-1.48251,shoplifting
53.389382,-1.48251,shoplifting
53.389382,-1.48251,shoplifting
53.389382,-1.48251,shoplifting
53.383495,-1.486685,burglary_biz
53.391723,-1.487534,burglary_biz
53.394665,-1.488175,shoplifting
53.396437,-1.49062,burglary_biz
53.388957,-1.426776,burglary_biz
53.381729,-1.424573,burglary_biz
53.383906,-1.426904,burglary_biz
53.383806,-1.443835,robbery_biz
53.383871,-1.401316,burglary_biz
53.387099,-1.408864,shoplifting
53.387099,-1.408864,shoplifting
53.394773,-1.419329,burglary_biz
53.385928,-1.413736,burglary_biz
53.391112,-1.415033,burglary_biz
53.386139,-1.412906,robbery_biz
53.383681,-1.50534,burglary_biz
53.385339,-1.507955,robbery_biz
53.385339,-1.507955,shoplifting
53.385339,-1.507955,shoplifting
53.385339,-1.507955,shoplifting
53.385339,-1.507955,shoplifting
53.385339,-1.507955,shoplifting
53.385339,-1.507955,shoplifting
53.385339,-1.507955,shoplifting
53.386593,-1.496481,burglary_biz
53.385557,-1.498207,burglary_biz
53.385557,-1.498207,burglary_biz
53.386461,-1.495129,burglary_biz
53.386461,-1.495129,burglary_biz
53.384382,-1.505212,burglary_biz
53.381941,-1.510412,burglary_biz
53.380762,-1.514559,robbery_biz
53.379601,-1.518662,shoplifting
53.379601,-1.518662,shoplifting
53.381394,-1.506404,burglary_biz
53.382239,-1.508619,burglary_biz
53.380249,-1.499051,burglary_biz
53.380249,-1.499051,burglary_biz
53.380249,-1.499051,burglary_biz
53.379577,-1.489165,shoplifting
53.379577,-1.489165,shoplifting
53.379577,-1.489165,shoplifting
53.379577,-1.489165,shoplifting
53.379577,-1.489165,shoplifting
53.379577,-1.489165,shoplifting
53.379577,-1.489165,shoplifting
53.379577,-1.489165,shoplifting
53.379577,-1.489165,shoplifting
53.379577,-1.489165,shoplifting
53.379577,-1.489165,shoplifting
53.379577,-1.489165,shoplifting
53.379577,-1.489165,shoplifting
53.379577,-1.489165,shoplifting
53.379577,-1.489165,shoplifting
53.379577,-1.489165,shoplifting
53.379577,-1.489165,shoplifting
53.379577,-1.489165,shoplifting
53.379577,-1.489165,shoplifting
53.379577,-1.489165,shoplifting
53.379577,-1.489165,shoplifting
53.379577,-1.489165,shoplifting
53.379577,-1.489165,shoplifting
53.380631,-1.487396,theft_person
53.37912,-1.502206,burglary_biz
53.37912,-1.502206,burglary_biz
53.377338,-1.499521,burglary_biz
53.37912,-1.502206,burglary_biz
53.377385,-1.501885,robbery_biz
53.377385,-1.501885,shoplifting
53.378211,-1.501826,theft_person
53.381028,-1.400815,burglary_biz
53.380374,-1.394194,burglary_biz
53.374107,-1.383951,burglary_biz
53.375867,-1.393522,robbery_biz
53.373475,-1.381005,burglary_biz
53.373627,-1.370602,burglary_biz
53.373475,-1.381005,burglary_biz
53.372157,-1.371255,burglary_biz
53.372157,-1.371255,shoplifting
53.380622,-1.413298,burglary_biz
53.381461,-1.413948,burglary_biz
53.383287,-1.419726,shoplifting
53.383287,-1.419726,shoplifting
53.373784,-1.541078,burglary_biz
53.376717,-1.539633,burglary_biz
53.380792,-1.515251,burglary_biz
53.387886,-1.522387,burglary_biz
53.368997,-1.493142,robbery_biz
53.368997,-1.493142,shoplifting
53.368997,-1.493142,shoplifting
53.378345,-1.400011,burglary_biz
53.375784,-1.396619,shoplifting
53.375784,-1.396619,shoplifting
53.375784,-1.396619,shoplifting
53.370999,-1.394342,burglary_biz
53.372116,-1.389093,shoplifting
53.372116,-1.389093,shoplifting
53.372116,-1.389093,shoplifting
53.372116,-1.389093,shoplifting
53.372116,-1.389093,shoplifting
53.372116,-1.389093,shoplifting
53.372116,-1.389093,shoplifting
53.374324,-1.513971,burglary_biz
53.37277,-1.507571,burglary_biz
53.374073,-1.507721,burglary_biz
53.365675,-1.433941,burglary_biz
53.361849,-1.428958,robbery_biz
53.375226,-1.429441,burglary_biz
53.371551,-1.416744,robbery_biz
53.373102,-1.417715,robbery_biz
53.371551,-1.416744,robbery_biz
53.371551,-1.416744,shoplifting
53.371551,-1.416744,shoplifting
53.373089,-1.426102,burglary_biz
53.366913,-1.480888,shoplifting
53.371811,-1.47668,shoplifting
53.366913,-1.480888,shoplifting
53.366913,-1.480888,shoplifting
53.366913,-1.480888,shoplifting
53.366166,-1.48485,burglary_biz
53.370143,-1.490077,burglary_biz
53.370143,-1.490077,burglary_biz
53.366166,-1.48485,burglary_biz
53.371707,-1.48579,burglary_biz
53.370143,-1.490077,shoplifting
53.370143,-1.490077,shoplifting
53.372797,-1.478096,burglary_biz
53.372121,-1.478077,shoplifting
53.372121,-1.478077,shoplifting
53.373175,-1.476062,theft_person
53.372774,-1.480982,burglary_biz
53.372774,-1.480982,burglary_biz
53.373941,-1.551793,burglary_biz
53.364046,-1.545715,shoplifting
53.364487,-1.470909,shoplifting
53.363889,-1.471954,theft_person
53.366844,-1.475479,burglary_biz
53.369862,-1.475036,robbery_biz
53.368255,-1.475326,shoplifting
53.364554,-1.476033,burglary_biz
53.364554,-1.476033,robbery_biz
53.358703,-1.480147,shoplifting
53.358703,-1.480147,theft_person
53.360741,-1.479731,shoplifting
53.371361,-1.468374,burglary_biz
53.37433,-1.46706,burglary_biz
53.37367,-1.468105,burglary_biz
53.371191,-1.466468,burglary_biz
53.370842,-1.464894,burglary_biz
53.37367,-1.468105,robbery_biz
53.37367,-1.468105,shoplifting
53.376878,-1.465961,burglary_biz
53.376878,-1.465961,burglary_biz
53.375504,-1.470247,burglary_biz
53.375504,-1.470247,burglary_biz
53.376471,-1.471467,burglary_biz
53.373857,-1.469666,burglary_biz
53.376829,-1.470803,shoplifting
53.373673,-1.474899,theft_person
53.369438,-1.450363,theft_person
53.362608,-1.458791,burglary_biz
53.363573,-1.461559,burglary_biz
53.370621,-1.461416,shoplifting
53.363131,-1.437882,burglary_biz
53.358267,-1.451063,theft_person
53.357042,-1.360193,burglary_biz
53.367256,-1.367464,burglary_biz
53.368485,-1.370557,burglary_biz
53.361056,-1.40108,burglary_biz
53.359252,-1.408813,burglary_biz
53.361742,-1.405933,shoplifting
53.363558,-1.391097,burglary_biz
53.357721,-1.404658,burglary_biz
53.366783,-1.404952,burglary_biz
53.364911,-1.413604,robbery_biz
53.357696,-1.49915,burglary_biz
53.367782,-1.499152,burglary_biz
53.36813,-1.498682,shoplifting
53.36813,-1.498682,shoplifting
53.36813,-1.498682,shoplifting
53.36813,-1.498682,shoplifting
53.36813,-1.498682,shoplifting
53.363008,-1.503206,burglary_biz
53.366839,-1.499524,burglary_biz
53.363493,-1.499007,burglary_biz
53.360531,-1.433453,burglary_biz
53.360634,-1.430597,robbery_biz
53.359829,-1.427756,shoplifting
53.359829,-1.427756,shoplifting
53.359829,-1.427756,shoplifting
53.359829,-1.427756,shoplifting
53.359829,-1.427756,shoplifting
53.359829,-1.427756,shoplifting
53.361696,-1.448149,burglary_biz
53.361696,-1.448149,burglary_biz
53.359606,-1.437493,shoplifting
53.359606,-1.437493,shoplifting
53.359606,-1.437493,shoplifting
53.359606,-1.437493,shoplifting
53.359606,-1.437493,shoplifting
53.359606,-1.437493,shoplifting
53.359606,-1.437493,shoplifting
53.359606,-1.437493,shoplifting
53.359606,-1.437493,shoplifting
53.359606,-1.437493,shoplifting
53.359294,-1.388618,burglary_biz
53.360844,-1.391181,burglary_biz
53.361553,-1.38211,burglary_biz
53.361944,-1.381232,burglary_biz
53.355721,-1.3704,burglary_biz
53.357283,-1.373412,burglary_biz
53.35934,-1.373467,shoplifting
53.35934,-1.373467,shoplifting
53.35934,-1.373467,shoplifting
53.35934,-1.373467,shoplifting
53.35934,-1.373467,shoplifting
53.35934,-1.373467,shoplifting
53.35599,-1.486715,burglary_biz
53.357259,-1.487256,burglary_biz
53.354827,-1.488111,burglary_biz
53.357308,-1.488022,burglary_biz
53.357308,-1.488022,burglary_biz
53.355018,-1.486622,burglary_biz
53.365234,-1.491744,burglary_biz
53.365051,-1.493309,burglary_biz
53.363629,-1.49283,burglary_biz
53.358417,-1.46236,burglary_biz
53.35502,-1.452682,burglary_biz
53.358404,-1.419223,robbery_biz
53.358404,-1.419223,shoplifting
53.360441,-1.425957,theft_person
53.35453,-1.408308,shoplifting
53.358449,-1.41189,burglary_biz
53.351069,-1.426593,burglary_biz
53.351483,-1.421074,robbery_biz
53.351069,-1.426593,theft_person
53.357097,-1.476755,robbery_biz
53.3558,-1.479102,shoplifting
53.357097,-1.476755,shoplifting
53.3558,-1.479102,theft_person
53.350612,-1.442163,burglary_biz
53.350268,-1.437811,burglary_biz
53.350612,-1.442163,burglary_biz
53.350268,-1.437811,burglary_biz
53.354509,-1.422385,burglary_biz
53.357671,-1.429404,burglary_biz
53.357671,-1.429404,robbery_biz
53.357671,-1.429404,robbery_biz
53.357671,-1.429404,robbery_biz
53.346801,-1.426906,burglary_biz
53.345141,-1.425833,shoplifting
53.345141,-1.425833,shoplifting
53.345141,-1.425833,shoplifting
53.345141,-1.425833,shoplifting
53.345141,-1.425833,shoplifting
53.345141,-1.425833,shoplifting
53.345141,-1.425833,shoplifting
53.346127,-1.426915,shoplifting
53.345141,-1.425833,shoplifting
53.345141,-1.425833,shoplifting
53.349734,-1.521537,burglary_biz
53.35559,-1.520359,burglary_biz
53.35537,-1.514773,burglary_biz
53.347553,-1.362513,burglary_biz
53.347887,-1.341298,burglary_biz
53.34189,-1.351147,burglary_biz
53.346169,-1.350908,shoplifting
53.346169,-1.350908,shoplifting
53.34189,-1.351147,shoplifting
53.34189,-1.351147,shoplifting
53.346169,-1.350908,shoplifting
53.346169,-1.350908,shoplifting
53.345293,-1.493107,shoplifting
53.345293,-1.493107,shoplifting
53.345293,-1.493107,shoplifting
53.343964,-1.437143,burglary_biz
53.346139,-1.429528,burglary_biz
53.342771,-1.449234,burglary_biz
53.346054,-1.445842,burglary_biz
53.339043,-1.441998,burglary_biz
53.339043,-1.441998,burglary_biz
53.346759,-1.375489,burglary_biz
53.342961,-1.374748,burglary_biz
53.343802,-1.357027,shoplifting
53.344307,-1.357183,shoplifting
53.345553,-1.358413,shoplifting
53.343802,-1.357027,shoplifting
53.341622,-1.386783,burglary_biz
53.341609,-1.433359,burglary_biz
53.337586,-1.421052,burglary_biz
53.342981,-1.4214,robbery_biz
53.347663,-1.417889,shoplifting
53.347663,-1.417889,shoplifting
53.342071,-1.339645,burglary_biz
53.345763,-1.334241,burglary_biz
53.346892,-1.335365,shoplifting
53.328556,-1.333818,burglary_biz
53.345532,-1.471535,shoplifting
53.345532,-1.471535,shoplifting
53.345532,-1.471535,shoplifting
53.345532,-1.471535,shoplifting
53.345532,-1.471535,shoplifting
53.330155,-1.470103,burglary_biz
53.331505,-1.474471,burglary_biz
53.329374,-1.472395,burglary_biz
53.340363,-1.449663,shoplifting
53.340363,-1.449663,shoplifting
53.340363,-1.449663,shoplifting
53.340363,-1.449663,shoplifting
53.340363,-1.449663,shoplifting
53.340363,-1.449663,shoplifting
53.340363,-1.449663,shoplifting
53.340363,-1.449663,shoplifting
53.340363,-1.449663,shoplifting
53.340363,-1.449663,shoplifting
53.340363,-1.449663,shoplifting
53.340363,-1.449663,shoplifting
53.332361,-1.462883,burglary_biz
53.332361,-1.462883,burglary_biz
53.331787,-1.467064,burglary_biz
53.32721,-1.474764,robbery_biz
53.327724,-1.467567,robbery_biz
53.327724,-1.467567,shoplifting
53.327724,-1.467567,shoplifting
53.327724,-1.467567,shoplifting
53.327724,-1.467567,shoplifting
53.327724,-1.467567,shoplifting
53.327724,-1.467567,shoplifting
53.327724,-1.467567,shoplifting
53.327724,-1.467567,shoplifting
53.327724,-1.467567,shoplifting
53.327724,-1.467567,shoplifting
53.333566,-1.349207,burglary_biz
53.33561,-1.354822,burglary_biz
53.330387,-1.352934,robbery_biz
53.330387,-1.352934,robbery_biz
53.331036,-1.349996,theft_person
53.324762,-1.360061,burglary_biz
53.34269,-1.350825,shoplifting
53.34269,-1.350825,shoplifting
53.34269,-1.350825,shoplifting
53.34269,-1.350825,shoplifting
53.34269,-1.350825,shoplifting
53.34269,-1.350825,shoplifting
53.34269,-1.350825,shoplifting
53.34269,-1.350825,shoplifting
53.34269,-1.350825,shoplifting
53.34269,-1.350825,shoplifting
53.34269,-1.350825,shoplifting
53.34269,-1.350825,shoplifting
53.34269,-1.350825,shoplifting
53.336873,-1.347355,burglary_biz
53.330684,-1.492499,burglary_biz
53.322992,-1.510246,burglary_biz
53.327227,-1.540091,shoplifting
53.327227,-1.540091,shoplifting
53.317487,-1.525004,robbery_biz
53.340093,-1.524618,burglary_biz
53.326879,-1.485548,burglary_biz
53.327748,-1.486964,shoplifting
53.320133,-1.488661,burglary_biz
53.320133,-1.488661,burglary_biz
53.321682,-1.49157,shoplifting
53.321682,-1.49157,shoplifting
53.321682,-1.49157,shoplifting
53.321682,-1.49157,shoplifting
53.321682,-1.49157,shoplifting
53.321682,-1.49157,shoplifting
53.321682,-1.49157,shoplifting
53.321682,-1.49157,shoplifting
53.321682,-1.49157,shoplifting
53.321682,-1.49157,shoplifting
53.321682,-1.49157,shoplifting
53.321682,-1.49157,shoplifting
53.328329,-1.475951,burglary_biz
53.328356,-1.477993,burglary_biz
53.320976,-1.4616,burglary_biz
53.322555,-1.473049,burglary_biz
53.323863,-1.478228,burglary_biz
53.322805,-1.480958,shoplifting
53.318916,-1.471353,burglary_biz
53.318841,-1.468652,burglary_biz
53.318916,-1.471353,robbery_biz
53.318901,-1.469957,robbery_biz
53.320651,-1.465327,shoplifting
53.321935,-1.498188,burglary_biz
53.322065,-1.523257,shoplifting
53.322065,-1.523257,shoplifting
53.322065,-1.523257,shoplifting
53.33256,-1.376177,burglary_biz
53.329432,-1.35433,robbery_biz
53.32062,-1.35041,burglary_biz
53.324038,-1.359081,burglary_biz
53.382651,-1.482802,shoplifting
53.382893,-1.476379,theft_person
53.387014,-1.473352,burglary_biz
53.384448,-1.472286,burglary_biz
53.38417,-1.468305,shoplifting
53.389332,-1.475142,burglary_biz
53.389461,-1.479877,robbery_biz
53.391683,-1.482391,shoplifting
53.38282,-1.469961,burglary_biz
53.380414,-1.466623,burglary_biz
53.379702,-1.466241,burglary_biz
53.379191,-1.470577,burglary_biz
53.377948,-1.470051,burglary_biz
53.381809,-1.468581,robbery_biz
53.383162,-1.468182,robbery_biz
53.382869,-1.464879,robbery_biz
53.379191,-1.470577,robbery_biz
53.382697,-1.468624,robbery_biz
53.382697,-1.468624,shoplifting
53.382697,-1.468624,shoplifting
53.381809,-1.468581,shoplifting
53.382912,-1.466381,shoplifting
53.381809,-1.468581,shoplifting
53.382133,-1.467068,shoplifting
53.382912,-1.466381,shoplifting
53.381809,-1.468581,shoplifting
53.382697,-1.468624,shoplifting
53.382697,-1.468624,shoplifting
53.378326,-1.468062,shoplifting
53.37823,-1.470679,shoplifting
53.382697,-1.468624,shoplifting
53.381809,-1.468581,shoplifting
53.381809,-1.468581,shoplifting
53.381809,-1.468581,shoplifting
53.381809,-1.468581,shoplifting
53.381809,-1.468581,shoplifting
53.382697,-1.468624,shoplifting
53.381809,-1.468581,shoplifting
53.381809,-1.468581,shoplifting
53.382697,-1.468624,shoplifting
53.381809,-1.468581,shoplifting
53.379191,-1.470577,shoplifting
53.381809,-1.468581,shoplifting
53.378326,-1.468062,shoplifting
53.381809,-1.468581,shoplifting
53.381809,-1.468581,shoplifting
53.381997,-1.470843,shoplifting
53.37823,-1.470679,shoplifting
53.382697,-1.468624,shoplifting
53.381809,-1.468581,shoplifting
53.382912,-1.466381,shoplifting
53.381809,-1.468581,shoplifting
53.382697,-1.468624,shoplifting
53.381809,-1.468581,shoplifting
53.381809,-1.468581,shoplifting
53.382697,-1.468624,theft_person
53.382697,-1.468624,theft_person
53.382697,-1.468624,theft_person
53.384735,-1.480401,shoplifting
53.384735,-1.480401,shoplifting
53.384735,-1.480401,shoplifting
53.386203,-1.479,shoplifting
53.386203,-1.479,shoplifting
53.378406,-1.473954,burglary_biz
53.375818,-1.474151,burglary_biz
53.374455,-1.483262,burglary_biz
53.374499,-1.483021,robbery_biz
53.376988,-1.474482,robbery_biz
53.376769,-1.473854,shoplifting
53.376572,-1.473946,shoplifting
53.376769,-1.473854,shoplifting
53.376769,-1.473854,shoplifting
53.376125,-1.473827,shoplifting
53.376769,-1.473854,shoplifting
53.375818,-1.474151,shoplifting
53.376572,-1.473946,shoplifting
53.375818,-1.474151,shoplifting
53.375818,-1.474151,shoplifting
53.376769,-1.473854,shoplifting
53.376572,-1.473946,shoplifting
53.375818,-1.474151,shoplifting
53.376769,-1.473854,shoplifting
53.376125,-1.473827,shoplifting
53.376769,-1.473854,shoplifting
53.375818,-1.474151,shoplifting
53.376125,-1.473827,shoplifting
53.376572,-1.473946,shoplifting
53.376769,-1.473854,shoplifting
53.376769,-1.473854,shoplifting
53.375818,-1.474151,shoplifting
53.376125,-1.473827,shoplifting
53.375818,-1.474151,shoplifting
53.376769,-1.473854,shoplifting
53.376125,-1.473827,theft_person
53.375818,-1.474151,theft_person
53.377868,-1.47838,theft_person
53.379732,-1.473021,burglary_biz
53.380099,-1.476699,burglary_biz
53.377755,-1.471061,burglary_biz
53.380215,-1.474065,burglary_biz
53.379732,-1.473021,burglary_biz
53.379732,-1.473021,burglary_biz
53.379247,-1.471072,robbery_biz
53.377755,-1.471061,robbery_biz
53.377755,-1.471061,robbery_biz
53.380913,-1.475847,robbery_biz
53.380604,-1.471025,shoplifting
53.379732,-1.473021,shoplifting
53.380041,-1.473829,shoplifting
53.379247,-1.471072,shoplifting
53.379247,-1.471072,shoplifting
53.377755,-1.471061,shoplifting
53.380641,-1.474268,shoplifting
53.379247,-1.471072,shoplifting
53.379832,-1.475319,shoplifting
53.377755,-1.471061,shoplifting
53.380878,-1.474059,theft_person
53.380215,-1.474065,theft_person
53.380099,-1.476699,theft_person
53.380604,-1.471025,theft_person
53.380913,-1.475847,theft_person
53.380215,-1.474065,theft_person
53.382036,-1.471519,theft_person
53.380685,-1.472405,theft_person
53.382036,-1.471519,theft_person
53.380215,-1.474065,theft_person
53.377755,-1.471061,theft_person
53.377755,-1.471061,theft_person
53.377755,-1.471061,theft_person
53.377755,-1.471061,theft_person
53.380685,-1.472405,theft_person
53.379247,-1.471072,theft_person
53.380099,-1.476699,theft_person
53.379969,-1.479653,burglary_biz
53.381002,-1.47762,burglary_biz
53.380656,-1.480826,burglary_biz
53.38041,-1.480093,shoplifting
53.38041,-1.480093,shoplifting
53.38041,-1.480093,shoplifting
53.38041,-1.480093,shoplifting
53.379969,-1.479653,theft_person
53.379899,-1.478325,theft_person
53.379969,-1.479653,theft_person
53.38497,-1.452419,burglary_biz
53.38597,-1.454841,burglary_biz
53.384492,-1.458033,burglary_biz
53.379437,-1.457315,burglary_biz
53.386003,-1.460209,burglary_biz
53.373831,-1.454095,burglary_biz
53.387499,-1.455078,robbery_biz
53.383549,-1.463989,shoplifting
53.383549,-1.463989,shoplifting
53.383549,-1.463989,shoplifting
53.381892,-1.459464,theft_person
53.375042,-1.461444,theft_person
53.348989,-1.39856,robbery_biz
53.348989,-1.39856,shoplifting
53.348989,-1.39856,shoplifting
53.348989,-1.39856,shoplifting
53.348989,-1.39856,shoplifting
53.348989,-1.39856,shoplifting
53.348989,-1.39856,shoplifting
53.348989,-1.39856,shoplifting
53.348533,-1.400805,shoplifting
53.346317,-1.408752,burglary_biz
53.343238,-1.402441,burglary_biz
53.344342,-1.379159,burglary_biz
53.346896,-1.377665,shoplifting
53.346896,-1.377665,shoplifting
53.343109,-1.391043,burglary_biz
53.343035,-1.388926,robbery_biz
53.497364,-1.464404,shoplifting
53.49944,-1.466307,burglary_biz
53.499961,-1.4663,burglary_biz
53.499483,-1.429116,burglary_biz
53.49805,-1.422608,burglary_biz
53.49805,-1.422608,burglary_biz
53.495738,-1.446848,burglary_biz
53.496294,-1.442665,burglary_biz
53.495911,-1.44154,burglary_biz
53.496809,-1.455049,burglary_biz
53.494089,-1.276104,burglary_biz
53.495322,-1.281464,robbery_biz
53.495322,-1.281464,shoplifting
53.493171,-1.290937,burglary_biz
53.493171,-1.290937,burglary_biz
53.493171,-1.290937,shoplifting
53.499815,-1.284954,theft_person
53.498433,-1.300693,burglary_biz
53.49883,-1.294792,robbery_biz
53.496425,-1.298775,theft_person
53.497042,-1.302645,burglary_biz
53.495215,-1.293013,burglary_biz
53.494659,-1.300845,burglary_biz
53.482811,-1.2305,shoplifting
53.482811,-1.2305,shoplifting
53.482811,-1.2305,shoplifting
53.491307,-1.244921,shoplifting
53.488451,-1.256788,burglary_biz
53.485401,-1.256314,burglary_biz
53.491078,-1.251271,burglary_biz
53.482363,-1.243423,shoplifting
53.479037,-1.240543,burglary_biz
53.493401,-1.338956,burglary_biz
53.493719,-1.33785,burglary_biz
53.499147,-1.316932,burglary_biz
53.493636,-1.342358,burglary_biz
53.493087,-1.343874,burglary_biz
53.487775,-1.302737,burglary_biz
53.486019,-1.308327,burglary_biz
53.487159,-1.314306,shoplifting
53.470319,-1.355418,burglary_biz
53.476761,-1.36177,burglary_biz
53.464778,-1.343241,burglary_biz
53.466727,-1.339641,burglary_biz
53.466727,-1.339641,shoplifting
53.466727,-1.339641,shoplifting
53.466727,-1.339641,shoplifting
53.466727,-1.339641,shoplifting
53.466727,-1.339641,shoplifting
53.466727,-1.339641,shoplifting
53.466727,-1.339641,shoplifting
53.466727,-1.339641,shoplifting
53.466727,-1.339641,shoplifting
53.466727,-1.339641,shoplifting
53.466727,-1.339641,shoplifting
53.466727,-1.339641,shoplifting
53.466727,-1.339641,shoplifting
53.466727,-1.339641,shoplifting
53.466727,-1.339641,shoplifting
53.466727,-1.339641,shoplifting
53.466727,-1.339641,shoplifting
53.469605,-1.305038,burglary_biz
53.470484,-1.304768,burglary_biz
53.47848,-1.380985,burglary_biz
53.463023,-1.434274,burglary_biz
53.459979,-1.333616,burglary_biz
53.453854,-1.341106,burglary_biz
53.459815,-1.343655,shoplifting
53.459815,-1.343655,shoplifting
53.459599,-1.344541,theft_person
53.452303,-1.34503,burglary_biz
53.451293,-1.339594,robbery_biz
53.451113,-1.344355,shoplifting
53.451113,-1.344355,shoplifting
53.451113,-1.344355,shoplifting
53.451113,-1.344355,shoplifting
53.451113,-1.344355,shoplifting
53.451113,-1.344355,shoplifting
53.451113,-1.344355,shoplifting
53.449549,-1.341127,shoplifting
53.451113,-1.344355,shoplifting
53.451113,-1.344355,shoplifting
53.447956,-1.342615,shoplifting
53.451113,-1.344355,shoplifting
53.451113,-1.344355,shoplifting
53.447956,-1.342615,shoplifting
53.449549,-1.341127,shoplifting
53.451113,-1.344355,shoplifting
53.447951,-1.34323,shoplifting
53.449549,-1.341127,shoplifting
53.449549,-1.341127,shoplifting
53.449549,-1.341127,shoplifting
53.451113,-1.344355,shoplifting
53.451113,-1.344355,shoplifting
53.451113,-1.344355,shoplifting
53.451113,-1.344355,shoplifting
53.451113,-1.344355,shoplifting
53.447956,-1.342615,shoplifting
53.449549,-1.341127,shoplifting
53.451113,-1.344355,shoplifting
53.451113,-1.344355,shoplifting
53.451113,-1.344355,shoplifting
53.447956,-1.342615,shoplifting
53.451113,-1.344355,shoplifting
53.451113,-1.344355,shoplifting
53.451113,-1.344355,shoplifting
53.450855,-1.371644,burglary_biz
53.452924,-1.373767,shoplifting
53.452924,-1.373767,shoplifting
53.449077,-1.37545,burglary_biz
53.45364,-1.392385,burglary_biz
53.454719,-1.392437,burglary_biz
53.454719,-1.392437,burglary_biz
53.447485,-1.29903,shoplifting
53.447485,-1.29903,shoplifting
53.447485,-1.29903,shoplifting
53.447485,-1.29903,shoplifting
53.447485,-1.29903,shoplifting
53.447485,-1.29903,shoplifting
53.447485,-1.29903,shoplifting
53.450189,-1.291201,burglary_biz
53.447861,-1.403158,robbery_biz
53.447861,-1.403158,shoplifting
53.447861,-1.403158,shoplifting
53.447861,-1.403158,shoplifting
53.447861,-1.403158,shoplifting
53.447861,-1.403158,shoplifting
53.445926,-1.397298,burglary_biz
53.425669,-1.26461,shoplifting
53.437435,-1.314474,burglary_biz
53.43766,-1.330427,shoplifting
53.441365,-1.325958,burglary_biz
53.447657,-1.33545,burglary_biz
53.439326,-1.34392,robbery_biz
53.435327,-1.344071,robbery_biz
53.439326,-1.34392,shoplifting
53.439326,-1.34392,shoplifting
53.439326,-1.34392,shoplifting
53.439326,-1.34392,shoplifting
53.4308,-1.406708,burglary_biz
53.428522,-1.414866,burglary_biz
53.43216,-1.377053,burglary_biz
53.4296,-1.380943,burglary_biz
53.42909,-1.367601,burglary_biz
53.42909,-1.367601,burglary_biz
53.434342,-1.36805,burglary_biz
53.432974,-1.372841,shoplifting
53.435683,-1.378717,burglary_biz
53.428565,-1.380732,burglary_biz
53.425016,-1.357052,burglary_biz
53.425594,-1.354364,burglary_biz
53.420084,-1.359263,robbery_biz
53.423601,-1.358172,shoplifting
53.423601,-1.358172,shoplifting
53.434226,-1.349899,burglary_biz
53.437427,-1.355103,burglary_biz
53.428186,-1.356522,burglary_biz
53.430929,-1.355277,robbery_biz
53.432099,-1.365449,robbery_biz
53.428035,-1.358632,robbery_biz
53.432013,-1.349616,robbery_biz
53.433833,-1.353592,robbery_biz
53.43307,-1.352099,robbery_biz
53.43191,-1.357098,robbery_biz
53.433054,-1.354146,robbery_biz
53.432099,-1.365449,shoplifting
53.433054,-1.354146,shoplifting
53.433054,-1.354146,shoplifting
53.43169,-1.354633,shoplifting
53.433054,-1.354146,shoplifting
53.432099,-1.365449,shoplifting
53.433054,-1.354146,shoplifting
53.425883,-1.357881,shoplifting
53.43169,-1.354633,shoplifting
53.433054,-1.354146,shoplifting
53.43169,-1.354633,shoplifting
53.43191,-1.357098,shoplifting
53.433054,-1.354146,shoplifting
53.43169,-1.354633,shoplifting
53.433054,-1.354146,shoplifting
53.433054,-1.354146,shoplifting
53.433054,-1.354146,shoplifting
53.433833,-1.353592,shoplifting
53.433054,-1.354146,shoplifting
53.433054,-1.354146,shoplifting
53.43169,-1.354633,shoplifting
53.43169,-1.354633,shoplifting
53.43169,-1.354633,shoplifting
53.433054,-1.354146,shoplifting
53.433054,-1.354146,shoplifting
53.432099,-1.365449,shoplifting
53.433054,-1.354146,shoplifting
53.433054,-1.354146,shoplifting
53.430929,-1.355277,shoplifting
53.43169,-1.354633,shoplifting
53.433833,-1.353592,shoplifting
53.433054,-1.354146,shoplifting
53.433833,-1.353592,shoplifting
53.433054,-1.354146,shoplifting
53.432099,-1.365449,shoplifting
53.433054,-1.354146,shoplifting
53.433833,-1.353592,shoplifting
53.433833,-1.353592,shoplifting
53.432099,-1.365449,shoplifting
53.433054,-1.354146,shoplifting
53.433054,-1.354146,shoplifting
53.43169,-1.354633,shoplifting
53.433054,-1.354146,shoplifting
53.433054,-1.354146,shoplifting
53.430929,-1.355277,shoplifting
53.43169,-1.354633,shoplifting
53.433054,-1.354146,shoplifting
53.432099,-1.365449,shoplifting
53.433054,-1.354146,shoplifting
53.43169,-1.354633,shoplifting
53.433054,-1.354146,shoplifting
53.430929,-1.355277,shoplifting
53.433833,-1.353592,shoplifting
53.433054,-1.354146,shoplifting
53.430929,-1.355277,shoplifting
53.433054,-1.354146,shoplifting
53.43169,-1.354633,shoplifting
53.433833,-1.353592,shoplifting
53.433833,-1.353592,shoplifting
53.433833,-1.353592,shoplifting
53.433833,-1.353592,shoplifting
53.433833,-1.353592,shoplifting
53.432099,-1.365449,shoplifting
53.433054,-1.354146,shoplifting
53.433054,-1.354146,shoplifting
53.433054,-1.354146,shoplifting
53.430929,-1.355277,theft_person
53.433833,-1.353592,theft_person
53.432354,-1.354367,theft_person
53.433463,-1.346719,burglary_biz
53.428259,-1.346799,theft_person
53.438066,-1.34853,burglary_biz
53.435093,-1.348982,burglary_biz
53.422126,-1.255733,burglary_biz
53.424774,-1.278606,burglary_biz
53.420327,-1.284911,shoplifting
53.420327,-1.284911,shoplifting
53.420327,-1.284911,shoplifting
53.420327,-1.284911,shoplifting
53.420327,-1.284911,shoplifting
53.420327,-1.284911,shoplifting
53.420327,-1.284911,shoplifting
53.430225,-1.277701,shoplifting
53.430225,-1.277701,shoplifting
53.427847,-1.279803,burglary_biz
53.428636,-1.285464,shoplifting
53.428636,-1.285464,shoplifting
53.428636,-1.285464,shoplifting
53.420249,-1.306159,burglary_biz
53.420249,-1.306159,shoplifting
53.420249,-1.306159,shoplifting
53.420249,-1.306159,shoplifting
53.420249,-1.306159,shoplifting
53.429057,-1.335093,shoplifting
53.421062,-1.348986,robbery_biz
53.421062,-1.348986,robbery_biz
53.421062,-1.348986,shoplifting
53.421062,-1.348986,shoplifting
53.421062,-1.348986,shoplifting
53.421062,-1.348986,shoplifting
53.421062,-1.348986,shoplifting
53.421062,-1.348986,shoplifting
53.421062,-1.348986,shoplifting
53.421062,-1.348986,shoplifting
53.421062,-1.348986,shoplifting
53.421062,-1.348986,shoplifting
53.421062,-1.348986,shoplifting
53.421062,-1.348986,shoplifting
53.421062,-1.348986,shoplifting
53.421062,-1.348986,shoplifting
53.421062,-1.348986,shoplifting
53.421062,-1.348986,shoplifting
53.421062,-1.348986,shoplifting
53.421062,-1.348986,shoplifting
53.421062,-1.348986,shoplifting
53.421062,-1.348986,shoplifting
53.421062,-1.348986,shoplifting
53.421062,-1.348986,shoplifting
53.421062,-1.348986,shoplifting
53.421062,-1.348986,shoplifting
53.421062,-1.348986,shoplifting
53.421062,-1.348986,shoplifting
53.421062,-1.348986,shoplifting
53.421062,-1.348986,shoplifting
53.414166,-1.340591,burglary_biz
53.418185,-1.344004,burglary_biz
53.426985,-1.352191,burglary_biz
53.414515,-1.333679,burglary_biz
53.418317,-1.373689,burglary_biz
53.407345,-1.364042,burglary_biz
53.403955,-1.360332,shoplifting
53.403955,-1.360332,shoplifting
53.403955,-1.360332,shoplifting
53.392716,-1.263148,burglary_biz
53.390342,-1.250017,burglary_biz
53.388497,-1.270002,burglary_biz
53.385831,-1.368407,burglary_biz
53.385831,-1.368407,burglary_biz
53.385831,-1.368407,burglary_biz
53.386314,-1.376519,burglary_biz
53.381069,-1.372161,burglary_biz
53.383717,-1.36471,burglary_biz
53.382062,-1.364524,burglary_biz
53.382187,-1.369273,burglary_biz
53.381233,-1.374233,burglary_biz
53.381069,-1.372161,burglary_biz
53.379938,-1.233723,burglary_biz
53.341067,-1.279493,burglary_biz
53.343511,-1.297326,burglary_biz
53.340962,-1.290504,burglary_biz
53.337911,-1.236009,burglary_biz
53.353408,-1.255833,burglary_biz
53.340851,-1.264733,burglary_biz
53.337592,-1.275647,burglary_biz
53.319261,-1.278134,shoplifting
53.319261,-1.278134,shoplifting
53.340703,-1.271344,shoplifting
53.321668,-1.260184,shoplifting
53.424267,-1.263205,shoplifting
53.424267,-1.263205,shoplifting
53.41133,-1.274651,burglary_biz
53.417613,-1.280593,burglary_biz
53.408064,-1.310494,burglary_biz
53.483238,-1.588135,shoplifting
53.483238,-1.588135,shoplifting
53.476682,-1.592342,burglary_biz
53.4827,-1.601582,burglary_biz
53.476611,-1.579596,burglary_biz
53.478574,-1.570325,shoplifting
53.476058,-1.492666,burglary_biz
53.474575,-1.486416,shoplifting
53.474575,-1.486416,shoplifting
53.474575,-1.486416,shoplifting
53.474575,-1.486416,shoplifting
53.474193,-1.491633,burglary_biz
53.469636,-1.487319,shoplifting
53.46164,-1.480468,shoplifting
53.46164,-1.480468,shoplifting
53.46164,-1.480468,shoplifting
53.46164,-1.480468,shoplifting
53.46164,-1.480468,shoplifting
53.46164,-1.480468,shoplifting
53.46164,-1.480468,shoplifting
53.46164,-1.480468,shoplifting
53.469149,-1.470438,burglary_biz
53.469238,-1.474323,burglary_biz
53.476339,-1.480549,shoplifting
53.46165,-1.465832,robbery_biz
53.461784,-1.467773,shoplifting
53.461784,-1.467773,shoplifting
53.461784,-1.467773,shoplifting
53.461784,-1.467773,shoplifting
53.441858,-1.468203,burglary_biz
53.450207,-1.457555,shoplifting
53.445686,-1.463924,shoplifting
53.444292,-1.459621,shoplifting
53.444292,-1.459621,shoplifting
53.444292,-1.459621,theft_person
53.434223,-1.49205,burglary_biz
53.432035,-1.468476,shoplifting
53.437845,-1.463195,burglary_biz
53.437845,-1.463195,robbery_biz
53.439135,-1.464278,burglary_biz
53.439135,-1.464278,burglary_biz
53.435148,-1.445332,burglary_biz
53.436374,-1.450118,theft_person
53.429287,-1.598078,burglary_biz
53.430823,-1.48312,burglary_biz
53.431189,-1.48882,burglary_biz
53.432878,-1.484571,burglary_biz
53.431576,-1.478596,shoplifting
53.431576,-1.478596,shoplifting
53.431576,-1.478596,shoplifting
53.424735,-1.488913,burglary_biz
53.424562,-1.482083,burglary_biz
53.424735,-1.488913,burglary_biz
53.424562,-1.482083,burglary_biz
53.424987,-1.484726,shoplifting
53.428108,-1.487202,shoplifting
53.428108,-1.487202,shoplifting
53.436176,-1.478148,shoplifting
53.425493,-1.441394,burglary_biz
53.422621,-1.44411,burglary_biz
53.422097,-1.441369,robbery_biz
53.422097,-1.441369,theft_person
53.429626,-1.437156,burglary_biz
53.424222,-1.450169,shoplifting
53.426252,-1.455726,burglary_biz
53.426925,-1.457554,burglary_biz
53.421349,-1.464697,robbery_biz
53.421182,-1.461689,shoplifting
53.423128,-1.501949,burglary_biz
53.424196,-1.497346,burglary_biz
53.41808,-1.494424,burglary_biz
53.422065,-1.490916,burglary_biz
53.418754,-1.479776,burglary_biz
53.418754,-1.479776,shoplifting
53.418754,-1.479776,shoplifting
53.418754,-1.479776,shoplifting
53.418754,-1.479776,shoplifting
53.418318,-1.444603,burglary_biz
53.417673,-1.443302,robbery_biz
53.416848,-1.455425,burglary_biz
53.413767,-1.459857,robbery_biz
53.418908,-1.44867,burglary_biz
53.418908,-1.44867,shoplifting
53.42386,-1.422936,burglary_biz
53.419655,-1.42698,burglary_biz
53.418961,-1.434182,burglary_biz
53.419372,-1.420499,burglary_biz
53.420027,-1.418504,burglary_biz
53.419372,-1.420499,burglary_biz
53.419372,-1.420499,burglary_biz
53.409779,-1.427625,burglary_biz
53.410809,-1.465671,burglary_biz
53.414124,-1.461327,burglary_biz
53.414124,-1.461327,burglary_biz
53.416177,-1.470088,burglary_biz
53.416701,-1.470743,robbery_biz
53.422099,-1.471654,burglary_biz
53.402644,-1.502338,shoplifting
53.402644,-1.502338,shoplifting
53.402644,-1.502338,shoplifting
53.402644,-1.502338,shoplifting
53.402644,-1.502338,shoplifting
53.402644,-1.502338,shoplifting
53.402644,-1.502338,theft_person
53.418551,-1.505929,burglary_biz
53.414201,-1.503933,burglary_biz
53.417203,-1.501657,shoplifting
53.413181,-1.502952,burglary_biz
53.413181,-1.502952,burglary_biz
53.414113,-1.502144,burglary_biz
53.418405,-1.496956,robbery_biz
53.418405,-1.496956,shoplifting
53.418405,-1.496956,shoplifting
53.418405,-1.496956,shoplifting
53.418405,-1.496956,shoplifting
53.418405,-1.496956,shoplifting
53.418405,-1.496956,shoplifting
53.403858,-1.498203,burglary_biz
53.402345,-1.497393,burglary_biz
53.401994,-1.495231,shoplifting
53.401994,-1.495231,shoplifting
53.402345,-1.497393,shoplifting
53.410282,-1.392837,burglary_biz
53.394371,-1.414267,burglary_biz
53.393549,-1.415421,burglary_biz
53.398646,-1.406222,burglary_biz
53.393008,-1.415007,burglary_biz
53.393549,-1.415421,burglary_biz
53.415402,-1.40119,burglary_biz
53.415402,-1.40119,burglary_biz
53.406551,-1.40888,burglary_biz
53.414961,-1.411893,shoplifting
53.413748,-1.41378,shoplifting
53.405627,-1.409314,shoplifting
53.414961,-1.411893,shoplifting
53.405627,-1.409314,shoplifting
53.4124,-1.412139,shoplifting
53.405627,-1.409314,shoplifting
53.414961,-1.411893,shoplifting
53.4124,-1.412139,shoplifting
53.414961,-1.411893,shoplifting
53.4124,-1.412139,shoplifting
53.414925,-1.409968,shoplifting
53.414961,-1.411893,shoplifting
53.414119,-1.410731,shoplifting
53.4124,-1.412139,shoplifting
53.4124,-1.412139,shoplifting
53.414961,-1.411893,shoplifting
53.414119,-1.410731,shoplifting
53.414119,-1.410731,shoplifting
53.405627,-1.409314,shoplifting
53.414255,-1.407299,shoplifting
53.405627,-1.409314,shoplifting
53.4124,-1.412139,shoplifting
53.4124,-1.412139,shoplifting
53.414961,-1.411893,shoplifting
53.4124,-1.412139,shoplifting
53.414119,-1.410731,shoplifting
53.4124,-1.412139,shoplifting
53.414961,-1.411893,shoplifting
53.414925,-1.409968,shoplifting
53.405627,-1.409314,shoplifting
53.4124,-1.412139,shoplifting
53.4124,-1.412139,shoplifting
53.414961,-1.411893,shoplifting
53.414961,-1.411893,shoplifting
53.4124,-1.412139,shoplifting
53.414119,-1.410731,shoplifting
53.4124,-1.412139,shoplifting
53.414961,-1.411893,shoplifting
53.414119,-1.410731,shoplifting
53.405627,-1.409314,shoplifting
53.4124,-1.412139,shoplifting
53.4124,-1.412139,shoplifting
53.414119,-1.410731,shoplifting
53.4124,-1.412139,shoplifting
53.4124,-1.412139,shoplifting
53.414961,-1.411893,shoplifting
53.4124,-1.412139,shoplifting
53.405627,-1.409314,shoplifting
53.414961,-1.411893,shoplifting
53.414119,-1.410731,shoplifting
53.414925,-1.409968,shoplifting
53.4124,-1.412139,shoplifting
53.4124,-1.412139,shoplifting
53.4124,-1.412139,shoplifting
53.414961,-1.411893,shoplifting
53.4124,-1.412139,shoplifting
53.414119,-1.410731,theft_person
53.414119,-1.410731,theft_person
53.403514,-1.462559,burglary_biz
53.403514,-1.462559,burglary_biz
53.396871,-1.466448,burglary_biz
53.403306,-1.470157,burglary_biz
53.403306,-1.470157,burglary_biz
53.401758,-1.46968,theft_person
53.412311,-1.471821,burglary_biz
53.40142,-1.460525,burglary_biz
53.404777,-1.449698,robbery_biz
53.406812,-1.452424,shoplifting
53.406812,-1.452424,shoplifting
53.406812,-1.452424,shoplifting
53.412702,-1.456892,burglary_biz
53.412401,-1.448065,burglary_biz
53.405078,-1.523895,burglary_biz
53.407351,-1.505938,burglary_biz
53.407623,-1.508703,shoplifting
53.405089,-1.508943,burglary_biz
53.401302,-1.512656,shoplifting
53.401302,-1.512656,shoplifting
53.401302,-1.512656,shoplifting
53.401302,-1.512656,shoplifting
53.397319,-1.454095,burglary_biz
53.396324,-1.466725,burglary_biz
53.396207,-1.468606,robbery_biz
53.393622,-1.457601,burglary_biz
53.392745,-1.435161,burglary_biz
53.393622,-1.457601,burglary_biz
53.389639,-1.457193,burglary_biz
53.389639,-1.457193,shoplifting
53.389639,-1.457193,shoplifting
53.389639,-1.457193,shoplifting
53.389639,-1.457193,shoplifting
53.389639,-1.457193,shoplifting
53.389639,-1.457193,shoplifting
53.389639,-1.457193,shoplifting
53.389639,-1.457193,shoplifting
53.389639,-1.457193,shoplifting
53.389639,-1.457193,shoplifting
53.389639,-1.457193,shoplifting
53.389639,-1.457193,shoplifting
53.389639,-1.457193,shoplifting
53.389639,-1.457193,shoplifting
53.389639,-1.457193,shoplifting
53.389639,-1.457193,shoplifting
53.389639,-1.457193,shoplifting
53.389639,-1.457193,shoplifting
53.389639,-1.457193,shoplifting
53.389639,-1.457193,shoplifting
53.389639,-1.457193,shoplifting
53.389639,-1.457193,shoplifting
53.389639,-1.457193,shoplifting
53.389639,-1.457193,shoplifting
53.389639,-1.457193,shoplifting
53.389639,-1.457193,shoplifting
53.389639,-1.457193,shoplifting
53.389639,-1.457193,shoplifting
53.389639,-1.457193,shoplifting
53.389639,-1.457193,shoplifting
53.389639,-1.457193,shoplifting
53.389639,-1.457193,shoplifting
53.389639,-1.457193,shoplifting
53.389639,-1.457193,shoplifting
53.394877,-1.42793,theft_person
53.38639,-1.462369,burglary_biz
53.391148,-1.461031,burglary_biz
53.405989,-1.433963,burglary_biz
53.406916,-1.439862,burglary_biz
53.4098,-1.447346,burglary_biz
53.404675,-1.435424,shoplifting
53.393772,-1.540291,robbery_biz
53.393772,-1.540291,shoplifting
53.393772,-1.540291,shoplifting
53.393772,-1.540291,shoplifting
53.393772,-1.540291,shoplifting
53.393772,-1.540291,shoplifting
53.393772,-1.540291,shoplifting
53.392341,-1.532984,burglary_biz
53.392341,-1.532984,burglary_biz
53.391977,-1.498673,burglary_biz
53.390008,-1.500711,burglary_biz
53.390008,-1.500711,burglary_biz
53.395053,-1.501208,burglary_biz
53.392937,-1.504632,burglary_biz
53.393111,-1.529938,burglary_biz
53.392789,-1.528032,shoplifting
53.389382,-1.48251,robbery_biz
53.389382,-1.48251,shoplifting
53.389382,-1.48251,shoplifting
53.391546,-1.484047,burglary_biz
53.391474,-1.488018,robbery_biz
53.394665,-1.488175,robbery_biz
53.394665,-1.488175,shoplifting
53.394665,-1.488175,shoplifting
53.396917,-1.491366,burglary_biz
53.396728,-1.49767,burglary_biz
53.394374,-1.489397,burglary_biz
53.397921,-1.492858,burglary_biz
53.383806,-1.443835,burglary_biz
53.383806,-1.443835,shoplifting
53.383871,-1.401316,burglary_biz
53.391485,-1.410653,burglary_biz
53.383634,-1.402492,burglary_biz
53.387099,-1.408864,shoplifting
53.387099,-1.408864,shoplifting
53.387099,-1.408864,theft_person
53.388973,-1.422656,burglary_biz
53.385749,-1.415708,burglary_biz
53.387542,-1.504123,burglary_biz
53.385339,-1.507955,shoplifting
53.385339,-1.507955,shoplifting
53.385339,-1.507955,shoplifting
53.385339,-1.507955,shoplifting
53.385339,-1.507955,shoplifting
53.385339,-1.507955,shoplifting
53.385339,-1.507955,shoplifting
53.385339,-1.507955,shoplifting
53.385339,-1.507955,shoplifting
53.385339,-1.507955,shoplifting
53.385339,-1.507955,shoplifting
53.385753,-1.495484,shoplifting
53.384333,-1.50428,burglary_biz
53.384517,-1.501001,burglary_biz
53.384333,-1.50428,burglary_biz
53.388836,-1.504228,burglary_biz
53.387054,-1.501543,burglary_biz
53.382632,-1.505774,burglary_biz
53.383535,-1.509056,burglary_biz
53.387356,-1.509267,burglary_biz
53.379577,-1.489165,robbery_biz
53.379577,-1.489165,shoplifting
53.379577,-1.489165,shoplifting
53.379577,-1.489165,shoplifting
53.379577,-1.489165,shoplifting
53.379577,-1.489165,shoplifting
53.379577,-1.489165,shoplifting
53.379577,-1.489165,shoplifting
53.379577,-1.489165,shoplifting
53.379577,-1.489165,shoplifting
53.379577,-1.489165,shoplifting
53.379577,-1.489165,shoplifting
53.379577,-1.489165,shoplifting
53.379577,-1.489165,shoplifting
53.379577,-1.489165,shoplifting
53.379577,-1.489165,shoplifting
53.379577,-1.489165,shoplifting
53.379577,-1.489165,shoplifting
53.379577,-1.489165,shoplifting
53.379577,-1.489165,shoplifting
53.379577,-1.489165,shoplifting
53.379577,-1.489165,shoplifting
53.379577,-1.489165,shoplifting
53.379577,-1.489165,shoplifting
53.379577,-1.489165,shoplifting
53.379577,-1.489165,shoplifting
53.379577,-1.489165,shoplifting
53.379577,-1.489165,shoplifting
53.386258,-1.493734,burglary_biz
53.384726,-1.405288,burglary_biz
53.38415,-1.403282,burglary_biz
53.381028,-1.400815,burglary_biz
53.381028,-1.400815,burglary_biz
53.381705,-1.396055,burglary_biz
53.377541,-1.393964,burglary_biz
53.371949,-1.386679,burglary_biz
53.374612,-1.386741,burglary_biz
53.372157,-1.371255,shoplifting
53.382759,-1.412788,robbery_biz
53.383287,-1.419726,shoplifting
53.377841,-1.418071,burglary_biz
53.370098,-1.494286,burglary_biz
53.370029,-1.492058,burglary_biz
53.370029,-1.492058,burglary_biz
53.368657,-1.49567,robbery_biz
53.368997,-1.493142,shoplifting
53.368997,-1.493142,shoplifting
53.368997,-1.493142,shoplifting
53.368997,-1.493142,shoplifting
53.368997,-1.493142,shoplifting
53.375128,-1.493027,burglary_biz
53.373303,-1.503958,burglary_biz
53.375784,-1.396619,shoplifting
53.373006,-1.394765,burglary_biz
53.370853,-1.374716,burglary_biz
53.369056,-1.376425,burglary_biz
53.371205,-1.380016,burglary_biz
53.367681,-1.385297,burglary_biz
53.366923,-1.531143,shoplifting
53.368615,-1.424705,burglary_biz
53.365675,-1.433941,burglary_biz
53.366575,-1.432381,burglary_biz
53.361849,-1.428958,robbery_biz
53.365002,-1.428495,shoplifting
53.375226,-1.429441,burglary_biz
53.375226,-1.429441,shoplifting
53.374266,-1.414888,burglary_biz
53.374738,-1.42142,burglary_biz
53.376869,-1.423466,burglary_biz
53.375604,-1.412856,burglary_biz
53.374266,-1.414888,shoplifting
53.371551,-1.416744,shoplifting
53.374879,-1.426394,robbery_biz
53.366913,-1.480888,burglary_biz
53.36939,-1.477973,burglary_biz
53.366913,-1.480888,shoplifting
53.366913,-1.480888,shoplifting
53.369054,-1.481448,robbery_biz
53.365688,-1.486689,burglary_biz
53.370143,-1.490077,burglary_biz
53.366166,-1.48485,burglary_biz
53.366125,-1.487841,burglary_biz
53.370473,-1.489337,shoplifting
53.372173,-1.477292,burglary_biz
53.372797,-1.478096,shoplifting
53.372797,-1.478096,shoplifting
53.372797,-1.478096,shoplifting
53.370258,-1.552433,shoplifting
53.367414,-1.470287,burglary_biz
53.36072,-1.474773,burglary_biz
53.369862,-1.475036,burglary_biz
53.367931,-1.473256,burglary_biz
53.366037,-1.471822,robbery_biz
53.372182,-1.473114,robbery_biz
53.369862,-1.475036,shoplifting
53.363197,-1.482181,burglary_biz
53.360741,-1.479731,shoplifting
53.360741,-1.479731,shoplifting
53.376588,-1.463484,burglary_biz
53.373857,-1.469666,burglary_biz
53.376878,-1.465961,burglary_biz
53.375458,-1.47327,burglary_biz
53.375312,-1.467763,robbery_biz
53.376878,-1.465961,robbery_biz
53.375458,-1.47327,shoplifting
53.375458,-1.47327,shoplifting
53.374667,-1.476044,shoplifting
53.374667,-1.476044,shoplifting
53.376471,-1.471467,theft_person
53.376829,-1.470803,theft_person
53.368392,-1.445973,burglary_biz
53.371546,-1.459429,robbery_biz
53.370621,-1.461416,shoplifting
53.370621,-1.461416,shoplifting
53.367283,-1.439526,shoplifting
53.367283,-1.439526,shoplifting
53.367283,-1.439526,shoplifting
53.367283,-1.439526,shoplifting
53.358445,-1.454607,burglary_biz
53.361038,-1.45546,burglary_biz
53.362297,-1.366276,burglary_biz
53.356884,-1.367678,burglary_biz
53.368485,-1.370557,burglary_biz
53.365614,-1.40844,burglary_biz
53.36813,-1.498682,burglary_biz
53.36813,-1.498682,shoplifting
53.36813,-1.498682,shoplifting
53.36813,-1.498682,shoplifting
53.36813,-1.498682,shoplifting
53.36813,-1.498682,shoplifting
53.36813,-1.498682,shoplifting
53.364066,-1.504801,burglary_biz
53.364714,-1.50724,shoplifting
53.365582,-1.508345,burglary_biz
53.365765,-1.509155,burglary_biz
53.363263,-1.508477,shoplifting
53.363367,-1.434483,burglary_biz
53.360989,-1.431509,robbery_biz
53.359071,-1.448108,burglary_biz
53.361311,-1.446441,robbery_biz
53.357686,-1.432575,burglary_biz
53.359606,-1.437493,shoplifting
53.359606,-1.437493,shoplifting
53.359606,-1.437493,shoplifting
53.359606,-1.437493,shoplifting
53.359606,-1.437493,shoplifting
53.359606,-1.437493,shoplifting
53.359606,-1.437493,shoplifting
53.359606,-1.437493,shoplifting
53.359606,-1.437493,shoplifting
53.359606,-1.437493,shoplifting
53.359606,-1.437493,shoplifting
53.359606,-1.437493,shoplifting
53.359606,-1.437493,shoplifting
53.359606,-1.437493,shoplifting
53.358867,-1.370549,robbery_biz
53.356122,-1.39239,burglary_biz
53.360696,-1.384992,burglary_biz
53.355163,-1.370408,burglary_biz
53.357664,-1.370672,robbery_biz
53.35934,-1.373467,shoplifting
53.35934,-1.373467,shoplifting
53.35934,-1.373467,shoplifting
53.35934,-1.373467,shoplifting
53.35934,-1.373467,shoplifting
53.35934,-1.373467,shoplifting
53.35934,-1.373467,shoplifting
53.35934,-1.373467,shoplifting
53.356683,-1.487112,burglary_biz
53.35645,-1.485087,burglary_biz
53.35473,-1.488428,burglary_biz
53.357129,-1.492561,burglary_biz
53.359264,-1.489365,shoplifting
53.359264,-1.489365,shoplifting
53.35778,-1.464592,burglary_biz
53.35698,-1.458667,robbery_biz
53.356839,-1.449308,burglary_biz
53.359031,-1.458942,burglary_biz
53.355404,-1.448125,burglary_biz
53.355404,-1.448125,robbery_biz
53.355404,-1.448125,robbery_biz
53.355404,-1.448125,shoplifting
53.355404,-1.448125,shoplifting
53.368484,-1.464172,robbery_biz
53.367976,-1.464676,shoplifting
53.352336,-1.426456,burglary_biz
53.348996,-1.419499,burglary_biz
53.352967,-1.425065,burglary_biz
53.34852,-1.421775,robbery_biz
53.355795,-1.470882,theft_person
53.355718,-1.469741,theft_person
53.356804,-1.477706,shoplifting
53.349414,-1.471261,robbery_biz
53.350612,-1.442163,burglary_biz
53.354092,-1.428987,burglary_biz
53.354131,-1.43154,burglary_biz
53.345141,-1.425833,shoplifting
53.345141,-1.425833,shoplifting
53.345141,-1.425833,shoplifting
53.345141,-1.425833,shoplifting
53.345141,-1.425833,shoplifting
53.345141,-1.425833,shoplifting
53.345141,-1.425833,shoplifting
53.345141,-1.425833,shoplifting
53.34509,-1.504736,burglary_biz
53.341742,-1.505826,burglary_biz
53.35182,-1.338834,burglary_biz
53.350451,-1.336812,burglary_biz
53.349091,-1.367823,robbery_biz
53.35045,-1.348094,burglary_biz
53.346169,-1.350908,shoplifting
53.346169,-1.350908,shoplifting
53.346169,-1.350908,shoplifting
53.346169,-1.350908,shoplifting
53.346169,-1.350908,shoplifting
53.34189,-1.351147,shoplifting
53.346169,-1.350908,shoplifting
53.34189,-1.351147,shoplifting
53.34189,-1.351147,shoplifting
53.345293,-1.493107,shoplifting
53.348133,-1.490775,shoplifting
53.345293,-1.493107,shoplifting
53.348133,-1.490775,shoplifting
53.345293,-1.493107,shoplifting
53.345293,-1.493107,shoplifting
53.345293,-1.493107,shoplifting
53.348564,-1.480345,shoplifting
53.346139,-1.429528,robbery_biz
53.343802,-1.357027,shoplifting
53.343802,-1.357027,shoplifting
53.343802,-1.357027,shoplifting
53.343802,-1.357027,shoplifting
53.343802,-1.357027,shoplifting
53.343802,-1.357027,shoplifting
53.343802,-1.357027,shoplifting
53.340646,-1.370336,burglary_biz
53.340011,-1.365765,burglary_biz
53.34116,-1.362143,burglary_biz
53.337564,-1.36032,burglary_biz
53.346892,-1.335365,shoplifting
53.346892,-1.335365,shoplifting
53.345532,-1.471535,shoplifting
53.330957,-1.480694,burglary_biz
53.329907,-1.472989,theft_person
53.340363,-1.449663,shoplifting
53.340363,-1.449663,shoplifting
53.340363,-1.449663,shoplifting
53.340363,-1.449663,shoplifting
53.32721,-1.474764,burglary_biz
53.32721,-1.474764,shoplifting
53.327724,-1.467567,shoplifting
53.327724,-1.467567,shoplifting
53.327724,-1.467567,shoplifting
53.327724,-1.467567,shoplifting
53.327724,-1.467567,shoplifting
53.326165,-1.340371,burglary_biz
53.325258,-1.353612,burglary_biz
53.34269,-1.350825,shoplifting
53.34269,-1.350825,shoplifting
53.34269,-1.350825,shoplifting
53.34269,-1.350825,shoplifting
53.34269,-1.350825,shoplifting
53.34269,-1.350825,shoplifting
53.34269,-1.350825,shoplifting
53.34269,-1.350825,shoplifting
53.34269,-1.350825,shoplifting
53.34269,-1.350825,shoplifting
53.34269,-1.350825,shoplifting
53.335718,-1.490427,burglary_biz
53.327615,-1.528736,burglary_biz
53.328621,-1.542643,burglary_biz
53.327227,-1.540091,shoplifting
53.315656,-1.532425,shoplifting
53.312048,-1.536186,burglary_biz
53.340522,-1.564083,burglary_biz
53.338328,-1.523872,burglary_biz
53.338328,-1.523872,burglary_biz
53.32319,-1.484737,robbery_biz
53.319377,-1.492799,burglary_biz
53.321682,-1.49157,shoplifting
53.321682,-1.49157,shoplifting
53.321682,-1.49157,shoplifting
53.321682,-1.49157,shoplifting
53.321682,-1.49157,shoplifting
53.321682,-1.49157,shoplifting
53.321682,-1.49157,shoplifting
53.321682,-1.49157,shoplifting
53.321682,-1.49157,shoplifting
53.321682,-1.49157,shoplifting
53.321682,-1.49157,shoplifting
53.321682,-1.49157,shoplifting
53.321682,-1.49157,shoplifting
53.321682,-1.49157,shoplifting
53.321682,-1.49157,shoplifting
53.321682,-1.49157,shoplifting
53.321682,-1.49157,shoplifting
53.321682,-1.49157,shoplifting
53.321682,-1.49157,shoplifting
53.323033,-1.479664,burglary_biz
53.323863,-1.478228,burglary_biz
53.322805,-1.480958,shoplifting
53.318283,-1.504055,burglary_biz
53.319341,-1.501968,shoplifting
53.319341,-1.501968,shoplifting
53.319341,-1.501968,shoplifting
53.319341,-1.501968,shoplifting
53.319341,-1.501968,shoplifting
53.319341,-1.501968,shoplifting
53.319341,-1.501968,shoplifting
53.320917,-1.528584,burglary_biz
53.322065,-1.523257,shoplifting
53.322065,-1.523257,shoplifting
53.322065,-1.523257,shoplifting
53.322065,-1.523257,shoplifting
53.322065,-1.523257,shoplifting
53.322065,-1.523257,shoplifting
53.322065,-1.523257,shoplifting
53.322065,-1.523257,shoplifting
53.333829,-1.386925,burglary_biz
53.325127,-1.342894,shoplifting
53.325127,-1.342894,shoplifting
53.325127,-1.342894,shoplifting
53.325127,-1.342894,shoplifting
53.325127,-1.342894,theft_person
53.323842,-1.362822,shoplifting
53.32062,-1.35041,burglary_biz
53.383189,-1.476225,robbery_biz
53.383608,-1.471364,burglary_biz
53.386547,-1.471238,burglary_biz
53.383505,-1.470478,burglary_biz
53.388737,-1.472639,burglary_biz
53.384568,-1.471097,shoplifting
53.38417,-1.468305,shoplifting
53.388959,-1.476185,burglary_biz
53.383711,-1.464252,burglary_biz
53.382869,-1.464879,burglary_biz
53.381809,-1.468581,burglary_biz
53.382912,-1.466381,robbery_biz
53.382697,-1.468624,robbery_biz
53.383629,-1.465952,robbery_biz
53.382869,-1.464879,robbery_biz
53.382912,-1.466381,shoplifting
53.381809,-1.468581,shoplifting
53.381997,-1.470843,shoplifting
53.381809,-1.468581,shoplifting
53.381809,-1.468581,shoplifting
53.381809,-1.468581,shoplifting
53.381997,-1.470843,shoplifting
53.378326,-1.468062,shoplifting
53.383162,-1.468182,shoplifting
53.381809,-1.468581,shoplifting
53.381809,-1.468581,shoplifting
53.381809,-1.468581,shoplifting
53.381809,-1.468581,shoplifting
53.382912,-1.466381,shoplifting
53.381809,-1.468581,shoplifting
53.381809,-1.468581,shoplifting
53.378326,-1.468062,shoplifting
53.38282,-1.469961,shoplifting
53.381809,-1.468581,shoplifting
53.383162,-1.468182,shoplifting
53.381809,-1.468581,shoplifting
53.381809,-1.468581,shoplifting
53.381809,-1.468581,shoplifting
53.381997,-1.470843,shoplifting
53.381809,-1.468581,shoplifting
53.382912,-1.466381,shoplifting
53.381809,-1.468581,shoplifting
53.382912,-1.466381,shoplifting
53.381809,-1.468581,shoplifting
53.382295,-1.465186,theft_person
53.382289,-1.465818,theft_person
53.384735,-1.480401,shoplifting
53.384735,-1.480401,shoplifting
53.384735,-1.480401,shoplifting
53.378234,-1.47582,robbery_biz
53.37514,-1.483554,robbery_biz
53.375818,-1.474151,robbery_biz
53.376769,-1.473854,shoplifting
53.376769,-1.473854,shoplifting
53.376769,-1.473854,shoplifting
53.376769,-1.473854,shoplifting
53.375818,-1.474151,shoplifting
53.376572,-1.473946,shoplifting
53.376572,-1.473946,shoplifting
53.376769,-1.473854,shoplifting
53.376125,-1.473827,shoplifting
53.376769,-1.473854,shoplifting
53.376125,-1.473827,shoplifting
53.376125,-1.473827,shoplifting
53.375818,-1.474151,shoplifting
53.376769,-1.473854,shoplifting
53.375818,-1.474151,shoplifting
53.376125,-1.473827,shoplifting
53.375818,-1.474151,shoplifting
53.376125,-1.473827,shoplifting
53.375818,-1.474151,shoplifting
53.376125,-1.473827,shoplifting
53.376769,-1.473854,shoplifting
53.376769,-1.473854,shoplifting
53.376769,-1.473854,shoplifting
53.375818,-1.474151,shoplifting
53.376572,-1.473946,shoplifting
53.376769,-1.473854,shoplifting
53.376572,-1.473946,shoplifting
53.375818,-1.474151,shoplifting
53.37514,-1.483554,theft_person
53.377868,-1.47838,theft_person
53.380604,-1.471025,shoplifting
53.380041,-1.473829,shoplifting
53.377755,-1.471061,shoplifting
53.377755,-1.471061,shoplifting
53.380041,-1.473829,shoplifting
53.380604,-1.471025,shoplifting
53.380604,-1.471025,shoplifting
53.380041,-1.473829,shoplifting
53.380041,-1.473829,shoplifting
53.377755,-1.471061,shoplifting
53.377755,-1.471061,theft_person
53.382036,-1.471519,theft_person
53.380913,-1.475847,theft_person
53.380913,-1.475847,theft_person
53.380878,-1.474059,theft_person
53.380913,-1.475847,theft_person
53.380913,-1.475847,theft_person
53.379247,-1.471072,theft_person
53.379899,-1.478325,burglary_biz
53.379899,-1.478325,shoplifting
53.379899,-1.478325,theft_person
53.379969,-1.479653,theft_person
53.375397,-1.442846,burglary_biz
53.37663,-1.44504,burglary_biz
53.375305,-1.451986,shoplifting
53.382831,-1.444869,burglary_biz
53.38497,-1.452419,theft_person
53.384492,-1.458033,burglary_biz
53.384609,-1.460136,burglary_biz
53.385288,-1.463179,burglary_biz
53.383549,-1.463989,theft_person
53.34685,-1.398545,burglary_biz
53.348989,-1.39856,shoplifting
53.348989,-1.39856,shoplifting
53.348989,-1.39856,shoplifting
53.348989,-1.39856,shoplifting
53.348989,-1.39856,shoplifting
53.348989,-1.39856,shoplifting
53.348989,-1.39856,shoplifting
53.348989,-1.39856,shoplifting
53.348989,-1.39856,shoplifting
53.350927,-1.410356,burglary_biz
53.347465,-1.381742,burglary_biz
53.346896,-1.377665,shoplifting
53.346928,-1.390943,burglary_biz
53.342346,-1.396716,shoplifting
53.496033,-1.464773,burglary_biz
53.499673,-1.440646,burglary_biz
53.492279,-1.288977,burglary_biz
53.492115,-1.284247,burglary_biz
53.492279,-1.288977,burglary_biz
53.495322,-1.281464,shoplifting
53.494006,-1.271267,burglary_biz
53.495757,-1.272579,burglary_biz
53.495757,-1.272579,burglary_biz
53.49301,-1.2746,burglary_biz
53.492986,-1.2735,robbery_biz
53.493171,-1.290937,burglary_biz
53.493171,-1.290937,burglary_biz
53.493171,-1.290937,burglary_biz
53.493171,-1.290937,shoplifting
53.493171,-1.290937,shoplifting
53.493171,-1.290937,shoplifting
53.493171,-1.290937,shoplifting
53.493171,-1.290937,shoplifting
53.493171,-1.290937,shoplifting
53.493171,-1.290937,shoplifting
53.498433,-1.300693,burglary_biz
53.498433,-1.300693,burglary_biz
53.496784,-1.306101,burglary_biz
53.496784,-1.306101,shoplifting
53.493057,-1.285316,burglary_biz
53.494364,-1.292032,burglary_biz
53.494844,-1.295642,burglary_biz
53.494364,-1.292032,burglary_biz
53.482811,-1.2305,shoplifting
53.491307,-1.244921,shoplifting
53.491307,-1.244921,shoplifting
53.484604,-1.255288,robbery_biz
53.489588,-1.251599,burglary_biz
53.499147,-1.316932,shoplifting
53.499147,-1.316932,shoplifting
53.499147,-1.316932,shoplifting
53.499147,-1.316932,shoplifting
53.491379,-1.34069,burglary_biz
53.491379,-1.34069,burglary_biz
53.491379,-1.34069,burglary_biz
53.499778,-1.351173,robbery_biz
53.490517,-1.318412,burglary_biz
53.490153,-1.298854,burglary_biz
53.492141,-1.296063,burglary_biz
53.490178,-1.303255,burglary_biz
53.490153,-1.298854,burglary_biz
53.486891,-1.313075,burglary_biz
53.486578,-1.31323,shoplifting
53.486578,-1.31323,shoplifting
53.487159,-1.314306,shoplifting
53.483691,-1.31614,burglary_biz
53.485186,-1.315122,burglary_biz
53.472341,-1.355433,burglary_biz
53.473255,-1.364911,burglary_biz
53.473295,-1.364081,burglary_biz
53.47163,-1.343753,burglary_biz
53.47194,-1.346129,burglary_biz
53.467975,-1.350874,burglary_biz
53.467975,-1.350874,burglary_biz
53.470639,-1.348288,burglary_biz
53.470639,-1.348288,burglary_biz
53.470082,-1.349923,burglary_biz
53.470639,-1.348288,theft_person
53.466727,-1.339641,shoplifting
53.466727,-1.339641,shoplifting
53.466727,-1.339641,shoplifting
53.466727,-1.339641,shoplifting
53.466727,-1.339641,shoplifting
53.466727,-1.339641,shoplifting
53.466727,-1.339641,shoplifting
53.466727,-1.339641,shoplifting
53.466727,-1.339641,shoplifting
53.466727,-1.339641,shoplifting
53.466727,-1.339641,shoplifting
53.466727,-1.339641,shoplifting
53.466727,-1.339641,shoplifting
53.466727,-1.339641,shoplifting
53.466727,-1.339641,shoplifting
53.466727,-1.339641,shoplifting
53.466727,-1.339641,shoplifting
53.466727,-1.339641,shoplifting
53.466727,-1.339641,shoplifting
53.466727,-1.339641,shoplifting
53.466727,-1.339641,shoplifting
53.466727,-1.339641,shoplifting
53.466727,-1.339641,shoplifting
53.466727,-1.339641,shoplifting
53.466727,-1.339641,shoplifting
53.466727,-1.339641,shoplifting
53.466727,-1.339641,shoplifting
53.468011,-1.321815,burglary_biz
53.476546,-1.414553,burglary_biz
53.45854,-1.416005,burglary_biz
53.45854,-1.416005,burglary_biz
53.45854,-1.416005,burglary_biz
53.45881,-1.44043,burglary_biz
53.462688,-1.339086,burglary_biz
53.451131,-1.337955,shoplifting
53.451131,-1.337955,shoplifting
53.451131,-1.337955,shoplifting
53.451131,-1.337955,shoplifting
53.454921,-1.342264,burglary_biz
53.458938,-1.342126,burglary_biz
53.459502,-1.340054,burglary_biz
53.4546,-1.341004,burglary_biz
53.459297,-1.343506,burglary_biz
53.456649,-1.341002,burglary_biz
53.460218,-1.341067,robbery_biz
53.459815,-1.343655,robbery_biz
53.459815,-1.343655,shoplifting
53.459815,-1.343655,shoplifting
53.459815,-1.343655,shoplifting
53.459815,-1.343655,shoplifting
53.459949,-1.342804,shoplifting
53.459815,-1.343655,shoplifting
53.459815,-1.343655,shoplifting
53.459815,-1.343655,shoplifting
53.459297,-1.343506,shoplifting
53.459297,-1.343506,shoplifting
53.459297,-1.343506,shoplifting
53.459815,-1.343655,shoplifting
53.459815,-1.343655,shoplifting
53.459815,-1.343655,shoplifting
53.459815,-1.343655,shoplifting
53.456933,-1.343513,burglary_biz
53.456758,-1.344419,burglary_biz
53.447991,-1.343831,burglary_biz
53.452872,-1.338967,burglary_biz
53.456758,-1.344419,robbery_biz
53.451113,-1.344355,shoplifting
53.449549,-1.341127,shoplifting
53.451113,-1.344355,shoplifting
53.451113,-1.344355,shoplifting
53.451113,-1.344355,shoplifting
53.451113,-1.344355,shoplifting
53.451113,-1.344355,shoplifting
53.447956,-1.342615,shoplifting
53.449549,-1.341127,shoplifting
53.451113,-1.344355,shoplifting
53.451113,-1.344355,shoplifting
53.451113,-1.344355,shoplifting
53.451113,-1.344355,shoplifting
53.451113,-1.344355,shoplifting
53.451113,-1.344355,shoplifting
53.451113,-1.344355,shoplifting
53.451113,-1.344355,shoplifting
53.449549,-1.341127,shoplifting
53.447951,-1.34323,shoplifting
53.451293,-1.339594,shoplifting
53.451113,-1.344355,shoplifting
53.451113,-1.344355,shoplifting
53.449549,-1.341127,shoplifting
53.451113,-1.344355,shoplifting
53.449549,-1.341127,shoplifting
53.451113,-1.344355,theft_person
53.451805,-1.366104,robbery_biz
53.453849,-1.389114,burglary_biz
53.45364,-1.392385,burglary_biz
53.453849,-1.389114,burglary_biz
53.447947,-1.301236,burglary_biz
53.447485,-1.29903,shoplifting
53.46751,-1.270244,burglary_biz
53.443541,-1.319167,shoplifting
53.447861,-1.403158,shoplifting
53.447861,-1.403158,shoplifting
53.442945,-1.405123,robbery_biz
53.430569,-1.267731,burglary_biz
53.433322,-1.281457,burglary_biz
53.429403,-1.329473,robbery_biz
53.437422,-1.332915,robbery_biz
53.435099,-1.324115,robbery_biz
53.435099,-1.324115,robbery_biz
53.438344,-1.333683,burglary_biz
53.439789,-1.328587,burglary_biz
53.43301,-1.328363,burglary_biz
53.431698,-1.331499,burglary_biz
53.435327,-1.344071,burglary_biz
53.438135,-1.347957,burglary_biz
53.435278,-1.341799,burglary_biz
53.438598,-1.347258,robbery_biz
53.438598,-1.347258,robbery_biz
53.439326,-1.34392,shoplifting
53.439326,-1.34392,shoplifting
53.439326,-1.34392,shoplifting
53.439326,-1.34392,shoplifting
53.439326,-1.34392,shoplifting
53.439326,-1.34392,shoplifting
53.439326,-1.34392,shoplifting
53.439326,-1.34392,shoplifting
53.439326,-1.34392,shoplifting
53.439326,-1.34392,shoplifting
53.439326,-1.34392,shoplifting
53.439326,-1.34392,shoplifting
53.438598,-1.347258,theft_person
53.434571,-1.332493,burglary_biz
53.439484,-1.400254,shoplifting
53.433813,-1.392758,burglary_biz
53.430398,-1.401762,burglary_biz
53.42776,-1.395553,robbery_biz
53.431639,-1.382343,burglary_biz
53.432974,-1.372841,shoplifting
53.432974,-1.372841,shoplifting
53.431798,-1.38365,burglary_biz
53.435811,-1.384315,burglary_biz
53.423042,-1.352793,burglary_biz
53.423725,-1.354393,burglary_biz
53.429286,-1.34895,burglary_biz
53.430929,-1.355277,burglary_biz
53.437427,-1.355103,burglary_biz
53.430929,-1.355277,robbery_biz
53.433054,-1.354146,robbery_biz
53.432099,-1.365449,robbery_biz
53.433833,-1.353592,robbery_biz
53.433054,-1.354146,shoplifting
53.433054,-1.354146,shoplifting
53.43169,-1.354633,shoplifting
53.433054,-1.354146,shoplifting
53.43191,-1.357098,shoplifting
53.433054,-1.354146,shoplifting
53.433054,-1.354146,shoplifting
53.433054,-1.354146,shoplifting
53.433833,-1.353592,shoplifting
53.433054,-1.354146,shoplifting
53.43169,-1.354633,shoplifting
53.433054,-1.354146,shoplifting
53.43169,-1.354633,shoplifting
53.43169,-1.354633,shoplifting
53.433833,-1.353592,shoplifting
53.433833,-1.353592,shoplifting
53.433054,-1.354146,shoplifting
53.430929,-1.355277,shoplifting
53.433054,-1.354146,shoplifting
53.433833,-1.353592,shoplifting
53.43169,-1.354633,shoplifting
53.433054,-1.354146,shoplifting
53.43169,-1.354633,shoplifting
53.43191,-1.357098,shoplifting
53.433054,-1.354146,shoplifting
53.433054,-1.354146,shoplifting
53.430929,-1.355277,shoplifting
53.433054,-1.354146,shoplifting
53.432099,-1.365449,shoplifting
53.432099,-1.365449,shoplifting
53.433054,-1.354146,shoplifting
53.430929,-1.355277,shoplifting
53.432099,-1.365449,shoplifting
53.43169,-1.354633,shoplifting
53.433054,-1.354146,shoplifting
53.430929,-1.355277,shoplifting
53.430929,-1.355277,theft_person
53.433054,-1.354146,theft_person
53.42777,-1.349515,theft_person
53.438803,-1.351936,burglary_biz
53.437625,-1.350088,burglary_biz
53.437087,-1.346965,burglary_biz
53.438066,-1.34853,burglary_biz
53.426607,-1.256377,burglary_biz
53.42676,-1.278377,robbery_biz
53.420327,-1.284911,shoplifting
53.420327,-1.284911,shoplifting
53.422278,-1.280469,shoplifting
53.420327,-1.284911,shoplifting
53.420327,-1.284911,shoplifting
53.420327,-1.284911,shoplifting
53.420327,-1.284911,shoplifting
53.420695,-1.2834,shoplifting
53.420327,-1.284911,shoplifting
53.420327,-1.284911,shoplifting
53.420327,-1.284911,shoplifting
53.420327,-1.284911,shoplifting
53.422522,-1.289704,burglary_biz
53.430225,-1.277701,robbery_biz
53.430225,-1.277701,shoplifting
53.430225,-1.277701,shoplifting
53.430225,-1.277701,shoplifting
53.430225,-1.277701,shoplifting
53.430225,-1.277701,shoplifting
53.430225,-1.277701,shoplifting
53.430225,-1.277701,shoplifting
53.430225,-1.277701,shoplifting
53.430225,-1.277701,shoplifting
53.430225,-1.277701,shoplifting
53.430225,-1.277701,shoplifting
53.428636,-1.285464,shoplifting
53.428636,-1.285464,shoplifting
53.428636,-1.285464,shoplifting
53.424713,-1.326613,burglary_biz
53.420237,-1.318678,burglary_biz
53.4193,-1.307423,shoplifting
53.4193,-1.307423,shoplifting
53.420249,-1.306159,shoplifting
53.421062,-1.348986,robbery_biz
53.421062,-1.348986,shoplifting
53.421062,-1.348986,shoplifting
53.421062,-1.348986,shoplifting
53.421062,-1.348986,shoplifting
53.421062,-1.348986,shoplifting
53.421062,-1.348986,shoplifting
53.421062,-1.348986,shoplifting
53.421062,-1.348986,shoplifting
53.421062,-1.348986,shoplifting
53.421062,-1.348986,shoplifting
53.421062,-1.348986,shoplifting
53.421062,-1.348986,shoplifting
53.421062,-1.348986,shoplifting
53.421062,-1.348986,shoplifting
53.421062,-1.348986,shoplifting
53.415285,-1.339746,burglary_biz
53.418185,-1.344004,burglary_biz
53.415285,-1.339746,burglary_biz
53.426235,-1.351495,burglary_biz
53.403955,-1.360332,shoplifting
53.403955,-1.360332,shoplifting
53.403955,-1.360332,shoplifting
53.403955,-1.360332,shoplifting
53.376928,-1.318513,burglary_biz
53.394456,-1.249569,burglary_biz
53.393963,-1.267187,burglary_biz
53.396986,-1.258027,shoplifting
53.396986,-1.258027,shoplifting
53.38727,-1.366762,burglary_biz
53.38727,-1.366762,burglary_biz
53.385831,-1.368407,burglary_biz
53.385831,-1.368407,burglary_biz
53.391116,-1.374002,shoplifting
53.397519,-1.357,shoplifting
53.380752,-1.36988,burglary_biz
53.37054,-1.231638,burglary_biz
53.378372,-1.231325,shoplifting
53.369749,-1.317425,robbery_biz
53.361053,-1.31525,burglary_biz
53.362831,-1.316529,burglary_biz
53.361813,-1.336891,burglary_biz
53.341024,-1.275274,burglary_biz
53.341038,-1.27619,burglary_biz
53.342272,-1.266286,burglary_biz
53.342272,-1.266286,burglary_biz
53.342272,-1.266286,burglary_biz
53.341038,-1.27619,shoplifting
53.341038,-1.27619,shoplifting
53.340413,-1.266483,burglary_biz
53.337473,-1.279794,burglary_biz
53.319261,-1.278134,shoplifting
53.341126,-1.265464,shoplifting
53.340703,-1.271344,shoplifting
53.341126,-1.265464,shoplifting
53.319261,-1.278134,shoplifting
53.314399,-1.26076,burglary_biz
53.423396,-1.260421,burglary_biz
53.423447,-1.257034,shoplifting
53.423447,-1.257034,shoplifting
53.423447,-1.257034,shoplifting
53.423099,-1.274978,burglary_biz
53.40273,-1.27018,burglary_biz
53.406466,-1.333098,burglary_biz
53.481414,-1.590955,burglary_biz
53.481891,-1.593497,burglary_biz
53.483822,-1.598602,burglary_biz
53.482763,-1.596442,burglary_biz
53.482171,-1.587946,shoplifting
53.483238,-1.588135,shoplifting
53.482171,-1.587946,shoplifting
53.476176,-1.599398,shoplifting
53.475791,-1.597172,burglary_biz
53.475791,-1.597172,burglary_biz
53.473555,-1.571988,burglary_biz
53.476747,-1.569635,burglary_biz
53.472309,-1.572904,burglary_biz
53.473732,-1.495134,burglary_biz
53.460378,-1.491783,burglary_biz
53.474575,-1.486416,shoplifting
53.474575,-1.486416,shoplifting
53.474575,-1.486416,shoplifting
53.472304,-1.4892,burglary_biz
53.471523,-1.483003,burglary_biz
53.468032,-1.476086,burglary_biz
53.468793,-1.487811,shoplifting
53.468793,-1.487811,shoplifting
53.468793,-1.487811,shoplifting
53.468793,-1.487811,shoplifting
53.468793,-1.487811,shoplifting
53.46164,-1.480468,shoplifting
53.46164,-1.480468,shoplifting
53.46164,-1.480468,shoplifting
53.46164,-1.480468,shoplifting
53.469365,-1.476687,shoplifting
53.46165,-1.465832,shoplifting
53.461784,-1.467773,shoplifting
53.461784,-1.467773,shoplifting
53.46165,-1.465832,shoplifting
53.461784,-1.467773,shoplifting
53.461037,-1.479862,shoplifting
53.458571,-1.481082,robbery_biz
53.446251,-1.457669,burglary_biz
53.453758,-1.453989,burglary_biz
53.445686,-1.463924,shoplifting
53.445686,-1.463924,shoplifting
53.445686,-1.463924,shoplifting
53.445686,-1.463924,shoplifting
53.445686,-1.463924,shoplifting
53.445686,-1.463924,shoplifting
53.444292,-1.459621,shoplifting
53.435029,-1.493546,burglary_biz
53.431361,-1.501928,burglary_biz
53.431788,-1.459629,burglary_biz
53.433227,-1.467663,burglary_biz
53.431235,-1.440852,shoplifting
53.43192,-1.451018,burglary_biz
53.434546,-1.45133,burglary_biz
53.424579,-1.536573,robbery_biz
53.429287,-1.598078,burglary_biz
53.451975,-1.555023,burglary_biz
53.432045,-1.533301,shoplifting
53.432057,-1.481691,burglary_biz
53.431576,-1.478596,shoplifting
53.431576,-1.478596,shoplifting
53.431576,-1.478596,shoplifting
53.428108,-1.487202,shoplifting
53.428108,-1.487202,shoplifting
53.428108,-1.487202,theft_person
53.423065,-1.444962,theft_person
53.424222,-1.450169,shoplifting
53.424222,-1.450169,shoplifting
53.424222,-1.450169,shoplifting
53.424222,-1.450169,shoplifting
53.420974,-1.455357,shoplifting
53.426925,-1.461391,burglary_biz
53.41808,-1.494424,shoplifting
53.422584,-1.491846,shoplifting
53.418754,-1.479776,robbery_biz
53.418754,-1.479776,robbery_biz
53.418754,-1.479776,shoplifting
53.418754,-1.479776,shoplifting
53.418754,-1.479776,shoplifting
53.418754,-1.479776,shoplifting
53.418754,-1.479776,shoplifting
53.418754,-1.479776,shoplifting
53.418754,-1.479776,shoplifting
53.418754,-1.479776,shoplifting
53.418425,-1.45241,burglary_biz
53.418908,-1.44867,shoplifting
53.418961,-1.434182,burglary_biz
53.418961,-1.434182,burglary_biz
53.415028,-1.42951,burglary_biz
53.413798,-1.420349,burglary_biz
53.415156,-1.468807,burglary_biz
53.416573,-1.480299,robbery_biz
53.419826,-1.47397,burglary_biz
53.404129,-1.507044,burglary_biz
53.402644,-1.502338,shoplifting
53.402644,-1.502338,shoplifting
53.402644,-1.502338,shoplifting
53.402644,-1.502338,theft_person
53.402644,-1.502338,theft_person
53.402644,-1.502338,theft_person
53.414113,-1.502144,burglary_biz
53.418737,-1.496794,burglary_biz
53.418405,-1.496956,robbery_biz
53.418405,-1.496956,shoplifting
53.418405,-1.496956,shoplifting
53.418405,-1.496956,shoplifting
53.401523,-1.494365,burglary_biz
53.404048,-1.503018,shoplifting
53.402345,-1.497393,shoplifting
53.408918,-1.391578,burglary_biz
53.410282,-1.392837,burglary_biz
53.394371,-1.414267,burglary_biz
53.398646,-1.406222,burglary_biz
53.393549,-1.415421,burglary_biz
53.398646,-1.406222,burglary_biz
53.405627,-1.409314,burglary_biz
53.414119,-1.410731,shoplifting
53.414925,-1.409968,shoplifting
53.414925,-1.409968,shoplifting
53.406551,-1.40888,shoplifting
53.414961,-1.411893,shoplifting
53.414961,-1.411893,shoplifting
53.414961,-1.411893,shoplifting
53.4124,-1.412139,shoplifting
53.405627,-1.409314,shoplifting
53.4124,-1.412139,shoplifting
53.414119,-1.410731,shoplifting
53.414961,-1.411893,shoplifting
53.414961,-1.411893,shoplifting
53.4124,-1.412139,shoplifting
53.4124,-1.412139,shoplifting
53.405627,-1.409314,shoplifting
53.414961,-1.411893,shoplifting
53.414961,-1.411893,shoplifting
53.414961,-1.411893,shoplifting
53.4124,-1.412139,shoplifting
53.4124,-1.412139,shoplifting
53.414119,-1.410731,shoplifting
53.414961,-1.411893,shoplifting
53.4124,-1.412139,shoplifting
53.414961,-1.411893,shoplifting
53.406551,-1.40888,shoplifting
53.414925,-1.409968,shoplifting
53.414961,-1.411893,shoplifting
53.4124,-1.412139,shoplifting
53.414925,-1.409968,shoplifting
53.4124,-1.412139,shoplifting
53.414119,-1.410731,shoplifting
53.414925,-1.409968,shoplifting
53.414119,-1.410731,shoplifting
53.414119,-1.410731,shoplifting
53.414961,-1.411893,shoplifting
53.414119,-1.410731,shoplifting
53.405627,-1.409314,shoplifting
53.414961,-1.411893,shoplifting
53.405627,-1.409314,shoplifting
53.414961,-1.411893,shoplifting
53.414119,-1.410731,shoplifting
53.414961,-1.411893,shoplifting
53.414119,-1.410731,shoplifting
53.414961,-1.411893,shoplifting
53.4124,-1.412139,shoplifting
53.4124,-1.412139,shoplifting
53.4124,-1.412139,shoplifting
53.4124,-1.412139,shoplifting
53.414961,-1.411893,shoplifting
53.405627,-1.409314,shoplifting
53.414925,-1.409968,shoplifting
53.4124,-1.412139,shoplifting
53.414961,-1.411893,shoplifting
53.414961,-1.411893,shoplifting
53.414119,-1.410731,shoplifting
53.4124,-1.412139,theft_person
53.414925,-1.409968,theft_person
53.4124,-1.412139,theft_person
53.414961,-1.411893,theft_person
53.4124,-1.412139,theft_person
53.401117,-1.46304,burglary_biz
53.40344,-1.46611,burglary_biz
53.401758,-1.46968,theft_person
53.410936,-1.471868,burglary_biz
53.410993,-1.468678,burglary_biz
53.412957,-1.471542,shoplifting
53.412957,-1.471542,shoplifting
53.412957,-1.471542,theft_person
53.400104,-1.453849,burglary_biz
53.40175,-1.46207,robbery_biz
53.401847,-1.453676,burglary_biz
53.402725,-1.452928,burglary_biz
53.404656,-1.468591,burglary_biz
53.404777,-1.449698,burglary_biz
53.399563,-1.451555,burglary_biz
53.400814,-1.451734,burglary_biz
53.400814,-1.451734,burglary_biz
53.406812,-1.452424,robbery_biz
53.406812,-1.452424,shoplifting
53.406812,-1.452424,shoplifting
53.406812,-1.452424,shoplifting
53.406812,-1.452424,shoplifting
53.406323,-1.4575,burglary_biz
53.406783,-1.453838,robbery_biz
53.401302,-1.512656,shoplifting
53.401302,-1.512656,shoplifting
53.393507,-1.465843,burglary_biz
53.412046,-1.444037,burglary_biz
53.391608,-1.457416,burglary_biz
53.396207,-1.435416,burglary_biz
53.389639,-1.457193,shoplifting
53.389639,-1.457193,shoplifting
53.389639,-1.457193,shoplifting
53.389639,-1.457193,shoplifting
53.389639,-1.457193,shoplifting
53.389639,-1.457193,shoplifting
53.389639,-1.457193,shoplifting
53.389639,-1.457193,shoplifting
53.389639,-1.457193,shoplifting
53.389639,-1.457193,shoplifting
53.389639,-1.457193,shoplifting
53.389639,-1.457193,shoplifting
53.389639,-1.457193,shoplifting
53.389639,-1.457193,shoplifting
53.389639,-1.457193,shoplifting
53.389639,-1.457193,shoplifting
53.389639,-1.457193,shoplifting
53.389639,-1.457193,shoplifting
53.389639,-1.457193,shoplifting
53.389639,-1.457193,shoplifting
53.389639,-1.457193,shoplifting
53.389639,-1.457193,shoplifting
53.389639,-1.457193,shoplifting
53.389639,-1.457193,shoplifting
53.389639,-1.457193,shoplifting
53.389639,-1.457193,shoplifting
53.389639,-1.457193,shoplifting
53.389639,-1.457193,shoplifting
53.389639,-1.457193,shoplifting
53.389639,-1.457193,shoplifting
53.389639,-1.457193,shoplifting
53.389639,-1.457193,shoplifting
53.389639,-1.457193,shoplifting
53.389639,-1.457193,shoplifting
53.389639,-1.457193,shoplifting
53.389639,-1.457193,shoplifting
53.389639,-1.457193,shoplifting
53.389639,-1.457193,shoplifting
53.389639,-1.457193,shoplifting
53.389639,-1.457193,shoplifting
53.389639,-1.457193,shoplifting
53.389639,-1.457193,shoplifting
53.389639,-1.457193,shoplifting
53.389639,-1.457193,shoplifting
53.389639,-1.457193,shoplifting
53.389639,-1.457193,shoplifting
53.389639,-1.457193,shoplifting
53.389639,-1.457193,shoplifting
53.389639,-1.457193,shoplifting
53.389639,-1.457193,shoplifting
53.389639,-1.457193,shoplifting
53.389639,-1.457193,shoplifting
53.389639,-1.457193,shoplifting
53.391608,-1.457416,theft_person
53.387172,-1.462359,burglary_biz
53.39604,-1.477722,burglary_biz
53.38627,-1.463588,burglary_biz
53.39604,-1.477722,burglary_biz
53.390375,-1.47107,shoplifting
53.391235,-1.476638,shoplifting
53.391148,-1.461031,theft_person
53.410381,-1.444616,burglary_biz
53.4098,-1.447346,burglary_biz
53.4098,-1.447346,burglary_biz
53.409483,-1.444868,burglary_biz
53.407417,-1.447197,burglary_biz
53.382511,-1.593076,burglary_biz
53.401804,-1.537046,burglary_biz
53.392895,-1.543696,burglary_biz
53.392341,-1.532984,shoplifting
53.396162,-1.510685,burglary_biz
53.396162,-1.510685,burglary_biz
53.399298,-1.508273,burglary_biz
53.400788,-1.503443,burglary_biz
53.398109,-1.50985,burglary_biz
53.398109,-1.50985,burglary_biz
53.398109,-1.50985,burglary_biz
53.391447,-1.513972,burglary_biz
53.390853,-1.48374,burglary_biz
53.389382,-1.48251,burglary_biz
53.389382,-1.48251,shoplifting
53.389382,-1.48251,shoplifting
53.389382,-1.48251,shoplifting
53.383628,-1.488262,burglary_biz
53.383415,-1.482792,burglary_biz
53.393795,-1.486501,burglary_biz
53.389906,-1.48936,burglary_biz
53.394665,-1.488175,shoplifting
53.394665,-1.488175,shoplifting
53.394665,-1.488175,shoplifting
53.398733,-1.493586,burglary_biz
53.393355,-1.492913,burglary_biz
53.383806,-1.443835,shoplifting
53.388704,-1.411623,burglary_biz
53.383551,-1.402193,robbery_biz
53.387099,-1.408864,shoplifting
53.388973,-1.422656,burglary_biz
53.388973,-1.422656,burglary_biz
53.385339,-1.507955,shoplifting
53.385339,-1.507955,shoplifting
53.385339,-1.507955,shoplifting
53.385339,-1.507955,shoplifting
53.38598,-1.506832,theft_person
53.385753,-1.495484,shoplifting
53.385753,-1.495484,shoplifting
53.379601,-1.518662,burglary_biz
53.379601,-1.518662,shoplifting
53.379601,-1.518662,shoplifting
53.382239,-1.508619,burglary_biz
53.388411,-1.510067,burglary_biz
53.379528,-1.483832,burglary_biz
53.380533,-1.485548,burglary_biz
53.379577,-1.489165,robbery_biz
53.379577,-1.489165,shoplifting
53.379577,-1.489165,shoplifting
53.379577,-1.489165,shoplifting
53.379577,-1.489165,shoplifting
53.380533,-1.485548,shoplifting
53.379577,-1.489165,shoplifting
53.379577,-1.489165,shoplifting
53.379577,-1.489165,shoplifting
53.379577,-1.489165,shoplifting
53.379577,-1.489165,shoplifting
53.379577,-1.489165,shoplifting
53.379577,-1.489165,shoplifting
53.379577,-1.489165,shoplifting
53.379577,-1.489165,shoplifting
53.379577,-1.489165,shoplifting
53.379577,-1.489165,shoplifting
53.379577,-1.489165,shoplifting
53.379577,-1.489165,shoplifting
53.379577,-1.489165,shoplifting
53.379577,-1.489165,shoplifting
53.379577,-1.489165,shoplifting
53.379577,-1.489165,shoplifting
53.379577,-1.489165,shoplifting
53.379577,-1.489165,shoplifting
53.379577,-1.489165,shoplifting
53.379577,-1.489165,shoplifting
53.379577,-1.489165,shoplifting
53.379577,-1.489165,shoplifting
53.379577,-1.489165,shoplifting
53.379577,-1.489165,shoplifting
53.379577,-1.489165,shoplifting
53.379577,-1.489165,shoplifting
53.379577,-1.489165,shoplifting
53.379577,-1.489165,shoplifting
53.379577,-1.489165,shoplifting
53.379577,-1.489165,shoplifting
53.379577,-1.489165,shoplifting
53.379579,-1.495812,theft_person
53.377216,-1.500304,theft_person
53.388434,-1.493963,burglary_biz
53.385432,-1.407955,burglary_biz
53.375867,-1.393522,shoplifting
53.375867,-1.393522,shoplifting
53.372157,-1.371255,burglary_biz
53.382601,-1.415406,burglary_biz
53.383287,-1.419726,shoplifting
53.383287,-1.419726,shoplifting
53.383287,-1.419726,shoplifting
53.383287,-1.419726,shoplifting
53.383287,-1.419726,shoplifting
53.377788,-1.414479,burglary_biz
53.387886,-1.522387,burglary_biz
53.368997,-1.493142,robbery_biz
53.368997,-1.493142,shoplifting
53.368997,-1.493142,shoplifting
53.368997,-1.493142,shoplifting
53.368997,-1.493142,shoplifting
53.368997,-1.493142,shoplifting
53.375784,-1.396619,robbery_biz
53.375784,-1.396619,shoplifting
53.370853,-1.374716,robbery_biz
53.37277,-1.507571,burglary_biz
53.37045,-1.516315,burglary_biz
53.368789,-1.427287,burglary_biz
53.372623,-1.432,burglary_biz
53.371551,-1.416744,shoplifting
53.371551,-1.416744,shoplifting
53.374266,-1.414888,shoplifting
53.372371,-1.426367,burglary_biz
53.36939,-1.477973,burglary_biz
53.366913,-1.480888,shoplifting
53.366913,-1.480888,shoplifting
53.366913,-1.480888,shoplifting
53.366913,-1.480888,shoplifting
53.366913,-1.480888,shoplifting
53.366913,-1.480888,shoplifting
53.371811,-1.47668,shoplifting
53.366913,-1.480888,shoplifting
53.366913,-1.480888,shoplifting
53.366913,-1.480888,shoplifting
53.372797,-1.478096,shoplifting
53.372797,-1.478096,shoplifting
53.372774,-1.480982,burglary_biz
53.370131,-1.482953,robbery_biz
53.368112,-1.557866,burglary_biz
53.363922,-1.543092,burglary_biz
53.367683,-1.467954,burglary_biz
53.364903,-1.473564,burglary_biz
53.36986,-1.470512,robbery_biz
53.367414,-1.470287,shoplifting
53.36986,-1.470512,theft_person
53.368637,-1.474345,burglary_biz
53.369509,-1.476558,burglary_biz
53.368475,-1.476331,robbery_biz
53.369862,-1.475036,shoplifting
53.360741,-1.479731,shoplifting
53.360741,-1.479731,shoplifting
53.37367,-1.468105,burglary_biz
53.375458,-1.47327,shoplifting
53.375458,-1.47327,shoplifting
53.366895,-1.452801,burglary_biz
53.366672,-1.45112,burglary_biz
53.364845,-1.448679,burglary_biz
53.366672,-1.45112,burglary_biz
53.362608,-1.458791,burglary_biz
53.370621,-1.461416,shoplifting
53.370621,-1.461416,shoplifting
53.367283,-1.439526,burglary_biz
53.367283,-1.439526,shoplifting
53.367283,-1.439526,shoplifting
53.367283,-1.439526,shoplifting
53.367283,-1.439526,shoplifting
53.360484,-1.458217,burglary_biz
53.361038,-1.45546,burglary_biz
53.361038,-1.45546,burglary_biz
53.361038,-1.45546,burglary_biz
53.365585,-1.400866,burglary_biz
53.362732,-1.396488,burglary_biz
53.361056,-1.40108,burglary_biz
53.362288,-1.404819,robbery_biz
53.361742,-1.405933,shoplifting
53.361074,-1.39573,burglary_biz
53.364106,-1.403502,burglary_biz
53.365218,-1.406537,burglary_biz
53.364827,-1.407429,burglary_biz
53.36813,-1.498682,shoplifting
53.36813,-1.498682,shoplifting
53.36813,-1.498682,shoplifting
53.364206,-1.501854,burglary_biz
53.366447,-1.504488,burglary_biz
53.364206,-1.501854,burglary_biz
53.361998,-1.509138,burglary_biz
53.363263,-1.508477,shoplifting
53.360535,-1.516066,burglary_biz
53.360007,-1.42739,burglary_biz
53.359829,-1.427756,robbery_biz
53.359395,-1.44044,burglary_biz
53.360806,-1.434637,burglary_biz
53.359606,-1.437493,robbery_biz
53.359606,-1.437493,robbery_biz
53.359606,-1.437493,shoplifting
53.359606,-1.437493,shoplifting
53.359606,-1.437493,shoplifting
53.359606,-1.437493,shoplifting
53.359606,-1.437493,shoplifting
53.359606,-1.437493,shoplifting
53.359606,-1.437493,shoplifting
53.359606,-1.437493,shoplifting
53.359606,-1.437493,shoplifting
53.359606,-1.437493,shoplifting
53.359606,-1.437493,shoplifting
53.359606,-1.437493,shoplifting
53.359606,-1.437493,shoplifting
53.359606,-1.437493,shoplifting
53.359606,-1.437493,shoplifting
53.359606,-1.437493,shoplifting
53.359606,-1.437493,shoplifting
53.356539,-1.442927,theft_person
53.360392,-1.363163,shoplifting
53.360844,-1.391181,robbery_biz
53.360844,-1.391181,robbery_biz
53.361944,-1.381232,burglary_biz
53.356545,-1.371695,burglary_biz
53.355163,-1.370408,burglary_biz
53.357283,-1.373412,robbery_biz
53.35934,-1.373467,robbery_biz
53.35934,-1.373467,shoplifting
53.35934,-1.373467,shoplifting
53.35934,-1.373467,shoplifting
53.35934,-1.373467,shoplifting
53.35934,-1.373467,shoplifting
53.35934,-1.373467,shoplifting
53.35934,-1.373467,shoplifting
53.35934,-1.373467,shoplifting
53.35934,-1.373467,shoplifting
53.35934,-1.373467,shoplifting
53.35934,-1.373467,shoplifting
53.35934,-1.373467,shoplifting
53.35934,-1.373467,shoplifting
53.35934,-1.373467,shoplifting
53.35934,-1.373467,shoplifting
53.35934,-1.373467,shoplifting
53.35934,-1.373467,shoplifting
53.35934,-1.373467,shoplifting
53.35934,-1.373467,shoplifting
53.35934,-1.373467,shoplifting
53.35934,-1.373467,shoplifting
53.35934,-1.373467,shoplifting
53.35934,-1.373467,shoplifting
53.35934,-1.373467,shoplifting
53.35934,-1.373467,shoplifting
53.35934,-1.373467,shoplifting
53.35934,-1.373467,shoplifting
53.35934,-1.373467,shoplifting
53.35934,-1.373467,shoplifting
53.35934,-1.373467,shoplifting
53.35934,-1.373467,shoplifting
53.357779,-1.482772,burglary_biz
53.353102,-1.488372,burglary_biz
53.368216,-1.491362,burglary_biz
53.360091,-1.493683,burglary_biz
53.359264,-1.489365,shoplifting
53.359264,-1.489365,shoplifting
53.359264,-1.489365,shoplifting
53.359264,-1.489365,shoplifting
53.359264,-1.489365,shoplifting
53.359264,-1.489365,shoplifting
53.355656,-1.461899,burglary_biz
53.359232,-1.463556,shoplifting
53.359232,-1.463556,shoplifting
53.363855,-1.466169,burglary_biz
53.368484,-1.464172,shoplifting
53.353676,-1.415546,burglary_biz
53.357178,-1.411201,burglary_biz
53.352967,-1.425065,burglary_biz
53.357097,-1.476755,shoplifting
53.35149,-1.479213,robbery_biz
53.350612,-1.442163,burglary_biz
53.350268,-1.437811,burglary_biz
53.349476,-1.433765,burglary_biz
53.345141,-1.425833,shoplifting
53.345141,-1.425833,shoplifting
53.345141,-1.425833,shoplifting
53.345141,-1.425833,shoplifting
53.345141,-1.425833,shoplifting
53.345141,-1.425833,shoplifting
53.345141,-1.425833,shoplifting
53.351594,-1.514695,burglary_biz
53.35182,-1.338834,burglary_biz
53.35182,-1.338834,robbery_biz
53.349344,-1.338241,burglary_biz
53.34189,-1.351147,robbery_biz
53.346169,-1.350908,shoplifting
53.346169,-1.350908,shoplifting
53.346169,-1.350908,shoplifting
53.34189,-1.351147,theft_person
53.34189,-1.351147,theft_person
53.345293,-1.493107,robbery_biz
53.345293,-1.493107,robbery_biz
53.345293,-1.493107,shoplifting
53.345293,-1.493107,shoplifting
53.348133,-1.490775,shoplifting
53.345293,-1.493107,shoplifting
53.348133,-1.490775,shoplifting
53.348133,-1.490775,shoplifting
53.348133,-1.490775,shoplifting
53.345293,-1.493107,shoplifting
53.345293,-1.493107,shoplifting
53.345293,-1.493107,shoplifting
53.348133,-1.490775,shoplifting
53.345293,-1.493107,shoplifting
53.348133,-1.490775,shoplifting
53.345293,-1.493107,shoplifting
53.33953,-1.486552,burglary_biz
53.343964,-1.437143,burglary_biz
53.346054,-1.445842,burglary_biz
53.345553,-1.358413,burglary_biz
53.345488,-1.369754,burglary_biz
53.3442,-1.360282,shoplifting
53.343802,-1.357027,shoplifting
53.345553,-1.358413,shoplifting
53.345553,-1.358413,shoplifting
53.3442,-1.360282,shoplifting
53.344307,-1.357183,shoplifting
53.3442,-1.360282,shoplifting
53.343802,-1.357027,shoplifting
53.345553,-1.358413,shoplifting
53.343802,-1.357027,shoplifting
53.3442,-1.360282,shoplifting
53.341924,-1.384361,burglary_biz
53.342981,-1.4214,shoplifting
53.344079,-1.410675,burglary_biz
53.347781,-1.417745,robbery_biz
53.344578,-1.424457,robbery_biz
53.346892,-1.335365,shoplifting
53.346892,-1.335365,shoplifting
53.346892,-1.335365,shoplifting
53.346892,-1.335365,shoplifting
53.346892,-1.335365,shoplifting
53.346892,-1.335365,shoplifting
53.346892,-1.335365,shoplifting
53.346892,-1.335365,shoplifting
53.346892,-1.335365,shoplifting
53.346892,-1.335365,shoplifting
53.346892,-1.335365,shoplifting
53.346892,-1.335365,shoplifting
53.336849,-1.333178,burglary_biz
53.345532,-1.471535,robbery_biz
53.332633,-1.479713,burglary_biz
53.341315,-1.451266,burglary_biz
53.340363,-1.449663,burglary_biz
53.339443,-1.452686,burglary_biz
53.340363,-1.449663,burglary_biz
53.337414,-1.450898,robbery_biz
53.340363,-1.449663,shoplifting
53.340363,-1.449663,shoplifting
53.327724,-1.467567,shoplifting
53.327724,-1.467567,shoplifting
53.327724,-1.467567,shoplifting
53.327724,-1.467567,shoplifting
53.327724,-1.467567,shoplifting
53.327724,-1.467567,shoplifting
53.327491,-1.333174,burglary_biz
53.332072,-1.350476,burglary_biz
53.330387,-1.352934,burglary_biz
53.34269,-1.350825,shoplifting
53.34269,-1.350825,shoplifting
53.34269,-1.350825,shoplifting
53.34269,-1.350825,shoplifting
53.34269,-1.350825,shoplifting
53.34269,-1.350825,shoplifting
53.341652,-1.35012,shoplifting
53.331096,-1.496384,burglary_biz
53.32991,-1.494401,burglary_biz
53.331096,-1.496384,burglary_biz
53.332238,-1.492361,burglary_biz
53.330105,-1.542642,burglary_biz
53.34424,-1.527786,burglary_biz
53.321682,-1.49157,shoplifting
53.321682,-1.49157,shoplifting
53.321682,-1.49157,shoplifting
53.321682,-1.49157,shoplifting
53.321682,-1.49157,shoplifting
53.321682,-1.49157,shoplifting
53.321682,-1.49157,shoplifting
53.321682,-1.49157,shoplifting
53.321682,-1.49157,shoplifting
53.321682,-1.49157,shoplifting
53.321682,-1.49157,shoplifting
53.321682,-1.49157,shoplifting
53.321682,-1.49157,shoplifting
53.321682,-1.49157,shoplifting
53.319191,-1.466591,burglary_biz
53.319191,-1.466591,burglary_biz
53.319191,-1.466591,burglary_biz
53.319191,-1.466591,burglary_biz
53.321894,-1.461843,robbery_biz
53.321567,-1.467237,burglary_biz
53.323353,-1.464647,shoplifting
53.321308,-1.475662,robbery_biz
53.320651,-1.465327,burglary_biz
53.322396,-1.500885,burglary_biz
53.321162,-1.508961,burglary_biz
53.32219,-1.496924,burglary_biz
53.316684,-1.499976,burglary_biz
53.316684,-1.499976,burglary_biz
53.322065,-1.523257,shoplifting
53.322065,-1.523257,shoplifting
53.322065,-1.523257,shoplifting
53.312336,-1.531545,burglary_biz
53.325127,-1.342894,shoplifting
53.325127,-1.342894,shoplifting
53.325127,-1.342894,shoplifting
53.325127,-1.342894,shoplifting
53.325127,-1.342894,shoplifting
53.322691,-1.362644,burglary_biz
53.323842,-1.362822,shoplifting
53.323842,-1.362822,shoplifting
53.384722,-1.475274,burglary_biz
53.384722,-1.475274,burglary_biz
53.384722,-1.475274,burglary_biz
53.384722,-1.475274,burglary_biz
53.383189,-1.476225,shoplifting
53.383189,-1.476225,shoplifting
53.383189,-1.476225,shoplifting
53.384198,-1.47056,burglary_biz
53.384198,-1.47056,burglary_biz
53.388467,-1.472657,robbery_biz
53.388612,-1.470686,shoplifting
53.388612,-1.470686,shoplifting
53.384568,-1.471097,shoplifting
53.39222,-1.483844,burglary_biz
53.391683,-1.482391,shoplifting
53.379861,-1.467682,burglary_biz
53.382295,-1.465186,robbery_biz
53.382912,-1.466381,robbery_biz
53.383162,-1.468182,robbery_biz
53.381997,-1.470843,shoplifting
53.381809,-1.468581,shoplifting
53.381809,-1.468581,shoplifting
53.381997,-1.470843,shoplifting
53.382912,-1.466381,shoplifting
53.382697,-1.468624,shoplifting
53.382912,-1.466381,shoplifting
53.382912,-1.466381,shoplifting
53.382912,-1.466381,shoplifting
53.381809,-1.468581,shoplifting
53.381809,-1.468581,shoplifting
53.37823,-1.470679,shoplifting
53.381997,-1.470843,shoplifting
53.381809,-1.468581,shoplifting
53.382912,-1.466381,shoplifting
53.383711,-1.464252,shoplifting
53.382912,-1.466381,shoplifting
53.381997,-1.470843,shoplifting
53.382697,-1.468624,shoplifting
53.382912,-1.466381,shoplifting
53.382295,-1.465186,theft_person
53.382697,-1.468624,theft_person
53.381809,-1.468581,theft_person
53.381809,-1.468581,theft_person
53.388228,-1.479456,burglary_biz
53.384735,-1.480401,shoplifting
53.384735,-1.480401,shoplifting
53.384735,-1.480401,shoplifting
53.384735,-1.480401,shoplifting
53.384735,-1.480401,shoplifting
53.384735,-1.480401,shoplifting
53.375206,-1.478127,burglary_biz
53.377324,-1.47583,burglary_biz
53.375144,-1.484396,burglary_biz
53.377868,-1.47838,robbery_biz
53.375818,-1.474151,shoplifting
53.376769,-1.473854,shoplifting
53.376125,-1.473827,shoplifting
53.375818,-1.474151,shoplifting
53.376572,-1.473946,shoplifting
53.376769,-1.473854,shoplifting
53.376125,-1.473827,shoplifting
53.376572,-1.473946,shoplifting
53.376125,-1.473827,shoplifting
53.376125,-1.473827,shoplifting
53.376125,-1.473827,shoplifting
53.375818,-1.474151,shoplifting
53.376572,-1.473946,shoplifting
53.376572,-1.473946,shoplifting
53.376769,-1.473854,shoplifting
53.376572,-1.473946,shoplifting
53.376572,-1.473946,shoplifting
53.376769,-1.473854,shoplifting
53.376769,-1.473854,shoplifting
53.375818,-1.474151,shoplifting
53.376572,-1.473946,shoplifting
53.376769,-1.473854,shoplifting
53.3755,-1.485864,burglary_biz
53.380215,-1.474065,burglary_biz
53.380099,-1.476699,burglary_biz
53.379832,-1.475319,burglary_biz
53.380099,-1.476699,burglary_biz
53.381171,-1.471064,robbery_biz
53.380041,-1.473829,shoplifting
53.377755,-1.471061,shoplifting
53.380041,-1.473829,shoplifting
53.380041,-1.473829,shoplifting
53.380041,-1.473829,shoplifting
53.377755,-1.471061,shoplifting
53.381171,-1.471064,shoplifting
53.377755,-1.471061,shoplifting
53.380041,-1.473829,shoplifting
53.377755,-1.471061,shoplifting
53.380604,-1.471025,shoplifting
53.377755,-1.471061,shoplifting
53.377755,-1.471061,shoplifting
53.382036,-1.471519,theft_person
53.382036,-1.471519,theft_person
53.378717,-1.477317,burglary_biz
53.379899,-1.478325,burglary_biz
53.379969,-1.479653,robbery_biz
53.38041,-1.480093,shoplifting
53.38041,-1.480093,shoplifting
53.38041,-1.480093,shoplifting
53.38041,-1.480093,shoplifting
53.38041,-1.480093,shoplifting
53.379969,-1.479653,theft_person
53.376231,-1.448247,burglary_biz
53.376358,-1.442518,robbery_biz
53.375873,-1.45249,burglary_biz
53.378645,-1.455191,burglary_biz
53.375406,-1.450497,burglary_biz
53.374105,-1.449086,burglary_biz
53.381301,-1.444318,burglary_biz
53.378946,-1.440575,burglary_biz
53.374358,-1.459289,burglary_biz
53.383549,-1.463989,burglary_biz
53.383425,-1.456648,burglary_biz
53.384609,-1.460136,robbery_biz
53.383549,-1.463989,robbery_biz
53.383549,-1.463989,robbery_biz
53.383549,-1.463989,robbery_biz
53.383549,-1.463989,shoplifting
53.383549,-1.463989,shoplifting
53.383549,-1.463989,shoplifting
53.383549,-1.463989,shoplifting
53.348989,-1.39856,shoplifting
53.348989,-1.39856,shoplifting
53.348989,-1.39856,shoplifting
53.34685,-1.398545,shoplifting
53.34685,-1.398545,shoplifting
53.348989,-1.39856,shoplifting
53.348989,-1.39856,shoplifting
53.348989,-1.39856,shoplifting
53.348989,-1.39856,shoplifting
53.348989,-1.39856,shoplifting
53.348989,-1.39856,shoplifting
53.348989,-1.39856,shoplifting
53.348989,-1.39856,shoplifting
53.348989,-1.39856,shoplifting
53.34685,-1.398545,shoplifting
53.345637,-1.405817,burglary_biz
53.341939,-1.399665,burglary_biz
53.341324,-1.391804,burglary_biz
53.341751,-1.392714,robbery_biz
53.496446,-1.537358,burglary_biz
53.497638,-1.455597,burglary_biz
53.498352,-1.466321,burglary_biz
53.498026,-1.44222,burglary_biz
53.316715,-1.601387,burglary_biz
53.493171,-1.290937,shoplifting
53.493171,-1.290937,shoplifting
53.493171,-1.290937,shoplifting
53.496784,-1.306101,burglary_biz
53.495794,-1.302816,burglary_biz
53.496784,-1.306101,burglary_biz
53.496784,-1.306101,burglary_biz
53.498747,-1.305285,burglary_biz
53.495866,-1.301278,burglary_biz
53.496784,-1.306101,shoplifting
53.496169,-1.284269,burglary_biz
53.493149,-1.296258,burglary_biz
53.494835,-1.294074,burglary_biz
53.492401,-1.293545,robbery_biz
53.492401,-1.293545,shoplifting
53.481496,-1.230042,burglary_biz
53.482811,-1.2305,shoplifting
53.482811,-1.2305,shoplifting
53.482811,-1.2305,shoplifting
53.491307,-1.244921,shoplifting
53.491307,-1.244921,shoplifting
53.491102,-1.255219,shoplifting
53.491102,-1.255219,shoplifting
53.491102,-1.255219,shoplifting
53.491102,-1.255219,shoplifting
53.491102,-1.255219,shoplifting
53.491102,-1.255219,shoplifting
53.48305,-1.238377,burglary_biz
53.481313,-1.237971,theft_person
53.478612,-1.230335,shoplifting
53.495318,-1.347518,burglary_biz
53.499914,-1.341492,burglary_biz
53.492453,-1.31104,shoplifting
53.487799,-1.306821,burglary_biz
53.48715,-1.301767,burglary_biz
53.487775,-1.302737,robbery_biz
53.487833,-1.312713,robbery_biz
53.486578,-1.31323,shoplifting
53.480505,-1.32017,burglary_biz
53.479893,-1.316925,burglary_biz
53.467478,-1.342205,burglary_biz
53.466727,-1.339641,shoplifting
53.466727,-1.339641,shoplifting
53.466727,-1.339641,shoplifting
53.466727,-1.339641,shoplifting
53.466727,-1.339641,shoplifting
53.466727,-1.339641,shoplifting
53.466727,-1.339641,shoplifting
53.466727,-1.339641,shoplifting
53.466727,-1.339641,shoplifting
53.466727,-1.339641,shoplifting
53.466727,-1.339641,shoplifting
53.466727,-1.339641,shoplifting
53.466727,-1.339641,shoplifting
53.466727,-1.339641,shoplifting
53.466727,-1.339641,shoplifting
53.466727,-1.339641,shoplifting
53.466727,-1.339641,shoplifting
53.466727,-1.339641,shoplifting
53.466727,-1.339641,shoplifting
53.466727,-1.339641,shoplifting
53.466727,-1.339641,shoplifting
53.466727,-1.339641,shoplifting
53.466727,-1.339641,shoplifting
53.466727,-1.339641,shoplifting
53.466727,-1.339641,shoplifting
53.466727,-1.339641,shoplifting
53.466727,-1.339641,shoplifting
53.466727,-1.339641,shoplifting
53.466727,-1.339641,shoplifting
53.466727,-1.339641,shoplifting
53.466727,-1.339641,shoplifting
53.466727,-1.339641,shoplifting
53.466727,-1.339641,shoplifting
53.466727,-1.339641,shoplifting
53.466727,-1.339641,shoplifting
53.466727,-1.339641,shoplifting
53.466727,-1.339641,shoplifting
53.466727,-1.339641,shoplifting
53.466727,-1.339641,shoplifting
53.466727,-1.339641,shoplifting
53.466727,-1.339641,shoplifting
53.466727,-1.339641,shoplifting
53.466727,-1.339641,shoplifting
53.466727,-1.339641,shoplifting
53.470484,-1.304768,burglary_biz
53.466767,-1.330738,burglary_biz
53.464269,-1.329147,shoplifting
53.451777,-1.428205,burglary_biz
53.451131,-1.337955,theft_person
53.453854,-1.341106,burglary_biz
53.458941,-1.342563,burglary_biz
53.459297,-1.343506,burglary_biz
53.459815,-1.343655,robbery_biz
53.459815,-1.343655,shoplifting
53.459815,-1.343655,shoplifting
53.459815,-1.343655,shoplifting
53.459815,-1.343655,shoplifting
53.459815,-1.343655,shoplifting
53.452532,-1.342587,burglary_biz
53.453918,-1.344583,burglary_biz
53.453421,-1.344004,burglary_biz
53.452312,-1.346731,burglary_biz
53.452303,-1.34503,burglary_biz
53.451113,-1.344355,burglary_biz
53.456115,-1.342004,burglary_biz
53.454956,-1.343679,burglary_biz
53.452303,-1.34503,burglary_biz
53.454956,-1.343679,burglary_biz
53.449549,-1.341127,robbery_biz
53.451113,-1.344355,robbery_biz
53.447956,-1.342615,robbery_biz
53.451113,-1.344355,shoplifting
53.447991,-1.343831,shoplifting
53.451113,-1.344355,shoplifting
53.449549,-1.341127,shoplifting
53.449549,-1.341127,shoplifting
53.451113,-1.344355,shoplifting
53.451113,-1.344355,shoplifting
53.447951,-1.34323,shoplifting
53.451113,-1.344355,shoplifting
53.451113,-1.344355,shoplifting
53.451113,-1.344355,shoplifting
53.451113,-1.344355,shoplifting
53.451113,-1.344355,shoplifting
53.451113,-1.344355,shoplifting
53.447951,-1.34323,shoplifting
53.447956,-1.342615,shoplifting
53.447991,-1.343831,shoplifting
53.451293,-1.339594,shoplifting
53.451113,-1.344355,shoplifting
53.451113,-1.344355,shoplifting
53.451113,-1.344355,shoplifting
53.451113,-1.344355,shoplifting
53.451113,-1.344355,shoplifting
53.451113,-1.344355,shoplifting
53.451113,-1.344355,shoplifting
53.451293,-1.339594,shoplifting
53.451113,-1.344355,shoplifting
53.451113,-1.344355,shoplifting
53.449549,-1.341127,shoplifting
53.447956,-1.342615,shoplifting
53.451113,-1.344355,shoplifting
53.451113,-1.344355,shoplifting
53.447951,-1.34323,shoplifting
53.447956,-1.342615,shoplifting
53.451113,-1.344355,shoplifting
53.451113,-1.344355,shoplifting
53.451113,-1.344355,shoplifting
53.451113,-1.344355,shoplifting
53.447991,-1.343831,shoplifting
53.449549,-1.341127,shoplifting
53.447951,-1.34323,shoplifting
53.447669,-1.3727,burglary_biz
53.451415,-1.373865,burglary_biz
53.449969,-1.375949,burglary_biz
53.450834,-1.379701,burglary_biz
53.454912,-1.367142,burglary_biz
53.45296,-1.368677,burglary_biz
53.45364,-1.392385,burglary_biz
53.453849,-1.389114,burglary_biz
53.447485,-1.29903,shoplifting
53.447485,-1.29903,shoplifting
53.447485,-1.29903,shoplifting
53.447485,-1.29903,shoplifting
53.448311,-1.298896,shoplifting
53.447485,-1.29903,shoplifting
53.46751,-1.270244,burglary_biz
53.44634,-1.303189,burglary_biz
53.443297,-1.307018,burglary_biz
53.442251,-1.315662,burglary_biz
53.445623,-1.317691,burglary_biz
53.443541,-1.319167,shoplifting
53.443541,-1.319167,shoplifting
53.446499,-1.293536,burglary_biz
53.444532,-1.384866,burglary_biz
53.447861,-1.403158,shoplifting
53.447602,-1.399954,burglary_biz
53.446508,-1.393209,burglary_biz
53.447442,-1.393045,burglary_biz
53.432431,-1.267955,burglary_biz
53.436019,-1.278566,burglary_biz
53.438944,-1.315835,robbery_biz
53.438944,-1.315835,shoplifting
53.438944,-1.315835,shoplifting
53.438944,-1.315835,shoplifting
53.430564,-1.32643,shoplifting
53.441615,-1.32076,burglary_biz
53.447657,-1.33545,burglary_biz
53.433765,-1.32671,burglary_biz
53.43301,-1.328363,burglary_biz
53.435327,-1.344071,burglary_biz
53.439326,-1.34392,burglary_biz
53.437135,-1.342599,robbery_biz
53.439326,-1.34392,robbery_biz
53.439326,-1.34392,robbery_biz
53.439326,-1.34392,shoplifting
53.439326,-1.34392,shoplifting
53.439326,-1.34392,shoplifting
53.439326,-1.34392,shoplifting
53.439326,-1.34392,shoplifting
53.439326,-1.34392,shoplifting
53.439326,-1.34392,shoplifting
53.439326,-1.34392,shoplifting
53.439326,-1.34392,shoplifting
53.439326,-1.34392,shoplifting
53.435986,-1.386916,burglary_biz
53.435986,-1.386916,burglary_biz
53.437163,-1.385003,burglary_biz
53.43669,-1.389224,burglary_biz
53.43669,-1.389224,robbery_biz
53.43669,-1.389224,shoplifting
53.43669,-1.389224,shoplifting
53.439484,-1.400254,shoplifting
53.439484,-1.400254,shoplifting
53.439484,-1.400254,shoplifting
53.439484,-1.400254,shoplifting
53.439484,-1.400254,shoplifting
53.435792,-1.368751,burglary_biz
53.435792,-1.368751,burglary_biz
53.435792,-1.368751,burglary_biz
53.435792,-1.368751,burglary_biz
53.42909,-1.367601,burglary_biz
53.432974,-1.372841,shoplifting
53.432974,-1.372841,shoplifting
53.432974,-1.372841,shoplifting
53.432974,-1.372841,shoplifting
53.43517,-1.382157,burglary_biz
53.43252,-1.382421,burglary_biz
53.43252,-1.382421,burglary_biz
53.431798,-1.38365,burglary_biz
53.43252,-1.382421,burglary_biz
53.431798,-1.38365,burglary_biz
53.43252,-1.382421,burglary_biz
53.436072,-1.381014,burglary_biz
53.431263,-1.386232,burglary_biz
53.427036,-1.391033,burglary_biz
53.431263,-1.386232,burglary_biz
53.423725,-1.354393,burglary_biz
53.425016,-1.357052,burglary_biz
53.423601,-1.358172,shoplifting
53.423601,-1.358172,shoplifting
53.423601,-1.358172,shoplifting
53.423601,-1.358172,shoplifting
53.429659,-1.349652,burglary_biz
53.428918,-1.350687,burglary_biz
53.428138,-1.354326,burglary_biz
53.436275,-1.353089,burglary_biz
53.433211,-1.35166,burglary_biz
53.433833,-1.353592,burglary_biz
53.431195,-1.357892,robbery_biz
53.432099,-1.365449,robbery_biz
53.43169,-1.354633,robbery_biz
53.43191,-1.357098,robbery_biz
53.431195,-1.357892,robbery_biz
53.429167,-1.351872,robbery_biz
53.43231,-1.351237,robbery_biz
53.433054,-1.354146,robbery_biz
53.433833,-1.353592,shoplifting
53.43191,-1.357098,shoplifting
53.43191,-1.357098,shoplifting
53.433054,-1.354146,shoplifting
53.43191,-1.357098,shoplifting
53.43169,-1.354633,shoplifting
53.43169,-1.354633,shoplifting
53.433054,-1.354146,shoplifting
53.433054,-1.354146,shoplifting
53.433054,-1.354146,shoplifting
53.43169,-1.354633,shoplifting
53.433054,-1.354146,shoplifting
53.43169,-1.354633,shoplifting
53.433833,-1.353592,shoplifting
53.43169,-1.354633,shoplifting
53.43169,-1.354633,shoplifting
53.433054,-1.354146,shoplifting
53.433833,-1.353592,shoplifting
53.43169,-1.354633,shoplifting
53.43191,-1.357098,shoplifting
53.433054,-1.354146,shoplifting
53.43169,-1.354633,shoplifting
53.433054,-1.354146,shoplifting
53.43191,-1.357098,shoplifting
53.43191,-1.357098,shoplifting
53.43169,-1.354633,shoplifting
53.433054,-1.354146,shoplifting
53.427536,-1.35271,shoplifting
53.430929,-1.355277,theft_person
53.430766,-1.353232,theft_person
53.430929,-1.355277,theft_person
53.43169,-1.354633,theft_person
53.43621,-1.349387,burglary_biz
53.43737,-1.345065,shoplifting
53.429781,-1.269717,burglary_biz
53.428733,-1.274701,burglary_biz
53.420327,-1.284911,shoplifting
53.420327,-1.284911,shoplifting
53.420327,-1.284911,shoplifting
53.420327,-1.284911,shoplifting
53.422278,-1.280469,shoplifting
53.420327,-1.284911,shoplifting
53.420327,-1.284911,shoplifting
53.420327,-1.284911,shoplifting
53.420327,-1.284911,shoplifting
53.420327,-1.284911,shoplifting
53.420327,-1.284911,shoplifting
53.420327,-1.284911,shoplifting
53.420327,-1.284911,shoplifting
53.420327,-1.284911,shoplifting
53.420327,-1.284911,shoplifting
53.420327,-1.284911,shoplifting
53.420327,-1.284911,shoplifting
53.420327,-1.284911,shoplifting
53.420327,-1.284911,shoplifting
53.420327,-1.284911,shoplifting
53.420327,-1.284911,shoplifting
53.420327,-1.284911,shoplifting
53.420327,-1.284911,shoplifting
53.420327,-1.284911,shoplifting
53.420327,-1.284911,shoplifting
53.420327,-1.284911,shoplifting
53.420327,-1.284911,shoplifting
53.420327,-1.284911,shoplifting
53.420327,-1.284911,shoplifting
53.420327,-1.284911,shoplifting
53.422278,-1.280469,shoplifting
53.420327,-1.284911,shoplifting
53.422278,-1.280469,shoplifting
53.420327,-1.284911,shoplifting
53.420327,-1.284911,shoplifting
53.420327,-1.284911,shoplifting
53.420327,-1.284911,shoplifting
53.430225,-1.277701,burglary_biz
53.430225,-1.277701,shoplifting
53.430225,-1.277701,shoplifting
53.430225,-1.277701,shoplifting
53.430225,-1.277701,shoplifting
53.430225,-1.277701,shoplifting
53.430225,-1.277701,shoplifting
53.430225,-1.277701,shoplifting
53.430225,-1.277701,shoplifting
53.430225,-1.277701,shoplifting
53.430225,-1.277701,shoplifting
53.430225,-1.277701,shoplifting
53.430225,-1.277701,shoplifting
53.430225,-1.277701,shoplifting
53.430225,-1.277701,shoplifting
53.430225,-1.277701,shoplifting
53.430225,-1.277701,shoplifting
53.427632,-1.278407,burglary_biz
53.428425,-1.286265,burglary_biz
53.428636,-1.285464,burglary_biz
53.428636,-1.285464,robbery_biz
53.428636,-1.285464,robbery_biz
53.428636,-1.285464,robbery_biz
53.428636,-1.285464,shoplifting
53.428636,-1.285464,shoplifting
53.428636,-1.285464,shoplifting
53.428636,-1.285464,shoplifting
53.428636,-1.285464,shoplifting
53.421484,-1.312128,burglary_biz
53.425916,-1.318347,burglary_biz
53.425916,-1.318347,burglary_biz
53.421207,-1.321808,burglary_biz
53.422069,-1.316798,burglary_biz
53.4193,-1.307423,shoplifting
53.42068,-1.297379,burglary_biz
53.432154,-1.299809,burglary_biz
53.427528,-1.288071,robbery_biz
53.420249,-1.306159,robbery_biz
53.426751,-1.329319,burglary_biz
53.420266,-1.344845,burglary_biz
53.420266,-1.344845,burglary_biz
53.421062,-1.348986,shoplifting
53.421062,-1.348986,shoplifting
53.421062,-1.348986,shoplifting
53.421062,-1.348986,shoplifting
53.421062,-1.348986,shoplifting
53.421062,-1.348986,shoplifting
53.421062,-1.348986,shoplifting
53.406192,-1.341962,burglary_biz
53.414166,-1.340591,shoplifting
53.419326,-1.352157,burglary_biz
53.418317,-1.373689,burglary_biz
53.411479,-1.36723,burglary_biz
53.409504,-1.360881,burglary_biz
53.409214,-1.362239,shoplifting
53.406095,-1.365565,burglary_biz
53.405854,-1.362455,burglary_biz
53.403955,-1.360332,shoplifting
53.403955,-1.360332,shoplifting
53.402977,-1.359053,shoplifting
53.403955,-1.360332,shoplifting
53.400659,-1.369301,burglary_biz
53.40206,-1.375943,burglary_biz
53.400659,-1.369301,burglary_biz
53.400972,-1.367341,burglary_biz
53.407299,-1.368796,robbery_biz
53.404707,-1.378582,burglary_biz
53.40405,-1.374921,shoplifting
53.389916,-1.259527,burglary_biz
53.389899,-1.261152,robbery_biz
53.393121,-1.257382,shoplifting
53.389861,-1.270956,burglary_biz
53.396986,-1.258027,shoplifting
53.396986,-1.258027,shoplifting
53.396986,-1.258027,shoplifting
53.396986,-1.258027,shoplifting
53.396272,-1.255387,shoplifting
53.389924,-1.367174,burglary_biz
53.391387,-1.363513,burglary_biz
53.390738,-1.368214,burglary_biz
53.386314,-1.376519,shoplifting
53.38473,-1.354005,burglary_biz
53.391719,-1.361628,shoplifting
53.40254,-1.362986,shoplifting
53.380152,-1.368717,burglary_biz
53.368329,-1.356312,burglary_biz
53.362095,-1.330891,robbery_biz
53.408207,-1.233652,burglary_biz
53.362183,-1.324308,robbery_biz
53.3635,-1.321867,shoplifting
53.3635,-1.321867,shoplifting
53.35664,-1.258151,burglary_biz
53.341126,-1.265464,shoplifting
53.319261,-1.278134,shoplifting
53.319261,-1.278134,shoplifting
53.341126,-1.265464,shoplifting
53.341126,-1.265464,shoplifting
53.341126,-1.265464,shoplifting
53.319261,-1.278134,shoplifting
53.424267,-1.263205,shoplifting
53.423447,-1.257034,shoplifting
53.41133,-1.274651,burglary_biz
53.425311,-1.273706,shoplifting
53.412744,-1.320904,shoplifting
53.482763,-1.596442,burglary_biz
53.484064,-1.590252,burglary_biz
53.48414,-1.599519,burglary_biz
53.483238,-1.588135,shoplifting
53.482763,-1.596442,shoplifting
53.478567,-1.596769,burglary_biz
53.477079,-1.592564,robbery_biz
53.475886,-1.596191,burglary_biz
53.474575,-1.486416,shoplifting
53.474575,-1.486416,shoplifting
53.474575,-1.486416,shoplifting
53.474575,-1.486416,shoplifting
53.468793,-1.487811,shoplifting
53.468793,-1.487811,shoplifting
53.468793,-1.487811,shoplifting
53.468793,-1.487811,shoplifting
53.468793,-1.487811,shoplifting
53.468793,-1.487811,shoplifting
53.468793,-1.487811,shoplifting
53.468793,-1.487811,shoplifting
53.468793,-1.487811,shoplifting
53.467491,-1.481907,theft_person
53.46164,-1.480468,shoplifting
53.46164,-1.480468,shoplifting
53.46164,-1.480468,shoplifting
53.46164,-1.480468,shoplifting
53.46164,-1.480468,shoplifting
53.466052,-1.471471,burglary_biz
53.46165,-1.465832,robbery_biz
53.46165,-1.465832,shoplifting
53.46165,-1.465832,shoplifting
53.46165,-1.465832,shoplifting
53.461037,-1.479862,shoplifting
53.443821,-1.460801,robbery_biz
53.445686,-1.463924,robbery_biz
53.444292,-1.459621,shoplifting
53.445686,-1.463924,shoplifting
53.445686,-1.463924,shoplifting
53.445686,-1.463924,shoplifting
53.445686,-1.463924,shoplifting
53.445686,-1.463924,shoplifting
53.445686,-1.463924,shoplifting
53.447253,-1.466509,theft_person
53.434223,-1.49205,burglary_biz
53.42922,-1.462039,theft_person
53.438872,-1.463619,shoplifting
53.438872,-1.463619,shoplifting
53.438872,-1.463619,shoplifting
53.430642,-1.437067,burglary_biz
53.430642,-1.437067,burglary_biz
53.431235,-1.440852,robbery_biz
53.431235,-1.440852,shoplifting
53.431235,-1.440852,shoplifting
53.435148,-1.445332,burglary_biz
53.43192,-1.451018,shoplifting
53.435997,-1.53958,theft_person
53.414146,-1.521281,theft_person
53.431547,-1.494821,burglary_biz
53.431547,-1.494821,robbery_biz
53.428799,-1.484891,shoplifting
53.428799,-1.484891,shoplifting
53.428799,-1.484891,shoplifting
53.428799,-1.484891,shoplifting
53.428799,-1.484891,shoplifting
53.428799,-1.484891,shoplifting
53.429887,-1.478872,burglary_biz
53.429887,-1.478872,burglary_biz
53.431576,-1.478596,robbery_biz
53.431169,-1.4842,robbery_biz
53.431169,-1.4842,robbery_biz
53.431169,-1.4842,robbery_biz
53.43403,-1.476579,robbery_biz
53.431169,-1.4842,robbery_biz
53.431576,-1.478596,shoplifting
53.431576,-1.478596,shoplifting
53.431576,-1.478596,shoplifting
53.431576,-1.478596,shoplifting
53.431576,-1.478596,shoplifting
53.431576,-1.478596,shoplifting
53.431576,-1.478596,shoplifting
53.431576,-1.478596,shoplifting
53.431576,-1.478596,shoplifting
53.431576,-1.478596,shoplifting
53.423057,-1.485291,burglary_biz
53.423837,-1.482799,robbery_biz
53.428108,-1.487202,shoplifting
53.428108,-1.487202,shoplifting
53.428108,-1.487202,shoplifting
53.428108,-1.487202,shoplifting
53.428108,-1.487202,shoplifting
53.428108,-1.487202,shoplifting
53.428108,-1.487202,shoplifting
53.430321,-1.445289,burglary_biz
53.424222,-1.450169,shoplifting
53.424222,-1.450169,shoplifting
53.424222,-1.450169,shoplifting
53.424222,-1.450169,shoplifting
53.424222,-1.450169,shoplifting
53.424222,-1.450169,shoplifting
53.424222,-1.450169,shoplifting
53.424222,-1.450169,shoplifting
53.424222,-1.450169,shoplifting
53.424222,-1.450169,shoplifting
53.424222,-1.450169,shoplifting
53.424222,-1.450169,shoplifting
53.424222,-1.450169,shoplifting
53.424222,-1.450169,shoplifting
53.424222,-1.450169,shoplifting
53.425582,-1.456638,burglary_biz
53.424401,-1.459918,burglary_biz
53.421349,-1.464697,burglary_biz
53.421349,-1.464697,burglary_biz
53.42812,-1.481663,burglary_biz
53.418585,-1.494794,burglary_biz
53.418585,-1.494794,shoplifting
53.41808,-1.494424,shoplifting
53.41808,-1.494424,shoplifting
53.41808,-1.494424,shoplifting
53.41808,-1.494424,shoplifting
53.41808,-1.494424,shoplifting
53.41808,-1.494424,shoplifting
53.420811,-1.487681,burglary_biz
53.422065,-1.490916,robbery_biz
53.418754,-1.479776,robbery_biz
53.418754,-1.479776,shoplifting
53.418754,-1.479776,shoplifting
53.418754,-1.479776,shoplifting
53.418754,-1.479776,shoplifting
53.420085,-1.441962,burglary_biz
53.419014,-1.445542,shoplifting
53.415556,-1.455968,burglary_biz
53.413767,-1.459857,burglary_biz
53.417683,-1.449351,burglary_biz
53.422527,-1.449017,burglary_biz
53.422194,-1.452889,burglary_biz
53.418908,-1.44867,robbery_biz
53.42396,-1.449992,shoplifting
53.42396,-1.449992,shoplifting
53.42396,-1.449992,shoplifting
53.422239,-1.424162,burglary_biz
53.418961,-1.434182,burglary_biz
53.418468,-1.430758,shoplifting
53.418468,-1.430758,shoplifting
53.412324,-1.422159,burglary_biz
53.409779,-1.427625,burglary_biz
53.408431,-1.431403,burglary_biz
53.416019,-1.479027,robbery_biz
53.422099,-1.471654,shoplifting
53.413794,-1.509806,shoplifting
53.408932,-1.510027,shoplifting
53.403342,-1.503623,burglary_biz
53.402644,-1.502338,shoplifting
53.402644,-1.502338,shoplifting
53.418909,-1.512064,robbery_biz
53.418737,-1.496794,burglary_biz
53.418405,-1.496956,shoplifting
53.418405,-1.496956,shoplifting
53.418405,-1.496956,shoplifting
53.418405,-1.496956,shoplifting
53.418405,-1.496956,shoplifting
53.418405,-1.496956,shoplifting
53.418405,-1.496956,shoplifting
53.418405,-1.496956,shoplifting
53.418405,-1.496956,shoplifting
53.403973,-1.499781,burglary_biz
53.402345,-1.497393,shoplifting
53.404048,-1.503018,shoplifting
53.404048,-1.503018,shoplifting
53.404464,-1.497022,theft_person
53.404321,-1.501341,theft_person
53.410282,-1.392837,burglary_biz
53.396759,-1.417442,burglary_biz
53.396399,-1.415563,burglary_biz
53.4124,-1.412139,shoplifting
53.414255,-1.407299,shoplifting
53.405627,-1.409314,shoplifting
53.414961,-1.411893,shoplifting
53.4124,-1.412139,shoplifting
53.414961,-1.411893,shoplifting
53.4124,-1.412139,shoplifting
53.4124,-1.412139,shoplifting
53.414119,-1.410731,shoplifting
53.414961,-1.411893,shoplifting
53.4124,-1.412139,shoplifting
53.413748,-1.41378,shoplifting
53.414925,-1.409968,shoplifting
53.405627,-1.409314,shoplifting
53.406551,-1.40888,shoplifting
53.414119,-1.410731,shoplifting
53.414961,-1.411893,shoplifting
53.4124,-1.412139,shoplifting
53.4124,-1.412139,shoplifting
53.4124,-1.412139,shoplifting
53.414925,-1.409968,shoplifting
53.405627,-1.409314,shoplifting
53.405627,-1.409314,shoplifting
53.414255,-1.407299,shoplifting
53.414961,-1.411893,shoplifting
53.414925,-1.409968,shoplifting
53.414961,-1.411893,shoplifting
53.406551,-1.40888,shoplifting
53.414925,-1.409968,shoplifting
53.4124,-1.412139,shoplifting
53.4124,-1.412139,shoplifting
53.414961,-1.411893,shoplifting
53.4124,-1.412139,shoplifting
53.405627,-1.409314,shoplifting
53.414961,-1.411893,shoplifting
53.414255,-1.407299,shoplifting
53.414925,-1.409968,shoplifting
53.414961,-1.411893,shoplifting
53.4124,-1.412139,shoplifting
53.4124,-1.412139,shoplifting
53.414925,-1.409968,shoplifting
53.414925,-1.409968,shoplifting
53.414925,-1.409968,shoplifting
53.405627,-1.409314,shoplifting
53.405627,-1.409314,shoplifting
53.414961,-1.411893,shoplifting
53.414961,-1.411893,shoplifting
53.4124,-1.412139,shoplifting
53.4124,-1.412139,shoplifting
53.4124,-1.412139,shoplifting
53.4124,-1.412139,shoplifting
53.4124,-1.412139,shoplifting
53.414925,-1.409968,shoplifting
53.4124,-1.412139,shoplifting
53.414925,-1.409968,shoplifting
53.414255,-1.407299,shoplifting
53.414119,-1.410731,theft_person
53.414119,-1.410731,theft_person
53.414925,-1.409968,theft_person
53.414119,-1.410731,theft_person
53.414285,-1.396993,robbery_biz
53.414289,-1.397925,robbery_biz
53.398915,-1.465264,burglary_biz
53.399445,-1.467152,burglary_biz
53.401117,-1.46304,burglary_biz
53.401117,-1.46304,burglary_biz
53.401685,-1.46544,theft_person
53.404955,-1.469204,theft_person
53.412957,-1.471542,burglary_biz
53.408795,-1.469457,burglary_biz
53.412957,-1.471542,shoplifting
53.412957,-1.471542,shoplifting
53.412902,-1.474407,shoplifting
53.396721,-1.463051,robbery_biz
53.402094,-1.456546,burglary_biz
53.406812,-1.452424,robbery_biz
53.403699,-1.445981,robbery_biz
53.406812,-1.452424,shoplifting
53.406812,-1.452424,shoplifting
53.406812,-1.452424,shoplifting
53.406812,-1.452424,shoplifting
53.40812,-1.457356,burglary_biz
53.405582,-1.50644,burglary_biz
53.407623,-1.508703,shoplifting
53.407623,-1.508703,shoplifting
53.407623,-1.508703,shoplifting
53.407623,-1.508703,shoplifting
53.407623,-1.508703,shoplifting
53.401302,-1.512656,shoplifting
53.401302,-1.512656,shoplifting
53.393507,-1.465843,burglary_biz
53.391641,-1.466603,burglary_biz
53.393252,-1.461079,burglary_biz
53.394877,-1.42793,burglary_biz
53.394213,-1.433803,burglary_biz
53.393768,-1.457885,burglary_biz
53.392405,-1.460774,burglary_biz
53.389639,-1.457193,shoplifting
53.389639,-1.457193,shoplifting
53.389639,-1.457193,shoplifting
53.389639,-1.457193,shoplifting
53.389639,-1.457193,shoplifting
53.389639,-1.457193,shoplifting
53.389639,-1.457193,shoplifting
53.389639,-1.457193,shoplifting
53.389639,-1.457193,shoplifting
53.389639,-1.457193,shoplifting
53.389639,-1.457193,shoplifting
53.389639,-1.457193,shoplifting
53.389639,-1.457193,shoplifting
53.389639,-1.457193,shoplifting
53.389639,-1.457193,shoplifting
53.389639,-1.457193,shoplifting
53.389639,-1.457193,shoplifting
53.389639,-1.457193,shoplifting
53.389639,-1.457193,shoplifting
53.389639,-1.457193,shoplifting
53.389639,-1.457193,shoplifting
53.389639,-1.457193,shoplifting
53.389639,-1.457193,shoplifting
53.389639,-1.457193,shoplifting
53.389639,-1.457193,shoplifting
53.389639,-1.457193,shoplifting
53.389639,-1.457193,shoplifting
53.389639,-1.457193,shoplifting
53.389639,-1.457193,shoplifting
53.389639,-1.457193,shoplifting
53.389639,-1.457193,shoplifting
53.389639,-1.457193,shoplifting
53.389476,-1.457082,shoplifting
53.389639,-1.457193,shoplifting
53.389639,-1.457193,shoplifting
53.389639,-1.457193,shoplifting
53.389639,-1.457193,shoplifting
53.389639,-1.457193,shoplifting
53.389639,-1.457193,shoplifting
53.389639,-1.457193,theft_person
53.391251,-1.475976,burglary_biz
53.387642,-1.464849,robbery_biz
53.390147,-1.460352,robbery_biz
53.391251,-1.475976,robbery_biz
53.390375,-1.47107,robbery_biz
53.391235,-1.476638,shoplifting
53.39604,-1.477722,theft_person
53.404284,-1.444184,burglary_biz
53.39968,-1.434152,burglary_biz
53.39968,-1.434152,burglary_biz
53.404284,-1.444184,burglary_biz
53.406792,-1.438465,robbery_biz
53.408467,-1.444881,robbery_biz
53.407417,-1.447197,shoplifting
53.4087,-1.448639,shoplifting
53.407385,-1.442808,shoplifting
53.394157,-1.566468,burglary_biz
53.392341,-1.532984,shoplifting
53.391977,-1.498673,robbery_biz
53.393722,-1.501886,robbery_biz
53.400788,-1.503443,burglary_biz
53.400788,-1.503443,burglary_biz
53.393111,-1.529938,burglary_biz
53.392008,-1.510342,burglary_biz
53.390169,-1.531564,burglary_biz
53.385878,-1.482763,burglary_biz
53.386103,-1.484955,burglary_biz
53.389382,-1.48251,robbery_biz
53.389382,-1.48251,shoplifting
53.389382,-1.48251,shoplifting
53.389382,-1.48251,shoplifting
53.389382,-1.48251,shoplifting
53.389382,-1.48251,shoplifting
53.389382,-1.48251,shoplifting
53.383415,-1.482792,burglary_biz
53.382565,-1.485809,burglary_biz
53.382565,-1.485809,burglary_biz
53.384698,-1.484175,robbery_biz
53.389906,-1.48936,burglary_biz
53.392682,-1.484725,burglary_biz
53.394665,-1.488175,shoplifting
53.394665,-1.488175,shoplifting
53.390491,-1.487368,shoplifting
53.393795,-1.486501,shoplifting
53.394665,-1.488175,shoplifting
53.394665,-1.488175,shoplifting
53.394665,-1.488175,shoplifting
53.396728,-1.49767,burglary_biz
53.397311,-1.490926,shoplifting
53.399405,-1.495187,burglary_biz
53.400206,-1.497599,burglary_biz
53.40098,-1.506298,shoplifting
53.383806,-1.443835,shoplifting
53.393734,-1.410997,burglary_biz
53.387099,-1.408864,shoplifting
53.393145,-1.419201,burglary_biz
53.385753,-1.495484,robbery_biz
53.385753,-1.495484,robbery_biz
53.385753,-1.495484,shoplifting
53.384382,-1.505212,burglary_biz
53.388638,-1.5062,burglary_biz
53.379601,-1.518662,shoplifting
53.379601,-1.518662,shoplifting
53.379601,-1.518662,shoplifting
53.379601,-1.518662,shoplifting
53.379601,-1.518662,shoplifting
53.379601,-1.518662,shoplifting
53.379601,-1.518662,shoplifting
53.379601,-1.518662,shoplifting
53.379577,-1.489165,robbery_biz
53.379577,-1.489165,shoplifting
53.379577,-1.489165,shoplifting
53.379577,-1.489165,shoplifting
53.379577,-1.489165,shoplifting
53.379577,-1.489165,shoplifting
53.379577,-1.489165,shoplifting
53.379577,-1.489165,shoplifting
53.379577,-1.489165,shoplifting
53.379577,-1.489165,shoplifting
53.379577,-1.489165,shoplifting
53.379577,-1.489165,shoplifting
53.379577,-1.489165,shoplifting
53.379577,-1.489165,shoplifting
53.379577,-1.489165,shoplifting
53.379577,-1.489165,shoplifting
53.379577,-1.489165,shoplifting
53.379577,-1.489165,shoplifting
53.379577,-1.489165,shoplifting
53.379577,-1.489165,shoplifting
53.379577,-1.489165,shoplifting
53.379577,-1.489165,shoplifting
53.379577,-1.489165,shoplifting
53.379577,-1.489165,shoplifting
53.379577,-1.489165,shoplifting
53.379577,-1.489165,shoplifting
53.379577,-1.489165,shoplifting
53.379577,-1.489165,shoplifting
53.380533,-1.485548,theft_person
53.379043,-1.49666,burglary_biz
53.378231,-1.500112,burglary_biz
53.378013,-1.510412,burglary_biz
53.385221,-1.495144,robbery_biz
53.390028,-1.496937,burglary_biz
53.388434,-1.493963,burglary_biz
53.388434,-1.493963,robbery_biz
53.380127,-1.404014,burglary_biz
53.38392,-1.405886,burglary_biz
53.380328,-1.395774,burglary_biz
53.374647,-1.379891,burglary_biz
53.373627,-1.370602,burglary_biz
53.383345,-1.41317,burglary_biz
53.380622,-1.413298,burglary_biz
53.382189,-1.412119,burglary_biz
53.377841,-1.418071,burglary_biz
53.377523,-1.531808,burglary_biz
53.373668,-1.555764,burglary_biz
53.372528,-1.553641,burglary_biz
53.370899,-1.507277,burglary_biz
53.368997,-1.493142,shoplifting
53.372092,-1.493901,burglary_biz
53.374318,-1.501706,burglary_biz
53.374345,-1.495273,burglary_biz
53.372092,-1.493901,burglary_biz
53.372155,-1.397152,burglary_biz
53.374563,-1.400455,burglary_biz
53.378335,-1.398087,burglary_biz
53.375784,-1.396619,robbery_biz
53.372319,-1.399329,robbery_biz
53.375784,-1.396619,theft_person
53.370854,-1.395727,burglary_biz
53.372116,-1.389093,robbery_biz
53.372116,-1.389093,shoplifting
53.372116,-1.389093,shoplifting
53.372116,-1.389093,shoplifting
53.372116,-1.389093,shoplifting
53.367681,-1.385297,burglary_biz
53.373408,-1.512133,burglary_biz
53.365777,-1.532402,burglary_biz
53.365763,-1.526617,burglary_biz
53.368026,-1.412795,burglary_biz
53.366326,-1.436758,burglary_biz
53.368514,-1.428027,burglary_biz
53.366575,-1.432381,burglary_biz
53.364986,-1.425174,burglary_biz
53.361849,-1.428958,robbery_biz
53.375364,-1.43016,burglary_biz
53.382066,-1.434957,burglary_biz
53.375226,-1.429441,shoplifting
53.374738,-1.42142,burglary_biz
53.372427,-1.41559,robbery_biz
53.371811,-1.47668,robbery_biz
53.366913,-1.480888,robbery_biz
53.366913,-1.480888,shoplifting
53.366913,-1.480888,shoplifting
53.366913,-1.480888,shoplifting
53.366913,-1.480888,shoplifting
53.368729,-1.476929,shoplifting
53.366913,-1.480888,shoplifting
53.366913,-1.480888,shoplifting
53.37315,-1.482824,burglary_biz
53.37315,-1.482824,burglary_biz
53.372774,-1.480982,burglary_biz
53.372774,-1.480982,burglary_biz
53.365643,-1.470219,burglary_biz
53.361847,-1.477629,burglary_biz
53.37367,-1.468105,burglary_biz
53.369436,-1.468128,burglary_biz
53.369436,-1.468128,burglary_biz
53.374339,-1.470938,burglary_biz
53.375966,-1.46501,burglary_biz
53.377008,-1.47086,shoplifting
53.375601,-1.463677,shoplifting
53.374667,-1.476044,shoplifting
53.377008,-1.47086,shoplifting
53.375458,-1.47327,shoplifting
53.377008,-1.47086,shoplifting
53.374667,-1.476044,theft_person
53.375458,-1.47327,theft_person
53.375458,-1.47327,theft_person
53.367339,-1.453576,burglary_biz
53.370539,-1.457428,theft_person
53.362655,-1.457228,burglary_biz
53.365065,-1.451727,robbery_biz
53.363835,-1.459782,robbery_biz
53.370621,-1.461416,shoplifting
53.370621,-1.461416,theft_person
53.364578,-1.441665,burglary_biz
53.367283,-1.439526,burglary_biz
53.367283,-1.439526,shoplifting
53.367283,-1.439526,shoplifting
53.360546,-1.460109,burglary_biz
53.355099,-1.361605,burglary_biz
53.363747,-1.353451,burglary_biz
53.360818,-1.348792,robbery_biz
53.359252,-1.408813,burglary_biz
53.361742,-1.405933,robbery_biz
53.361742,-1.405933,robbery_biz
53.360386,-1.403644,shoplifting
53.361742,-1.405933,shoplifting
53.361937,-1.392292,burglary_biz
53.357454,-1.408868,burglary_biz
53.366783,-1.404952,burglary_biz
53.365218,-1.406537,burglary_biz
53.366783,-1.404952,robbery_biz
53.365218,-1.406537,robbery_biz
53.36528,-1.404537,theft_person
53.364249,-1.408774,theft_person
53.353393,-1.497608,burglary_biz
53.360104,-1.507431,theft_person
53.36813,-1.498682,shoplifting
53.36813,-1.498682,shoplifting
53.36813,-1.498682,shoplifting
53.36813,-1.498682,shoplifting
53.36813,-1.498682,shoplifting
53.361899,-1.498079,robbery_biz
53.366839,-1.499524,shoplifting
53.351675,-1.505831,burglary_biz
53.365765,-1.509155,burglary_biz
53.365369,-1.511278,burglary_biz
53.363263,-1.508477,shoplifting
53.363263,-1.508477,shoplifting
53.363263,-1.508477,shoplifting
53.363263,-1.508477,shoplifting
53.363263,-1.508477,shoplifting
53.363263,-1.508477,shoplifting
53.363263,-1.508477,shoplifting
53.359225,-1.514534,burglary_biz
53.359829,-1.427756,robbery_biz
53.359606,-1.437493,shoplifting
53.359606,-1.437493,shoplifting
53.359606,-1.437493,shoplifting
53.359606,-1.437493,shoplifting
53.359606,-1.437493,shoplifting
53.360392,-1.363163,robbery_biz
53.360392,-1.363163,shoplifting
53.360844,-1.391181,robbery_biz
53.360048,-1.38144,burglary_biz
53.35934,-1.373467,robbery_biz
53.359408,-1.372494,robbery_biz
53.35934,-1.373467,shoplifting
53.35934,-1.373467,shoplifting
53.35934,-1.373467,shoplifting
53.35934,-1.373467,shoplifting
53.35934,-1.373467,shoplifting
53.35934,-1.373467,shoplifting
53.35934,-1.373467,shoplifting
53.35934,-1.373467,shoplifting
53.35934,-1.373467,shoplifting
53.35934,-1.373467,shoplifting
53.35934,-1.373467,shoplifting
53.35934,-1.373467,shoplifting
53.35934,-1.373467,shoplifting
53.35934,-1.373467,shoplifting
53.35934,-1.373467,shoplifting
53.36473,-1.489661,burglary_biz
53.363629,-1.49283,burglary_biz
53.36473,-1.489661,burglary_biz
53.364677,-1.485559,burglary_biz
53.359264,-1.489365,shoplifting
53.359264,-1.489365,shoplifting
53.359264,-1.489365,shoplifting
53.359264,-1.489365,shoplifting
53.359264,-1.489365,shoplifting
53.359264,-1.489365,shoplifting
53.359264,-1.489365,shoplifting
53.360145,-1.466831,burglary_biz
53.357743,-1.464322,burglary_biz
53.358523,-1.459804,robbery_biz
53.359232,-1.463556,shoplifting
53.351407,-1.444962,robbery_biz
53.363712,-1.464517,burglary_biz
53.368484,-1.464172,shoplifting
53.368484,-1.464172,shoplifting
53.358659,-1.421818,burglary_biz
53.360137,-1.424503,burglary_biz
53.358404,-1.419223,shoplifting
53.358404,-1.419223,shoplifting
53.352967,-1.425065,burglary_biz
53.357097,-1.476755,robbery_biz
53.357097,-1.476755,shoplifting
53.357097,-1.476755,shoplifting
53.35149,-1.479213,burglary_biz
53.351737,-1.47607,burglary_biz
53.350268,-1.437811,burglary_biz
53.35355,-1.438083,burglary_biz
53.352098,-1.438778,burglary_biz
53.345141,-1.425833,shoplifting
53.345141,-1.425833,shoplifting
53.345141,-1.425833,shoplifting
53.345141,-1.425833,shoplifting
53.345141,-1.425833,shoplifting
53.345141,-1.425833,shoplifting
53.345141,-1.425833,shoplifting
53.345141,-1.425833,shoplifting
53.345141,-1.425833,shoplifting
53.345141,-1.425833,shoplifting
53.345141,-1.425833,shoplifting
53.345141,-1.425833,shoplifting
53.345141,-1.425833,shoplifting
53.345141,-1.425833,shoplifting
53.345141,-1.425833,shoplifting
53.345141,-1.425833,shoplifting
53.345141,-1.425833,shoplifting
53.345141,-1.425833,shoplifting
53.345141,-1.425833,shoplifting
53.345141,-1.425833,shoplifting
53.345141,-1.425833,shoplifting
53.345141,-1.425833,shoplifting
53.345141,-1.425833,shoplifting
53.345141,-1.425833,shoplifting
53.345141,-1.425833,shoplifting
53.345141,-1.425833,shoplifting
53.345141,-1.425833,shoplifting
53.345141,-1.425833,shoplifting
53.345141,-1.425833,shoplifting
53.345141,-1.425833,shoplifting
53.345141,-1.425833,shoplifting
53.345141,-1.425833,shoplifting
53.345141,-1.425833,shoplifting
53.345141,-1.425833,shoplifting
53.345141,-1.425833,shoplifting
53.345141,-1.425833,shoplifting
53.345141,-1.425833,shoplifting
53.345141,-1.425833,shoplifting
53.345141,-1.425833,shoplifting
53.345141,-1.425833,shoplifting
53.345141,-1.425833,shoplifting
53.345141,-1.425833,shoplifting
53.351949,-1.526845,burglary_biz
53.351949,-1.526845,burglary_biz
53.347461,-1.528577,robbery_biz
53.348248,-1.523025,shoplifting
53.341344,-1.502932,robbery_biz
53.355343,-1.528205,shoplifting
53.352782,-1.342244,burglary_biz
53.34189,-1.351147,burglary_biz
53.34189,-1.351147,burglary_biz
53.34189,-1.351147,robbery_biz
53.346169,-1.350908,shoplifting
53.346169,-1.350908,shoplifting
53.346169,-1.350908,shoplifting
53.346169,-1.350908,shoplifting
53.346169,-1.350908,shoplifting
53.346169,-1.350908,shoplifting
53.346129,-1.486773,burglary_biz
53.345293,-1.493107,robbery_biz
53.345293,-1.493107,shoplifting
53.345293,-1.493107,shoplifting
53.345293,-1.493107,shoplifting
53.345293,-1.493107,shoplifting
53.345293,-1.493107,shoplifting
53.341068,-1.476411,burglary_biz
53.347265,-1.481262,burglary_biz
53.346917,-1.477751,robbery_biz
53.346054,-1.445842,burglary_biz
53.346759,-1.375489,burglary_biz
53.345488,-1.369754,burglary_biz
53.343802,-1.357027,robbery_biz
53.3442,-1.360282,shoplifting
53.3442,-1.360282,shoplifting
53.345553,-1.358413,shoplifting
53.343802,-1.357027,shoplifting
53.343802,-1.357027,shoplifting
53.343802,-1.357027,shoplifting
53.343802,-1.357027,shoplifting
53.343802,-1.357027,shoplifting
53.343802,-1.357027,shoplifting
53.343802,-1.357027,shoplifting
53.343802,-1.357027,shoplifting
53.3442,-1.360282,shoplifting
53.340504,-1.388016,burglary_biz
53.340989,-1.387949,burglary_biz
53.335997,-1.419692,burglary_biz
53.342981,-1.4214,shoplifting
53.344578,-1.424457,burglary_biz
53.344578,-1.424457,burglary_biz
53.344146,-1.334506,burglary_biz
53.346902,-1.333908,burglary_biz
53.346892,-1.335365,shoplifting
53.346892,-1.335365,shoplifting
53.338522,-1.33174,burglary_biz
53.336849,-1.333178,burglary_biz
53.337784,-1.333329,burglary_biz
53.345532,-1.471535,shoplifting
53.345532,-1.471535,shoplifting
53.345532,-1.471535,shoplifting
53.345532,-1.471535,shoplifting
53.345532,-1.471535,shoplifting
53.345532,-1.471535,shoplifting
53.345532,-1.471535,shoplifting
53.345532,-1.471535,shoplifting
53.345532,-1.471535,shoplifting
53.345532,-1.471535,shoplifting
53.345532,-1.471535,shoplifting
53.349619,-1.464724,burglary_biz
53.350984,-1.464482,burglary_biz
53.340363,-1.449663,shoplifting
53.340363,-1.449663,shoplifting
53.340363,-1.449663,shoplifting
53.340363,-1.449663,shoplifting
53.340363,-1.449663,shoplifting
53.340363,-1.449663,shoplifting
53.327724,-1.467567,shoplifting
53.327724,-1.467567,shoplifting
53.327724,-1.467567,shoplifting
53.327724,-1.467567,shoplifting
53.327724,-1.467567,shoplifting
53.333066,-1.346407,burglary_biz
53.332362,-1.349195,theft_person
53.323892,-1.353738,shoplifting
53.34269,-1.350825,shoplifting
53.34269,-1.350825,shoplifting
53.34269,-1.350825,shoplifting
53.34269,-1.350825,shoplifting
53.34269,-1.350825,shoplifting
53.34269,-1.350825,shoplifting
53.34269,-1.350825,shoplifting
53.34269,-1.350825,shoplifting
53.34269,-1.350825,shoplifting
53.34269,-1.350825,shoplifting
53.34269,-1.350825,shoplifting
53.34269,-1.350825,shoplifting
53.34269,-1.350825,shoplifting
53.34269,-1.350825,shoplifting
53.329471,-1.520982,burglary_biz
53.327227,-1.540091,shoplifting
53.318799,-1.524855,burglary_biz
53.311096,-1.540984,burglary_biz
53.311096,-1.540984,burglary_biz
53.341317,-1.534127,burglary_biz
53.32405,-1.492488,burglary_biz
53.327748,-1.486964,robbery_biz
53.327748,-1.486964,shoplifting
53.324234,-1.484949,burglary_biz
53.321682,-1.49157,robbery_biz
53.321682,-1.49157,shoplifting
53.321682,-1.49157,shoplifting
53.321682,-1.49157,shoplifting
53.321682,-1.49157,shoplifting
53.321682,-1.49157,shoplifting
53.321682,-1.49157,shoplifting
53.321682,-1.49157,shoplifting
53.321682,-1.49157,shoplifting
53.321682,-1.49157,shoplifting
53.321682,-1.49157,shoplifting
53.321682,-1.49157,shoplifting
53.321682,-1.49157,shoplifting
53.321682,-1.49157,shoplifting
53.321682,-1.49157,shoplifting
53.321682,-1.49157,shoplifting
53.321682,-1.49157,shoplifting
53.321682,-1.49157,shoplifting
53.321682,-1.49157,shoplifting
53.321682,-1.49157,shoplifting
53.321682,-1.49157,shoplifting
53.321682,-1.49157,shoplifting
53.321682,-1.49157,shoplifting
53.326066,-1.460274,robbery_biz
53.322805,-1.480958,burglary_biz
53.322805,-1.480958,burglary_biz
53.322805,-1.480958,shoplifting
53.320651,-1.465327,burglary_biz
53.320232,-1.466218,burglary_biz
53.314818,-1.520456,burglary_biz
53.322972,-1.343288,burglary_biz
53.319468,-1.348401,burglary_biz
53.325127,-1.342894,shoplifting
53.325127,-1.342894,shoplifting
53.325127,-1.342894,shoplifting
53.325127,-1.342894,shoplifting
53.325127,-1.342894,shoplifting
53.322972,-1.343288,shoplifting
53.325127,-1.342894,shoplifting
53.325127,-1.342894,shoplifting
53.325127,-1.342894,shoplifting
53.325127,-1.342894,shoplifting
53.322972,-1.343288,shoplifting
53.325127,-1.342894,shoplifting
53.325127,-1.342894,shoplifting
53.322972,-1.343288,shoplifting
53.323842,-1.362822,robbery_biz
53.323842,-1.362822,robbery_biz
53.323842,-1.362822,robbery_biz
53.323842,-1.362822,shoplifting
53.323842,-1.362822,shoplifting
53.323842,-1.362822,shoplifting
53.323842,-1.362822,shoplifting
53.323842,-1.362822,shoplifting
53.383189,-1.476225,robbery_biz
53.383189,-1.476225,shoplifting
53.383189,-1.476225,shoplifting
53.383189,-1.476225,shoplifting
53.383189,-1.476225,shoplifting
53.388612,-1.470686,burglary_biz
53.385033,-1.470414,burglary_biz
53.383992,-1.468804,robbery_biz
53.383505,-1.470478,robbery_biz
53.388612,-1.470686,shoplifting
53.384568,-1.471097,shoplifting
53.388072,-1.472767,burglary_biz
53.383629,-1.465952,burglary_biz
53.380136,-1.466777,burglary_biz
53.382869,-1.464879,burglary_biz
53.381997,-1.470843,burglary_biz
53.382912,-1.466381,robbery_biz
53.379191,-1.470577,robbery_biz
53.383629,-1.465952,robbery_biz
53.382133,-1.467068,robbery_biz
53.3848,-1.466493,robbery_biz
53.378618,-1.469066,robbery_biz
53.382869,-1.464879,robbery_biz
53.381809,-1.468581,shoplifting
53.382912,-1.466381,shoplifting
53.381809,-1.468581,shoplifting
53.382912,-1.466381,shoplifting
53.381809,-1.468581,shoplifting
53.381809,-1.468581,shoplifting
53.381809,-1.468581,shoplifting
53.383162,-1.468182,shoplifting
53.381809,-1.468581,shoplifting
53.381809,-1.468581,shoplifting
53.381809,-1.468581,shoplifting
53.381809,-1.468581,shoplifting
53.381809,-1.468581,shoplifting
53.381809,-1.468581,shoplifting
53.381809,-1.468581,shoplifting
53.381809,-1.468581,shoplifting
53.382912,-1.466381,shoplifting
53.381809,-1.468581,shoplifting
53.381809,-1.468581,shoplifting
53.378409,-1.466603,shoplifting
53.381809,-1.468581,shoplifting
53.381809,-1.468581,shoplifting
53.383162,-1.468182,shoplifting
53.382697,-1.468624,theft_person
53.382869,-1.464879,theft_person
53.384735,-1.480401,robbery_biz
53.384735,-1.480401,robbery_biz
53.384735,-1.480401,shoplifting
53.384735,-1.480401,shoplifting
53.384735,-1.480401,shoplifting
53.384735,-1.480401,shoplifting
53.384735,-1.480401,shoplifting
53.384735,-1.480401,shoplifting
53.384735,-1.480401,shoplifting
53.378234,-1.47582,robbery_biz
53.376769,-1.473854,shoplifting
53.376572,-1.473946,shoplifting
53.376125,-1.473827,shoplifting
53.376125,-1.473827,shoplifting
53.376125,-1.473827,shoplifting
53.376125,-1.473827,shoplifting
53.376769,-1.473854,shoplifting
53.376769,-1.473854,shoplifting
53.375818,-1.474151,shoplifting
53.375818,-1.474151,shoplifting
53.376769,-1.473854,theft_person
53.380099,-1.476699,burglary_biz
53.381628,-1.472787,burglary_biz
53.380604,-1.471025,burglary_biz
53.379732,-1.473021,burglary_biz
53.377755,-1.471061,robbery_biz
53.381164,-1.473664,robbery_biz
53.380041,-1.473829,shoplifting
53.379832,-1.475319,shoplifting
53.377755,-1.471061,shoplifting
53.380604,-1.471025,shoplifting
53.380041,-1.473829,shoplifting
53.377755,-1.471061,theft_person
53.377755,-1.471061,theft_person
53.380215,-1.474065,theft_person
53.380641,-1.474268,theft_person
53.380215,-1.474065,theft_person
53.380641,-1.474268,theft_person
53.380215,-1.474065,theft_person
53.380878,-1.474059,theft_person
53.380641,-1.474268,theft_person
53.380913,-1.475847,theft_person
53.381331,-1.47691,burglary_biz
53.380086,-1.482111,burglary_biz
53.379899,-1.478325,burglary_biz
53.379899,-1.478325,robbery_biz
53.37992,-1.478971,theft_person
53.379969,-1.479653,theft_person
53.37663,-1.44504,burglary_biz
53.376358,-1.442518,robbery_biz
53.377279,-1.459101,robbery_biz
53.36979,-1.44316,burglary_biz
53.372294,-1.440377,burglary_biz
53.369372,-1.444142,burglary_biz
53.374563,-1.44902,burglary_biz
53.374972,-1.446129,burglary_biz
53.374563,-1.44902,burglary_biz
53.375406,-1.450497,burglary_biz
53.38272,-1.444179,burglary_biz
53.379537,-1.440071,burglary_biz
53.384609,-1.460136,burglary_biz
53.383549,-1.463989,burglary_biz
53.384492,-1.458033,burglary_biz
53.383549,-1.463989,robbery_biz
53.376721,-1.463062,robbery_biz
53.383549,-1.463989,shoplifting
53.383549,-1.463989,shoplifting
53.383549,-1.463989,shoplifting
53.350584,-1.401136,burglary_biz
53.350584,-1.401136,burglary_biz
53.348989,-1.39856,shoplifting
53.348989,-1.39856,shoplifting
53.348989,-1.39856,shoplifting
53.348989,-1.39856,shoplifting
53.348989,-1.39856,shoplifting
53.348989,-1.39856,shoplifting
53.34685,-1.398545,shoplifting
53.348989,-1.39856,shoplifting
53.348989,-1.39856,shoplifting
53.348989,-1.39856,shoplifting
53.348989,-1.39856,shoplifting
53.348989,-1.39856,shoplifting
53.347861,-1.403052,burglary_biz
53.351361,-1.396559,burglary_biz
53.345546,-1.393021,burglary_biz
53.49608,-1.462701,burglary_biz
53.497364,-1.464404,shoplifting
53.497364,-1.464404,shoplifting
53.49829,-1.433413,robbery_biz
53.498366,-1.443708,burglary_biz
53.497804,-1.272197,burglary_biz
53.492279,-1.288977,burglary_biz
53.492279,-1.288977,burglary_biz
53.492279,-1.288977,robbery_biz
53.495322,-1.281464,shoplifting
53.495322,-1.281464,shoplifting
53.495322,-1.281464,shoplifting
53.493171,-1.290937,robbery_biz
53.497152,-1.289317,robbery_biz
53.494125,-1.288147,robbery_biz
53.493171,-1.290937,shoplifting
53.49883,-1.294792,burglary_biz
53.496613,-1.302984,burglary_biz
53.496266,-1.300532,burglary_biz
53.495089,-1.303793,burglary_biz
53.492401,-1.293545,burglary_biz
53.496533,-1.295478,burglary_biz
53.496951,-1.294763,robbery_biz
53.492401,-1.293545,shoplifting
53.482811,-1.2305,robbery_biz
53.488754,-1.234899,burglary_biz
53.491102,-1.255219,burglary_biz
53.491102,-1.255219,shoplifting
53.491812,-1.256654,shoplifting
53.491812,-1.256654,shoplifting
53.491812,-1.256654,shoplifting
53.491812,-1.256654,shoplifting
53.491812,-1.256654,shoplifting
53.491812,-1.256654,shoplifting
53.491812,-1.256654,shoplifting
53.491812,-1.256654,shoplifting
53.491102,-1.255219,shoplifting
53.491812,-1.256654,shoplifting
53.491102,-1.255219,shoplifting
53.484313,-1.246146,burglary_biz
53.482941,-1.24391,burglary_biz
53.481053,-1.243762,robbery_biz
53.482363,-1.243423,robbery_biz
53.340604,-1.411354,burglary_biz
53.499084,-1.313812,burglary_biz
53.498643,-1.313669,burglary_biz
53.49932,-1.352929,burglary_biz
53.487138,-1.315316,burglary_biz
53.487138,-1.315316,burglary_biz
53.487013,-1.304588,burglary_biz
53.487138,-1.315316,shoplifting
53.486011,-1.332168,burglary_biz
53.488189,-1.319956,burglary_biz
53.476665,-1.363956,burglary_biz
53.471655,-1.348212,shoplifting
53.466727,-1.339641,burglary_biz
53.466727,-1.339641,burglary_biz
53.466727,-1.339641,shoplifting
53.466727,-1.339641,shoplifting
53.466727,-1.339641,shoplifting
53.466727,-1.339641,shoplifting
53.466727,-1.339641,shoplifting
53.466727,-1.339641,shoplifting
53.466727,-1.339641,shoplifting
53.466727,-1.339641,shoplifting
53.466727,-1.339641,shoplifting
53.466727,-1.339641,shoplifting
53.466727,-1.339641,shoplifting
53.466727,-1.339641,shoplifting
53.466727,-1.339641,shoplifting
53.466727,-1.339641,shoplifting
53.466727,-1.339641,shoplifting
53.466727,-1.339641,shoplifting
53.466727,-1.339641,shoplifting
53.466727,-1.339641,shoplifting
53.466727,-1.339641,shoplifting
53.466727,-1.339641,shoplifting
53.466727,-1.339641,shoplifting
53.466727,-1.339641,shoplifting
53.466727,-1.339641,shoplifting
53.466727,-1.339641,shoplifting
53.466727,-1.339641,shoplifting
53.466727,-1.339641,shoplifting
53.466727,-1.339641,shoplifting
53.466727,-1.339641,shoplifting
53.466727,-1.339641,shoplifting
53.466727,-1.339641,shoplifting
53.466727,-1.339641,shoplifting
53.466727,-1.339641,shoplifting
53.466727,-1.339641,shoplifting
53.466727,-1.339641,shoplifting
53.466727,-1.339641,shoplifting
53.466727,-1.339641,shoplifting
53.466727,-1.339641,shoplifting
53.466727,-1.339641,shoplifting
53.466727,-1.339641,shoplifting
53.470484,-1.304768,burglary_biz
53.467626,-1.32848,burglary_biz
53.477772,-1.384717,burglary_biz
53.454922,-1.435647,burglary_biz
53.454931,-1.337595,burglary_biz
53.459815,-1.343655,burglary_biz
53.462124,-1.346144,burglary_biz
53.459599,-1.344541,robbery_biz
53.459815,-1.343655,shoplifting
53.459815,-1.343655,shoplifting
53.459815,-1.343655,shoplifting
53.459815,-1.343655,shoplifting
53.459815,-1.343655,shoplifting
53.459297,-1.343506,shoplifting
53.459815,-1.343655,shoplifting
53.459815,-1.343655,shoplifting
53.459815,-1.343655,shoplifting
53.459815,-1.343655,shoplifting
53.45038,-1.341822,burglary_biz
53.454006,-1.342504,burglary_biz
53.451113,-1.344355,burglary_biz
53.452312,-1.346731,burglary_biz
53.456758,-1.344419,burglary_biz
53.454006,-1.342504,burglary_biz
53.453282,-1.341687,burglary_biz
53.452899,-1.340699,burglary_biz
53.452899,-1.340699,burglary_biz
53.452312,-1.346731,burglary_biz
53.452312,-1.346731,robbery_biz
53.447991,-1.343831,shoplifting
53.449549,-1.341127,shoplifting
53.451113,-1.344355,shoplifting
53.447951,-1.34323,shoplifting
53.451113,-1.344355,shoplifting
53.449549,-1.341127,shoplifting
53.451293,-1.339594,shoplifting
53.449549,-1.341127,shoplifting
53.451113,-1.344355,shoplifting
53.451113,-1.344355,shoplifting
53.449549,-1.341127,shoplifting
53.451113,-1.344355,shoplifting
53.449549,-1.341127,shoplifting
53.449549,-1.341127,shoplifting
53.451113,-1.344355,shoplifting
53.451113,-1.344355,shoplifting
53.449549,-1.341127,shoplifting
53.451113,-1.344355,shoplifting
53.447956,-1.342615,shoplifting
53.447951,-1.34323,shoplifting
53.447991,-1.343831,shoplifting
53.447951,-1.34323,shoplifting
53.447956,-1.342615,shoplifting
53.449549,-1.341127,shoplifting
53.451113,-1.344355,shoplifting
53.451113,-1.344355,shoplifting
53.451113,-1.344355,shoplifting
53.447991,-1.343831,shoplifting
53.451113,-1.344355,shoplifting
53.451113,-1.344355,shoplifting
53.447951,-1.34323,shoplifting
53.447951,-1.34323,shoplifting
53.449549,-1.341127,shoplifting
53.447956,-1.342615,shoplifting
53.447951,-1.34323,shoplifting
53.451113,-1.344355,shoplifting
53.451113,-1.344355,shoplifting
53.451113,-1.344355,shoplifting
53.447951,-1.34323,shoplifting
53.451113,-1.344355,shoplifting
53.449549,-1.341127,shoplifting
53.447956,-1.342615,shoplifting
53.447956,-1.342615,shoplifting
53.447951,-1.34323,shoplifting
53.451113,-1.344355,shoplifting
53.442479,-1.361771,burglary_biz
53.442479,-1.361771,shoplifting
53.449969,-1.375949,burglary_biz
53.450924,-1.388403,burglary_biz
53.450924,-1.388403,robbery_biz
53.450924,-1.388403,robbery_biz
53.453849,-1.389114,robbery_biz
53.455949,-1.381584,burglary_biz
53.448311,-1.298896,robbery_biz
53.448311,-1.298896,robbery_biz
53.443883,-1.302627,robbery_biz
53.447485,-1.29903,shoplifting
53.447485,-1.29903,shoplifting
53.447485,-1.29903,shoplifting
53.447485,-1.29903,shoplifting
53.46751,-1.270244,burglary_biz
53.446718,-1.304809,burglary_biz
53.443695,-1.308924,burglary_biz
53.446298,-1.305132,burglary_biz
53.446298,-1.305132,burglary_biz
53.441819,-1.315668,burglary_biz
53.442968,-1.315394,shoplifting
53.443541,-1.319167,shoplifting
53.443541,-1.319167,shoplifting
53.443541,-1.319167,shoplifting
53.443541,-1.319167,shoplifting
53.442968,-1.315394,shoplifting
53.443541,-1.319167,shoplifting
53.443541,-1.319167,shoplifting
53.447861,-1.403158,robbery_biz
53.447861,-1.403158,robbery_biz
53.447861,-1.403158,shoplifting
53.447861,-1.403158,shoplifting
53.447861,-1.403158,shoplifting
53.447861,-1.403158,shoplifting
53.447861,-1.403158,shoplifting
53.447861,-1.403158,shoplifting
53.447861,-1.403158,shoplifting
53.443721,-1.393098,robbery_biz
53.442935,-1.392312,shoplifting
53.425669,-1.26461,shoplifting
53.425669,-1.26461,shoplifting
53.439422,-1.266074,burglary_biz
53.437291,-1.268941,burglary_biz
53.436019,-1.278566,burglary_biz
53.436019,-1.278566,burglary_biz
53.435126,-1.278024,burglary_biz
53.429599,-1.284274,burglary_biz
53.438944,-1.315835,shoplifting
53.438944,-1.315835,shoplifting
53.438944,-1.315835,shoplifting
53.43461,-1.320345,robbery_biz
53.443226,-1.321261,shoplifting
53.43766,-1.330427,robbery_biz
53.43766,-1.330427,robbery_biz
53.43766,-1.330427,robbery_biz
53.43766,-1.330427,shoplifting
53.43766,-1.330427,shoplifting
53.43766,-1.330427,shoplifting
53.43766,-1.330427,shoplifting
53.43766,-1.330427,shoplifting
53.43766,-1.330427,shoplifting
53.43766,-1.330427,shoplifting
53.43766,-1.330427,shoplifting
53.43766,-1.330427,shoplifting
53.43766,-1.330427,shoplifting
53.440636,-1.322567,shoplifting
53.43766,-1.330427,shoplifting
53.43766,-1.330427,shoplifting
53.440636,-1.322567,shoplifting
53.441796,-1.335496,burglary_biz
53.441796,-1.335496,burglary_biz
53.441796,-1.335496,burglary_biz
53.431772,-1.328804,burglary_biz
53.438183,-1.350214,burglary_biz
53.435737,-1.340257,burglary_biz
53.439326,-1.34392,robbery_biz
53.438598,-1.347258,robbery_biz
53.439326,-1.34392,shoplifting
53.439326,-1.34392,shoplifting
53.439326,-1.34392,shoplifting
53.439326,-1.34392,shoplifting
53.439326,-1.34392,shoplifting
53.439326,-1.34392,shoplifting
53.439326,-1.34392,shoplifting
53.439326,-1.34392,shoplifting
53.439326,-1.34392,shoplifting
53.439326,-1.34392,shoplifting
53.439326,-1.34392,shoplifting
53.439326,-1.34392,shoplifting
53.43669,-1.389224,robbery_biz
53.43669,-1.389224,shoplifting
53.439484,-1.400254,shoplifting
53.439484,-1.400254,shoplifting
53.439484,-1.400254,shoplifting
53.439484,-1.400254,shoplifting
53.439484,-1.400254,shoplifting
53.439484,-1.400254,shoplifting
53.439484,-1.400254,shoplifting
53.439484,-1.400254,shoplifting
53.437117,-1.395511,burglary_biz
53.426713,-1.398111,robbery_biz
53.429283,-1.37881,burglary_biz
53.430172,-1.378632,burglary_biz
53.431639,-1.382343,burglary_biz
53.432974,-1.372841,burglary_biz
53.432974,-1.372841,robbery_biz
53.432974,-1.372841,robbery_biz
53.432974,-1.372841,shoplifting
53.432974,-1.372841,shoplifting
53.432974,-1.372841,shoplifting
53.432974,-1.372841,shoplifting
53.432974,-1.372841,shoplifting
53.432974,-1.372841,shoplifting
53.432974,-1.372841,shoplifting
53.432974,-1.372841,shoplifting
53.432974,-1.372841,shoplifting
53.43517,-1.382157,shoplifting
53.431263,-1.386232,burglary_biz
53.430867,-1.384356,burglary_biz
53.428519,-1.390997,burglary_biz
53.419982,-1.360393,burglary_biz
53.423601,-1.358172,shoplifting
53.423601,-1.358172,shoplifting
53.423601,-1.358172,shoplifting
53.43191,-1.357098,burglary_biz
53.43191,-1.357098,burglary_biz
53.430355,-1.350529,burglary_biz
53.43191,-1.357098,burglary_biz
53.428646,-1.356877,burglary_biz
53.430355,-1.350529,burglary_biz
53.433833,-1.353592,burglary_biz
53.433211,-1.35166,burglary_biz
53.430222,-1.35747,robbery_biz
53.432099,-1.365449,robbery_biz
53.433833,-1.353592,robbery_biz
53.433054,-1.354146,robbery_biz
53.432099,-1.365449,robbery_biz
53.43231,-1.351237,robbery_biz
53.432099,-1.365449,robbery_biz
53.43169,-1.354633,robbery_biz
53.429844,-1.357355,robbery_biz
53.43191,-1.357098,robbery_biz
53.433833,-1.353592,robbery_biz
53.432099,-1.365449,robbery_biz
53.433833,-1.353592,robbery_biz
53.433833,-1.353592,robbery_biz
53.433223,-1.350591,robbery_biz
53.432099,-1.365449,robbery_biz
53.430766,-1.353232,robbery_biz
53.433054,-1.354146,robbery_biz
53.433833,-1.353592,shoplifting
53.43169,-1.354633,shoplifting
53.433054,-1.354146,shoplifting
53.433054,-1.354146,shoplifting
53.43169,-1.354633,shoplifting
53.43169,-1.354633,shoplifting
53.43169,-1.354633,shoplifting
53.43169,-1.354633,shoplifting
53.43169,-1.354633,shoplifting
53.433833,-1.353592,shoplifting
53.433054,-1.354146,shoplifting
53.43169,-1.354633,shoplifting
53.43169,-1.354633,shoplifting
53.43169,-1.354633,shoplifting
53.43169,-1.354633,shoplifting
53.43169,-1.354633,shoplifting
53.433054,-1.354146,shoplifting
53.433833,-1.353592,shoplifting
53.433833,-1.353592,shoplifting
53.433054,-1.354146,shoplifting
53.43169,-1.354633,shoplifting
53.43169,-1.354633,shoplifting
53.433833,-1.353592,shoplifting
53.433054,-1.354146,shoplifting
53.433833,-1.353592,shoplifting
53.43191,-1.357098,shoplifting
53.433054,-1.354146,shoplifting
53.43169,-1.354633,shoplifting
53.433054,-1.354146,shoplifting
53.43191,-1.357098,shoplifting
53.433054,-1.354146,shoplifting
53.433833,-1.353592,shoplifting
53.430929,-1.355277,shoplifting
53.433833,-1.353592,shoplifting
53.433833,-1.353592,shoplifting
53.433833,-1.353592,shoplifting
53.433054,-1.354146,shoplifting
53.433833,-1.353592,shoplifting
53.43191,-1.357098,shoplifting
53.43169,-1.354633,shoplifting
53.433054,-1.354146,shoplifting
53.433054,-1.354146,shoplifting
53.433054,-1.354146,shoplifting
53.433833,-1.353592,shoplifting
53.433833,-1.353592,shoplifting
53.433054,-1.354146,shoplifting
53.432968,-1.349903,shoplifting
53.433833,-1.353592,shoplifting
53.433054,-1.354146,shoplifting
53.43169,-1.354633,shoplifting
53.433833,-1.353592,shoplifting
53.433833,-1.353592,shoplifting
53.433054,-1.354146,shoplifting
53.433054,-1.354146,shoplifting
53.433833,-1.353592,shoplifting
53.433833,-1.353592,shoplifting
53.433833,-1.353592,shoplifting
53.433054,-1.354146,shoplifting
53.433054,-1.354146,shoplifting
53.43169,-1.354633,shoplifting
53.43169,-1.354633,shoplifting
53.43191,-1.357098,shoplifting
53.43191,-1.357098,shoplifting
53.433054,-1.354146,shoplifting
53.433054,-1.354146,shoplifting
53.433054,-1.354146,shoplifting
53.433833,-1.353592,shoplifting
53.433833,-1.353592,shoplifting
53.432354,-1.354367,theft_person
53.42844,-1.347157,burglary_biz
53.436565,-1.346852,shoplifting
53.43737,-1.345065,shoplifting
53.43737,-1.345065,shoplifting
53.422414,-1.245721,burglary_biz
53.422112,-1.247652,burglary_biz
53.42876,-1.271736,robbery_biz
53.420695,-1.2834,burglary_biz
53.420327,-1.284911,robbery_biz
53.420327,-1.284911,shoplifting
53.420327,-1.284911,shoplifting
53.420327,-1.284911,shoplifting
53.420327,-1.284911,shoplifting
53.420327,-1.284911,shoplifting
53.420327,-1.284911,shoplifting
53.420737,-1.285777,burglary_biz
53.430225,-1.277701,shoplifting
53.430225,-1.277701,shoplifting
53.429328,-1.285422,burglary_biz
53.428425,-1.286265,burglary_biz
53.428425,-1.278755,robbery_biz
53.4193,-1.307423,shoplifting
53.4193,-1.307423,shoplifting
53.4193,-1.307423,shoplifting
53.427528,-1.288071,burglary_biz
53.420249,-1.306159,shoplifting
53.420249,-1.306159,shoplifting
53.421062,-1.348986,burglary_biz
53.420756,-1.345755,burglary_biz
53.421062,-1.348986,burglary_biz
53.421062,-1.348986,shoplifting
53.421062,-1.348986,shoplifting
53.421062,-1.348986,shoplifting
53.421062,-1.348986,shoplifting
53.421062,-1.348986,shoplifting
53.421062,-1.348986,shoplifting
53.421062,-1.348986,shoplifting
53.421062,-1.348986,shoplifting
53.421062,-1.348986,shoplifting
53.421062,-1.348986,shoplifting
53.421062,-1.348986,shoplifting
53.421062,-1.348986,shoplifting
53.421062,-1.348986,shoplifting
53.421062,-1.348986,shoplifting
53.421062,-1.348986,shoplifting
53.421062,-1.348986,shoplifting
53.421062,-1.348986,shoplifting
53.421062,-1.348986,shoplifting
53.414166,-1.340591,shoplifting
53.422427,-1.353825,burglary_biz
53.421116,-1.35067,burglary_biz
53.427478,-1.350724,shoplifting
53.418044,-1.385053,burglary_biz
53.402299,-1.360041,burglary_biz
53.403955,-1.360332,shoplifting
53.403955,-1.360332,shoplifting
53.403955,-1.360332,shoplifting
53.403955,-1.360332,shoplifting
53.40405,-1.374921,shoplifting
53.400147,-1.264208,theft_person
53.387568,-1.365419,burglary_biz
53.38953,-1.372532,burglary_biz
53.385831,-1.368407,burglary_biz
53.387568,-1.365419,burglary_biz
53.389907,-1.370888,burglary_biz
53.389907,-1.370888,burglary_biz
53.391116,-1.374002,shoplifting
53.397519,-1.357,shoplifting
53.381305,-1.365708,burglary_biz
53.365986,-1.310181,burglary_biz
53.366828,-1.309777,burglary_biz
53.362831,-1.316529,burglary_biz
53.3635,-1.321867,shoplifting
53.341038,-1.27619,shoplifting
53.341038,-1.27619,shoplifting
53.341126,-1.265464,robbery_biz
53.340703,-1.271344,robbery_biz
53.340703,-1.271344,shoplifting
53.319261,-1.278134,shoplifting
53.341126,-1.265464,shoplifting
53.340703,-1.271344,shoplifting
53.341126,-1.265464,shoplifting
53.339518,-1.251314,burglary_biz
53.321668,-1.260184,robbery_biz
53.321668,-1.260184,shoplifting
53.321668,-1.260184,shoplifting
53.423447,-1.257034,robbery_biz
53.424267,-1.263205,shoplifting
53.424267,-1.263205,shoplifting
53.425155,-1.276192,burglary_biz
53.42267,-1.273916,burglary_biz
53.416498,-1.312539,burglary_biz
53.407533,-1.322988,burglary_biz
53.412744,-1.320904,robbery_biz
53.412744,-1.320904,shoplifting
53.412744,-1.320904,shoplifting
53.412744,-1.320904,shoplifting
53.412744,-1.320904,shoplifting
53.412744,-1.320904,shoplifting
53.412744,-1.320904,shoplifting
53.412744,-1.320904,shoplifting
53.412744,-1.320904,shoplifting
53.412744,-1.320904,shoplifting
53.412744,-1.320904,shoplifting
53.412744,-1.320904,shoplifting
53.404465,-1.328858,robbery_biz
53.479245,-1.587465,burglary_biz
53.479145,-1.587105,robbery_biz
53.48079,-1.59503,robbery_biz
53.483238,-1.588135,robbery_biz
53.482763,-1.596442,shoplifting
53.476176,-1.599398,shoplifting
53.472793,-1.59842,burglary_biz
53.475534,-1.585196,burglary_biz
53.478574,-1.570325,shoplifting
53.470645,-1.494388,burglary_biz
53.462769,-1.49796,burglary_biz
53.474575,-1.486416,shoplifting
53.474575,-1.486416,shoplifting
53.474575,-1.486416,shoplifting
53.474575,-1.486416,shoplifting
53.474575,-1.486416,shoplifting
53.474575,-1.486416,shoplifting
53.468758,-1.479783,burglary_biz
53.468793,-1.487811,shoplifting
53.468793,-1.487811,shoplifting
53.46164,-1.480468,shoplifting
53.46164,-1.480468,shoplifting
53.462397,-1.468082,burglary_biz
53.46165,-1.465832,shoplifting
53.460267,-1.474329,robbery_biz
53.460267,-1.474329,robbery_biz
53.461037,-1.479862,shoplifting
53.460524,-1.485998,burglary_biz
53.444292,-1.459621,burglary_biz
53.44234,-1.469326,shoplifting
53.445686,-1.463924,shoplifting
53.445686,-1.463924,shoplifting
53.445686,-1.463924,shoplifting
53.444292,-1.459621,shoplifting
53.445686,-1.463924,shoplifting
53.445686,-1.463924,shoplifting
53.445686,-1.463924,shoplifting
53.447253,-1.466509,shoplifting
53.445686,-1.463924,shoplifting
53.445686,-1.463924,shoplifting
53.443854,-1.456374,theft_person
53.431788,-1.459629,robbery_biz
53.439872,-1.462296,burglary_biz
53.431235,-1.440852,shoplifting
53.433818,-1.451295,burglary_biz
53.427273,-1.493788,burglary_biz
53.431576,-1.478596,shoplifting
53.428108,-1.487202,shoplifting
53.428108,-1.487202,shoplifting
53.428108,-1.487202,shoplifting
53.423924,-1.444018,burglary_biz
53.422097,-1.441369,burglary_biz
53.427457,-1.442241,robbery_biz
53.428998,-1.443079,burglary_biz
53.430321,-1.445289,burglary_biz
53.424222,-1.450169,shoplifting
53.424401,-1.459918,burglary_biz
53.421349,-1.464697,burglary_biz
53.422805,-1.464754,robbery_biz
53.418585,-1.494794,shoplifting
53.419571,-1.492089,burglary_biz
53.422065,-1.490916,robbery_biz
53.419571,-1.492089,robbery_biz
53.414356,-1.491625,robbery_biz
53.418754,-1.479776,shoplifting
53.418754,-1.479776,shoplifting
53.418754,-1.479776,shoplifting
53.418754,-1.479776,shoplifting
53.418754,-1.479776,shoplifting
53.418754,-1.479776,shoplifting
53.418754,-1.479776,shoplifting
53.418754,-1.479776,shoplifting
53.418754,-1.479776,shoplifting
53.418754,-1.479776,shoplifting
53.418754,-1.479776,shoplifting
53.415686,-1.483168,burglary_biz
53.419188,-1.48439,burglary_biz
53.417673,-1.443302,robbery_biz
53.422194,-1.452889,burglary_biz
53.422194,-1.452889,burglary_biz
53.422194,-1.452889,burglary_biz
53.422239,-1.424162,burglary_biz
53.418961,-1.434182,burglary_biz
53.419306,-1.43487,burglary_biz
53.418468,-1.430758,shoplifting
53.416435,-1.41926,burglary_biz
53.416675,-1.464801,burglary_biz
53.422099,-1.471654,burglary_biz
53.409837,-1.505037,burglary_biz
53.402644,-1.502338,shoplifting
53.402441,-1.503168,shoplifting
53.402644,-1.502338,shoplifting
53.402644,-1.502338,theft_person
53.418551,-1.505929,burglary_biz
53.418909,-1.512064,shoplifting
53.417203,-1.501657,shoplifting
53.417203,-1.501657,shoplifting
53.418405,-1.496956,shoplifting
53.413672,-1.499908,shoplifting
53.418405,-1.496956,shoplifting
53.402345,-1.497393,burglary_biz
53.401523,-1.494365,robbery_biz
53.401994,-1.495231,robbery_biz
53.404321,-1.501341,shoplifting
53.404048,-1.503018,shoplifting
53.404048,-1.503018,shoplifting
53.404321,-1.501341,shoplifting
53.412164,-1.395413,theft_person
53.396759,-1.417442,burglary_biz
53.397356,-1.414452,shoplifting
53.406551,-1.40888,burglary_biz
53.410672,-1.40619,burglary_biz
53.41599,-1.396457,burglary_biz
53.405627,-1.409314,burglary_biz
53.414925,-1.409968,robbery_biz
53.405627,-1.409314,robbery_biz
53.413858,-1.403393,robbery_biz
53.4124,-1.412139,robbery_biz
53.405627,-1.409314,shoplifting
53.4124,-1.412139,shoplifting
53.406551,-1.40888,shoplifting
53.414119,-1.410731,shoplifting
53.4124,-1.412139,shoplifting
53.414961,-1.411893,shoplifting
53.414961,-1.411893,shoplifting
53.414961,-1.411893,shoplifting
53.414925,-1.409968,shoplifting
53.414255,-1.407299,shoplifting
53.4124,-1.412139,shoplifting
53.405627,-1.409314,shoplifting
53.4124,-1.412139,shoplifting
53.406551,-1.40888,shoplifting
53.414961,-1.411893,shoplifting
53.414961,-1.411893,shoplifting
53.4124,-1.412139,shoplifting
53.414961,-1.411893,shoplifting
53.414961,-1.411893,shoplifting
53.414961,-1.411893,shoplifting
53.4124,-1.412139,shoplifting
53.4124,-1.412139,shoplifting
53.414961,-1.411893,shoplifting
53.405627,-1.409314,shoplifting
53.4124,-1.412139,shoplifting
53.405627,-1.409314,shoplifting
53.414961,-1.411893,shoplifting
53.414925,-1.409968,shoplifting
53.414255,-1.407299,shoplifting
53.4124,-1.412139,shoplifting
53.405627,-1.409314,shoplifting
53.413748,-1.41378,shoplifting
53.4124,-1.412139,shoplifting
53.414961,-1.411893,shoplifting
53.414255,-1.407299,shoplifting
53.405627,-1.409314,shoplifting
53.405627,-1.409314,shoplifting
53.4124,-1.412139,shoplifting
53.405627,-1.409314,shoplifting
53.414961,-1.411893,shoplifting
53.414925,-1.409968,shoplifting
53.405627,-1.409314,shoplifting
53.414961,-1.411893,shoplifting
53.414961,-1.411893,shoplifting
53.414961,-1.411893,shoplifting
53.4124,-1.412139,shoplifting
53.405627,-1.409314,shoplifting
53.4124,-1.412139,shoplifting
53.414961,-1.411893,shoplifting
53.414961,-1.411893,shoplifting
53.4124,-1.412139,shoplifting
53.414119,-1.410731,shoplifting
53.414925,-1.409968,shoplifting
53.414119,-1.410731,shoplifting
53.4124,-1.412139,shoplifting
53.414961,-1.411893,shoplifting
53.414961,-1.411893,shoplifting
53.414925,-1.409968,shoplifting
53.4124,-1.412139,shoplifting
53.414925,-1.409968,shoplifting
53.414961,-1.411893,shoplifting
53.4124,-1.412139,shoplifting
53.414961,-1.411893,shoplifting
53.414119,-1.410731,shoplifting
53.406551,-1.40888,shoplifting
53.414119,-1.410731,theft_person
53.414285,-1.396993,robbery_biz
53.414285,-1.396993,robbery_biz
53.396652,-1.469744,burglary_biz
53.396556,-1.468241,burglary_biz
53.412957,-1.471542,shoplifting
53.411736,-1.482208,burglary_biz
53.404656,-1.468591,burglary_biz
53.406812,-1.452424,robbery_biz
53.406812,-1.452424,robbery_biz
53.406812,-1.452424,robbery_biz
53.406812,-1.452424,robbery_biz
53.406812,-1.452424,robbery_biz
53.406812,-1.452424,shoplifting
53.406812,-1.452424,shoplifting
53.406812,-1.452424,shoplifting
53.406812,-1.452424,shoplifting
53.406812,-1.452424,shoplifting
53.406812,-1.452424,shoplifting
53.406812,-1.452424,shoplifting
53.406783,-1.453838,burglary_biz
53.40812,-1.457356,shoplifting
53.408136,-1.452934,theft_person
53.412526,-1.451719,burglary_biz
53.407623,-1.508703,shoplifting
53.407623,-1.508703,shoplifting
53.407623,-1.508703,shoplifting
53.396245,-1.457101,burglary_biz
53.4115,-1.441863,burglary_biz
53.394816,-1.45321,burglary_biz
53.392745,-1.435161,burglary_biz
53.393408,-1.432686,burglary_biz
53.393622,-1.457601,robbery_biz
53.391608,-1.457416,robbery_biz
53.394877,-1.42793,robbery_biz
53.389639,-1.457193,robbery_biz
53.391608,-1.457416,robbery_biz
53.391608,-1.457416,robbery_biz
53.389639,-1.457193,shoplifting
53.389639,-1.457193,shoplifting
53.389639,-1.457193,shoplifting
53.389639,-1.457193,shoplifting
53.389639,-1.457193,shoplifting
53.389639,-1.457193,shoplifting
53.389639,-1.457193,shoplifting
53.389639,-1.457193,shoplifting
53.389639,-1.457193,shoplifting
53.389639,-1.457193,shoplifting
53.389639,-1.457193,shoplifting
53.389639,-1.457193,shoplifting
53.389639,-1.457193,shoplifting
53.389639,-1.457193,shoplifting
53.389639,-1.457193,shoplifting
53.389639,-1.457193,shoplifting
53.389639,-1.457193,shoplifting
53.389639,-1.457193,shoplifting
53.391608,-1.457416,shoplifting
53.389639,-1.457193,shoplifting
53.389639,-1.457193,shoplifting
53.389639,-1.457193,shoplifting
53.389639,-1.457193,shoplifting
53.389639,-1.457193,shoplifting
53.389639,-1.457193,shoplifting
53.389639,-1.457193,shoplifting
53.389639,-1.457193,shoplifting
53.389639,-1.457193,shoplifting
53.389639,-1.457193,shoplifting
53.389639,-1.457193,shoplifting
53.389639,-1.457193,shoplifting
53.389639,-1.457193,shoplifting
53.389639,-1.457193,shoplifting
53.389639,-1.457193,shoplifting
53.389639,-1.457193,shoplifting
53.389639,-1.457193,shoplifting
53.389639,-1.457193,shoplifting
53.389639,-1.457193,shoplifting
53.389639,-1.457193,shoplifting
53.389639,-1.457193,shoplifting
53.389639,-1.457193,shoplifting
53.389639,-1.457193,shoplifting
53.389639,-1.457193,shoplifting
53.389639,-1.457193,shoplifting
53.390147,-1.460352,theft_person
53.408971,-1.444875,burglary_biz
53.4098,-1.447346,shoplifting
53.4098,-1.447346,shoplifting
53.392895,-1.543696,burglary_biz
53.395763,-1.503245,burglary_biz
53.394155,-1.501399,burglary_biz
53.396162,-1.510685,burglary_biz
53.386072,-1.53439,burglary_biz
53.385389,-1.483971,burglary_biz
53.387836,-1.486498,burglary_biz
53.389382,-1.48251,shoplifting
53.382565,-1.485809,burglary_biz
53.382565,-1.485809,burglary_biz
53.383237,-1.485245,burglary_biz
53.391214,-1.490261,burglary_biz
53.398918,-1.496922,burglary_biz
53.400386,-1.495356,robbery_biz
53.392549,-1.411149,burglary_biz
53.394765,-1.412292,robbery_biz
53.394765,-1.412292,robbery_biz
53.387188,-1.419688,burglary_biz
53.391689,-1.413582,burglary_biz
53.385753,-1.495484,shoplifting
53.385753,-1.495484,shoplifting
53.385753,-1.495484,shoplifting
53.385753,-1.495484,shoplifting
53.385753,-1.495484,shoplifting
53.385753,-1.495484,shoplifting
53.385753,-1.495484,shoplifting
53.385753,-1.495484,shoplifting
53.385753,-1.495484,shoplifting
53.386174,-1.495268,shoplifting
53.385562,-1.49935,burglary_biz
53.385835,-1.500143,burglary_biz
53.385064,-1.500619,burglary_biz
53.379601,-1.518662,shoplifting
53.379601,-1.518662,shoplifting
53.379601,-1.518662,shoplifting
53.379601,-1.518662,shoplifting
53.379601,-1.518662,shoplifting
53.379601,-1.518662,shoplifting
53.379601,-1.518662,shoplifting
53.380533,-1.485548,burglary_biz
53.380533,-1.485548,burglary_biz
53.379577,-1.489165,robbery_biz
53.379577,-1.489165,robbery_biz
53.379577,-1.489165,robbery_biz
53.379577,-1.489165,shoplifting
53.379577,-1.489165,shoplifting
53.379577,-1.489165,shoplifting
53.379577,-1.489165,shoplifting
53.379577,-1.489165,shoplifting
53.379577,-1.489165,shoplifting
53.379577,-1.489165,shoplifting
53.379577,-1.489165,shoplifting
53.379577,-1.489165,shoplifting
53.379577,-1.489165,shoplifting
53.379577,-1.489165,shoplifting
53.379577,-1.489165,shoplifting
53.379577,-1.489165,shoplifting
53.379577,-1.489165,shoplifting
53.379577,-1.489165,shoplifting
53.379577,-1.489165,shoplifting
53.379577,-1.489165,shoplifting
53.379577,-1.489165,shoplifting
53.379577,-1.489165,shoplifting
53.379577,-1.489165,shoplifting
53.377385,-1.501885,shoplifting
53.379735,-1.507431,burglary_biz
53.384624,-1.496489,burglary_biz
53.385221,-1.495144,burglary_biz
53.388434,-1.493963,burglary_biz
53.390176,-1.491567,robbery_biz
53.381705,-1.396055,burglary_biz
53.37446,-1.390761,robbery_biz
53.371949,-1.386679,robbery_biz
53.371949,-1.386679,robbery_biz
53.377241,-1.391398,robbery_biz
53.375867,-1.393522,shoplifting
53.375867,-1.393522,shoplifting
53.372157,-1.371255,shoplifting
53.383287,-1.419726,shoplifting
53.383287,-1.419726,shoplifting
53.383287,-1.419726,shoplifting
53.383287,-1.419726,shoplifting
53.383287,-1.419726,shoplifting
53.380354,-1.422848,burglary_biz
53.387886,-1.522387,burglary_biz
53.368657,-1.49567,burglary_biz
53.369089,-1.495936,burglary_biz
53.370098,-1.494286,burglary_biz
53.368997,-1.493142,shoplifting
53.368997,-1.493142,shoplifting
53.372803,-1.487806,burglary_biz
53.372803,-1.487806,robbery_biz
53.372803,-1.487806,shoplifting
53.366697,-1.400294,burglary_biz
53.372116,-1.389093,shoplifting
53.371324,-1.512352,burglary_biz
53.368026,-1.412795,burglary_biz
53.367448,-1.42699,burglary_biz
53.366072,-1.423026,burglary_biz
53.382066,-1.434957,burglary_biz
53.383413,-1.431,burglary_biz
53.375226,-1.429441,burglary_biz
53.371691,-1.419508,burglary_biz
53.371811,-1.47668,burglary_biz
53.366913,-1.480888,shoplifting
53.366913,-1.480888,shoplifting
53.366913,-1.480888,shoplifting
53.366913,-1.480888,shoplifting
53.366913,-1.480888,shoplifting
53.366913,-1.480888,shoplifting
53.366822,-1.482753,burglary_biz
53.370143,-1.490077,robbery_biz
53.372388,-1.47508,burglary_biz
53.373175,-1.476062,robbery_biz
53.372797,-1.478096,robbery_biz
53.372797,-1.478096,shoplifting
53.372797,-1.478096,shoplifting
53.372797,-1.478096,shoplifting
53.372774,-1.480982,burglary_biz
53.367012,-1.468684,burglary_biz
53.371189,-1.472149,robbery_biz
53.371189,-1.472149,shoplifting
53.371189,-1.472149,shoplifting
53.368196,-1.47417,burglary_biz
53.37211,-1.469056,burglary_biz
53.369509,-1.476558,burglary_biz
53.373264,-1.471928,robbery_biz
53.362251,-1.477504,theft_person
53.368919,-1.467067,burglary_biz
53.371446,-1.465232,burglary_biz
53.376471,-1.471467,robbery_biz
53.377008,-1.47086,robbery_biz
53.374667,-1.476044,shoplifting
53.377008,-1.47086,shoplifting
53.377008,-1.47086,shoplifting
53.375458,-1.47327,shoplifting
53.375458,-1.47327,shoplifting
53.373673,-1.474899,theft_person
53.373673,-1.474899,theft_person
53.375458,-1.47327,theft_person
53.367339,-1.453576,burglary_biz
53.362608,-1.458791,burglary_biz
53.364592,-1.450396,robbery_biz
53.370621,-1.461416,shoplifting
53.370621,-1.461416,shoplifting
53.363835,-1.459782,shoplifting
53.367283,-1.439526,shoplifting
53.367283,-1.439526,shoplifting
53.367283,-1.439526,shoplifting
53.367283,-1.439526,shoplifting
53.355099,-1.361605,burglary_biz
53.358214,-1.364368,robbery_biz
53.360818,-1.348792,burglary_biz
53.366143,-1.353171,robbery_biz
53.362304,-1.397155,robbery_biz
53.361742,-1.405933,robbery_biz
53.361742,-1.405933,shoplifting
53.361742,-1.405933,shoplifting
53.361742,-1.405933,shoplifting
53.361742,-1.405933,shoplifting
53.361742,-1.405933,shoplifting
53.365341,-1.397083,burglary_biz
53.361074,-1.39573,burglary_biz
53.361074,-1.39573,burglary_biz
53.361074,-1.39573,robbery_biz
53.36755,-1.407391,burglary_biz
53.36755,-1.407391,burglary_biz
53.36528,-1.404537,theft_person
53.36813,-1.498682,shoplifting
53.36813,-1.498682,shoplifting
53.36813,-1.498682,shoplifting
53.36813,-1.498682,shoplifting
53.36813,-1.498682,shoplifting
53.36295,-1.519841,burglary_biz
53.361998,-1.509138,burglary_biz
53.363263,-1.508477,shoplifting
53.363263,-1.508477,shoplifting
53.363263,-1.508477,shoplifting
53.363263,-1.508477,shoplifting
53.363263,-1.508477,shoplifting
53.363263,-1.508477,shoplifting
53.359829,-1.427756,burglary_biz
53.359829,-1.427756,robbery_biz
53.360634,-1.430597,shoplifting
53.359829,-1.427756,shoplifting
53.359829,-1.427756,shoplifting
53.359758,-1.439234,burglary_biz
53.359606,-1.437493,shoplifting
53.359606,-1.437493,shoplifting
53.357507,-1.44033,burglary_biz
53.359331,-1.385267,burglary_biz
53.360048,-1.38144,robbery_biz
53.357283,-1.373412,robbery_biz
53.35934,-1.373467,shoplifting
53.35934,-1.373467,shoplifting
53.35934,-1.373467,shoplifting
53.35934,-1.373467,shoplifting
53.35934,-1.373467,shoplifting
53.35934,-1.373467,shoplifting
53.35934,-1.373467,shoplifting
53.35934,-1.373467,shoplifting
53.35934,-1.373467,shoplifting
53.35934,-1.373467,shoplifting
53.35934,-1.373467,shoplifting
53.35934,-1.373467,shoplifting
53.35934,-1.373467,shoplifting
53.35934,-1.373467,shoplifting
53.35934,-1.373467,shoplifting
53.35934,-1.373467,shoplifting
53.35934,-1.373467,shoplifting
53.354202,-1.485009,robbery_biz
53.363507,-1.485287,burglary_biz
53.359264,-1.489365,shoplifting
53.359264,-1.489365,shoplifting
53.359264,-1.489365,shoplifting
53.359264,-1.489365,shoplifting
53.359264,-1.489365,shoplifting
53.358567,-1.467782,burglary_biz
53.358567,-1.467782,burglary_biz
53.355455,-1.453308,burglary_biz
53.355455,-1.453308,burglary_biz
53.368484,-1.464172,shoplifting
53.368484,-1.464172,shoplifting
53.368484,-1.464172,shoplifting
53.367976,-1.464676,shoplifting
53.35453,-1.408308,robbery_biz
53.360404,-1.412749,burglary_biz
53.364801,-1.416761,burglary_biz
53.359046,-1.474388,theft_person
53.357097,-1.476755,shoplifting
53.356804,-1.477706,shoplifting
53.356804,-1.477706,shoplifting
53.357097,-1.476755,shoplifting
53.348171,-1.437222,burglary_biz
53.344775,-1.42806,robbery_biz
53.345141,-1.425833,shoplifting
53.345141,-1.425833,shoplifting
53.345141,-1.425833,shoplifting
53.345141,-1.425833,shoplifting
53.345141,-1.425833,shoplifting
53.345141,-1.425833,shoplifting
53.345141,-1.425833,shoplifting
53.345141,-1.425833,shoplifting
53.345141,-1.425833,shoplifting
53.345141,-1.425833,shoplifting
53.345141,-1.425833,shoplifting
53.345141,-1.425833,shoplifting
53.345141,-1.425833,shoplifting
53.345141,-1.425833,shoplifting
53.345141,-1.425833,shoplifting
53.345141,-1.425833,shoplifting
53.345141,-1.425833,shoplifting
53.345141,-1.425833,shoplifting
53.345141,-1.425833,shoplifting
53.345141,-1.425833,shoplifting
53.345141,-1.425833,shoplifting
53.345141,-1.425833,shoplifting
53.345141,-1.425833,shoplifting
53.345141,-1.425833,shoplifting
53.345141,-1.425833,shoplifting
53.345141,-1.425833,shoplifting
53.345141,-1.425833,shoplifting
53.345141,-1.425833,shoplifting
53.345141,-1.425833,shoplifting
53.35182,-1.338834,burglary_biz
53.346169,-1.350908,shoplifting
53.346169,-1.350908,shoplifting
53.346169,-1.350908,shoplifting
53.346169,-1.350908,shoplifting
53.346169,-1.350908,shoplifting
53.346169,-1.350908,shoplifting
53.346169,-1.350908,shoplifting
53.34189,-1.351147,shoplifting
53.346169,-1.350908,shoplifting
53.346169,-1.350908,shoplifting
53.345293,-1.493107,shoplifting
53.345293,-1.493107,shoplifting
53.348133,-1.490775,shoplifting
53.345293,-1.493107,shoplifting
53.340232,-1.480341,shoplifting
53.341611,-1.477215,burglary_biz
53.346917,-1.477751,theft_person
53.341362,-1.439373,robbery_biz
53.343983,-1.444983,burglary_biz
53.340921,-1.447783,burglary_biz
53.34437,-1.447171,shoplifting
53.345462,-1.371647,burglary_biz
53.344307,-1.357183,burglary_biz
53.34231,-1.372234,burglary_biz
53.343802,-1.357027,robbery_biz
53.343802,-1.357027,shoplifting
53.343802,-1.357027,shoplifting
53.343802,-1.357027,shoplifting
53.344307,-1.357183,shoplifting
53.343802,-1.357027,shoplifting
53.343802,-1.357027,shoplifting
53.343802,-1.357027,shoplifting
53.34154,-1.430145,burglary_biz
53.342981,-1.4214,shoplifting
53.342981,-1.4214,shoplifting
53.342981,-1.4214,shoplifting
53.342981,-1.4214,shoplifting
53.342981,-1.4214,shoplifting
53.348658,-1.414999,burglary_biz
53.344079,-1.410675,burglary_biz
53.3421,-1.338263,burglary_biz
53.346892,-1.335365,shoplifting
53.346892,-1.335365,shoplifting
53.346892,-1.335365,shoplifting
53.343235,-1.330765,burglary_biz
53.339645,-1.330086,robbery_biz
53.335745,-1.338406,burglary_biz
53.328556,-1.333818,burglary_biz
53.339451,-1.472466,robbery_biz
53.339451,-1.472466,robbery_biz
53.345532,-1.471535,robbery_biz
53.345532,-1.471535,shoplifting
53.345532,-1.471535,shoplifting
53.345532,-1.471535,shoplifting
53.345532,-1.471535,shoplifting
53.340363,-1.449663,robbery_biz
53.340363,-1.449663,shoplifting
53.340363,-1.449663,shoplifting
53.332407,-1.46117,burglary_biz
53.332407,-1.46117,burglary_biz
53.329736,-1.464733,burglary_biz
53.327724,-1.467567,shoplifting
53.327724,-1.467567,shoplifting
53.327724,-1.467567,shoplifting
53.327724,-1.467567,shoplifting
53.327724,-1.467567,shoplifting
53.327724,-1.467567,shoplifting
53.327724,-1.467567,shoplifting
53.327724,-1.467567,shoplifting
53.327724,-1.467567,shoplifting
53.327724,-1.467567,shoplifting
53.327724,-1.467567,shoplifting
53.327724,-1.467567,shoplifting
53.32721,-1.474764,shoplifting
53.327293,-1.337982,burglary_biz
53.338917,-1.35294,burglary_biz
53.34269,-1.350825,shoplifting
53.34269,-1.350825,shoplifting
53.341652,-1.35012,shoplifting
53.34269,-1.350825,shoplifting
53.34269,-1.350825,shoplifting
53.34269,-1.350825,shoplifting
53.34269,-1.350825,shoplifting
53.34269,-1.350825,shoplifting
53.34269,-1.350825,shoplifting
53.34269,-1.350825,shoplifting
53.34269,-1.350825,shoplifting
53.34269,-1.350825,shoplifting
53.34269,-1.350825,shoplifting
53.338283,-1.482858,shoplifting
53.325044,-1.542712,burglary_biz
53.32405,-1.492488,burglary_biz
53.321682,-1.49157,shoplifting
53.321682,-1.49157,shoplifting
53.321682,-1.49157,shoplifting
53.321682,-1.49157,shoplifting
53.321682,-1.49157,shoplifting
53.321682,-1.49157,shoplifting
53.321682,-1.49157,shoplifting
53.321682,-1.49157,shoplifting
53.321682,-1.49157,shoplifting
53.321682,-1.49157,shoplifting
53.321682,-1.49157,shoplifting
53.321682,-1.49157,shoplifting
53.321682,-1.49157,shoplifting
53.321682,-1.49157,shoplifting
53.321682,-1.49157,shoplifting
53.321682,-1.49157,shoplifting
53.321682,-1.49157,shoplifting
53.321682,-1.49157,shoplifting
53.321682,-1.49157,shoplifting
53.321682,-1.49157,shoplifting
53.321682,-1.49157,shoplifting
53.321682,-1.49157,shoplifting
53.321682,-1.49157,shoplifting
53.321682,-1.49157,shoplifting
53.321682,-1.49157,shoplifting
53.321682,-1.49157,shoplifting
53.321682,-1.49157,shoplifting
53.321682,-1.49157,shoplifting
53.321682,-1.49157,shoplifting
53.321682,-1.49157,shoplifting
53.321682,-1.49157,shoplifting
53.321682,-1.49157,shoplifting
53.321682,-1.49157,shoplifting
53.321682,-1.49157,shoplifting
53.321682,-1.49157,shoplifting
53.321682,-1.49157,shoplifting
53.321682,-1.49157,shoplifting
53.321682,-1.49157,shoplifting
53.321682,-1.49157,shoplifting
53.321894,-1.461843,robbery_biz
53.323863,-1.478228,burglary_biz
53.320651,-1.465327,robbery_biz
53.313798,-1.521713,theft_person
53.322065,-1.523257,shoplifting
53.322065,-1.523257,shoplifting
53.333829,-1.386925,burglary_biz
53.325127,-1.342894,burglary_biz
53.325127,-1.342894,robbery_biz
53.325127,-1.342894,shoplifting
53.325127,-1.342894,shoplifting
53.325127,-1.342894,shoplifting
53.325127,-1.342894,shoplifting
53.325127,-1.342894,shoplifting
53.325127,-1.342894,shoplifting
53.325127,-1.342894,shoplifting
53.325127,-1.342894,shoplifting
53.325127,-1.342894,shoplifting
53.325127,-1.342894,shoplifting
53.322972,-1.343288,shoplifting
53.325127,-1.342894,shoplifting
53.325998,-1.365988,burglary_biz
53.323842,-1.362822,robbery_biz
53.323842,-1.362822,shoplifting
53.323842,-1.362822,shoplifting
53.323842,-1.362822,shoplifting
53.323842,-1.362822,shoplifting
53.383189,-1.476225,shoplifting
53.383189,-1.476225,shoplifting
53.387014,-1.473352,burglary_biz
53.382958,-1.470771,burglary_biz
53.388467,-1.472657,robbery_biz
53.384568,-1.471097,shoplifting
53.384568,-1.471097,shoplifting
53.391048,-1.481046,burglary_biz
53.389461,-1.479877,burglary_biz
53.390258,-1.477131,burglary_biz
53.391048,-1.481046,theft_person
53.37823,-1.470679,burglary_biz
53.378409,-1.466603,robbery_biz
53.382133,-1.467068,robbery_biz
53.3848,-1.466493,robbery_biz
53.381809,-1.468581,shoplifting
53.382912,-1.466381,shoplifting
53.382697,-1.468624,shoplifting
53.381809,-1.468581,shoplifting
53.38282,-1.469961,shoplifting
53.381809,-1.468581,shoplifting
53.38282,-1.469961,shoplifting
53.381809,-1.468581,shoplifting
53.381809,-1.468581,shoplifting
53.383711,-1.464252,shoplifting
53.381809,-1.468581,shoplifting
53.382912,-1.466381,shoplifting
53.382697,-1.468624,shoplifting
53.382912,-1.466381,shoplifting
53.382697,-1.468624,shoplifting
53.381809,-1.468581,shoplifting
53.382697,-1.468624,shoplifting
53.379191,-1.470577,shoplifting
53.381809,-1.468581,shoplifting
53.378326,-1.468062,shoplifting
53.381997,-1.470843,shoplifting
53.381809,-1.468581,shoplifting
53.381809,-1.468581,shoplifting
53.383162,-1.468182,shoplifting
53.382912,-1.466381,theft_person
53.382697,-1.468624,theft_person
53.377835,-1.466926,theft_person
53.382912,-1.466381,theft_person
53.379861,-1.467682,theft_person
53.382869,-1.464879,theft_person
53.384362,-1.481413,burglary_biz
53.386203,-1.479,burglary_biz
53.38663,-1.477882,burglary_biz
53.384735,-1.480401,burglary_biz
53.386203,-1.479,robbery_biz
53.384735,-1.480401,shoplifting
53.384735,-1.480401,shoplifting
53.384922,-1.477798,shoplifting
53.384735,-1.480401,shoplifting
53.384735,-1.480401,shoplifting
53.384735,-1.480401,shoplifting
53.384735,-1.480401,shoplifting
53.384735,-1.480401,shoplifting
53.378306,-1.475849,robbery_biz
53.376125,-1.473827,robbery_biz
53.376769,-1.473854,shoplifting
53.376572,-1.473946,shoplifting
53.376572,-1.473946,shoplifting
53.376769,-1.473854,shoplifting
53.378234,-1.47582,shoplifting
53.376572,-1.473946,shoplifting
53.376769,-1.473854,shoplifting
53.376572,-1.473946,shoplifting
53.376572,-1.473946,shoplifting
53.376769,-1.473854,shoplifting
53.376769,-1.473854,shoplifting
53.376125,-1.473827,shoplifting
53.376125,-1.473827,shoplifting
53.376769,-1.473854,shoplifting
53.376125,-1.473827,shoplifting
53.376572,-1.473946,shoplifting
53.376125,-1.473827,shoplifting
53.375818,-1.474151,shoplifting
53.376572,-1.473946,shoplifting
53.376769,-1.473854,shoplifting
53.376572,-1.473946,shoplifting
53.376769,-1.473854,shoplifting
53.376125,-1.473827,shoplifting
53.376125,-1.473827,shoplifting
53.375818,-1.474151,shoplifting
53.376572,-1.473946,theft_person
53.381628,-1.472787,burglary_biz
53.380604,-1.471025,robbery_biz
53.380041,-1.473829,robbery_biz
53.380604,-1.471025,robbery_biz
53.380041,-1.473829,shoplifting
53.377755,-1.471061,shoplifting
53.380041,-1.473829,shoplifting
53.380604,-1.471025,shoplifting
53.377755,-1.471061,shoplifting
53.380041,-1.473829,shoplifting
53.380041,-1.473829,shoplifting
53.377755,-1.471061,shoplifting
53.377755,-1.471061,theft_person
53.381414,-1.471121,theft_person
53.380913,-1.475847,theft_person
53.380641,-1.474268,theft_person
53.380913,-1.475847,theft_person
53.380215,-1.474065,theft_person
53.380215,-1.474065,theft_person
53.377755,-1.471061,theft_person
53.382036,-1.471519,theft_person
53.380215,-1.474065,theft_person
53.380604,-1.471025,theft_person
53.380215,-1.474065,theft_person
53.380215,-1.474065,theft_person
53.382013,-1.47869,burglary_biz
53.378717,-1.477317,shoplifting
53.38041,-1.480093,shoplifting
53.379899,-1.478325,shoplifting
53.381002,-1.47762,theft_person
53.381002,-1.47762,theft_person
53.381002,-1.47762,theft_person
53.376358,-1.442518,burglary_biz
53.376231,-1.448247,burglary_biz
53.380142,-1.446317,burglary_biz
53.376231,-1.448247,burglary_biz
53.375873,-1.45249,burglary_biz
53.377279,-1.459101,robbery_biz
53.374105,-1.449086,burglary_biz
53.372362,-1.445351,robbery_biz
53.382831,-1.444869,burglary_biz
53.381118,-1.451461,burglary_biz
53.381896,-1.44676,burglary_biz
53.38597,-1.454841,burglary_biz
53.383554,-1.451535,shoplifting
53.38497,-1.452419,theft_person
53.378946,-1.440575,burglary_biz
53.381656,-1.457106,burglary_biz
53.384609,-1.460136,burglary_biz
53.383549,-1.463989,robbery_biz
53.376798,-1.464053,robbery_biz
53.387499,-1.455078,theft_person
53.348989,-1.39856,shoplifting
53.348989,-1.39856,shoplifting
53.34685,-1.398545,shoplifting
53.348989,-1.39856,shoplifting
53.348989,-1.39856,shoplifting
53.348989,-1.39856,shoplifting
53.353416,-1.403005,burglary_biz
53.351361,-1.396559,burglary_biz
53.346896,-1.377665,shoplifting
53.499507,-1.449407,burglary_biz
53.492703,-1.286227,burglary_biz
53.495322,-1.281464,shoplifting
53.495322,-1.281464,shoplifting
53.495322,-1.281464,shoplifting
53.495322,-1.281464,shoplifting
53.495322,-1.281464,shoplifting
53.493171,-1.290937,burglary_biz
53.493171,-1.290937,robbery_biz
53.494125,-1.288147,shoplifting
53.496425,-1.298775,burglary_biz
53.496266,-1.300532,shoplifting
53.495495,-1.282682,burglary_biz
53.495748,-1.294963,burglary_biz
53.494844,-1.295642,burglary_biz
53.492401,-1.293545,shoplifting
53.482811,-1.2305,shoplifting
53.482811,-1.2305,shoplifting
53.482811,-1.2305,shoplifting
53.482811,-1.2305,shoplifting
53.482811,-1.2305,shoplifting
53.482811,-1.2305,shoplifting
53.482811,-1.2305,shoplifting
53.482811,-1.2305,shoplifting
53.491812,-1.256654,robbery_biz
53.491102,-1.255219,shoplifting
53.491812,-1.256654,shoplifting
53.491812,-1.256654,shoplifting
53.491102,-1.255219,shoplifting
53.491102,-1.255219,shoplifting
53.491812,-1.256654,shoplifting
53.491102,-1.255219,shoplifting
53.491102,-1.255219,shoplifting
53.491102,-1.255219,shoplifting
53.491102,-1.255219,shoplifting
53.491102,-1.255219,shoplifting
53.491102,-1.255219,shoplifting
53.491812,-1.256654,shoplifting
53.491078,-1.251271,burglary_biz
53.48305,-1.238377,burglary_biz
53.499147,-1.316932,burglary_biz
53.495318,-1.347518,burglary_biz
53.480238,-1.309671,burglary_biz
53.487252,-1.310145,burglary_biz
53.486746,-1.309611,burglary_biz
53.485718,-1.309115,burglary_biz
53.485718,-1.309115,burglary_biz
53.488236,-1.310928,burglary_biz
53.487159,-1.314306,robbery_biz
53.487775,-1.302737,robbery_biz
53.486578,-1.31323,shoplifting
53.486578,-1.31323,shoplifting
53.486578,-1.31323,shoplifting
53.486578,-1.31323,shoplifting
53.482602,-1.328575,burglary_biz
53.474973,-1.365186,burglary_biz
53.466727,-1.339641,burglary_biz
53.466727,-1.339641,burglary_biz
53.466727,-1.339641,burglary_biz
53.466727,-1.339641,burglary_biz
53.466727,-1.339641,shoplifting
53.466727,-1.339641,shoplifting
53.466727,-1.339641,shoplifting
53.466727,-1.339641,shoplifting
53.466727,-1.339641,shoplifting
53.466727,-1.339641,shoplifting
53.466727,-1.339641,shoplifting
53.466727,-1.339641,shoplifting
53.466727,-1.339641,shoplifting
53.466727,-1.339641,shoplifting
53.466727,-1.339641,shoplifting
53.466727,-1.339641,shoplifting
53.466727,-1.339641,shoplifting
53.466727,-1.339641,shoplifting
53.466727,-1.339641,shoplifting
53.466727,-1.339641,shoplifting
53.466727,-1.339641,shoplifting
53.466727,-1.339641,shoplifting
53.466727,-1.339641,shoplifting
53.466727,-1.339641,shoplifting
53.466727,-1.339641,shoplifting
53.466727,-1.339641,shoplifting
53.466727,-1.339641,shoplifting
53.466727,-1.339641,shoplifting
53.466727,-1.339641,shoplifting
53.466727,-1.339641,shoplifting
53.466727,-1.339641,shoplifting
53.466727,-1.339641,shoplifting
53.466727,-1.339641,shoplifting
53.467626,-1.32848,burglary_biz
53.464269,-1.329147,shoplifting
53.45462,-1.413845,burglary_biz
53.45537,-1.335706,burglary_biz
53.458941,-1.342563,burglary_biz
53.458941,-1.342563,burglary_biz
53.459815,-1.343655,shoplifting
53.459815,-1.343655,shoplifting
53.459815,-1.343655,shoplifting
53.459815,-1.343655,shoplifting
53.459815,-1.343655,shoplifting
53.453854,-1.341106,theft_person
53.451113,-1.344355,burglary_biz
53.451113,-1.344355,burglary_biz
53.451113,-1.344355,robbery_biz
53.451113,-1.344355,robbery_biz
53.456481,-1.343113,robbery_biz
53.451113,-1.344355,robbery_biz
53.451113,-1.344355,shoplifting
53.447956,-1.342615,shoplifting
53.451113,-1.344355,shoplifting
53.447956,-1.342615,shoplifting
53.447991,-1.343831,shoplifting
53.451113,-1.344355,shoplifting
53.451113,-1.344355,shoplifting
53.447956,-1.342615,shoplifting
53.451113,-1.344355,shoplifting
53.451113,-1.344355,shoplifting
53.447951,-1.34323,shoplifting
53.451113,-1.344355,shoplifting
53.451489,-1.369271,burglary_biz
53.450783,-1.369929,burglary_biz
53.450855,-1.371644,burglary_biz
53.452924,-1.373767,robbery_biz
53.452924,-1.373767,robbery_biz
53.451083,-1.382754,burglary_biz
53.443883,-1.302627,burglary_biz
53.447485,-1.29903,robbery_biz
53.447485,-1.29903,shoplifting
53.447485,-1.29903,shoplifting
53.447485,-1.29903,shoplifting
53.447485,-1.29903,shoplifting
53.447485,-1.29903,shoplifting
53.447485,-1.29903,shoplifting
53.447485,-1.29903,shoplifting
53.447485,-1.29903,shoplifting
53.447485,-1.29903,shoplifting
53.447485,-1.29903,shoplifting
53.448311,-1.298896,shoplifting
53.447485,-1.29903,shoplifting
53.447485,-1.29903,shoplifting
53.447485,-1.29903,shoplifting
53.447485,-1.29903,shoplifting
53.442353,-1.303797,burglary_biz
53.446339,-1.303039,burglary_biz
53.442968,-1.315394,shoplifting
53.447861,-1.403158,robbery_biz
53.447861,-1.403158,shoplifting
53.447861,-1.403158,shoplifting
53.447861,-1.403158,shoplifting
53.447861,-1.403158,shoplifting
53.447861,-1.403158,shoplifting
53.447861,-1.403158,shoplifting
53.447861,-1.403158,shoplifting
53.447861,-1.403158,shoplifting
53.442945,-1.405123,burglary_biz
53.434599,-1.312051,burglary_biz
53.438944,-1.315835,shoplifting
53.438944,-1.315835,shoplifting
53.438944,-1.315835,shoplifting
53.427973,-1.324439,robbery_biz
53.430564,-1.32643,shoplifting
53.430564,-1.32643,shoplifting
53.430564,-1.32643,shoplifting
53.430564,-1.32643,shoplifting
53.430564,-1.32643,shoplifting
53.430564,-1.32643,shoplifting
53.430564,-1.32643,shoplifting
53.43766,-1.330427,robbery_biz
53.43766,-1.330427,shoplifting
53.43766,-1.330427,shoplifting
53.43766,-1.330427,shoplifting
53.439241,-1.336575,burglary_biz
53.439521,-1.332051,robbery_biz
53.441365,-1.325958,shoplifting
53.433071,-1.331162,burglary_biz
53.433241,-1.331054,robbery_biz
53.438598,-1.347258,burglary_biz
53.438135,-1.347957,burglary_biz
53.439326,-1.34392,robbery_biz
53.438183,-1.350214,robbery_biz
53.439326,-1.34392,shoplifting
53.439326,-1.34392,shoplifting
53.439326,-1.34392,shoplifting
53.439326,-1.34392,shoplifting
53.439326,-1.34392,shoplifting
53.439326,-1.34392,shoplifting
53.439326,-1.34392,shoplifting
53.439326,-1.34392,shoplifting
53.439326,-1.34392,shoplifting
53.439326,-1.34392,shoplifting
53.439326,-1.34392,shoplifting
53.439326,-1.34392,shoplifting
53.439326,-1.34392,shoplifting
53.439326,-1.34392,shoplifting
53.439484,-1.400254,robbery_biz
53.439484,-1.400254,robbery_biz
53.439484,-1.400254,shoplifting
53.439484,-1.400254,shoplifting
53.439484,-1.400254,shoplifting
53.439484,-1.400254,shoplifting
53.447511,-1.417722,burglary_biz
53.431639,-1.382343,burglary_biz
53.431639,-1.382343,burglary_biz
53.4296,-1.380943,burglary_biz
53.435336,-1.369134,burglary_biz
53.429644,-1.370422,burglary_biz
53.432974,-1.372841,shoplifting
53.432974,-1.372841,shoplifting
53.432974,-1.372841,shoplifting
53.432974,-1.372841,shoplifting
53.432974,-1.372841,theft_person
53.429644,-1.370422,theft_person
53.435141,-1.376482,burglary_biz
53.432639,-1.384647,burglary_biz
53.43517,-1.382157,robbery_biz
53.43517,-1.382157,robbery_biz
53.43517,-1.382157,robbery_biz
53.43517,-1.382157,shoplifting
53.43517,-1.382157,shoplifting
53.424198,-1.37914,burglary_biz
53.425594,-1.354364,burglary_biz
53.423026,-1.349768,burglary_biz
53.425016,-1.357052,burglary_biz
53.423725,-1.354393,burglary_biz
53.425016,-1.357052,burglary_biz
53.423601,-1.358172,shoplifting
53.423601,-1.358172,shoplifting
53.423601,-1.358172,shoplifting
53.437427,-1.355103,burglary_biz
53.43191,-1.357098,burglary_biz
53.433223,-1.350591,burglary_biz
53.433054,-1.354146,burglary_biz
53.43169,-1.354633,burglary_biz
53.428035,-1.358632,burglary_biz
53.43169,-1.354633,burglary_biz
53.437427,-1.355103,burglary_biz
53.430929,-1.355277,burglary_biz
53.433223,-1.350591,burglary_biz
53.433211,-1.35166,robbery_biz
53.433054,-1.354146,robbery_biz
53.43191,-1.357098,robbery_biz
53.433833,-1.353592,robbery_biz
53.43191,-1.357098,robbery_biz
53.432099,-1.365449,robbery_biz
53.43169,-1.354633,robbery_biz
53.433054,-1.354146,robbery_biz
53.432099,-1.365449,robbery_biz
53.433223,-1.350591,robbery_biz
53.43169,-1.354633,robbery_biz
53.432099,-1.365449,robbery_biz
53.433054,-1.354146,robbery_biz
53.43169,-1.354633,shoplifting
53.433054,-1.354146,shoplifting
53.43169,-1.354633,shoplifting
53.43191,-1.357098,shoplifting
53.430929,-1.355277,shoplifting
53.430929,-1.355277,shoplifting
53.433054,-1.354146,shoplifting
53.43169,-1.354633,shoplifting
53.433054,-1.354146,shoplifting
53.43169,-1.354633,shoplifting
53.43169,-1.354633,shoplifting
53.430929,-1.355277,shoplifting
53.43191,-1.357098,shoplifting
53.43169,-1.354633,shoplifting
53.43169,-1.354633,shoplifting
53.433054,-1.354146,shoplifting
53.433054,-1.354146,shoplifting
53.433054,-1.354146,shoplifting
53.43169,-1.354633,shoplifting
53.43169,-1.354633,shoplifting
53.43169,-1.354633,shoplifting
53.433054,-1.354146,shoplifting
53.433054,-1.354146,shoplifting
53.43169,-1.354633,shoplifting
53.43169,-1.354633,shoplifting
53.43191,-1.357098,shoplifting
53.433054,-1.354146,shoplifting
53.433054,-1.354146,shoplifting
53.433054,-1.354146,shoplifting
53.433054,-1.354146,shoplifting
53.43169,-1.354633,shoplifting
53.432099,-1.365449,shoplifting
53.43169,-1.354633,shoplifting
53.43169,-1.354633,shoplifting
53.432099,-1.365449,shoplifting
53.43169,-1.354633,shoplifting
53.433054,-1.354146,shoplifting
53.43169,-1.354633,shoplifting
53.43191,-1.357098,shoplifting
53.433054,-1.354146,shoplifting
53.433054,-1.354146,shoplifting
53.43169,-1.354633,shoplifting
53.433054,-1.354146,shoplifting
53.43169,-1.354633,shoplifting
53.43169,-1.354633,shoplifting
53.43169,-1.354633,shoplifting
53.43169,-1.354633,shoplifting
53.43169,-1.354633,shoplifting
53.43191,-1.357098,shoplifting
53.433054,-1.354146,shoplifting
53.433054,-1.354146,shoplifting
53.433054,-1.354146,shoplifting
53.43191,-1.357098,theft_person
53.432354,-1.354367,theft_person
53.428035,-1.358632,theft_person
53.433054,-1.354146,theft_person
53.429949,-1.358392,theft_person
53.431414,-1.338653,burglary_biz
53.427639,-1.345288,burglary_biz
53.428259,-1.346799,burglary_biz
53.427298,-1.348725,burglary_biz
53.42777,-1.349515,burglary_biz
53.427168,-1.344648,burglary_biz
53.428259,-1.346799,burglary_biz
53.43737,-1.345065,robbery_biz
53.436565,-1.346852,robbery_biz
53.43737,-1.345065,shoplifting
53.422387,-1.241418,burglary_biz
53.420327,-1.284911,shoplifting
53.420327,-1.284911,shoplifting
53.420327,-1.284911,shoplifting
53.420327,-1.284911,shoplifting
53.420327,-1.284911,shoplifting
53.420327,-1.284911,shoplifting
53.420327,-1.284911,shoplifting
53.420327,-1.284911,shoplifting
53.420327,-1.284911,shoplifting
53.420327,-1.284911,shoplifting
53.430225,-1.277701,shoplifting
53.430225,-1.277701,shoplifting
53.430225,-1.277701,shoplifting
53.430225,-1.277701,shoplifting
53.430225,-1.277701,shoplifting
53.430225,-1.277701,shoplifting
53.430225,-1.277701,shoplifting
53.430225,-1.277701,shoplifting
53.430225,-1.277701,shoplifting
53.430225,-1.277701,shoplifting
53.430225,-1.277701,shoplifting
53.430225,-1.277701,shoplifting
53.430225,-1.277701,shoplifting
53.429342,-1.284865,burglary_biz
53.428636,-1.285464,shoplifting
53.428636,-1.285464,shoplifting
53.418399,-1.32435,burglary_biz
53.425645,-1.326146,shoplifting
53.41999,-1.314935,burglary_biz
53.425916,-1.318347,burglary_biz
53.420644,-1.325473,burglary_biz
53.416015,-1.319257,burglary_biz
53.4193,-1.307423,robbery_biz
53.4193,-1.307423,shoplifting
53.4193,-1.307423,shoplifting
53.4193,-1.307423,shoplifting
53.4193,-1.307423,shoplifting
53.420249,-1.306159,shoplifting
53.420249,-1.306159,shoplifting
53.420249,-1.306159,shoplifting
53.420249,-1.306159,shoplifting
53.420249,-1.306159,shoplifting
53.420249,-1.306159,shoplifting
53.420249,-1.306159,shoplifting
53.420249,-1.306159,shoplifting
53.420249,-1.306159,shoplifting
53.420249,-1.306159,shoplifting
53.420249,-1.306159,shoplifting
53.420249,-1.306159,shoplifting
53.420249,-1.306159,shoplifting
53.420249,-1.306159,shoplifting
53.420249,-1.306159,shoplifting
53.420249,-1.306159,shoplifting
53.420249,-1.306159,shoplifting
53.420249,-1.306159,shoplifting
53.420249,-1.306159,shoplifting
53.420249,-1.306159,shoplifting
53.420249,-1.306159,shoplifting
53.420249,-1.306159,shoplifting
53.420249,-1.306159,shoplifting
53.420249,-1.306159,shoplifting
53.420249,-1.306159,shoplifting
53.420249,-1.306159,shoplifting
53.421062,-1.348986,burglary_biz
53.420785,-1.347756,burglary_biz
53.420799,-1.343738,burglary_biz
53.419782,-1.340113,burglary_biz
53.421062,-1.348986,robbery_biz
53.421062,-1.348986,shoplifting
53.421062,-1.348986,shoplifting
53.421062,-1.348986,shoplifting
53.421062,-1.348986,shoplifting
53.421062,-1.348986,shoplifting
53.421062,-1.348986,shoplifting
53.421062,-1.348986,shoplifting
53.421062,-1.348986,shoplifting
53.421062,-1.348986,shoplifting
53.421062,-1.348986,shoplifting
53.421062,-1.348986,shoplifting
53.421062,-1.348986,shoplifting
53.421062,-1.348986,shoplifting
53.421062,-1.348986,shoplifting
53.421062,-1.348986,shoplifting
53.421062,-1.348986,shoplifting
53.421062,-1.348986,shoplifting
53.421062,-1.348986,shoplifting
53.421062,-1.348986,shoplifting
53.421062,-1.348986,shoplifting
53.414166,-1.340591,theft_person
53.417558,-1.33792,robbery_biz
53.421661,-1.350165,burglary_biz
53.421799,-1.35233,burglary_biz
53.424776,-1.34926,burglary_biz
53.425864,-1.349439,burglary_biz
53.421661,-1.350165,burglary_biz
53.426459,-1.346495,burglary_biz
53.421799,-1.35233,burglary_biz
53.426459,-1.346495,burglary_biz
53.421799,-1.35233,burglary_biz
53.421661,-1.350165,burglary_biz
53.427478,-1.350724,robbery_biz
53.413623,-1.338327,burglary_biz
53.416515,-1.334521,burglary_biz
53.413623,-1.338327,burglary_biz
53.418317,-1.373689,burglary_biz
53.411163,-1.370379,burglary_biz
53.405196,-1.362194,burglary_biz
53.403955,-1.360332,shoplifting
53.402977,-1.359053,shoplifting
53.373044,-1.319972,burglary_biz
53.400041,-1.262931,burglary_biz
53.396986,-1.258027,shoplifting
53.396986,-1.258027,shoplifting
53.396986,-1.258027,shoplifting
53.396272,-1.255387,shoplifting
53.396986,-1.258027,shoplifting
53.389924,-1.367174,burglary_biz
53.390746,-1.362966,burglary_biz
53.391116,-1.374002,shoplifting
53.391116,-1.374002,shoplifting
53.391719,-1.361628,robbery_biz
53.391719,-1.361628,shoplifting
53.400387,-1.360461,shoplifting
53.397519,-1.357,shoplifting
53.382689,-1.3691,burglary_biz
53.382689,-1.3691,burglary_biz
53.361904,-1.333794,burglary_biz
53.361629,-1.329561,robbery_biz
53.358541,-1.32722,shoplifting
53.361904,-1.333794,shoplifting
53.366666,-1.315881,robbery_biz
53.368973,-1.315423,burglary_biz
53.36692,-1.308513,burglary_biz
53.361813,-1.336891,burglary_biz
53.341038,-1.27619,shoplifting
53.341038,-1.27619,shoplifting
53.341038,-1.27619,shoplifting
53.341038,-1.27619,shoplifting
53.341038,-1.27619,shoplifting
53.341038,-1.27619,shoplifting
53.343511,-1.297326,burglary_biz
53.353984,-1.265416,robbery_biz
53.341126,-1.265464,burglary_biz
53.340703,-1.271344,robbery_biz
53.319261,-1.278134,shoplifting
53.341126,-1.265464,shoplifting
53.341126,-1.265464,shoplifting
53.341126,-1.265464,shoplifting
53.341126,-1.265464,shoplifting
53.341126,-1.265464,shoplifting
53.33939,-1.273625,shoplifting
53.341126,-1.265464,shoplifting
53.319261,-1.278134,shoplifting
53.341126,-1.265464,shoplifting
53.341126,-1.265464,shoplifting
53.341126,-1.265464,shoplifting
53.341126,-1.265464,shoplifting
53.341126,-1.265464,shoplifting
53.341126,-1.265464,shoplifting
53.321668,-1.260184,shoplifting
53.423396,-1.260421,burglary_biz
53.425636,-1.266522,burglary_biz
53.423447,-1.257034,robbery_biz
53.425258,-1.273827,theft_person
53.412744,-1.320904,shoplifting
53.412744,-1.320904,shoplifting
53.412744,-1.320904,shoplifting
53.412744,-1.320904,shoplifting
53.412744,-1.320904,shoplifting
53.412744,-1.320904,shoplifting
53.412744,-1.320904,shoplifting
53.412744,-1.320904,shoplifting
53.412744,-1.320904,shoplifting
53.412744,-1.320904,shoplifting
53.412744,-1.320904,shoplifting
53.412744,-1.320904,shoplifting
53.412744,-1.320904,shoplifting
53.412744,-1.320904,shoplifting
53.412744,-1.320904,shoplifting
53.412744,-1.320904,shoplifting
53.412744,-1.320904,shoplifting
53.412744,-1.320904,shoplifting
53.481414,-1.590955,robbery_biz
53.482171,-1.587946,shoplifting
53.476176,-1.599398,shoplifting
53.483394,-1.60489,burglary_biz
53.478574,-1.570325,shoplifting
53.478574,-1.570325,shoplifting
53.470645,-1.494388,shoplifting
53.474575,-1.486416,shoplifting
53.474575,-1.486416,shoplifting
53.474575,-1.486416,shoplifting
53.474575,-1.486416,shoplifting
53.468793,-1.487811,shoplifting
53.468793,-1.487811,shoplifting
53.468793,-1.487811,shoplifting
53.46164,-1.480468,shoplifting
53.46164,-1.480468,shoplifting
53.46164,-1.480468,shoplifting
53.466921,-1.462738,burglary_biz
53.444292,-1.459621,robbery_biz
53.445686,-1.463924,shoplifting
53.445686,-1.463924,shoplifting
53.444292,-1.459621,shoplifting
53.445686,-1.463924,shoplifting
53.444292,-1.459621,shoplifting
53.444292,-1.459621,shoplifting
53.445686,-1.463924,shoplifting
53.445686,-1.463924,shoplifting
53.444292,-1.459621,shoplifting
53.445686,-1.463924,shoplifting
53.445686,-1.463924,shoplifting
53.445686,-1.463924,shoplifting
53.445686,-1.463924,shoplifting
53.444292,-1.459621,shoplifting
53.445686,-1.463924,shoplifting
53.445686,-1.463924,shoplifting
53.444292,-1.459621,shoplifting
53.444292,-1.459621,shoplifting
53.445686,-1.463924,shoplifting
53.445686,-1.463924,shoplifting
53.431766,-1.466553,burglary_biz
53.430704,-1.472391,burglary_biz
53.437448,-1.462914,burglary_biz
53.438872,-1.463619,shoplifting
53.438872,-1.463619,shoplifting
53.439135,-1.464278,burglary_biz
53.432736,-1.440998,burglary_biz
53.436374,-1.450118,burglary_biz
53.43192,-1.451018,robbery_biz
53.43192,-1.451018,shoplifting
53.425596,-1.541498,burglary_biz
53.431301,-1.543078,burglary_biz
53.424605,-1.56983,burglary_biz
53.432045,-1.533301,shoplifting
53.429999,-1.503012,burglary_biz
53.430951,-1.481493,burglary_biz
53.431576,-1.478596,shoplifting
53.429317,-1.484147,shoplifting
53.424987,-1.484726,burglary_biz
53.428108,-1.487202,shoplifting
53.428108,-1.487202,shoplifting
53.428108,-1.487202,shoplifting
53.428108,-1.487202,shoplifting
53.428108,-1.487202,shoplifting
53.428108,-1.487202,shoplifting
53.428108,-1.487202,shoplifting
53.429797,-1.470596,burglary_biz
53.433509,-1.480785,burglary_biz
53.425493,-1.441394,burglary_biz
53.428028,-1.451053,burglary_biz
53.424099,-1.450757,robbery_biz
53.424401,-1.459918,burglary_biz
53.421596,-1.453844,robbery_biz
53.418585,-1.494794,shoplifting
53.414356,-1.491625,burglary_biz
53.414356,-1.491625,burglary_biz
53.420885,-1.484038,burglary_biz
53.4194,-1.441654,burglary_biz
53.4194,-1.441654,burglary_biz
53.417892,-1.436167,burglary_biz
53.417636,-1.444988,burglary_biz
53.414701,-1.443958,burglary_biz
53.415373,-1.461191,burglary_biz
53.413627,-1.45858,burglary_biz
53.418908,-1.44867,burglary_biz
53.418908,-1.44867,robbery_biz
53.418908,-1.44867,robbery_biz
53.418908,-1.44867,robbery_biz
53.41954,-1.448499,shoplifting
53.418908,-1.44867,shoplifting
53.418908,-1.44867,shoplifting
53.422239,-1.424162,burglary_biz
53.422239,-1.424162,burglary_biz
53.422239,-1.424162,robbery_biz
53.422239,-1.424162,robbery_biz
53.41992,-1.424238,burglary_biz
53.418129,-1.431364,burglary_biz
53.418961,-1.434182,robbery_biz
53.418468,-1.430758,shoplifting
53.418468,-1.430758,shoplifting
53.420552,-1.42104,burglary_biz
53.422755,-1.419309,burglary_biz
53.422755,-1.419309,shoplifting
53.422755,-1.419309,theft_person
53.417303,-1.476619,burglary_biz
53.422099,-1.471654,burglary_biz
53.412328,-1.509582,burglary_biz
53.41311,-1.518479,burglary_biz
53.402644,-1.502338,shoplifting
53.402644,-1.502338,shoplifting
53.402644,-1.502338,shoplifting
53.402644,-1.502338,shoplifting
53.402644,-1.502338,shoplifting
53.402644,-1.502338,shoplifting
53.411864,-1.504343,shoplifting
53.417203,-1.501657,shoplifting
53.417203,-1.501657,shoplifting
53.418405,-1.496956,shoplifting
53.418405,-1.496956,shoplifting
53.418405,-1.496956,shoplifting
53.418405,-1.496956,shoplifting
53.413672,-1.499908,shoplifting
53.413672,-1.499908,shoplifting
53.404464,-1.497022,burglary_biz
53.406961,-1.498587,robbery_biz
53.402345,-1.497393,shoplifting
53.404321,-1.501341,shoplifting
53.404321,-1.501341,shoplifting
53.401994,-1.495231,shoplifting
53.406961,-1.498587,theft_person
53.41186,-1.392183,burglary_biz
53.397356,-1.414452,burglary_biz
53.396399,-1.415563,burglary_biz
53.397356,-1.414452,robbery_biz
53.396759,-1.417442,theft_person
53.406551,-1.40888,burglary_biz
53.414961,-1.411893,shoplifting
53.414119,-1.410731,shoplifting
53.4124,-1.412139,shoplifting
53.414925,-1.409968,shoplifting
53.405627,-1.409314,shoplifting
53.414925,-1.409968,shoplifting
53.4124,-1.412139,shoplifting
53.414961,-1.411893,shoplifting
53.4124,-1.412139,shoplifting
53.405627,-1.409314,shoplifting
53.414961,-1.411893,shoplifting
53.405627,-1.409314,shoplifting
53.414255,-1.407299,shoplifting
53.405627,-1.409314,shoplifting
53.414961,-1.411893,shoplifting
53.414961,-1.411893,shoplifting
53.414925,-1.409968,shoplifting
53.414961,-1.411893,shoplifting
53.4124,-1.412139,shoplifting
53.414961,-1.411893,shoplifting
53.4124,-1.412139,shoplifting
53.4124,-1.412139,shoplifting
53.4124,-1.412139,shoplifting
53.406551,-1.40888,shoplifting
53.414119,-1.410731,shoplifting
53.405627,-1.409314,shoplifting
53.405627,-1.409314,shoplifting
53.406551,-1.40888,shoplifting
53.4124,-1.412139,shoplifting
53.4124,-1.412139,shoplifting
53.414961,-1.411893,shoplifting
53.406551,-1.40888,shoplifting
53.414119,-1.410731,shoplifting
53.4124,-1.412139,shoplifting
53.414255,-1.407299,shoplifting
53.405627,-1.409314,shoplifting
53.414925,-1.409968,shoplifting
53.414961,-1.411893,shoplifting
53.4124,-1.412139,shoplifting
53.406551,-1.40888,shoplifting
53.4124,-1.412139,shoplifting
53.414255,-1.407299,shoplifting
53.414925,-1.409968,shoplifting
53.406551,-1.40888,shoplifting
53.4124,-1.412139,shoplifting
53.4124,-1.412139,shoplifting
53.4124,-1.412139,shoplifting
53.414961,-1.411893,shoplifting
53.4124,-1.412139,shoplifting
53.4124,-1.412139,shoplifting
53.414255,-1.407299,shoplifting
53.4124,-1.412139,shoplifting
53.414119,-1.410731,shoplifting
53.414961,-1.411893,shoplifting
53.414961,-1.411893,shoplifting
53.414961,-1.411893,shoplifting
53.414925,-1.409968,shoplifting
53.414961,-1.411893,shoplifting
53.4124,-1.412139,shoplifting
53.405627,-1.409314,shoplifting
53.414961,-1.411893,shoplifting
53.410936,-1.471868,burglary_biz
53.412311,-1.471821,burglary_biz
53.412957,-1.471542,shoplifting
53.412902,-1.474407,robbery_biz
53.400104,-1.453849,burglary_biz
53.404656,-1.468591,robbery_biz
53.406812,-1.452424,robbery_biz
53.406812,-1.452424,shoplifting
53.406812,-1.452424,shoplifting
53.406812,-1.452424,shoplifting
53.412526,-1.451719,burglary_biz
53.412526,-1.451719,theft_person
53.407623,-1.508703,shoplifting
53.407623,-1.508703,shoplifting
53.407623,-1.508703,shoplifting
53.407623,-1.508703,shoplifting
53.407623,-1.508703,shoplifting
53.407623,-1.508703,shoplifting
53.407623,-1.508703,shoplifting
53.407623,-1.508703,shoplifting
53.407623,-1.508703,shoplifting
53.407623,-1.508703,shoplifting
53.397964,-1.451741,burglary_biz
53.394017,-1.455385,burglary_biz
53.389639,-1.457193,burglary_biz
53.393768,-1.457885,burglary_biz
53.392745,-1.435161,burglary_biz
53.392745,-1.435161,burglary_biz
53.398246,-1.442758,burglary_biz
53.390017,-1.459466,robbery_biz
53.394877,-1.42793,robbery_biz
53.392656,-1.434223,robbery_biz
53.392647,-1.456666,robbery_biz
53.389639,-1.457193,shoplifting
53.389639,-1.457193,shoplifting
53.389639,-1.457193,shoplifting
53.389639,-1.457193,shoplifting
53.389639,-1.457193,shoplifting
53.389639,-1.457193,shoplifting
53.389639,-1.457193,shoplifting
53.389639,-1.457193,shoplifting
53.389639,-1.457193,shoplifting
53.389639,-1.457193,shoplifting
53.389639,-1.457193,shoplifting
53.389639,-1.457193,shoplifting
53.389639,-1.457193,shoplifting
53.389639,-1.457193,shoplifting
53.389639,-1.457193,shoplifting
53.389639,-1.457193,shoplifting
53.389639,-1.457193,shoplifting
53.389639,-1.457193,shoplifting
53.389639,-1.457193,shoplifting
53.389639,-1.457193,shoplifting
53.389639,-1.457193,shoplifting
53.389639,-1.457193,shoplifting
53.389639,-1.457193,shoplifting
53.389639,-1.457193,shoplifting
53.389639,-1.457193,shoplifting
53.389639,-1.457193,shoplifting
53.389639,-1.457193,shoplifting
53.389639,-1.457193,shoplifting
53.389639,-1.457193,shoplifting
53.389639,-1.457193,shoplifting
53.389639,-1.457193,shoplifting
53.389639,-1.457193,shoplifting
53.389639,-1.457193,shoplifting
53.389639,-1.457193,shoplifting
53.389639,-1.457193,shoplifting
53.389639,-1.457193,shoplifting
53.389639,-1.457193,shoplifting
53.389639,-1.457193,shoplifting
53.389639,-1.457193,shoplifting
53.389639,-1.457193,shoplifting
53.389639,-1.457193,shoplifting
53.389639,-1.457193,shoplifting
53.389639,-1.457193,shoplifting
53.389639,-1.457193,shoplifting
53.390017,-1.459466,theft_person
53.38627,-1.463588,burglary_biz
53.39051,-1.461129,burglary_biz
53.391148,-1.461031,robbery_biz
53.390147,-1.460352,robbery_biz
53.391235,-1.476638,shoplifting
53.39604,-1.477722,theft_person
53.408467,-1.444881,burglary_biz
53.410381,-1.444616,burglary_biz
53.404675,-1.435424,shoplifting
53.404675,-1.435424,shoplifting
53.404675,-1.435424,shoplifting
53.404675,-1.435424,shoplifting
53.393772,-1.540291,shoplifting
53.393772,-1.540291,shoplifting
53.394729,-1.546311,burglary_biz
53.392341,-1.532984,shoplifting
53.395164,-1.50423,burglary_biz
53.395545,-1.49627,burglary_biz
53.392558,-1.530966,burglary_biz
53.393111,-1.529938,burglary_biz
53.389382,-1.48251,robbery_biz
53.394665,-1.488175,shoplifting
53.394665,-1.488175,shoplifting
53.394665,-1.488175,shoplifting
53.394665,-1.488175,shoplifting
53.394665,-1.488175,shoplifting
53.394665,-1.488175,shoplifting
53.394665,-1.488175,shoplifting
53.396917,-1.491366,theft_person
53.396912,-1.496495,theft_person
53.383806,-1.443835,robbery_biz
53.383806,-1.443835,shoplifting
53.388448,-1.410815,burglary_biz
53.393734,-1.410997,burglary_biz
53.389717,-1.420406,burglary_biz
53.391689,-1.413582,burglary_biz
53.386343,-1.414152,burglary_biz
53.385928,-1.413736,burglary_biz
53.385339,-1.507955,robbery_biz
53.388425,-1.500324,burglary_biz
53.385753,-1.495484,shoplifting
53.385753,-1.495484,shoplifting
53.385753,-1.495484,shoplifting
53.385753,-1.495484,shoplifting
53.384333,-1.50428,burglary_biz
53.384333,-1.50428,burglary_biz
53.379601,-1.518662,shoplifting
53.379601,-1.518662,shoplifting
53.379601,-1.518662,shoplifting
53.379601,-1.518662,shoplifting
53.387833,-1.509412,burglary_biz
53.380533,-1.485548,burglary_biz
53.379745,-1.492623,burglary_biz
53.378355,-1.493331,burglary_biz
53.379577,-1.489165,shoplifting
53.379577,-1.489165,shoplifting
53.379577,-1.489165,shoplifting
53.379577,-1.489165,shoplifting
53.379577,-1.489165,shoplifting
53.379577,-1.489165,shoplifting
53.379577,-1.489165,shoplifting
53.379577,-1.489165,shoplifting
53.379577,-1.489165,shoplifting
53.379577,-1.489165,shoplifting
53.379577,-1.489165,shoplifting
53.379577,-1.489165,shoplifting
53.379577,-1.489165,shoplifting
53.379577,-1.489165,shoplifting
53.379577,-1.489165,shoplifting
53.377385,-1.501885,burglary_biz
53.377385,-1.501885,shoplifting
53.377385,-1.501885,shoplifting
53.377385,-1.501885,shoplifting
53.37657,-1.502822,shoplifting
53.378211,-1.501826,theft_person
53.384785,-1.491977,burglary_biz
53.388434,-1.493963,burglary_biz
53.381037,-1.395538,burglary_biz
53.375867,-1.393522,shoplifting
53.375867,-1.393522,shoplifting
53.375867,-1.393522,shoplifting
53.383345,-1.41317,burglary_biz
53.383287,-1.419726,shoplifting
53.383287,-1.419726,shoplifting
53.383287,-1.419726,shoplifting
53.383287,-1.419726,shoplifting
53.383287,-1.419726,shoplifting
53.378428,-1.41671,burglary_biz
53.377295,-1.535508,burglary_biz
53.368997,-1.493142,shoplifting
53.368997,-1.493142,shoplifting
53.369802,-1.496619,burglary_biz
53.374345,-1.495273,burglary_biz
53.369046,-1.397256,burglary_biz
53.366697,-1.400294,burglary_biz
53.374563,-1.400455,burglary_biz
53.374735,-1.39719,burglary_biz
53.375784,-1.396619,shoplifting
53.375784,-1.396619,shoplifting
53.375784,-1.396619,shoplifting
53.375784,-1.396619,shoplifting
53.375784,-1.396619,shoplifting
53.372116,-1.389093,shoplifting
53.367681,-1.385297,burglary_biz
53.367053,-1.387185,theft_person
53.367112,-1.526692,burglary_biz
53.367721,-1.52383,burglary_biz
53.366923,-1.531143,shoplifting
53.361849,-1.428958,burglary_biz
53.363009,-1.429093,theft_person
53.374372,-1.431211,burglary_biz
53.370865,-1.419714,burglary_biz
53.373089,-1.426102,burglary_biz
53.3771,-1.426499,burglary_biz
53.3771,-1.426499,burglary_biz
53.373081,-1.422675,robbery_biz
53.366913,-1.480888,burglary_biz
53.36939,-1.477973,burglary_biz
53.36939,-1.477973,burglary_biz
53.366913,-1.480888,burglary_biz
53.366913,-1.480888,shoplifting
53.366913,-1.480888,shoplifting
53.366913,-1.480888,shoplifting
53.371811,-1.47668,shoplifting
53.366913,-1.480888,shoplifting
53.366913,-1.480888,shoplifting
53.366913,-1.480888,shoplifting
53.366913,-1.480888,shoplifting
53.366913,-1.480888,shoplifting
53.366822,-1.482753,burglary_biz
53.372797,-1.478096,shoplifting
53.372797,-1.478096,shoplifting
53.372388,-1.47508,theft_person
53.37315,-1.482824,shoplifting
53.37315,-1.482824,shoplifting
53.361482,-1.549054,burglary_biz
53.363868,-1.471308,shoplifting
53.371189,-1.472149,shoplifting
53.364487,-1.470909,shoplifting
53.371756,-1.470203,burglary_biz
53.369862,-1.475036,burglary_biz
53.369862,-1.475036,shoplifting
53.358702,-1.480011,theft_person
53.37433,-1.46706,burglary_biz
53.377008,-1.47086,burglary_biz
53.374667,-1.476044,robbery_biz
53.375458,-1.47327,shoplifting
53.376878,-1.465961,shoplifting
53.374667,-1.476044,shoplifting
53.374667,-1.476044,shoplifting
53.362608,-1.458791,burglary_biz
53.363835,-1.459782,robbery_biz
53.370621,-1.461416,shoplifting
53.370621,-1.461416,shoplifting
53.370621,-1.461416,shoplifting
53.370621,-1.461416,shoplifting
53.36404,-1.437945,burglary_biz
53.367283,-1.439526,shoplifting
53.367283,-1.439526,shoplifting
53.367283,-1.439526,shoplifting
53.367283,-1.439526,shoplifting
53.367283,-1.439526,shoplifting
53.367283,-1.439526,shoplifting
53.367283,-1.439526,shoplifting
53.367283,-1.439526,shoplifting
53.367283,-1.439526,shoplifting
53.367283,-1.439526,shoplifting
53.367283,-1.439526,shoplifting
53.360546,-1.460109,burglary_biz
53.356337,-1.359543,burglary_biz
53.366219,-1.373762,burglary_biz
53.361742,-1.405933,shoplifting
53.361742,-1.405933,shoplifting
53.361742,-1.405933,shoplifting
53.361742,-1.405933,shoplifting
53.361742,-1.405933,shoplifting
53.361742,-1.405933,shoplifting
53.36131,-1.394345,shoplifting
53.358299,-1.410584,robbery_biz
53.362402,-1.407913,burglary_biz
53.359596,-1.495612,burglary_biz
53.367782,-1.499152,burglary_biz
53.36813,-1.498682,shoplifting
53.36813,-1.498682,shoplifting
53.36813,-1.498682,shoplifting
53.36813,-1.498682,shoplifting
53.36813,-1.498682,shoplifting
53.36813,-1.498682,shoplifting
53.36813,-1.498682,shoplifting
53.36813,-1.498682,shoplifting
53.36813,-1.498682,shoplifting
53.361491,-1.50157,burglary_biz
53.361899,-1.498079,burglary_biz
53.364714,-1.50724,shoplifting
53.364714,-1.50724,shoplifting
53.365765,-1.509155,burglary_biz
53.365582,-1.508345,burglary_biz
53.367155,-1.510671,burglary_biz
53.363263,-1.508477,shoplifting
53.363263,-1.508477,shoplifting
53.363263,-1.508477,shoplifting
53.363263,-1.508477,shoplifting
53.363263,-1.508477,shoplifting
53.363263,-1.508477,shoplifting
53.363263,-1.508477,shoplifting
53.363263,-1.508477,shoplifting
53.363263,-1.508477,shoplifting
53.363263,-1.508477,shoplifting
53.363263,-1.508477,shoplifting
53.363263,-1.508477,shoplifting
53.363263,-1.508477,shoplifting
53.363263,-1.508477,shoplifting
53.363263,-1.508477,shoplifting
53.363263,-1.508477,shoplifting
53.363263,-1.508477,shoplifting
53.363263,-1.508477,shoplifting
53.359829,-1.427756,robbery_biz
53.359829,-1.427756,shoplifting
53.359829,-1.427756,shoplifting
53.359829,-1.427756,shoplifting
53.359829,-1.427756,shoplifting
53.359829,-1.427756,shoplifting
53.359829,-1.427756,shoplifting
53.359829,-1.427756,shoplifting
53.359606,-1.437493,shoplifting
53.359606,-1.437493,shoplifting
53.359606,-1.437493,shoplifting
53.359606,-1.437493,shoplifting
53.357203,-1.446539,burglary_biz
53.357809,-1.445389,burglary_biz
53.360224,-1.372046,burglary_biz
53.358867,-1.370549,shoplifting
53.360392,-1.363163,shoplifting
53.35641,-1.382004,burglary_biz
53.358454,-1.380802,burglary_biz
53.357664,-1.370672,burglary_biz
53.355163,-1.370408,burglary_biz
53.355163,-1.370408,burglary_biz
53.357245,-1.376552,burglary_biz
53.359408,-1.372494,burglary_biz
53.35934,-1.373467,robbery_biz
53.35934,-1.373467,robbery_biz
53.357664,-1.370672,robbery_biz
53.35934,-1.373467,robbery_biz
53.357664,-1.370672,robbery_biz
53.35934,-1.373467,robbery_biz
53.35934,-1.373467,robbery_biz
53.35934,-1.373467,shoplifting
53.35934,-1.373467,shoplifting
53.35934,-1.373467,shoplifting
53.35934,-1.373467,shoplifting
53.35934,-1.373467,shoplifting
53.35934,-1.373467,shoplifting
53.35934,-1.373467,shoplifting
53.35934,-1.373467,shoplifting
53.35934,-1.373467,shoplifting
53.35934,-1.373467,shoplifting
53.35934,-1.373467,shoplifting
53.35934,-1.373467,shoplifting
53.35934,-1.373467,shoplifting
53.35934,-1.373467,shoplifting
53.35934,-1.373467,shoplifting
53.35934,-1.373467,shoplifting
53.35934,-1.373467,shoplifting
53.35934,-1.373467,shoplifting
53.35934,-1.373467,shoplifting
53.35934,-1.373467,shoplifting
53.35934,-1.373467,shoplifting
53.35934,-1.373467,shoplifting
53.35934,-1.373467,shoplifting
53.35934,-1.373467,shoplifting
53.35934,-1.373467,shoplifting
53.35934,-1.373467,shoplifting
53.35934,-1.373467,shoplifting
53.35934,-1.373467,shoplifting
53.35934,-1.373467,shoplifting
53.35934,-1.373467,shoplifting
53.35934,-1.373467,shoplifting
53.35934,-1.373467,shoplifting
53.35934,-1.373467,shoplifting
53.354514,-1.492803,burglary_biz
53.354514,-1.492803,burglary_biz
53.352846,-1.489412,burglary_biz
53.36276,-1.495485,burglary_biz
53.364677,-1.485559,burglary_biz
53.361938,-1.486178,burglary_biz
53.358861,-1.494058,robbery_biz
53.359264,-1.489365,shoplifting
53.359264,-1.489365,shoplifting
53.362272,-1.468022,burglary_biz
53.358567,-1.467782,burglary_biz
53.359355,-1.466931,burglary_biz
53.359232,-1.463556,robbery_biz
53.356839,-1.449308,burglary_biz
53.355404,-1.448125,burglary_biz
53.353119,-1.443768,burglary_biz
53.351588,-1.443172,theft_person
53.367976,-1.464676,shoplifting
53.358404,-1.419223,shoplifting
53.358404,-1.419223,shoplifting
53.358404,-1.419223,shoplifting
53.358404,-1.419223,shoplifting
53.358404,-1.419223,shoplifting
53.358404,-1.419223,shoplifting
53.358404,-1.419223,shoplifting
53.358404,-1.419223,shoplifting
53.358404,-1.419223,shoplifting
53.358404,-1.419223,shoplifting
53.358404,-1.419223,shoplifting
53.358404,-1.419223,shoplifting
53.35453,-1.408308,robbery_biz
53.351069,-1.426593,shoplifting
53.36342,-1.415683,burglary_biz
53.361491,-1.420097,burglary_biz
53.360033,-1.471881,burglary_biz
53.357097,-1.476755,shoplifting
53.357097,-1.476755,shoplifting
53.357097,-1.476755,shoplifting
53.352351,-1.48081,burglary_biz
53.348612,-1.439184,burglary_biz
53.345141,-1.425833,burglary_biz
53.345141,-1.425833,robbery_biz
53.345141,-1.425833,shoplifting
53.345141,-1.425833,shoplifting
53.345141,-1.425833,shoplifting
53.345141,-1.425833,shoplifting
53.345141,-1.425833,shoplifting
53.345141,-1.425833,shoplifting
53.345141,-1.425833,shoplifting
53.345141,-1.425833,shoplifting
53.345141,-1.425833,shoplifting
53.345141,-1.425833,shoplifting
53.345141,-1.425833,shoplifting
53.345141,-1.425833,shoplifting
53.345141,-1.425833,shoplifting
53.345141,-1.425833,shoplifting
53.345141,-1.425833,shoplifting
53.345141,-1.425833,shoplifting
53.345141,-1.425833,shoplifting
53.345141,-1.425833,shoplifting
53.345141,-1.425833,shoplifting
53.345141,-1.425833,shoplifting
53.345141,-1.425833,shoplifting
53.345141,-1.425833,shoplifting
53.345141,-1.425833,shoplifting
53.345141,-1.425833,shoplifting
53.345141,-1.425833,shoplifting
53.345141,-1.425833,shoplifting
53.345141,-1.425833,shoplifting
53.345141,-1.425833,shoplifting
53.345141,-1.425833,shoplifting
53.345141,-1.425833,shoplifting
53.345141,-1.425833,shoplifting
53.345141,-1.425833,shoplifting
53.345141,-1.425833,shoplifting
53.345141,-1.425833,shoplifting
53.345141,-1.425833,shoplifting
53.345141,-1.425833,shoplifting
53.345141,-1.425833,shoplifting
53.345141,-1.425833,shoplifting
53.345141,-1.425833,shoplifting
53.345141,-1.425833,shoplifting
53.345141,-1.425833,shoplifting
53.345141,-1.425833,shoplifting
53.345141,-1.425833,shoplifting
53.345141,-1.425833,shoplifting
53.345141,-1.425833,shoplifting
53.345141,-1.425833,shoplifting
53.345141,-1.425833,shoplifting
53.345141,-1.425833,shoplifting
53.345141,-1.425833,shoplifting
53.345141,-1.425833,shoplifting
53.345141,-1.425833,shoplifting
53.345141,-1.425833,shoplifting
53.346177,-1.495816,burglary_biz
53.348257,-1.498855,burglary_biz
53.344222,-1.501321,burglary_biz
53.341344,-1.502932,theft_person
53.356448,-1.53267,burglary_biz
53.349053,-1.341598,shoplifting
53.349053,-1.341598,shoplifting
53.349053,-1.341598,shoplifting
53.346455,-1.348906,burglary_biz
53.344833,-1.346572,burglary_biz
53.3492,-1.346325,burglary_biz
53.34189,-1.351147,shoplifting
53.346169,-1.350908,shoplifting
53.34189,-1.351147,shoplifting
53.34189,-1.351147,shoplifting
53.34189,-1.351147,shoplifting
53.342798,-1.485582,burglary_biz
53.349271,-1.483611,burglary_biz
53.345293,-1.493107,shoplifting
53.345293,-1.493107,shoplifting
53.345293,-1.493107,shoplifting
53.345293,-1.493107,shoplifting
53.345293,-1.493107,shoplifting
53.345293,-1.493107,shoplifting
53.345293,-1.493107,shoplifting
53.345293,-1.493107,shoplifting
53.342155,-1.48245,burglary_biz
53.343932,-1.473537,burglary_biz
53.348564,-1.480345,burglary_biz
53.348564,-1.480345,shoplifting
53.344148,-1.434256,burglary_biz
53.349193,-1.44828,burglary_biz
53.343441,-1.366825,burglary_biz
53.343802,-1.357027,shoplifting
53.344307,-1.357183,shoplifting
53.343802,-1.357027,shoplifting
53.343802,-1.357027,shoplifting
53.343802,-1.357027,shoplifting
53.343802,-1.357027,shoplifting
53.341258,-1.385932,burglary_biz
53.342981,-1.4214,robbery_biz
53.342981,-1.4214,robbery_biz
53.342981,-1.4214,shoplifting
53.336312,-1.421655,theft_person
53.347781,-1.417745,burglary_biz
53.347188,-1.415845,burglary_biz
53.344149,-1.426941,shoplifting
53.346892,-1.335365,shoplifting
53.346892,-1.335365,shoplifting
53.346892,-1.335365,shoplifting
53.346892,-1.335365,shoplifting
53.346892,-1.335365,shoplifting
53.346892,-1.335365,shoplifting
53.346892,-1.335365,shoplifting
53.346892,-1.335365,shoplifting
53.346892,-1.335365,shoplifting
53.346892,-1.335365,shoplifting
53.346892,-1.335365,shoplifting
53.346892,-1.335365,shoplifting
53.328556,-1.333818,robbery_biz
53.346275,-1.470819,burglary_biz
53.329907,-1.472989,burglary_biz
53.340363,-1.449663,shoplifting
53.340363,-1.449663,shoplifting
53.340363,-1.449663,shoplifting
53.340363,-1.449663,shoplifting
53.340363,-1.449663,shoplifting
53.340363,-1.449663,shoplifting
53.340363,-1.449663,shoplifting
53.340363,-1.449663,shoplifting
53.340363,-1.449663,shoplifting
53.340363,-1.449663,shoplifting
53.340363,-1.449663,shoplifting
53.340363,-1.449663,shoplifting
53.330146,-1.467941,burglary_biz
53.327724,-1.467567,burglary_biz
53.332361,-1.462883,burglary_biz
53.331436,-1.459155,burglary_biz
53.329736,-1.464733,burglary_biz
53.331436,-1.459155,burglary_biz
53.327724,-1.467567,robbery_biz
53.327724,-1.467567,shoplifting
53.32721,-1.474764,shoplifting
53.327724,-1.467567,shoplifting
53.327724,-1.467567,shoplifting
53.327724,-1.467567,shoplifting
53.327724,-1.467567,shoplifting
53.327724,-1.467567,shoplifting
53.327724,-1.467567,shoplifting
53.327724,-1.467567,shoplifting
53.327724,-1.467567,shoplifting
53.327724,-1.467567,shoplifting
53.337101,-1.357924,burglary_biz
53.32641,-1.350637,burglary_biz
53.338604,-1.354927,burglary_biz
53.338917,-1.35294,burglary_biz
53.341652,-1.35012,shoplifting
53.341652,-1.35012,shoplifting
53.34269,-1.350825,shoplifting
53.341652,-1.35012,shoplifting
53.341652,-1.35012,shoplifting
53.34269,-1.350825,shoplifting
53.34269,-1.350825,shoplifting
53.34269,-1.350825,shoplifting
53.34269,-1.350825,shoplifting
53.341652,-1.35012,shoplifting
53.341652,-1.35012,shoplifting
53.34269,-1.350825,shoplifting
53.341652,-1.35012,shoplifting
53.34269,-1.350825,shoplifting
53.332238,-1.492361,burglary_biz
53.336304,-1.507916,burglary_biz
53.341176,-1.497361,burglary_biz
53.33367,-1.484415,burglary_biz
53.33568,-1.481628,shoplifting
53.33568,-1.481628,shoplifting
53.33568,-1.481628,shoplifting
53.33568,-1.481628,shoplifting
53.327227,-1.540091,shoplifting
53.341958,-1.53038,burglary_biz
53.34424,-1.527786,burglary_biz
53.323728,-1.492897,burglary_biz
53.327748,-1.486964,shoplifting
53.321682,-1.49157,burglary_biz
53.321682,-1.49157,shoplifting
53.321682,-1.49157,shoplifting
53.321682,-1.49157,shoplifting
53.321682,-1.49157,shoplifting
53.321682,-1.49157,shoplifting
53.321682,-1.49157,shoplifting
53.321682,-1.49157,shoplifting
53.321682,-1.49157,shoplifting
53.321682,-1.49157,shoplifting
53.321682,-1.49157,shoplifting
53.321682,-1.49157,shoplifting
53.321682,-1.49157,shoplifting
53.321682,-1.49157,shoplifting
53.321682,-1.49157,shoplifting
53.321682,-1.49157,shoplifting
53.321682,-1.49157,shoplifting
53.321682,-1.49157,shoplifting
53.321682,-1.49157,shoplifting
53.321682,-1.49157,shoplifting
53.321682,-1.49157,shoplifting
53.321682,-1.49157,shoplifting
53.321682,-1.49157,shoplifting
53.321682,-1.49157,shoplifting
53.321682,-1.49157,shoplifting
53.326203,-1.480992,burglary_biz
53.322555,-1.473049,robbery_biz
53.323863,-1.478228,burglary_biz
53.322538,-1.477298,burglary_biz
53.322805,-1.480958,burglary_biz
53.322805,-1.480958,burglary_biz
53.318901,-1.469957,burglary_biz
53.318916,-1.471353,robbery_biz
53.318418,-1.51956,burglary_biz
53.319341,-1.501968,shoplifting
53.322065,-1.523257,burglary_biz
53.322065,-1.523257,burglary_biz
53.322065,-1.523257,shoplifting
53.320431,-1.512572,burglary_biz
53.333829,-1.386925,burglary_biz
53.322972,-1.343288,shoplifting
53.325127,-1.342894,shoplifting
53.322972,-1.343288,shoplifting
53.322972,-1.343288,shoplifting
53.325127,-1.342894,shoplifting
53.325127,-1.342894,shoplifting
53.325127,-1.342894,shoplifting
53.320801,-1.362387,burglary_biz
53.323842,-1.362822,robbery_biz
53.323842,-1.362822,shoplifting
53.323842,-1.362822,shoplifting
53.323842,-1.362822,shoplifting
53.323842,-1.362822,shoplifting
53.323842,-1.362822,shoplifting
53.323842,-1.362822,shoplifting
53.323842,-1.362822,shoplifting
53.323842,-1.362822,shoplifting
53.323842,-1.362822,shoplifting
53.383189,-1.476225,robbery_biz
53.382893,-1.476379,theft_person
53.382651,-1.482802,theft_person
53.38288,-1.473403,burglary_biz
53.385033,-1.470414,burglary_biz
53.383505,-1.470478,burglary_biz
53.383992,-1.468804,robbery_biz
53.388612,-1.470686,shoplifting
53.384568,-1.471097,shoplifting
53.388612,-1.470686,shoplifting
53.388315,-1.474854,burglary_biz
53.388315,-1.474854,burglary_biz
53.388018,-1.474723,shoplifting
53.391683,-1.482391,shoplifting
53.391683,-1.482391,shoplifting
53.391683,-1.482391,shoplifting
53.378326,-1.468062,burglary_biz
53.379702,-1.466241,burglary_biz
53.378326,-1.468062,burglary_biz
53.382289,-1.465818,burglary_biz
53.382912,-1.466381,robbery_biz
53.384397,-1.46498,robbery_biz
53.383629,-1.465952,robbery_biz
53.382697,-1.468624,robbery_biz
53.382697,-1.468624,robbery_biz
53.384397,-1.46498,robbery_biz
53.382912,-1.466381,robbery_biz
53.379191,-1.470577,robbery_biz
53.383629,-1.465952,robbery_biz
53.383711,-1.464252,robbery_biz
53.378326,-1.468062,shoplifting
53.38282,-1.469961,shoplifting
53.381809,-1.468581,shoplifting
53.382697,-1.468624,shoplifting
53.38282,-1.469961,shoplifting
53.378326,-1.468062,shoplifting
53.381809,-1.468581,shoplifting
53.378326,-1.468062,shoplifting
53.381997,-1.470843,shoplifting
53.381809,-1.468581,shoplifting
53.381997,-1.470843,shoplifting
53.382697,-1.468624,shoplifting
53.382697,-1.468624,shoplifting
53.381809,-1.468581,shoplifting
53.378326,-1.468062,shoplifting
53.381809,-1.468581,shoplifting
53.378326,-1.468062,shoplifting
53.382697,-1.468624,shoplifting
53.382697,-1.468624,shoplifting
53.383162,-1.468182,shoplifting
53.381809,-1.468581,shoplifting
53.381809,-1.468581,shoplifting
53.378326,-1.468062,shoplifting
53.378326,-1.468062,shoplifting
53.380414,-1.466623,theft_person
53.382912,-1.466381,theft_person
53.382912,-1.466381,theft_person
53.383533,-1.464585,theft_person
53.382697,-1.468624,theft_person
53.386203,-1.479,robbery_biz
53.384735,-1.480401,shoplifting
53.384735,-1.480401,shoplifting
53.384735,-1.480401,shoplifting
53.384735,-1.480401,shoplifting
53.386203,-1.479,shoplifting
53.38814,-1.477924,theft_person
53.375992,-1.474825,burglary_biz
53.378406,-1.473954,burglary_biz
53.375137,-1.482802,robbery_biz
53.378406,-1.473954,robbery_biz
53.376769,-1.473854,shoplifting
53.375818,-1.474151,shoplifting
53.375818,-1.474151,shoplifting
53.378234,-1.47582,shoplifting
53.376769,-1.473854,shoplifting
53.376572,-1.473946,shoplifting
53.376769,-1.473854,shoplifting
53.376125,-1.473827,shoplifting
53.376769,-1.473854,shoplifting
53.376125,-1.473827,shoplifting
53.376572,-1.473946,shoplifting
53.375818,-1.474151,shoplifting
53.375818,-1.474151,shoplifting
53.376125,-1.473827,shoplifting
53.376769,-1.473854,shoplifting
53.376769,-1.473854,shoplifting
53.376769,-1.473854,shoplifting
53.375818,-1.474151,shoplifting
53.376572,-1.473946,shoplifting
53.379732,-1.473021,burglary_biz
53.380099,-1.476699,burglary_biz
53.377755,-1.471061,robbery_biz
53.380913,-1.475847,robbery_biz
53.377755,-1.471061,robbery_biz
53.380041,-1.473829,robbery_biz
53.380785,-1.471264,robbery_biz
53.381592,-1.474982,robbery_biz
53.379732,-1.473021,shoplifting
53.380041,-1.473829,shoplifting
53.380604,-1.471025,shoplifting
53.380041,-1.473829,shoplifting
53.380041,-1.473829,shoplifting
53.377755,-1.471061,shoplifting
53.380604,-1.471025,shoplifting
53.380604,-1.471025,shoplifting
53.380041,-1.473829,shoplifting
53.379247,-1.471072,shoplifting
53.377755,-1.471061,shoplifting
53.380041,-1.473829,shoplifting
53.380041,-1.473829,shoplifting
53.380041,-1.473829,shoplifting
53.380215,-1.474065,theft_person
53.381414,-1.471121,theft_person
53.380913,-1.475847,theft_person
53.381028,-1.473456,theft_person
53.380913,-1.475847,theft_person
53.380215,-1.474065,theft_person
53.380913,-1.475847,theft_person
53.380913,-1.475847,theft_person
53.380215,-1.474065,theft_person
53.380878,-1.474059,theft_person
53.380913,-1.475847,theft_person
53.380604,-1.471025,theft_person
53.380913,-1.475847,theft_person
53.379899,-1.478325,robbery_biz
53.379899,-1.478325,robbery_biz
53.379969,-1.479653,robbery_biz
53.38041,-1.480093,shoplifting
53.38041,-1.480093,shoplifting
53.38041,-1.480093,shoplifting
53.376374,-1.444126,burglary_biz
53.376182,-1.445271,burglary_biz
53.375753,-1.451605,shoplifting
53.36979,-1.44316,burglary_biz
53.374105,-1.449086,burglary_biz
53.372362,-1.445351,burglary_biz
53.374563,-1.44902,burglary_biz
53.374105,-1.449086,robbery_biz
53.383554,-1.451535,burglary_biz
53.381118,-1.451461,burglary_biz
53.38597,-1.454841,robbery_biz
53.376494,-1.440818,burglary_biz
53.382645,-1.4377,burglary_biz
53.381039,-1.438398,robbery_biz
53.37555,-1.460326,burglary_biz
53.382171,-1.457701,burglary_biz
53.379437,-1.457315,robbery_biz
53.383549,-1.463989,robbery_biz
53.382171,-1.457701,robbery_biz
53.3854,-1.46205,robbery_biz
53.383549,-1.463989,shoplifting
53.383549,-1.463989,shoplifting
53.383549,-1.463989,shoplifting
53.383549,-1.463989,shoplifting
53.383549,-1.463989,shoplifting
53.348989,-1.39856,robbery_biz
53.34685,-1.398545,shoplifting
53.348989,-1.39856,shoplifting
53.346896,-1.377665,shoplifting
53.345546,-1.393021,robbery_biz
53.342538,-1.395527,burglary_biz
53.499345,-1.469233,shoplifting
53.49818,-1.421702,burglary_biz
53.496971,-1.449199,robbery_biz
53.492279,-1.288977,shoplifting
53.495579,-1.275777,burglary_biz
53.496659,-1.290924,shoplifting
53.496266,-1.300532,shoplifting
53.494646,-1.29872,burglary_biz
53.494659,-1.300845,burglary_biz
53.493789,-1.295192,burglary_biz
53.49465,-1.299398,shoplifting
53.488191,-1.231217,burglary_biz
53.481153,-1.232715,burglary_biz
53.482811,-1.2305,shoplifting
53.486841,-1.274102,burglary_biz
53.491102,-1.255219,shoplifting
53.491102,-1.255219,shoplifting
53.491102,-1.255219,shoplifting
53.491102,-1.255219,shoplifting
53.491078,-1.251271,burglary_biz
53.489588,-1.251599,shoplifting
53.480252,-1.239422,burglary_biz
53.480084,-1.242695,burglary_biz
53.499147,-1.316932,burglary_biz
53.495555,-1.339917,burglary_biz
53.496077,-1.353295,burglary_biz
53.489784,-1.317489,theft_person
53.483751,-1.30773,burglary_biz
53.487775,-1.302737,burglary_biz
53.487013,-1.304588,burglary_biz
53.491243,-1.302439,burglary_biz
53.486578,-1.31323,shoplifting
53.486578,-1.31323,shoplifting
53.486578,-1.31323,shoplifting
53.486578,-1.31323,shoplifting
53.479877,-1.318718,burglary_biz
53.472463,-1.349676,burglary_biz
53.466727,-1.339641,burglary_biz
53.464778,-1.343241,burglary_biz
53.466727,-1.339641,burglary_biz
53.464778,-1.343241,burglary_biz
53.466727,-1.339641,robbery_biz
53.466727,-1.339641,shoplifting
53.466727,-1.339641,shoplifting
53.466727,-1.339641,shoplifting
53.466727,-1.339641,shoplifting
53.466727,-1.339641,shoplifting
53.466727,-1.339641,shoplifting
53.466727,-1.339641,shoplifting
53.466727,-1.339641,shoplifting
53.466727,-1.339641,shoplifting
53.466727,-1.339641,shoplifting
53.466727,-1.339641,shoplifting
53.466727,-1.339641,shoplifting
53.466727,-1.339641,shoplifting
53.466727,-1.339641,shoplifting
53.466727,-1.339641,shoplifting
53.466727,-1.339641,shoplifting
53.466727,-1.339641,shoplifting
53.468456,-1.320904,burglary_biz
53.468011,-1.321815,shoplifting
53.465631,-1.333226,burglary_biz
53.466767,-1.330738,robbery_biz
53.454931,-1.337505,burglary_biz
53.459815,-1.343655,burglary_biz
53.459297,-1.343506,burglary_biz
53.459815,-1.343655,robbery_biz
53.447991,-1.343831,burglary_biz
53.447991,-1.343831,burglary_biz
53.451293,-1.339594,robbery_biz
53.447991,-1.343831,shoplifting
53.447951,-1.34323,shoplifting
53.451293,-1.339594,shoplifting
53.447951,-1.34323,shoplifting
53.451113,-1.344355,shoplifting
53.449549,-1.341127,shoplifting
53.447991,-1.343831,shoplifting
53.447991,-1.343831,shoplifting
53.449549,-1.341127,shoplifting
53.447991,-1.343831,shoplifting
53.447951,-1.34323,shoplifting
53.451113,-1.344355,shoplifting
53.449549,-1.341127,shoplifting
53.451293,-1.339594,shoplifting
53.451293,-1.339594,shoplifting
53.447951,-1.34323,shoplifting
53.447951,-1.34323,shoplifting
53.447956,-1.342615,shoplifting
53.447991,-1.343831,shoplifting
53.451113,-1.344355,shoplifting
53.449549,-1.341127,shoplifting
53.449549,-1.341127,shoplifting
53.451113,-1.344355,shoplifting
53.451113,-1.344355,shoplifting
53.451113,-1.344355,shoplifting
53.447991,-1.343831,shoplifting
53.451113,-1.344355,shoplifting
53.449549,-1.341127,shoplifting
53.451113,-1.344355,shoplifting
53.453849,-1.389114,burglary_biz
53.451254,-1.377602,burglary_biz
53.447485,-1.29903,shoplifting
53.447485,-1.29903,shoplifting
53.447485,-1.29903,shoplifting
53.447485,-1.29903,shoplifting
53.447485,-1.29903,shoplifting
53.447485,-1.29903,shoplifting
53.464315,-1.290483,burglary_biz
53.451664,-1.29747,robbery_biz
53.442968,-1.315394,shoplifting
53.448161,-1.294908,burglary_biz
53.447861,-1.403158,shoplifting
53.447861,-1.403158,shoplifting
53.447861,-1.403158,shoplifting
53.447861,-1.403158,shoplifting
53.447861,-1.403158,shoplifting
53.447861,-1.403158,shoplifting
53.447861,-1.403158,shoplifting
53.447602,-1.399954,burglary_biz
53.448614,-1.399187,theft_person
53.442935,-1.392312,robbery_biz
53.442935,-1.392312,robbery_biz
53.430564,-1.32643,shoplifting
53.430564,-1.32643,shoplifting
53.430564,-1.32643,shoplifting
53.430564,-1.32643,shoplifting
53.430564,-1.32643,shoplifting
53.443226,-1.321261,theft_person
53.437608,-1.327583,burglary_biz
53.440636,-1.322567,robbery_biz
53.43766,-1.330427,robbery_biz
53.438339,-1.324922,robbery_biz
53.43766,-1.330427,shoplifting
53.43766,-1.330427,shoplifting
53.43766,-1.330427,shoplifting
53.43766,-1.330427,shoplifting
53.43766,-1.330427,shoplifting
53.43766,-1.330427,shoplifting
53.435099,-1.324115,theft_person
53.443574,-1.322295,burglary_biz
53.439241,-1.336575,burglary_biz
53.439241,-1.336575,burglary_biz
53.439241,-1.336575,burglary_biz
53.441365,-1.325958,burglary_biz
53.443574,-1.322295,burglary_biz
53.439241,-1.336575,burglary_biz
53.441365,-1.325958,shoplifting
53.438513,-1.343149,burglary_biz
53.435278,-1.341799,burglary_biz
53.438135,-1.347957,robbery_biz
53.438598,-1.347258,robbery_biz
53.439326,-1.34392,shoplifting
53.439326,-1.34392,shoplifting
53.439326,-1.34392,shoplifting
53.439326,-1.34392,shoplifting
53.439326,-1.34392,shoplifting
53.439326,-1.34392,shoplifting
53.439326,-1.34392,shoplifting
53.439326,-1.34392,shoplifting
53.439326,-1.34392,shoplifting
53.439326,-1.34392,shoplifting
53.439326,-1.34392,shoplifting
53.439326,-1.34392,shoplifting
53.439326,-1.34392,shoplifting
53.439326,-1.34392,shoplifting
53.439326,-1.34392,shoplifting
53.433181,-1.334772,shoplifting
53.440363,-1.399303,burglary_biz
53.439484,-1.400254,shoplifting
53.439484,-1.400254,shoplifting
53.439484,-1.400254,shoplifting
53.439484,-1.400254,shoplifting
53.439484,-1.400254,shoplifting
53.439484,-1.400254,shoplifting
53.439484,-1.400254,shoplifting
53.439484,-1.400254,shoplifting
53.433161,-1.39355,burglary_biz
53.429262,-1.374717,burglary_biz
53.429283,-1.37881,burglary_biz
53.429283,-1.37881,robbery_biz
53.429283,-1.37881,robbery_biz
53.429262,-1.374717,shoplifting
53.432974,-1.372841,robbery_biz
53.432974,-1.372841,shoplifting
53.432974,-1.372841,shoplifting
53.432974,-1.372841,shoplifting
53.431798,-1.38365,burglary_biz
53.43517,-1.382157,robbery_biz
53.43517,-1.382157,shoplifting
53.43517,-1.382157,shoplifting
53.43517,-1.382157,shoplifting
53.43517,-1.382157,shoplifting
53.435359,-1.380393,theft_person
53.422132,-1.377816,burglary_biz
53.425594,-1.354364,burglary_biz
53.423601,-1.358172,shoplifting
53.423601,-1.358172,shoplifting
53.423601,-1.358172,shoplifting
53.423601,-1.358172,shoplifting
53.423601,-1.358172,shoplifting
53.430929,-1.355277,burglary_biz
53.432472,-1.349594,burglary_biz
53.430355,-1.350529,burglary_biz
53.43191,-1.357098,burglary_biz
53.428012,-1.355908,burglary_biz
53.428035,-1.358632,burglary_biz
53.43191,-1.357098,burglary_biz
53.43191,-1.357098,burglary_biz
53.430347,-1.355677,burglary_biz
53.434941,-1.354072,burglary_biz
53.432089,-1.352687,burglary_biz
53.430355,-1.350529,burglary_biz
53.428035,-1.358632,burglary_biz
53.43169,-1.354633,burglary_biz
53.428035,-1.358632,burglary_biz
53.430929,-1.355277,robbery_biz
53.433054,-1.354146,robbery_biz
53.43191,-1.357098,robbery_biz
53.433211,-1.35166,robbery_biz
53.432968,-1.349903,robbery_biz
53.432099,-1.365449,robbery_biz
53.433054,-1.354146,shoplifting
53.433054,-1.354146,shoplifting
53.433054,-1.354146,shoplifting
53.43191,-1.357098,shoplifting
53.43191,-1.357098,shoplifting
53.430929,-1.355277,shoplifting
53.433833,-1.353592,shoplifting
53.428747,-1.357236,shoplifting
53.43169,-1.354633,shoplifting
53.43169,-1.354633,shoplifting
53.43169,-1.354633,shoplifting
53.433833,-1.353592,shoplifting
53.43191,-1.357098,shoplifting
53.433833,-1.353592,shoplifting
53.433054,-1.354146,shoplifting
53.433054,-1.354146,shoplifting
53.43169,-1.354633,shoplifting
53.43191,-1.357098,shoplifting
53.433833,-1.353592,shoplifting
53.433833,-1.353592,shoplifting
53.433833,-1.353592,shoplifting
53.433054,-1.354146,shoplifting
53.433833,-1.353592,shoplifting
53.433054,-1.354146,shoplifting
53.433054,-1.354146,shoplifting
53.433833,-1.353592,shoplifting
53.43169,-1.354633,shoplifting
53.43169,-1.354633,shoplifting
53.43169,-1.354633,shoplifting
53.43191,-1.357098,shoplifting
53.433054,-1.354146,shoplifting
53.433054,-1.354146,shoplifting
53.43169,-1.354633,shoplifting
53.432099,-1.365449,shoplifting
53.43169,-1.354633,shoplifting
53.433054,-1.354146,shoplifting
53.43191,-1.357098,shoplifting
53.433054,-1.354146,shoplifting
53.430929,-1.355277,shoplifting
53.433054,-1.354146,shoplifting
53.433054,-1.354146,shoplifting
53.433833,-1.353592,shoplifting
53.433054,-1.354146,shoplifting
53.433054,-1.354146,shoplifting
53.433833,-1.353592,shoplifting
53.430929,-1.355277,shoplifting
53.433054,-1.354146,shoplifting
53.431195,-1.357892,shoplifting
53.430929,-1.355277,shoplifting
53.43169,-1.354633,shoplifting
53.43169,-1.354633,shoplifting
53.43169,-1.354633,shoplifting
53.433054,-1.354146,shoplifting
53.432099,-1.365449,shoplifting
53.430222,-1.35747,theft_person
53.430222,-1.35747,theft_person
53.430929,-1.355277,theft_person
53.433054,-1.354146,theft_person
53.427495,-1.346886,burglary_biz
53.424979,-1.332402,burglary_biz
53.426802,-1.341689,burglary_biz
53.428259,-1.346799,burglary_biz
53.427476,-1.341829,robbery_biz
53.437378,-1.347638,burglary_biz
53.437183,-1.349733,burglary_biz
53.420327,-1.284911,shoplifting
53.420327,-1.284911,shoplifting
53.420327,-1.284911,shoplifting
53.420327,-1.284911,shoplifting
53.420327,-1.284911,shoplifting
53.423843,-1.286673,burglary_biz
53.430225,-1.277701,shoplifting
53.430225,-1.277701,shoplifting
53.430225,-1.277701,shoplifting
53.430225,-1.277701,shoplifting
53.430225,-1.277701,shoplifting
53.430225,-1.277701,shoplifting
53.430225,-1.277701,shoplifting
53.430225,-1.277701,shoplifting
53.430225,-1.277701,shoplifting
53.430225,-1.277701,shoplifting
53.428636,-1.285464,shoplifting
53.428636,-1.285464,shoplifting
53.428636,-1.285464,shoplifting
53.418967,-1.321512,shoplifting
53.4193,-1.307423,shoplifting
53.4193,-1.307423,shoplifting
53.4193,-1.307423,shoplifting
53.42068,-1.297379,burglary_biz
53.420249,-1.306159,shoplifting
53.420249,-1.306159,shoplifting
53.420249,-1.306159,shoplifting
53.427392,-1.326721,burglary_biz
53.422679,-1.340685,burglary_biz
53.421062,-1.348986,robbery_biz
53.420641,-1.337767,robbery_biz
53.421062,-1.348986,shoplifting
53.421062,-1.348986,shoplifting
53.421062,-1.348986,shoplifting
53.409214,-1.362239,theft_person
53.405854,-1.362455,burglary_biz
53.402977,-1.359053,shoplifting
53.403955,-1.360332,shoplifting
53.408026,-1.367056,shoplifting
53.406487,-1.376946,burglary_biz
53.40405,-1.374921,shoplifting
53.37252,-1.321138,burglary_biz
53.390429,-1.261082,burglary_biz
53.390429,-1.261082,burglary_biz
53.395552,-1.262482,burglary_biz
53.39454,-1.260184,burglary_biz
53.392716,-1.263148,robbery_biz
53.393121,-1.257382,shoplifting
53.397973,-1.261388,burglary_biz
53.390926,-1.249992,burglary_biz
53.395741,-1.26102,burglary_biz
53.400147,-1.264208,robbery_biz
53.396986,-1.258027,shoplifting
53.396272,-1.255387,shoplifting
53.396986,-1.258027,shoplifting
53.396986,-1.258027,shoplifting
53.396986,-1.258027,shoplifting
53.396986,-1.258027,shoplifting
53.396986,-1.258027,shoplifting
53.396986,-1.258027,shoplifting
53.396986,-1.258027,shoplifting
53.396986,-1.258027,shoplifting
53.396272,-1.255387,shoplifting
53.396986,-1.258027,shoplifting
53.396986,-1.258027,shoplifting
53.391116,-1.374002,shoplifting
53.385654,-1.353781,shoplifting
53.382689,-1.3691,burglary_biz
53.382689,-1.3691,burglary_biz
53.37054,-1.231638,burglary_biz
53.371736,-1.319167,shoplifting
53.36349,-1.305438,shoplifting
53.36349,-1.305438,shoplifting
53.3635,-1.321867,robbery_biz
53.339532,-1.276816,burglary_biz
53.339532,-1.276816,burglary_biz
53.341038,-1.27619,shoplifting
53.343511,-1.297326,burglary_biz
53.339529,-1.29583,shoplifting
53.339529,-1.29583,shoplifting
53.36179,-1.231089,burglary_biz
53.340939,-1.26733,burglary_biz
53.320977,-1.277925,robbery_biz
53.341126,-1.265464,shoplifting
53.319261,-1.278134,shoplifting
53.319261,-1.278134,shoplifting
53.319261,-1.278134,shoplifting
53.319261,-1.278134,shoplifting
53.341126,-1.265464,shoplifting
53.321668,-1.260184,shoplifting
53.423396,-1.260421,burglary_biz
53.425311,-1.273706,shoplifting
53.411987,-1.323715,burglary_biz
53.407533,-1.322988,burglary_biz
53.412573,-1.276435,burglary_biz
53.406466,-1.333098,burglary_biz
53.40472,-1.324597,robbery_biz
53.404769,-1.325378,robbery_biz
53.484064,-1.590252,burglary_biz
53.482171,-1.587946,shoplifting
53.476176,-1.599398,shoplifting
53.470645,-1.494388,burglary_biz
53.470645,-1.494388,shoplifting
53.474575,-1.486416,shoplifting
53.474575,-1.486416,shoplifting
53.467872,-1.486934,burglary_biz
53.468793,-1.487811,shoplifting
53.468793,-1.487811,shoplifting
53.468793,-1.487811,shoplifting
53.468793,-1.487811,shoplifting
53.468793,-1.487811,shoplifting
53.468793,-1.487811,shoplifting
53.468793,-1.487811,shoplifting
53.468793,-1.487811,shoplifting
53.468793,-1.487811,shoplifting
53.468793,-1.487811,shoplifting
53.468793,-1.487811,shoplifting
53.468793,-1.487811,shoplifting
53.468793,-1.487811,shoplifting
53.468793,-1.487811,shoplifting
53.46164,-1.480468,robbery_biz
53.46164,-1.480468,shoplifting
53.467034,-1.473929,burglary_biz
53.466052,-1.471471,burglary_biz
53.467034,-1.473929,burglary_biz
53.46406,-1.468151,burglary_biz
53.469365,-1.476687,burglary_biz
53.460772,-1.464518,robbery_biz
53.461784,-1.467773,shoplifting
53.460323,-1.472852,burglary_biz
53.446251,-1.457669,burglary_biz
53.444292,-1.459621,shoplifting
53.444449,-1.460613,shoplifting
53.444292,-1.459621,shoplifting
53.450413,-1.511778,robbery_biz
53.43038,-1.462281,theft_person
53.437845,-1.463195,burglary_biz
53.438872,-1.463619,burglary_biz
53.438824,-1.458953,burglary_biz
53.434455,-1.439335,theft_person
53.431235,-1.440852,robbery_biz
53.431235,-1.440852,robbery_biz
53.431235,-1.440852,shoplifting
53.436852,-1.442615,shoplifting
53.423645,-1.543686,burglary_biz
53.431922,-1.496397,burglary_biz
53.429999,-1.503012,burglary_biz
53.428799,-1.484891,shoplifting
53.428799,-1.484891,shoplifting
53.431576,-1.478596,burglary_biz
53.431576,-1.478596,shoplifting
53.431576,-1.478596,shoplifting
53.431576,-1.478596,shoplifting
53.423837,-1.482799,burglary_biz
53.428108,-1.487202,shoplifting
53.428108,-1.487202,shoplifting
53.428108,-1.487202,shoplifting
53.430097,-1.467176,burglary_biz
53.430097,-1.467176,burglary_biz
53.430097,-1.467176,burglary_biz
53.436176,-1.478148,burglary_biz
53.422097,-1.441369,robbery_biz
53.421394,-1.445134,robbery_biz
53.424099,-1.450757,burglary_biz
53.424222,-1.450169,robbery_biz
53.424222,-1.450169,shoplifting
53.425187,-1.45288,burglary_biz
53.426925,-1.457554,robbery_biz
53.421596,-1.453844,theft_person
53.422137,-1.462159,burglary_biz
53.42317,-1.457902,burglary_biz
53.422216,-1.45975,burglary_biz
53.426855,-1.482266,burglary_biz
53.420811,-1.487681,burglary_biz
53.413328,-1.488779,robbery_biz
53.413328,-1.488779,theft_person
53.420892,-1.48154,burglary_biz
53.419188,-1.48439,burglary_biz
53.419014,-1.445542,shoplifting
53.413627,-1.45858,shoplifting
53.414881,-1.449868,burglary_biz
53.422194,-1.452889,burglary_biz
53.418908,-1.44867,robbery_biz
53.418908,-1.44867,robbery_biz
53.418908,-1.44867,shoplifting
53.418908,-1.44867,shoplifting
53.418908,-1.44867,shoplifting
53.423132,-1.423021,burglary_biz
53.418961,-1.434182,burglary_biz
53.418961,-1.434182,burglary_biz
53.41992,-1.424238,burglary_biz
53.418961,-1.434182,burglary_biz
53.418961,-1.434182,burglary_biz
53.418961,-1.434182,burglary_biz
53.416522,-1.413015,shoplifting
53.415982,-1.43526,burglary_biz
53.413798,-1.420349,burglary_biz
53.415358,-1.417665,burglary_biz
53.415358,-1.417665,burglary_biz
53.415358,-1.417665,burglary_biz
53.415358,-1.417665,burglary_biz
53.415358,-1.417665,burglary_biz
53.414276,-1.42436,robbery_biz
53.408659,-1.434123,burglary_biz
53.408821,-1.430285,burglary_biz
53.420312,-1.478267,burglary_biz
53.408345,-1.511688,burglary_biz
53.408932,-1.510027,robbery_biz
53.402441,-1.503168,burglary_biz
53.402644,-1.502338,shoplifting
53.402644,-1.502338,theft_person
53.415108,-1.501621,robbery_biz
53.411864,-1.504343,robbery_biz
53.411864,-1.504343,shoplifting
53.417203,-1.501657,shoplifting
53.408735,-1.495016,burglary_biz
53.418737,-1.496794,burglary_biz
53.412958,-1.50124,burglary_biz
53.413672,-1.499908,shoplifting
53.418405,-1.496956,shoplifting
53.418737,-1.496794,shoplifting
53.418405,-1.496956,shoplifting
53.405254,-1.50303,burglary_biz
53.404464,-1.497022,robbery_biz
53.404048,-1.503018,robbery_biz
53.401994,-1.495231,robbery_biz
53.404321,-1.501341,shoplifting
53.401994,-1.495231,shoplifting
53.41186,-1.392183,burglary_biz
53.39603,-1.413447,burglary_biz
53.397356,-1.414452,robbery_biz
53.397356,-1.414452,shoplifting
53.410672,-1.40619,burglary_biz
53.414119,-1.410731,shoplifting
53.414961,-1.411893,shoplifting
53.414961,-1.411893,shoplifting
53.4124,-1.412139,shoplifting
53.414961,-1.411893,shoplifting
53.405627,-1.409314,shoplifting
53.4124,-1.412139,shoplifting
53.414119,-1.410731,shoplifting
53.414738,-1.406736,shoplifting
53.4124,-1.412139,shoplifting
53.4124,-1.412139,shoplifting
53.4124,-1.412139,shoplifting
53.414925,-1.409968,shoplifting
53.4124,-1.412139,shoplifting
53.405627,-1.409314,shoplifting
53.4124,-1.412139,shoplifting
53.413748,-1.41378,shoplifting
53.414119,-1.410731,shoplifting
53.414961,-1.411893,shoplifting
53.4124,-1.412139,shoplifting
53.4124,-1.412139,shoplifting
53.4124,-1.412139,shoplifting
53.405627,-1.409314,shoplifting
53.405627,-1.409314,shoplifting
53.4124,-1.412139,shoplifting
53.410672,-1.40619,shoplifting
53.405627,-1.409314,shoplifting
53.4124,-1.412139,shoplifting
53.4124,-1.412139,shoplifting
53.414119,-1.410731,shoplifting
53.4124,-1.412139,shoplifting
53.4124,-1.412139,shoplifting
53.4124,-1.412139,shoplifting
53.4124,-1.412139,shoplifting
53.4124,-1.412139,shoplifting
53.405627,-1.409314,shoplifting
53.414925,-1.409968,shoplifting
53.4124,-1.412139,shoplifting
53.4124,-1.412139,shoplifting
53.4124,-1.412139,shoplifting
53.406551,-1.40888,shoplifting
53.4124,-1.412139,shoplifting
53.4124,-1.412139,shoplifting
53.405627,-1.409314,shoplifting
53.414738,-1.406736,shoplifting
53.413696,-1.406946,shoplifting
53.414925,-1.409968,shoplifting
53.4124,-1.412139,shoplifting
53.4124,-1.412139,shoplifting
53.405627,-1.409314,shoplifting
53.405627,-1.409314,shoplifting
53.414925,-1.409968,shoplifting
53.414961,-1.411893,shoplifting
53.414961,-1.411893,shoplifting
53.4124,-1.412139,shoplifting
53.414119,-1.410731,shoplifting
53.414925,-1.409968,shoplifting
53.414925,-1.409968,shoplifting
53.405627,-1.409314,shoplifting
53.414925,-1.409968,shoplifting
53.4124,-1.412139,shoplifting
53.4124,-1.412139,shoplifting
53.4124,-1.412139,shoplifting
53.414961,-1.411893,shoplifting
53.414961,-1.411893,shoplifting
53.414119,-1.410731,shoplifting
53.414119,-1.410731,shoplifting
53.414925,-1.409968,shoplifting
53.4124,-1.412139,shoplifting
53.414119,-1.410731,shoplifting
53.414961,-1.411893,shoplifting
53.4124,-1.412139,shoplifting
53.414119,-1.410731,shoplifting
53.4124,-1.412139,shoplifting
53.4124,-1.412139,shoplifting
53.4124,-1.412139,shoplifting
53.406551,-1.40888,theft_person
53.401394,-1.458766,burglary_biz
53.402094,-1.456546,robbery_biz
53.404777,-1.449698,burglary_biz
53.406812,-1.452424,robbery_biz
53.406812,-1.452424,shoplifting
53.406812,-1.452424,shoplifting
53.406812,-1.452424,shoplifting
53.406812,-1.452424,shoplifting
53.406812,-1.452424,shoplifting
53.406812,-1.452424,shoplifting
53.41105,-1.449346,burglary_biz
53.406733,-1.454666,burglary_biz
53.40812,-1.457356,burglary_biz
53.40812,-1.457356,shoplifting
53.40812,-1.457356,theft_person
53.41358,-1.450291,burglary_biz
53.407623,-1.508703,shoplifting
53.407623,-1.508703,shoplifting
53.406371,-1.518271,burglary_biz
53.405834,-1.515132,burglary_biz
53.39426,-1.455382,burglary_biz
53.408202,-1.441921,burglary_biz
53.409394,-1.443154,burglary_biz
53.408202,-1.441921,burglary_biz
53.393948,-1.427175,burglary_biz
53.393768,-1.457885,burglary_biz
53.394234,-1.453713,burglary_biz
53.391608,-1.457416,burglary_biz
53.391608,-1.457416,robbery_biz
53.391608,-1.457416,robbery_biz
53.389639,-1.457193,robbery_biz
53.389639,-1.457193,shoplifting
53.389639,-1.457193,shoplifting
53.389639,-1.457193,shoplifting
53.389639,-1.457193,shoplifting
53.389639,-1.457193,shoplifting
53.389639,-1.457193,shoplifting
53.389639,-1.457193,shoplifting
53.389639,-1.457193,shoplifting
53.389639,-1.457193,shoplifting
53.389639,-1.457193,shoplifting
53.389639,-1.457193,shoplifting
53.389639,-1.457193,shoplifting
53.389639,-1.457193,shoplifting
53.389639,-1.457193,shoplifting
53.389639,-1.457193,shoplifting
53.389639,-1.457193,shoplifting
53.389639,-1.457193,shoplifting
53.389639,-1.457193,shoplifting
53.389639,-1.457193,shoplifting
53.389639,-1.457193,shoplifting
53.389639,-1.457193,shoplifting
53.389639,-1.457193,shoplifting
53.389639,-1.457193,shoplifting
53.389639,-1.457193,shoplifting
53.389639,-1.457193,shoplifting
53.389639,-1.457193,shoplifting
53.389639,-1.457193,shoplifting
53.389639,-1.457193,shoplifting
53.389639,-1.457193,shoplifting
53.389639,-1.457193,shoplifting
53.389639,-1.457193,shoplifting
53.389639,-1.457193,shoplifting
53.389639,-1.457193,shoplifting
53.389639,-1.457193,shoplifting
53.389639,-1.457193,shoplifting
53.389639,-1.457193,shoplifting
53.389639,-1.457193,shoplifting
53.389639,-1.457193,shoplifting
53.389639,-1.457193,shoplifting
53.389639,-1.457193,shoplifting
53.389639,-1.457193,shoplifting
53.389639,-1.457193,shoplifting
53.389639,-1.457193,shoplifting
53.389639,-1.457193,shoplifting
53.389639,-1.457193,shoplifting
53.389639,-1.457193,shoplifting
53.389639,-1.457193,shoplifting
53.390017,-1.459466,theft_person
53.391148,-1.461031,burglary_biz
53.390147,-1.460352,robbery_biz
53.390203,-1.468877,robbery_biz
53.38627,-1.463588,robbery_biz
53.391235,-1.476638,shoplifting
53.391235,-1.476638,shoplifting
53.38627,-1.463588,theft_person
53.387172,-1.462359,theft_person
53.4087,-1.448639,burglary_biz
53.407417,-1.447197,burglary_biz
53.408467,-1.444881,burglary_biz
53.4087,-1.448639,shoplifting
53.404675,-1.435424,shoplifting
53.404675,-1.435424,shoplifting
53.4098,-1.447346,theft_person
53.393722,-1.501886,robbery_biz
53.395763,-1.503245,robbery_biz
53.393502,-1.506535,burglary_biz
53.399298,-1.508273,burglary_biz
53.398677,-1.514777,burglary_biz
53.389382,-1.48251,shoplifting
53.382937,-1.484437,burglary_biz
53.382565,-1.485809,burglary_biz
53.394665,-1.488175,shoplifting
53.394665,-1.488175,shoplifting
53.393627,-1.491406,robbery_biz
53.399153,-1.490964,burglary_biz
53.401371,-1.503225,robbery_biz
53.40098,-1.506298,shoplifting
53.383906,-1.426904,burglary_biz
53.383906,-1.426904,burglary_biz
53.383806,-1.443835,shoplifting
53.38984,-1.421502,burglary_biz
53.385339,-1.507955,shoplifting
53.385339,-1.507955,shoplifting
53.385753,-1.495484,shoplifting
53.385753,-1.495484,shoplifting
53.385753,-1.495484,shoplifting
53.385753,-1.495484,shoplifting
53.385753,-1.495484,shoplifting
53.385753,-1.495484,shoplifting
53.385753,-1.495484,shoplifting
53.385753,-1.495484,shoplifting
53.384895,-1.511851,burglary_biz
53.382394,-1.500499,burglary_biz
53.378355,-1.493331,burglary_biz
53.378355,-1.493331,burglary_biz
53.379577,-1.489165,robbery_biz
53.379577,-1.489165,shoplifting
53.379577,-1.489165,shoplifting
53.379577,-1.489165,shoplifting
53.379577,-1.489165,shoplifting
53.379577,-1.489165,shoplifting
53.379577,-1.489165,shoplifting
53.379577,-1.489165,shoplifting
53.379577,-1.489165,shoplifting
53.379577,-1.489165,shoplifting
53.379577,-1.489165,shoplifting
53.379577,-1.489165,shoplifting
53.379577,-1.489165,shoplifting
53.379577,-1.489165,shoplifting
53.379577,-1.489165,shoplifting
53.379577,-1.489165,shoplifting
53.379577,-1.489165,shoplifting
53.379577,-1.489165,shoplifting
53.379577,-1.489165,shoplifting
53.379577,-1.489165,shoplifting
53.379577,-1.489165,shoplifting
53.379577,-1.489165,shoplifting
53.379577,-1.489165,shoplifting
53.379577,-1.489165,shoplifting
53.379577,-1.489165,shoplifting
53.379577,-1.489165,shoplifting
53.379577,-1.489165,shoplifting
53.379577,-1.489165,shoplifting
53.377385,-1.501885,burglary_biz
53.377991,-1.505076,burglary_biz
53.377453,-1.509802,burglary_biz
53.384624,-1.496489,burglary_biz
53.388389,-1.491979,theft_person
53.380127,-1.404014,burglary_biz
53.380127,-1.404014,burglary_biz
53.38555,-1.408299,robbery_biz
53.381037,-1.395538,burglary_biz
53.382415,-1.39615,burglary_biz
53.375756,-1.389269,burglary_biz
53.378677,-1.391092,burglary_biz
53.377391,-1.392673,burglary_biz
53.367954,-1.365305,burglary_biz
53.367954,-1.365305,burglary_biz
53.37623,-1.410352,burglary_biz
53.383287,-1.419726,shoplifting
53.383287,-1.419726,shoplifting
53.383287,-1.419726,shoplifting
53.377795,-1.415922,burglary_biz
53.370029,-1.492058,burglary_biz
53.370029,-1.492058,burglary_biz
53.368997,-1.493142,shoplifting
53.368997,-1.493142,shoplifting
53.368997,-1.493142,shoplifting
53.3727,-1.493128,burglary_biz
53.375784,-1.396619,shoplifting
53.375784,-1.396619,shoplifting
53.375784,-1.396619,shoplifting
53.375784,-1.396619,shoplifting
53.375784,-1.396619,shoplifting
53.366987,-1.372834,burglary_biz
53.371324,-1.512352,burglary_biz
53.373408,-1.512133,burglary_biz
53.366923,-1.531143,robbery_biz
53.367578,-1.41489,burglary_biz
53.367574,-1.413943,burglary_biz
53.366962,-1.413906,burglary_biz
53.365012,-1.430749,burglary_biz
53.366326,-1.436758,theft_person
53.363009,-1.429093,burglary_biz
53.36654,-1.424958,burglary_biz
53.365002,-1.428495,shoplifting
53.382996,-1.432103,burglary_biz
53.375358,-1.432535,burglary_biz
53.372759,-1.434178,burglary_biz
53.375226,-1.429441,shoplifting
53.375226,-1.429441,shoplifting
53.375226,-1.429441,shoplifting
53.373754,-1.418623,burglary_biz
53.371217,-1.414524,burglary_biz
53.370711,-1.425037,burglary_biz
53.365689,-1.480723,burglary_biz
53.366913,-1.480888,shoplifting
53.366913,-1.480888,shoplifting
53.366913,-1.480888,shoplifting
53.369054,-1.481448,robbery_biz
53.372173,-1.477292,burglary_biz
53.37131,-1.479257,robbery_biz
53.37315,-1.482824,burglary_biz
53.37022,-1.482952,burglary_biz
53.372774,-1.480982,shoplifting
53.37315,-1.482824,shoplifting
53.37315,-1.482824,shoplifting
53.37315,-1.482824,shoplifting
53.373756,-1.481527,theft_person
53.371744,-1.560503,burglary_biz
53.371235,-1.578694,burglary_biz
53.369521,-1.549931,burglary_biz
53.36352,-1.475925,burglary_biz
53.363868,-1.471308,shoplifting
53.371342,-1.474311,burglary_biz
53.366593,-1.473498,robbery_biz
53.369862,-1.475036,shoplifting
53.362942,-1.477375,burglary_biz
53.358703,-1.480147,shoplifting
53.358703,-1.480147,shoplifting
53.372507,-1.469367,burglary_biz
53.370786,-1.464489,shoplifting
53.375458,-1.47327,shoplifting
53.376471,-1.471467,theft_person
53.368392,-1.445973,burglary_biz
53.364047,-1.460892,burglary_biz
53.370621,-1.461416,shoplifting
53.370621,-1.461416,shoplifting
53.370621,-1.461416,shoplifting
53.370621,-1.461416,shoplifting
53.365471,-1.442194,burglary_biz
53.365287,-1.437478,burglary_biz
53.367283,-1.439526,shoplifting
53.367283,-1.439526,shoplifting
53.367283,-1.439526,shoplifting
53.367283,-1.439526,shoplifting
53.367283,-1.439526,shoplifting
53.367283,-1.439526,shoplifting
53.367283,-1.439526,shoplifting
53.367283,-1.439526,shoplifting
53.367283,-1.439526,shoplifting
53.367283,-1.439526,shoplifting
53.360917,-1.458512,burglary_biz
53.358267,-1.451063,robbery_biz
53.361877,-1.361684,burglary_biz
53.356504,-1.358924,burglary_biz
53.364052,-1.356737,burglary_biz
53.359965,-1.352261,burglary_biz
53.362304,-1.397155,burglary_biz
53.365204,-1.400195,robbery_biz
53.359252,-1.408813,shoplifting
53.361742,-1.405933,shoplifting
53.361742,-1.405933,shoplifting
53.363436,-1.398838,burglary_biz
53.363581,-1.406394,burglary_biz
53.366783,-1.404952,burglary_biz
53.36813,-1.498682,shoplifting
53.36813,-1.498682,shoplifting
53.36813,-1.498682,shoplifting
53.36813,-1.498682,shoplifting
53.36813,-1.498682,shoplifting
53.36813,-1.498682,shoplifting
53.364714,-1.50724,shoplifting
53.364714,-1.50724,shoplifting
53.366159,-1.502372,shoplifting
53.364714,-1.50724,shoplifting
53.365361,-1.509415,burglary_biz
53.363263,-1.508477,shoplifting
53.363263,-1.508477,shoplifting
53.363263,-1.508477,shoplifting
53.363263,-1.508477,shoplifting
53.363263,-1.508477,shoplifting
53.363263,-1.508477,shoplifting
53.363263,-1.508477,shoplifting
53.363263,-1.508477,shoplifting
53.358016,-1.517763,burglary_biz
53.360007,-1.42739,burglary_biz
53.359829,-1.427756,robbery_biz
53.359829,-1.427756,shoplifting
53.360989,-1.431509,shoplifting
53.359829,-1.427756,shoplifting
53.359829,-1.427756,shoplifting
53.359829,-1.427756,shoplifting
53.359829,-1.427756,shoplifting
53.359829,-1.427756,shoplifting
53.359829,-1.427756,shoplifting
53.360634,-1.430597,shoplifting
53.359662,-1.439746,burglary_biz
53.359606,-1.437493,shoplifting
53.357203,-1.446539,burglary_biz
53.357203,-1.446539,robbery_biz
53.360392,-1.363163,shoplifting
53.358981,-1.383739,burglary_biz
53.357144,-1.379544,burglary_biz
53.35934,-1.373467,shoplifting
53.35934,-1.373467,shoplifting
53.35934,-1.373467,shoplifting
53.35934,-1.373467,shoplifting
53.35934,-1.373467,shoplifting
53.35934,-1.373467,shoplifting
53.35934,-1.373467,shoplifting
53.35934,-1.373467,shoplifting
53.35934,-1.373467,shoplifting
53.35934,-1.373467,shoplifting
53.35934,-1.373467,shoplifting
53.35934,-1.373467,shoplifting
53.35934,-1.373467,shoplifting
53.35934,-1.373467,shoplifting
53.35934,-1.373467,shoplifting
53.35934,-1.373467,shoplifting
53.35934,-1.373467,shoplifting
53.359264,-1.489365,shoplifting
53.359264,-1.489365,shoplifting
53.359264,-1.489365,shoplifting
53.359355,-1.466931,burglary_biz
53.358567,-1.467782,burglary_biz
53.359232,-1.463556,shoplifting
53.35502,-1.452682,burglary_biz
53.356602,-1.45463,burglary_biz
53.356839,-1.449308,robbery_biz
53.351211,-1.439586,robbery_biz
53.368484,-1.464172,robbery_biz
53.368484,-1.464172,robbery_biz
53.368484,-1.464172,robbery_biz
53.368484,-1.464172,robbery_biz
53.368484,-1.464172,shoplifting
53.368484,-1.464172,shoplifting
53.358404,-1.419223,shoplifting
53.354081,-1.413798,burglary_biz
53.353648,-1.419002,burglary_biz
53.355994,-1.411773,shoplifting
53.349396,-1.417062,burglary_biz
53.350966,-1.42021,burglary_biz
53.348996,-1.419499,burglary_biz
53.352806,-1.427036,burglary_biz
53.361851,-1.412819,burglary_biz
53.361851,-1.412819,burglary_biz
53.361112,-1.417939,burglary_biz
53.359046,-1.474388,theft_person
53.355718,-1.469741,burglary_biz
53.354304,-1.479509,burglary_biz
53.35492,-1.476452,burglary_biz
53.357097,-1.476755,shoplifting
53.357097,-1.476755,shoplifting
53.35149,-1.479213,robbery_biz
53.35149,-1.479213,shoplifting
53.349683,-1.441364,burglary_biz
53.350729,-1.436408,burglary_biz
53.354023,-1.435297,burglary_biz
53.34528,-1.428488,burglary_biz
53.345141,-1.425833,robbery_biz
53.345141,-1.425833,robbery_biz
53.345141,-1.425833,shoplifting
53.345141,-1.425833,shoplifting
53.345141,-1.425833,shoplifting
53.345141,-1.425833,shoplifting
53.345141,-1.425833,shoplifting
53.345141,-1.425833,shoplifting
53.345141,-1.425833,shoplifting
53.345141,-1.425833,shoplifting
53.345141,-1.425833,shoplifting
53.345141,-1.425833,shoplifting
53.345141,-1.425833,shoplifting
53.345141,-1.425833,shoplifting
53.345141,-1.425833,shoplifting
53.345141,-1.425833,shoplifting
53.345141,-1.425833,shoplifting
53.345141,-1.425833,shoplifting
53.345141,-1.425833,shoplifting
53.345141,-1.425833,shoplifting
53.345141,-1.425833,shoplifting
53.345141,-1.425833,shoplifting
53.345141,-1.425833,shoplifting
53.345141,-1.425833,shoplifting
53.345141,-1.425833,shoplifting
53.345141,-1.425833,shoplifting
53.345141,-1.425833,shoplifting
53.345141,-1.425833,shoplifting
53.345141,-1.425833,shoplifting
53.345141,-1.425833,shoplifting
53.345141,-1.425833,shoplifting
53.345141,-1.425833,shoplifting
53.345141,-1.425833,shoplifting
53.345141,-1.425833,shoplifting
53.345141,-1.425833,shoplifting
53.345141,-1.425833,shoplifting
53.345141,-1.425833,shoplifting
53.345141,-1.425833,shoplifting
53.345141,-1.425833,shoplifting
53.34984,-1.516653,burglary_biz
53.346177,-1.495816,burglary_biz
53.337187,-1.510669,burglary_biz
53.355343,-1.528205,shoplifting
53.349053,-1.341598,burglary_biz
53.348874,-1.343381,burglary_biz
53.346169,-1.350908,burglary_biz
53.346169,-1.350908,shoplifting
53.346169,-1.350908,shoplifting
53.346169,-1.350908,shoplifting
53.34189,-1.351147,shoplifting
53.346169,-1.350908,shoplifting
53.34189,-1.351147,shoplifting
53.346169,-1.350908,shoplifting
53.34189,-1.351147,theft_person
53.34562,-1.481297,burglary_biz
53.345293,-1.493107,shoplifting
53.345293,-1.493107,shoplifting
53.345293,-1.493107,shoplifting
53.345293,-1.493107,shoplifting
53.345293,-1.493107,shoplifting
53.345293,-1.493107,shoplifting
53.345293,-1.493107,shoplifting
53.345293,-1.493107,shoplifting
53.345293,-1.493107,shoplifting
53.345293,-1.493107,shoplifting
53.345293,-1.493107,shoplifting
53.345293,-1.493107,shoplifting
53.345293,-1.493107,shoplifting
53.348133,-1.490775,shoplifting
53.345293,-1.493107,shoplifting
53.345293,-1.493107,shoplifting
53.345293,-1.493107,shoplifting
53.345293,-1.493107,shoplifting
53.340602,-1.478684,burglary_biz
53.344869,-1.448006,burglary_biz
53.342715,-1.446787,burglary_biz
53.342715,-1.446787,burglary_biz
53.3442,-1.360282,burglary_biz
53.343802,-1.357027,robbery_biz
53.343802,-1.357027,shoplifting
53.343802,-1.357027,shoplifting
53.343802,-1.357027,shoplifting
53.343802,-1.357027,shoplifting
53.343802,-1.357027,shoplifting
53.343802,-1.357027,shoplifting
53.343802,-1.357027,shoplifting
53.345553,-1.358413,shoplifting
53.343802,-1.357027,shoplifting
53.343802,-1.357027,shoplifting
53.343802,-1.357027,shoplifting
53.343802,-1.357027,shoplifting
53.3442,-1.360282,shoplifting
53.3442,-1.360282,shoplifting
53.343802,-1.357027,shoplifting
53.343802,-1.357027,shoplifting
53.342444,-1.384203,burglary_biz
53.340011,-1.365765,robbery_biz
53.342981,-1.4214,shoplifting
53.344149,-1.426941,shoplifting
53.346892,-1.335365,burglary_biz
53.346892,-1.335365,robbery_biz
53.346892,-1.335365,shoplifting
53.346892,-1.335365,shoplifting
53.346892,-1.335365,shoplifting
53.346892,-1.335365,shoplifting
53.346892,-1.335365,shoplifting
53.346892,-1.335365,shoplifting
53.346892,-1.335365,shoplifting
53.346892,-1.335365,shoplifting
53.346892,-1.335365,shoplifting
53.346892,-1.335365,shoplifting
53.346892,-1.335365,shoplifting
53.346892,-1.335365,shoplifting
53.346892,-1.335365,shoplifting
53.346892,-1.335365,shoplifting
53.346892,-1.335365,shoplifting
53.338876,-1.332411,burglary_biz
53.341979,-1.334345,burglary_biz
53.340363,-1.449663,shoplifting
53.340363,-1.449663,shoplifting
53.340363,-1.449663,shoplifting
53.340363,-1.449663,shoplifting
53.340363,-1.449663,shoplifting
53.340363,-1.449663,shoplifting
53.340363,-1.449663,shoplifting
53.340363,-1.449663,shoplifting
53.340363,-1.449663,shoplifting
53.340363,-1.449663,shoplifting
53.327724,-1.467567,shoplifting
53.327724,-1.467567,shoplifting
53.327724,-1.467567,shoplifting
53.327293,-1.337982,burglary_biz
53.331036,-1.349996,burglary_biz
53.329985,-1.351739,burglary_biz
53.34269,-1.350825,burglary_biz
53.34269,-1.350825,shoplifting
53.34269,-1.350825,shoplifting
53.343315,-1.356794,shoplifting
53.34269,-1.350825,shoplifting
53.341652,-1.35012,shoplifting
53.34269,-1.350825,shoplifting
53.34269,-1.350825,shoplifting
53.34269,-1.350825,shoplifting
53.34269,-1.350825,shoplifting
53.341652,-1.35012,shoplifting
53.341195,-1.343789,burglary_biz
53.33568,-1.481628,burglary_biz
53.318731,-1.532661,burglary_biz
53.330975,-1.544465,burglary_biz
53.341317,-1.534127,burglary_biz
53.341317,-1.534127,burglary_biz
53.327748,-1.486964,robbery_biz
53.327748,-1.486964,robbery_biz
53.327748,-1.486964,robbery_biz
53.321554,-1.48887,burglary_biz
53.321682,-1.49157,shoplifting
53.321682,-1.49157,shoplifting
53.321682,-1.49157,shoplifting
53.321682,-1.49157,shoplifting
53.321682,-1.49157,shoplifting
53.320976,-1.4616,burglary_biz
53.323609,-1.479822,burglary_biz
53.320651,-1.465327,shoplifting
53.318524,-1.5145,burglary_biz
53.32219,-1.496924,burglary_biz
53.322065,-1.523257,shoplifting
53.320619,-1.517013,burglary_biz
53.315601,-1.527652,burglary_biz
53.326487,-1.346642,burglary_biz
53.325127,-1.342894,shoplifting
53.325127,-1.342894,shoplifting
53.325127,-1.342894,shoplifting
53.325127,-1.342894,shoplifting
53.325127,-1.342894,shoplifting
53.325127,-1.342894,shoplifting
53.325127,-1.342894,shoplifting
53.325127,-1.342894,shoplifting
53.325127,-1.342894,shoplifting
53.325127,-1.342894,shoplifting
53.325127,-1.342894,shoplifting
53.325127,-1.342894,shoplifting
53.325127,-1.342894,shoplifting
53.325127,-1.342894,shoplifting
53.325127,-1.342894,shoplifting
53.322972,-1.343288,shoplifting
53.325127,-1.342894,shoplifting
53.328163,-1.365715,burglary_biz
53.322897,-1.359308,burglary_biz
53.323842,-1.362822,shoplifting
53.325857,-1.363017,shoplifting
53.323842,-1.362822,shoplifting
53.323842,-1.362822,shoplifting
53.323842,-1.362822,shoplifting
53.323842,-1.362822,shoplifting
53.323842,-1.362822,shoplifting
53.323842,-1.362822,shoplifting
53.323842,-1.362822,shoplifting
53.383189,-1.476225,burglary_biz
53.383189,-1.476225,robbery_biz
53.383189,-1.476225,shoplifting
53.382651,-1.482802,shoplifting
53.388612,-1.470686,robbery_biz
53.388612,-1.470686,shoplifting
53.384568,-1.471097,shoplifting
53.388612,-1.470686,shoplifting
53.384568,-1.471097,shoplifting
53.388612,-1.470686,shoplifting
53.384568,-1.471097,shoplifting
53.384568,-1.471097,shoplifting
53.388612,-1.470686,theft_person
53.386279,-1.475706,burglary_biz
53.386279,-1.475706,burglary_biz
53.386279,-1.475706,burglary_biz
53.390258,-1.477131,burglary_biz
53.381809,-1.468581,burglary_biz
53.384745,-1.468298,burglary_biz
53.381809,-1.468581,burglary_biz
53.382697,-1.468624,burglary_biz
53.378409,-1.466603,burglary_biz
53.383162,-1.468182,burglary_biz
53.381809,-1.468581,robbery_biz
53.383629,-1.465952,robbery_biz
53.38282,-1.469961,robbery_biz
53.381809,-1.468581,shoplifting
53.381809,-1.468581,shoplifting
53.378326,-1.468062,shoplifting
53.378326,-1.468062,shoplifting
53.382697,-1.468624,shoplifting
53.379861,-1.467682,shoplifting
53.38282,-1.469961,shoplifting
53.38282,-1.469961,shoplifting
53.382912,-1.466381,shoplifting
53.378326,-1.468062,shoplifting
53.381809,-1.468581,shoplifting
53.378326,-1.468062,shoplifting
53.382697,-1.468624,shoplifting
53.378326,-1.468062,shoplifting
53.381997,-1.470843,shoplifting
53.38282,-1.469961,shoplifting
53.383711,-1.464252,shoplifting
53.383711,-1.464252,shoplifting
53.378326,-1.468062,shoplifting
53.381809,-1.468581,shoplifting
53.38282,-1.469961,shoplifting
53.382697,-1.468624,shoplifting
53.378326,-1.468062,shoplifting
53.378326,-1.468062,shoplifting
53.382697,-1.468624,shoplifting
53.382697,-1.468624,shoplifting
53.378326,-1.468062,shoplifting
53.381809,-1.468581,shoplifting
53.378326,-1.468062,shoplifting
53.382697,-1.468624,shoplifting
53.381809,-1.468581,shoplifting
53.382697,-1.468624,shoplifting
53.381997,-1.470843,shoplifting
53.378326,-1.468062,shoplifting
53.382912,-1.466381,shoplifting
53.378326,-1.468062,shoplifting
53.381997,-1.470843,shoplifting
53.382912,-1.466381,theft_person
53.382697,-1.468624,theft_person
53.382912,-1.466381,theft_person
53.382697,-1.468624,theft_person
53.383533,-1.464585,theft_person
53.384735,-1.480401,shoplifting
53.384735,-1.480401,shoplifting
53.384735,-1.480401,shoplifting
53.384735,-1.480401,shoplifting
53.384735,-1.480401,shoplifting
53.384735,-1.480401,shoplifting
53.378406,-1.473954,burglary_biz
53.375818,-1.474151,burglary_biz
53.375404,-1.480199,burglary_biz
53.376769,-1.473854,robbery_biz
53.376125,-1.473827,robbery_biz
53.378234,-1.47582,robbery_biz
53.376572,-1.473946,shoplifting
53.376769,-1.473854,shoplifting
53.378234,-1.47582,shoplifting
53.376769,-1.473854,shoplifting
53.376125,-1.473827,shoplifting
53.376769,-1.473854,shoplifting
53.376125,-1.473827,shoplifting
53.376572,-1.473946,shoplifting
53.376769,-1.473854,shoplifting
53.376572,-1.473946,shoplifting
53.376125,-1.473827,shoplifting
53.376769,-1.473854,shoplifting
53.376125,-1.473827,shoplifting
53.376769,-1.473854,shoplifting
53.376769,-1.473854,shoplifting
53.376769,-1.473854,shoplifting
53.376125,-1.473827,shoplifting
53.376572,-1.473946,shoplifting
53.376572,-1.473946,shoplifting
53.375818,-1.474151,shoplifting
53.376572,-1.473946,shoplifting
53.376125,-1.473827,shoplifting
53.378234,-1.47582,shoplifting
53.375818,-1.474151,shoplifting
53.376769,-1.473854,shoplifting
53.378406,-1.473954,theft_person
53.376125,-1.473827,theft_person
53.376126,-1.48512,robbery_biz
53.379732,-1.473021,burglary_biz
53.379732,-1.473021,burglary_biz
53.382372,-1.474491,burglary_biz
53.381164,-1.473664,robbery_biz
53.380041,-1.473829,shoplifting
53.377755,-1.471061,shoplifting
53.380041,-1.473829,shoplifting
53.380041,-1.473829,shoplifting
53.380041,-1.473829,shoplifting
53.377755,-1.471061,shoplifting
53.380041,-1.473829,shoplifting
53.380913,-1.475847,theft_person
53.380604,-1.471025,theft_person
53.380099,-1.476699,theft_person
53.382036,-1.471519,theft_person
53.382036,-1.471519,theft_person
53.377755,-1.471061,theft_person
53.380913,-1.475847,theft_person
53.380913,-1.475847,theft_person
53.382036,-1.471519,theft_person
53.379319,-1.479279,burglary_biz
53.379969,-1.479653,robbery_biz
53.38041,-1.480093,shoplifting
53.379899,-1.478325,shoplifting
53.38041,-1.480093,shoplifting
53.38041,-1.480093,shoplifting
53.38041,-1.480093,shoplifting
53.38041,-1.480093,shoplifting
53.38041,-1.480093,shoplifting
53.38041,-1.480093,shoplifting
53.38041,-1.480093,shoplifting
53.38041,-1.480093,shoplifting
53.38041,-1.480093,shoplifting
53.38041,-1.480093,shoplifting
53.38041,-1.480093,shoplifting
53.38041,-1.480093,shoplifting
53.38041,-1.480093,shoplifting
53.38041,-1.480093,shoplifting
53.38041,-1.480093,shoplifting
53.376231,-1.448247,burglary_biz
53.372942,-1.436746,burglary_biz
53.369372,-1.444142,burglary_biz
53.374972,-1.446129,burglary_biz
53.371651,-1.447058,burglary_biz
53.381896,-1.44676,burglary_biz
53.381579,-1.448163,burglary_biz
53.376211,-1.44001,burglary_biz
53.378711,-1.434535,burglary_biz
53.378711,-1.434535,burglary_biz
53.385288,-1.463179,burglary_biz
53.381132,-1.46039,burglary_biz
53.383549,-1.463989,burglary_biz
53.383549,-1.463989,robbery_biz
53.383549,-1.463989,robbery_biz
53.383549,-1.463989,robbery_biz
53.381892,-1.459464,robbery_biz
53.381892,-1.459464,robbery_biz
53.383549,-1.463989,shoplifting
53.348989,-1.39856,shoplifting
53.34685,-1.398545,shoplifting
53.352569,-1.408049,burglary_biz
53.346401,-1.409367,burglary_biz
53.346316,-1.401452,burglary_biz
53.346008,-1.399188,burglary_biz
53.344977,-1.385624,burglary_biz
53.496446,-1.537358,burglary_biz
53.496446,-1.537358,burglary_biz
53.498928,-1.468484,theft_person
53.499507,-1.449407,burglary_biz
53.499507,-1.449407,burglary_biz
53.495322,-1.281464,shoplifting
53.492279,-1.288977,shoplifting
53.495322,-1.281464,shoplifting
53.49301,-1.2746,burglary_biz
53.494827,-1.270288,burglary_biz
53.494363,-1.26796,shoplifting
53.494363,-1.26796,shoplifting
53.494363,-1.26796,shoplifting
53.494363,-1.26796,shoplifting
53.493171,-1.290937,shoplifting
53.493171,-1.290937,shoplifting
53.496613,-1.302984,robbery_biz
53.497804,-1.281091,burglary_biz
53.482811,-1.2305,robbery_biz
53.482811,-1.2305,shoplifting
53.482811,-1.2305,shoplifting
53.482811,-1.2305,shoplifting
53.482811,-1.2305,shoplifting
53.482811,-1.2305,shoplifting
53.483569,-1.25508,robbery_biz
53.491102,-1.255219,robbery_biz
53.490082,-1.250188,burglary_biz
53.49179,-1.248802,burglary_biz
53.494682,-1.338061,burglary_biz
53.499147,-1.316932,burglary_biz
53.497921,-1.348518,burglary_biz
53.498653,-1.337773,burglary_biz
53.498968,-1.347567,burglary_biz
53.485718,-1.309115,burglary_biz
53.485744,-1.310561,burglary_biz
53.486578,-1.31323,shoplifting
53.486578,-1.31323,shoplifting
53.486578,-1.31323,shoplifting
53.489168,-1.326105,robbery_biz
53.466727,-1.339641,burglary_biz
53.466727,-1.339641,shoplifting
53.466727,-1.339641,shoplifting
53.466727,-1.339641,shoplifting
53.466727,-1.339641,shoplifting
53.466727,-1.339641,shoplifting
53.466727,-1.339641,shoplifting
53.466727,-1.339641,shoplifting
53.466727,-1.339641,shoplifting
53.466727,-1.339641,shoplifting
53.466727,-1.339641,shoplifting
53.466727,-1.339641,shoplifting
53.466727,-1.339641,shoplifting
53.466727,-1.339641,shoplifting
53.466727,-1.339641,shoplifting
53.466727,-1.339641,shoplifting
53.466727,-1.339641,shoplifting
53.465599,-1.332458,burglary_biz
53.44687,-1.415367,burglary_biz
53.459815,-1.343655,shoplifting
53.459815,-1.343655,shoplifting
53.451113,-1.344355,burglary_biz
53.451113,-1.344355,robbery_biz
53.449758,-1.343157,robbery_biz
53.449549,-1.341127,robbery_biz
53.447951,-1.34323,robbery_biz
53.447991,-1.343831,robbery_biz
53.451293,-1.339594,shoplifting
53.447991,-1.343831,shoplifting
53.447991,-1.343831,shoplifting
53.447951,-1.34323,shoplifting
53.449549,-1.341127,shoplifting
53.447951,-1.34323,shoplifting
53.451113,-1.344355,shoplifting
53.447956,-1.342615,shoplifting
53.451113,-1.344355,shoplifting
53.447951,-1.34323,shoplifting
53.449549,-1.341127,shoplifting
53.447956,-1.342615,shoplifting
53.447991,-1.343831,shoplifting
53.447951,-1.34323,shoplifting
53.447951,-1.34323,shoplifting
53.451113,-1.344355,shoplifting
53.451293,-1.339594,shoplifting
53.447951,-1.34323,shoplifting
53.449549,-1.341127,shoplifting
53.447951,-1.34323,theft_person
53.453383,-1.363686,burglary_biz
53.453383,-1.363686,burglary_biz
53.442039,-1.361929,robbery_biz
53.442039,-1.361929,shoplifting
53.449969,-1.375949,burglary_biz
53.45043,-1.374738,burglary_biz
53.449969,-1.375949,burglary_biz
53.449969,-1.375949,burglary_biz
53.450924,-1.388403,burglary_biz
53.450785,-1.385935,burglary_biz
53.455256,-1.372739,burglary_biz
53.455214,-1.368147,shoplifting
53.455949,-1.381584,robbery_biz
53.443883,-1.302627,burglary_biz
53.448311,-1.298896,shoplifting
53.448311,-1.298896,shoplifting
53.447485,-1.29903,shoplifting
53.448311,-1.298896,shoplifting
53.447485,-1.29903,shoplifting
53.447485,-1.29903,shoplifting
53.447485,-1.29903,shoplifting
53.447485,-1.29903,shoplifting
53.448311,-1.298896,shoplifting
53.447485,-1.29903,shoplifting
53.443541,-1.319167,shoplifting
53.442968,-1.315394,shoplifting
53.448756,-1.292038,burglary_biz
53.447861,-1.403158,robbery_biz
53.447861,-1.403158,shoplifting
53.447861,-1.403158,shoplifting
53.447861,-1.403158,shoplifting
53.447861,-1.403158,shoplifting
53.447861,-1.403158,shoplifting
53.425669,-1.26461,shoplifting
53.438944,-1.315835,shoplifting
53.43461,-1.320345,burglary_biz
53.440177,-1.327196,robbery_biz
53.43766,-1.330427,shoplifting
53.43766,-1.330427,shoplifting
53.43766,-1.330427,shoplifting
53.43766,-1.330427,shoplifting
53.43766,-1.330427,shoplifting
53.439884,-1.337453,burglary_biz
53.441365,-1.325958,shoplifting
53.430127,-1.335121,burglary_biz
53.433765,-1.32671,burglary_biz
53.438598,-1.347258,robbery_biz
53.439326,-1.34392,shoplifting
53.439326,-1.34392,shoplifting
53.439326,-1.34392,shoplifting
53.439326,-1.34392,shoplifting
53.438414,-1.394167,burglary_biz
53.43669,-1.389224,robbery_biz
53.43669,-1.389224,shoplifting
53.43669,-1.389224,shoplifting
53.440226,-1.390922,robbery_biz
53.439484,-1.400254,shoplifting
53.439484,-1.400254,shoplifting
53.439484,-1.400254,shoplifting
53.439484,-1.400254,shoplifting
53.439484,-1.400254,shoplifting
53.439484,-1.400254,shoplifting
53.42989,-1.393656,robbery_biz
53.435745,-1.396102,shoplifting
53.431357,-1.381685,burglary_biz
53.429592,-1.386256,burglary_biz
53.428824,-1.376951,burglary_biz
53.429578,-1.380176,robbery_biz
53.432114,-1.368278,burglary_biz
53.432123,-1.370099,burglary_biz
53.431258,-1.366364,burglary_biz
53.432114,-1.368278,burglary_biz
53.432974,-1.372841,shoplifting
53.431258,-1.366364,shoplifting
53.43517,-1.382157,robbery_biz
53.435141,-1.376482,robbery_biz
53.43517,-1.382157,robbery_biz
53.43517,-1.382157,robbery_biz
53.43517,-1.382157,shoplifting
53.43517,-1.382157,shoplifting
53.43517,-1.382157,shoplifting
53.43517,-1.382157,shoplifting
53.43517,-1.382157,shoplifting
53.43517,-1.382157,shoplifting
53.43517,-1.382157,shoplifting
53.43517,-1.382157,shoplifting
53.43517,-1.382157,shoplifting
53.43517,-1.382157,shoplifting
53.43517,-1.382157,shoplifting
53.43517,-1.382157,shoplifting
53.43517,-1.382157,shoplifting
53.43517,-1.382157,shoplifting
53.43517,-1.382157,theft_person
53.423725,-1.354393,burglary_biz
53.423725,-1.354393,burglary_biz
53.423601,-1.358172,shoplifting
53.423601,-1.358172,shoplifting
53.423601,-1.358172,shoplifting
53.423601,-1.358172,shoplifting
53.4305,-1.355614,burglary_biz
53.434941,-1.354072,burglary_biz
53.427536,-1.35271,burglary_biz
53.429949,-1.358392,burglary_biz
53.43191,-1.357098,burglary_biz
53.433054,-1.354146,burglary_biz
53.429949,-1.358392,burglary_biz
53.4305,-1.355614,burglary_biz
53.432472,-1.349594,burglary_biz
53.434226,-1.349899,burglary_biz
53.433054,-1.354146,burglary_biz
53.430929,-1.355277,burglary_biz
53.429436,-1.356699,burglary_biz
53.431823,-1.352539,burglary_biz
53.428209,-1.350878,burglary_biz
53.43169,-1.354633,burglary_biz
53.429659,-1.349652,burglary_biz
53.43191,-1.357098,burglary_biz
53.437427,-1.355103,burglary_biz
53.433054,-1.354146,robbery_biz
53.43169,-1.354633,robbery_biz
53.43191,-1.357098,robbery_biz
53.427531,-1.355118,robbery_biz
53.43191,-1.357098,robbery_biz
53.433833,-1.353592,robbery_biz
53.431195,-1.357892,robbery_biz
53.43191,-1.357098,robbery_biz
53.431195,-1.357892,robbery_biz
53.430929,-1.355277,robbery_biz
53.43169,-1.354633,shoplifting
53.43169,-1.354633,shoplifting
53.43169,-1.354633,shoplifting
53.43169,-1.354633,shoplifting
53.43191,-1.357098,shoplifting
53.433054,-1.354146,shoplifting
53.433054,-1.354146,shoplifting
53.433054,-1.354146,shoplifting
53.43169,-1.354633,shoplifting
53.433054,-1.354146,shoplifting
53.43169,-1.354633,shoplifting
53.43169,-1.354633,shoplifting
53.433054,-1.354146,shoplifting
53.43191,-1.357098,shoplifting
53.43169,-1.354633,shoplifting
53.43191,-1.357098,shoplifting
53.43191,-1.357098,shoplifting
53.43169,-1.354633,shoplifting
53.433054,-1.354146,shoplifting
53.43169,-1.354633,shoplifting
53.43169,-1.354633,shoplifting
53.43169,-1.354633,shoplifting
53.43169,-1.354633,shoplifting
53.433054,-1.354146,shoplifting
53.43169,-1.354633,shoplifting
53.43191,-1.357098,shoplifting
53.432099,-1.365449,shoplifting
53.433054,-1.354146,shoplifting
53.433054,-1.354146,shoplifting
53.433054,-1.354146,shoplifting
53.433054,-1.354146,shoplifting
53.43169,-1.354633,shoplifting
53.43169,-1.354633,shoplifting
53.43169,-1.354633,shoplifting
53.43191,-1.357098,shoplifting
53.43169,-1.354633,shoplifting
53.43169,-1.354633,shoplifting
53.433054,-1.354146,shoplifting
53.43191,-1.357098,shoplifting
53.43191,-1.357098,shoplifting
53.43191,-1.357098,shoplifting
53.43169,-1.354633,shoplifting
53.433833,-1.353592,shoplifting
53.433054,-1.354146,shoplifting
53.43169,-1.354633,shoplifting
53.43169,-1.354633,shoplifting
53.43169,-1.354633,shoplifting
53.43169,-1.354633,shoplifting
53.433054,-1.354146,shoplifting
53.433054,-1.354146,shoplifting
53.433054,-1.354146,shoplifting
53.433054,-1.354146,shoplifting
53.43191,-1.357098,shoplifting
53.433054,-1.354146,shoplifting
53.433054,-1.354146,shoplifting
53.43169,-1.354633,shoplifting
53.43169,-1.354633,shoplifting
53.43169,-1.354633,shoplifting
53.43191,-1.357098,shoplifting
53.433054,-1.354146,shoplifting
53.430929,-1.355277,shoplifting
53.43169,-1.354633,shoplifting
53.43191,-1.357098,shoplifting
53.43169,-1.354633,shoplifting
53.43169,-1.354633,shoplifting
53.43191,-1.357098,shoplifting
53.433054,-1.354146,shoplifting
53.43169,-1.354633,shoplifting
53.433054,-1.354146,shoplifting
53.43191,-1.357098,shoplifting
53.433833,-1.353592,shoplifting
53.433054,-1.354146,shoplifting
53.43169,-1.354633,shoplifting
53.432099,-1.365449,shoplifting
53.43169,-1.354633,shoplifting
53.43169,-1.354633,shoplifting
53.43169,-1.354633,shoplifting
53.432099,-1.365449,shoplifting
53.43169,-1.354633,shoplifting
53.43191,-1.357098,theft_person
53.42907,-1.347223,burglary_biz
53.43737,-1.345065,robbery_biz
53.434805,-1.350597,robbery_biz
53.436565,-1.346852,robbery_biz
53.43737,-1.345065,shoplifting
53.422387,-1.241418,burglary_biz
53.422723,-1.242044,burglary_biz
53.42247,-1.282542,robbery_biz
53.420327,-1.284911,shoplifting
53.420327,-1.284911,shoplifting
53.420327,-1.284911,shoplifting
53.42247,-1.282542,theft_person
53.42943,-1.274102,burglary_biz
53.430225,-1.277701,shoplifting
53.430225,-1.277701,shoplifting
53.430225,-1.277701,shoplifting
53.430225,-1.277701,shoplifting
53.430225,-1.277701,shoplifting
53.430225,-1.277701,shoplifting
53.430225,-1.277701,shoplifting
53.430225,-1.277701,shoplifting
53.430225,-1.277701,shoplifting
53.430225,-1.277701,shoplifting
53.430225,-1.277701,shoplifting
53.430225,-1.277701,shoplifting
53.427686,-1.283042,burglary_biz
53.428636,-1.285464,shoplifting
53.428636,-1.285464,shoplifting
53.428636,-1.285464,shoplifting
53.418399,-1.32435,burglary_biz
53.420905,-1.33039,burglary_biz
53.421743,-1.325907,robbery_biz
53.418967,-1.321512,shoplifting
53.418967,-1.321512,shoplifting
53.418967,-1.321512,shoplifting
53.418967,-1.321512,shoplifting
53.418967,-1.321512,shoplifting
53.418967,-1.321512,shoplifting
53.418967,-1.321512,shoplifting
53.418967,-1.321512,theft_person
53.41894,-1.323108,robbery_biz
53.417175,-1.322474,burglary_biz
53.4193,-1.307423,burglary_biz
53.4193,-1.307423,shoplifting
53.420249,-1.306159,shoplifting
53.420249,-1.306159,shoplifting
53.426185,-1.324588,burglary_biz
53.421062,-1.348986,robbery_biz
53.421062,-1.348986,shoplifting
53.421062,-1.348986,shoplifting
53.421062,-1.348986,shoplifting
53.421062,-1.348986,shoplifting
53.421062,-1.348986,shoplifting
53.421062,-1.348986,shoplifting
53.418518,-1.347385,shoplifting
53.421062,-1.348986,shoplifting
53.417673,-1.340807,burglary_biz
53.424776,-1.34926,burglary_biz
53.427478,-1.350724,robbery_biz
53.414286,-1.33949,burglary_biz
53.414515,-1.333679,robbery_biz
53.41041,-1.335895,burglary_biz
53.417508,-1.360054,burglary_biz
53.40921,-1.373311,burglary_biz
53.417508,-1.360054,burglary_biz
53.409504,-1.360881,shoplifting
53.4033,-1.360598,burglary_biz
53.4033,-1.360598,burglary_biz
53.402977,-1.359053,robbery_biz
53.402977,-1.359053,shoplifting
53.403955,-1.360332,shoplifting
53.403955,-1.360332,shoplifting
53.403955,-1.360332,shoplifting
53.408026,-1.367056,shoplifting
53.39828,-1.363275,burglary_biz
53.394867,-1.265066,theft_person
53.400041,-1.262931,burglary_biz
53.39482,-1.266164,burglary_biz
53.396986,-1.258027,shoplifting
53.396986,-1.258027,shoplifting
53.395331,-1.369906,burglary_biz
53.39304,-1.359894,burglary_biz
53.397519,-1.357,shoplifting
53.361904,-1.333794,shoplifting
53.361904,-1.333794,shoplifting
53.37054,-1.231638,burglary_biz
53.37054,-1.231638,burglary_biz
53.378372,-1.231325,shoplifting
53.367866,-1.313532,burglary_biz
53.359442,-1.314945,burglary_biz
53.362126,-1.314241,robbery_biz
53.356661,-1.311143,burglary_biz
53.354171,-1.261604,burglary_biz
53.341126,-1.265464,shoplifting
53.319261,-1.278134,shoplifting
53.341126,-1.265464,shoplifting
53.423447,-1.257034,burglary_biz
53.425311,-1.273706,burglary_biz
53.412744,-1.320904,burglary_biz
53.412744,-1.320904,robbery_biz
53.412744,-1.320904,shoplifting
53.412744,-1.320904,shoplifting
53.412744,-1.320904,shoplifting
53.412744,-1.320904,shoplifting
53.408064,-1.310494,burglary_biz
53.404827,-1.326144,burglary_biz
53.483238,-1.588135,shoplifting
53.484603,-1.606371,burglary_biz
53.479153,-1.566401,burglary_biz
53.478574,-1.570325,shoplifting
53.478574,-1.570325,shoplifting
53.47279,-1.493564,burglary_biz
53.474575,-1.486416,shoplifting
53.474575,-1.486416,shoplifting
53.474575,-1.486416,shoplifting
53.468793,-1.487811,shoplifting
53.468793,-1.487811,shoplifting
53.46903,-1.486588,shoplifting
53.468793,-1.487811,shoplifting
53.468793,-1.487811,shoplifting
53.468793,-1.487811,shoplifting
53.46165,-1.465832,shoplifting
53.441094,-1.454151,burglary_biz
53.444292,-1.459621,robbery_biz
53.447253,-1.466509,shoplifting
53.444292,-1.459621,shoplifting
53.445686,-1.463924,shoplifting
53.444292,-1.459621,shoplifting
53.438129,-1.497528,burglary_biz
53.43038,-1.462281,burglary_biz
53.439463,-1.473216,burglary_biz
53.439463,-1.473216,burglary_biz
53.442141,-1.463171,burglary_biz
53.438872,-1.463619,shoplifting
53.432736,-1.440998,burglary_biz
53.431235,-1.440852,shoplifting
53.456385,-1.630803,burglary_biz
53.452089,-1.55451,burglary_biz
53.432045,-1.533301,robbery_biz
53.429954,-1.496511,burglary_biz
53.430797,-1.494017,shoplifting
53.431576,-1.478596,shoplifting
53.428108,-1.487202,shoplifting
53.428108,-1.487202,shoplifting
53.428108,-1.487202,shoplifting
53.437271,-1.475546,burglary_biz
53.427362,-1.454809,burglary_biz
53.426925,-1.457554,robbery_biz
53.421349,-1.464697,burglary_biz
53.420085,-1.461628,robbery_biz
53.424273,-1.465397,burglary_biz
53.425255,-1.501262,theft_person
53.418719,-1.490204,burglary_biz
53.422584,-1.491846,robbery_biz
53.420811,-1.487681,shoplifting
53.42177,-1.476654,robbery_biz
53.422368,-1.477776,robbery_biz
53.418754,-1.479776,robbery_biz
53.4181,-1.482161,burglary_biz
53.4181,-1.482161,burglary_biz
53.417906,-1.437235,burglary_biz
53.417673,-1.443302,robbery_biz
53.415373,-1.461191,burglary_biz
53.415373,-1.461191,robbery_biz
53.417683,-1.449351,burglary_biz
53.415072,-1.450212,burglary_biz
53.422194,-1.452889,burglary_biz
53.423421,-1.449908,burglary_biz
53.422194,-1.452889,burglary_biz
53.418908,-1.44867,shoplifting
53.422194,-1.452889,shoplifting
53.418908,-1.44867,shoplifting
53.418908,-1.44867,shoplifting
53.418908,-1.44867,shoplifting
53.418961,-1.434182,burglary_biz
53.418468,-1.430758,shoplifting
53.414547,-1.465294,burglary_biz
53.416701,-1.470743,robbery_biz
53.416701,-1.470743,theft_person
53.417375,-1.474602,burglary_biz
53.402441,-1.503168,shoplifting
53.402644,-1.502338,theft_person
53.411864,-1.504343,robbery_biz
53.417203,-1.501657,robbery_biz
53.417203,-1.501657,shoplifting
53.418909,-1.512064,shoplifting
53.409496,-1.498753,burglary_biz
53.418405,-1.496956,shoplifting
53.413672,-1.499908,shoplifting
53.413672,-1.499908,shoplifting
53.413672,-1.499908,shoplifting
53.418405,-1.496956,shoplifting
53.418405,-1.496956,shoplifting
53.406961,-1.498587,robbery_biz
53.404048,-1.503018,robbery_biz
53.401994,-1.495231,shoplifting
53.396759,-1.417442,theft_person
53.415802,-1.398491,robbery_biz
53.4124,-1.412139,shoplifting
53.4124,-1.412139,shoplifting
53.413748,-1.41378,shoplifting
53.414738,-1.406736,shoplifting
53.414255,-1.407299,shoplifting
53.406551,-1.40888,shoplifting
53.4124,-1.412139,shoplifting
53.414119,-1.410731,shoplifting
53.405627,-1.409314,shoplifting
53.405627,-1.409314,shoplifting
53.4124,-1.412139,shoplifting
53.4124,-1.412139,shoplifting
53.4124,-1.412139,shoplifting
53.414961,-1.411893,shoplifting
53.405627,-1.409314,shoplifting
53.4124,-1.412139,shoplifting
53.414961,-1.411893,shoplifting
53.413748,-1.41378,shoplifting
53.406551,-1.40888,shoplifting
53.4124,-1.412139,shoplifting
53.414961,-1.411893,shoplifting
53.414738,-1.406736,shoplifting
53.4124,-1.412139,shoplifting
53.413748,-1.41378,shoplifting
53.414119,-1.410731,shoplifting
53.4124,-1.412139,shoplifting
53.4124,-1.412139,shoplifting
53.413748,-1.41378,shoplifting
53.414961,-1.411893,shoplifting
53.414961,-1.411893,shoplifting
53.4124,-1.412139,shoplifting
53.4124,-1.412139,shoplifting
53.414961,-1.411893,shoplifting
53.414961,-1.411893,shoplifting
53.405627,-1.409314,shoplifting
53.405627,-1.409314,shoplifting
53.414738,-1.406736,shoplifting
53.414738,-1.406736,shoplifting
53.4124,-1.412139,shoplifting
53.405627,-1.409314,shoplifting
53.406551,-1.40888,shoplifting
53.405627,-1.409314,shoplifting
53.4124,-1.412139,shoplifting
53.4124,-1.412139,shoplifting
53.4124,-1.412139,shoplifting
53.405627,-1.409314,shoplifting
53.405627,-1.409314,shoplifting
53.4124,-1.412139,shoplifting
53.4124,-1.412139,shoplifting
53.405627,-1.409314,shoplifting
53.414961,-1.411893,shoplifting
53.414925,-1.409968,shoplifting
53.4124,-1.412139,shoplifting
53.4124,-1.412139,shoplifting
53.414925,-1.409968,shoplifting
53.413748,-1.41378,shoplifting
53.414961,-1.411893,shoplifting
53.414961,-1.411893,shoplifting
53.414738,-1.406736,shoplifting
53.414738,-1.406736,shoplifting
53.4124,-1.412139,shoplifting
53.4124,-1.412139,shoplifting
53.4124,-1.412139,shoplifting
53.4124,-1.412139,shoplifting
53.405627,-1.409314,shoplifting
53.414961,-1.411893,shoplifting
53.414738,-1.406736,shoplifting
53.414961,-1.411893,shoplifting
53.4124,-1.412139,shoplifting
53.405627,-1.409314,shoplifting
53.405627,-1.409314,shoplifting
53.4124,-1.412139,shoplifting
53.405627,-1.409314,shoplifting
53.405627,-1.409314,shoplifting
53.405627,-1.409314,shoplifting
53.4124,-1.412139,shoplifting
53.414961,-1.411893,shoplifting
53.414925,-1.409968,shoplifting
53.4124,-1.412139,shoplifting
53.414119,-1.410731,shoplifting
53.405627,-1.409314,shoplifting
53.4124,-1.412139,shoplifting
53.413748,-1.41378,shoplifting
53.4124,-1.412139,shoplifting
53.414925,-1.409968,shoplifting
53.414738,-1.406736,shoplifting
53.4124,-1.412139,shoplifting
53.414119,-1.410731,shoplifting
53.4124,-1.412139,shoplifting
53.4124,-1.412139,shoplifting
53.4124,-1.412139,shoplifting
53.414255,-1.407299,shoplifting
53.413748,-1.41378,shoplifting
53.413748,-1.41378,shoplifting
53.4124,-1.412139,shoplifting
53.414925,-1.409968,shoplifting
53.4124,-1.412139,shoplifting
53.4124,-1.412139,shoplifting
53.4124,-1.412139,theft_person
53.4124,-1.412139,theft_person
53.414119,-1.410731,theft_person
53.413748,-1.41378,theft_person
53.405627,-1.409314,theft_person
53.401117,-1.46304,burglary_biz
53.401685,-1.46544,burglary_biz
53.401685,-1.46544,robbery_biz
53.403306,-1.470157,burglary_biz
53.412957,-1.471542,theft_person
53.411736,-1.482208,burglary_biz
53.4113,-1.487329,robbery_biz
53.404656,-1.468591,burglary_biz
53.404656,-1.468591,burglary_biz
53.403935,-1.458192,robbery_biz
53.406812,-1.452424,shoplifting
53.406812,-1.452424,shoplifting
53.406812,-1.452424,shoplifting
53.407041,-1.453414,burglary_biz
53.40812,-1.457356,theft_person
53.407623,-1.508703,shoplifting
53.407623,-1.508703,shoplifting
53.407623,-1.508703,shoplifting
53.407623,-1.508703,shoplifting
53.408075,-1.520311,shoplifting
53.397749,-1.455684,burglary_biz
53.408202,-1.441921,burglary_biz
53.399652,-1.445387,burglary_biz
53.394816,-1.45321,burglary_biz
53.390017,-1.459466,burglary_biz
53.390017,-1.459466,robbery_biz
53.393784,-1.467434,robbery_biz
53.391608,-1.457416,robbery_biz
53.389639,-1.457193,shoplifting
53.389639,-1.457193,shoplifting
53.389639,-1.457193,shoplifting
53.389639,-1.457193,shoplifting
53.389639,-1.457193,shoplifting
53.389639,-1.457193,shoplifting
53.389639,-1.457193,shoplifting
53.389639,-1.457193,shoplifting
53.389639,-1.457193,shoplifting
53.389639,-1.457193,shoplifting
53.389639,-1.457193,shoplifting
53.389639,-1.457193,shoplifting
53.389639,-1.457193,shoplifting
53.389639,-1.457193,shoplifting
53.389639,-1.457193,shoplifting
53.389639,-1.457193,shoplifting
53.389639,-1.457193,shoplifting
53.389639,-1.457193,shoplifting
53.389639,-1.457193,shoplifting
53.389639,-1.457193,shoplifting
53.389639,-1.457193,shoplifting
53.389639,-1.457193,shoplifting
53.389639,-1.457193,shoplifting
53.389639,-1.457193,shoplifting
53.389639,-1.457193,shoplifting
53.389639,-1.457193,shoplifting
53.389639,-1.457193,shoplifting
53.389639,-1.457193,shoplifting
53.389639,-1.457193,shoplifting
53.389639,-1.457193,shoplifting
53.389639,-1.457193,shoplifting
53.389639,-1.457193,shoplifting
53.389639,-1.457193,shoplifting
53.389639,-1.457193,shoplifting
53.389639,-1.457193,shoplifting
53.389639,-1.457193,shoplifting
53.389639,-1.457193,shoplifting
53.389639,-1.457193,shoplifting
53.389639,-1.457193,shoplifting
53.389639,-1.457193,shoplifting
53.389639,-1.457193,shoplifting
53.389639,-1.457193,shoplifting
53.389639,-1.457193,shoplifting
53.389639,-1.457193,shoplifting
53.389639,-1.457193,shoplifting
53.389639,-1.457193,shoplifting
53.389639,-1.457193,shoplifting
53.389639,-1.457193,shoplifting
53.389639,-1.457193,shoplifting
53.389639,-1.457193,shoplifting
53.389639,-1.457193,shoplifting
53.390017,-1.459466,shoplifting
53.389639,-1.457193,shoplifting
53.391608,-1.457416,theft_person
53.391608,-1.457416,theft_person
53.390084,-1.468247,burglary_biz
53.38627,-1.463588,burglary_biz
53.391235,-1.476638,burglary_biz
53.390745,-1.475366,burglary_biz
53.390203,-1.468877,robbery_biz
53.390084,-1.468247,robbery_biz
53.387172,-1.462359,shoplifting
53.390147,-1.460352,theft_person
53.408293,-1.446057,burglary_biz
53.408971,-1.444875,burglary_biz
53.406916,-1.439862,burglary_biz
53.4098,-1.447346,robbery_biz
53.406792,-1.438465,robbery_biz
53.405909,-1.533978,burglary_biz
53.395171,-1.541885,burglary_biz
53.392104,-1.496867,burglary_biz
53.393111,-1.529938,burglary_biz
53.393111,-1.529938,burglary_biz
53.387836,-1.486498,burglary_biz
53.389382,-1.48251,shoplifting
53.393795,-1.486501,burglary_biz
53.394665,-1.488175,shoplifting
53.394665,-1.488175,shoplifting
53.395929,-1.491438,burglary_biz
53.395929,-1.491438,burglary_biz
53.383806,-1.443835,shoplifting
53.383806,-1.443835,shoplifting
53.383806,-1.443835,shoplifting
53.391485,-1.410653,burglary_biz
53.383551,-1.402193,robbery_biz
53.393363,-1.419649,burglary_biz
53.385339,-1.507955,shoplifting
53.385753,-1.495484,shoplifting
53.385753,-1.495484,shoplifting
53.385753,-1.495484,shoplifting
53.385753,-1.495484,shoplifting
53.379601,-1.518662,shoplifting
53.378355,-1.493331,burglary_biz
53.380533,-1.485548,robbery_biz
53.379577,-1.489165,robbery_biz
53.379577,-1.489165,shoplifting
53.379577,-1.489165,shoplifting
53.379577,-1.489165,shoplifting
53.379577,-1.489165,shoplifting
53.379577,-1.489165,shoplifting
53.379577,-1.489165,shoplifting
53.379577,-1.489165,shoplifting
53.379577,-1.489165,shoplifting
53.379577,-1.489165,shoplifting
53.379577,-1.489165,shoplifting
53.379577,-1.489165,shoplifting
53.379577,-1.489165,shoplifting
53.379577,-1.489165,shoplifting
53.379577,-1.489165,shoplifting
53.379577,-1.489165,shoplifting
53.379577,-1.489165,shoplifting
53.379577,-1.489165,shoplifting
53.379577,-1.489165,shoplifting
53.379577,-1.489165,shoplifting
53.379577,-1.489165,shoplifting
53.379577,-1.489165,shoplifting
53.378231,-1.500112,shoplifting
53.377991,-1.505076,burglary_biz
53.383731,-1.495628,robbery_biz
53.375867,-1.393522,shoplifting
53.37477,-1.381047,burglary_biz
53.383287,-1.419726,shoplifting
53.383287,-1.419726,shoplifting
53.383287,-1.419726,shoplifting
53.379808,-1.423261,burglary_biz
53.370129,-1.499486,burglary_biz
53.369089,-1.495936,burglary_biz
53.368997,-1.493142,shoplifting
53.368997,-1.493142,shoplifting
53.37766,-1.397886,burglary_biz
53.375784,-1.396619,robbery_biz
53.373006,-1.394765,robbery_biz
53.372116,-1.389093,shoplifting
53.371205,-1.380016,burglary_biz
53.369135,-1.390116,shoplifting
53.369413,-1.53352,burglary_biz
53.366923,-1.531143,shoplifting
53.366923,-1.531143,shoplifting
53.366923,-1.531143,shoplifting
53.365675,-1.433941,burglary_biz
53.377422,-1.429393,burglary_biz
53.377937,-1.432351,burglary_biz
53.375226,-1.429441,robbery_biz
53.375226,-1.429441,robbery_biz
53.375226,-1.429441,shoplifting
53.375226,-1.429441,shoplifting
53.375226,-1.429441,shoplifting
53.375226,-1.429441,shoplifting
53.375226,-1.429441,shoplifting
53.375226,-1.429441,shoplifting
53.375226,-1.429441,shoplifting
53.375226,-1.429441,shoplifting
53.375226,-1.429441,shoplifting
53.375226,-1.429441,shoplifting
53.375226,-1.429441,shoplifting
53.375226,-1.429441,shoplifting
53.375226,-1.429441,shoplifting
53.375226,-1.429441,shoplifting
53.375226,-1.429441,shoplifting
53.375226,-1.429441,shoplifting
53.370711,-1.425037,burglary_biz
53.376057,-1.426513,theft_person
53.368729,-1.476929,robbery_biz
53.366913,-1.480888,shoplifting
53.368729,-1.476929,shoplifting
53.365939,-1.482268,burglary_biz
53.371467,-1.486484,burglary_biz
53.371707,-1.48579,burglary_biz
53.372797,-1.478096,shoplifting
53.370131,-1.482953,burglary_biz
53.37315,-1.482824,robbery_biz
53.37315,-1.482824,robbery_biz
53.373827,-1.48345,robbery_biz
53.37315,-1.482824,shoplifting
53.37315,-1.482824,shoplifting
53.37315,-1.482824,shoplifting
53.37315,-1.482824,shoplifting
53.37315,-1.482824,shoplifting
53.37315,-1.482824,shoplifting
53.37315,-1.482824,shoplifting
53.37315,-1.482824,shoplifting
53.37315,-1.482824,shoplifting
53.37315,-1.482824,shoplifting
53.37315,-1.482824,shoplifting
53.37315,-1.482824,shoplifting
53.37315,-1.482824,shoplifting
53.37315,-1.482824,shoplifting
53.37315,-1.482824,shoplifting
53.37315,-1.482824,shoplifting
53.37315,-1.482824,shoplifting
53.355025,-1.575188,burglary_biz
53.350112,-1.566194,burglary_biz
53.364494,-1.544514,burglary_biz
53.364499,-1.536654,burglary_biz
53.36352,-1.475925,burglary_biz
53.362893,-1.472342,robbery_biz
53.362893,-1.472342,shoplifting
53.366552,-1.472522,burglary_biz
53.371175,-1.473036,burglary_biz
53.373264,-1.471928,burglary_biz
53.367271,-1.474557,burglary_biz
53.369862,-1.475036,shoplifting
53.358703,-1.480147,shoplifting
53.370842,-1.464894,burglary_biz
53.369436,-1.468128,burglary_biz
53.37367,-1.468105,robbery_biz
53.376878,-1.465961,burglary_biz
53.375061,-1.465623,burglary_biz
53.376878,-1.465961,burglary_biz
53.375321,-1.471557,burglary_biz
53.374667,-1.476044,robbery_biz
53.375458,-1.47327,shoplifting
53.375458,-1.47327,shoplifting
53.375458,-1.47327,shoplifting
53.368392,-1.445973,burglary_biz
53.368326,-1.445448,theft_person
53.365554,-1.458393,burglary_biz
53.363573,-1.461559,burglary_biz
53.368777,-1.459344,burglary_biz
53.370621,-1.461416,shoplifting
53.370621,-1.461416,shoplifting
53.365471,-1.442194,burglary_biz
53.364921,-1.443734,burglary_biz
53.365471,-1.442194,robbery_biz
53.367283,-1.439526,shoplifting
53.367283,-1.439526,shoplifting
53.367283,-1.439526,shoplifting
53.367283,-1.439526,shoplifting
53.367283,-1.439526,shoplifting
53.367283,-1.439526,shoplifting
53.367283,-1.439526,shoplifting
53.367283,-1.439526,shoplifting
53.367283,-1.439526,shoplifting
53.360546,-1.460109,burglary_biz
53.355834,-1.357988,burglary_biz
53.357458,-1.360773,burglary_biz
53.365585,-1.400866,burglary_biz
53.362304,-1.397155,burglary_biz
53.361742,-1.405933,robbery_biz
53.361017,-1.400419,robbery_biz
53.361742,-1.405933,robbery_biz
53.361742,-1.405933,robbery_biz
53.361742,-1.405933,shoplifting
53.361742,-1.405933,shoplifting
53.359252,-1.408813,shoplifting
53.361742,-1.405933,shoplifting
53.361742,-1.405933,shoplifting
53.361742,-1.405933,shoplifting
53.361742,-1.405933,shoplifting
53.361742,-1.405933,shoplifting
53.359252,-1.408813,shoplifting
53.361742,-1.405933,shoplifting
53.361742,-1.405933,shoplifting
53.364827,-1.393138,burglary_biz
53.36645,-1.39591,burglary_biz
53.365218,-1.406537,burglary_biz
53.358421,-1.504867,burglary_biz
53.355554,-1.500468,burglary_biz
53.36813,-1.498682,shoplifting
53.36813,-1.498682,shoplifting
53.36813,-1.498682,shoplifting
53.36813,-1.498682,shoplifting
53.36813,-1.498682,shoplifting
53.36813,-1.498682,shoplifting
53.36813,-1.498682,shoplifting
53.36813,-1.498682,shoplifting
53.36813,-1.498682,shoplifting
53.36813,-1.498682,shoplifting
53.36813,-1.498682,shoplifting
53.36813,-1.498682,shoplifting
53.36813,-1.498682,shoplifting
53.36813,-1.498682,shoplifting
53.36813,-1.498682,shoplifting
53.366839,-1.499524,shoplifting
53.364714,-1.50724,shoplifting
53.351675,-1.505831,burglary_biz
53.363263,-1.508477,shoplifting
53.363263,-1.508477,shoplifting
53.363263,-1.508477,shoplifting
53.363263,-1.508477,shoplifting
53.363263,-1.508477,shoplifting
53.363263,-1.508477,shoplifting
53.363263,-1.508477,shoplifting
53.363263,-1.508477,shoplifting
53.363263,-1.508477,shoplifting
53.363263,-1.508477,shoplifting
53.363263,-1.508477,shoplifting
53.363263,-1.508477,shoplifting
53.363263,-1.508477,shoplifting
53.363263,-1.508477,shoplifting
53.363263,-1.508477,shoplifting
53.360989,-1.431509,burglary_biz
53.359829,-1.427756,shoplifting
53.359829,-1.427756,shoplifting
53.360473,-1.440291,burglary_biz
53.359606,-1.437493,shoplifting
53.357507,-1.44033,robbery_biz
53.358867,-1.370549,shoplifting
53.355664,-1.374938,robbery_biz
53.35934,-1.373467,shoplifting
53.35934,-1.373467,shoplifting
53.35934,-1.373467,shoplifting
53.35934,-1.373467,shoplifting
53.35934,-1.373467,shoplifting
53.35934,-1.373467,shoplifting
53.35934,-1.373467,shoplifting
53.35934,-1.373467,shoplifting
53.35934,-1.373467,shoplifting
53.35934,-1.373467,shoplifting
53.35934,-1.373467,shoplifting
53.35934,-1.373467,shoplifting
53.35934,-1.373467,shoplifting
53.35934,-1.373467,shoplifting
53.35934,-1.373467,shoplifting
53.35934,-1.373467,shoplifting
53.35934,-1.373467,shoplifting
53.35934,-1.373467,shoplifting
53.357887,-1.488931,burglary_biz
53.357129,-1.492561,burglary_biz
53.354202,-1.485009,burglary_biz
53.359264,-1.489365,robbery_biz
53.359264,-1.489365,shoplifting
53.359264,-1.489365,shoplifting
53.359264,-1.489365,shoplifting
53.359264,-1.489365,shoplifting
53.359264,-1.489365,shoplifting
53.359264,-1.489365,shoplifting
53.359264,-1.489365,shoplifting
53.359264,-1.489365,shoplifting
53.359264,-1.489365,shoplifting
53.359264,-1.489365,shoplifting
53.359264,-1.489365,shoplifting
53.359264,-1.489365,shoplifting
53.359264,-1.489365,shoplifting
53.359264,-1.489365,shoplifting
53.359264,-1.489365,shoplifting
53.359264,-1.489365,shoplifting
53.359264,-1.489365,shoplifting
53.359264,-1.489365,shoplifting
53.359264,-1.489365,shoplifting
53.359264,-1.489365,shoplifting
53.359264,-1.489365,shoplifting
53.359264,-1.489365,shoplifting
53.359264,-1.489365,shoplifting
53.359264,-1.489365,shoplifting
53.359264,-1.489365,shoplifting
53.359264,-1.489365,shoplifting
53.359264,-1.489365,shoplifting
53.359264,-1.489365,shoplifting
53.359264,-1.489365,shoplifting
53.359264,-1.489365,shoplifting
53.359264,-1.489365,shoplifting
53.359264,-1.489365,shoplifting
53.360216,-1.487145,shoplifting
53.359232,-1.463556,shoplifting
53.359232,-1.463556,shoplifting
53.351407,-1.444962,robbery_biz
53.355404,-1.448125,shoplifting
53.368484,-1.464172,shoplifting
53.368484,-1.464172,shoplifting
53.368484,-1.464172,shoplifting
53.368484,-1.464172,shoplifting
53.368484,-1.464172,shoplifting
53.357293,-1.427381,burglary_biz
53.358404,-1.419223,shoplifting
53.353648,-1.419002,burglary_biz
53.355751,-1.418973,burglary_biz
53.353093,-1.426972,burglary_biz
53.36342,-1.415683,burglary_biz
53.361491,-1.420097,burglary_biz
53.35601,-1.481021,burglary_biz
53.357097,-1.476755,robbery_biz
53.357097,-1.476755,shoplifting
53.357097,-1.476755,shoplifting
53.357097,-1.476755,shoplifting
53.357097,-1.476755,shoplifting
53.357097,-1.476755,shoplifting
53.357097,-1.476755,shoplifting
53.357097,-1.476755,shoplifting
53.357097,-1.476755,shoplifting
53.350612,-1.442163,robbery_biz
53.349683,-1.441364,robbery_biz
53.350612,-1.442163,robbery_biz
53.349468,-1.432128,burglary_biz
53.349476,-1.433765,burglary_biz
53.345141,-1.425833,shoplifting
53.345141,-1.425833,shoplifting
53.345141,-1.425833,shoplifting
53.345141,-1.425833,shoplifting
53.345141,-1.425833,shoplifting
53.345141,-1.425833,shoplifting
53.345141,-1.425833,shoplifting
53.345141,-1.425833,shoplifting
53.345141,-1.425833,shoplifting
53.345141,-1.425833,shoplifting
53.345141,-1.425833,shoplifting
53.345141,-1.425833,shoplifting
53.345141,-1.425833,shoplifting
53.345141,-1.425833,shoplifting
53.345141,-1.425833,shoplifting
53.345141,-1.425833,shoplifting
53.345141,-1.425833,shoplifting
53.345141,-1.425833,shoplifting
53.345141,-1.425833,shoplifting
53.345141,-1.425833,shoplifting
53.345141,-1.425833,shoplifting
53.345141,-1.425833,shoplifting
53.345141,-1.425833,shoplifting
53.345141,-1.425833,shoplifting
53.345141,-1.425833,shoplifting
53.345141,-1.425833,shoplifting
53.345141,-1.425833,shoplifting
53.345141,-1.425833,shoplifting
53.345141,-1.425833,shoplifting
53.345141,-1.425833,shoplifting
53.345141,-1.425833,shoplifting
53.34138,-1.507257,burglary_biz
53.347553,-1.362513,burglary_biz
53.349053,-1.341598,shoplifting
53.349053,-1.341598,shoplifting
53.349053,-1.341598,shoplifting
53.349053,-1.341598,shoplifting
53.347224,-1.348158,burglary_biz
53.346169,-1.350908,burglary_biz
53.34189,-1.351147,robbery_biz
53.346169,-1.350908,shoplifting
53.346169,-1.350908,shoplifting
53.346169,-1.350908,shoplifting
53.34189,-1.351147,shoplifting
53.34189,-1.351147,shoplifting
53.34189,-1.351147,shoplifting
53.34189,-1.351147,shoplifting
53.34189,-1.351147,shoplifting
53.346169,-1.350908,shoplifting
53.346169,-1.350908,shoplifting
53.346169,-1.350908,shoplifting
53.343709,-1.484114,burglary_biz
53.344265,-1.488163,burglary_biz
53.345048,-1.488334,burglary_biz
53.345293,-1.493107,shoplifting
53.345293,-1.493107,shoplifting
53.345293,-1.493107,shoplifting
53.345293,-1.493107,shoplifting
53.345293,-1.493107,shoplifting
53.345293,-1.493107,shoplifting
53.348133,-1.490775,shoplifting
53.345293,-1.493107,shoplifting
53.345293,-1.493107,shoplifting
53.345293,-1.493107,shoplifting
53.340232,-1.480341,shoplifting
53.342771,-1.449234,burglary_biz
53.342227,-1.442467,burglary_biz
53.339043,-1.441998,burglary_biz
53.343802,-1.357027,shoplifting
53.343802,-1.357027,shoplifting
53.343802,-1.357027,shoplifting
53.343802,-1.357027,shoplifting
53.343802,-1.357027,shoplifting
53.342981,-1.4214,shoplifting
53.347671,-1.336359,burglary_biz
53.347671,-1.336359,burglary_biz
53.346892,-1.335365,shoplifting
53.346892,-1.335365,shoplifting
53.346892,-1.335365,shoplifting
53.346892,-1.335365,shoplifting
53.346892,-1.335365,shoplifting
53.346892,-1.335365,shoplifting
53.346892,-1.335365,shoplifting
53.346892,-1.335365,shoplifting
53.346892,-1.335365,shoplifting
53.346892,-1.335365,shoplifting
53.346892,-1.335365,shoplifting
53.339645,-1.330086,robbery_biz
53.332375,-1.332047,shoplifting
53.345532,-1.471535,shoplifting
53.345532,-1.471535,shoplifting
53.345532,-1.471535,shoplifting
53.345532,-1.471535,shoplifting
53.345532,-1.471535,shoplifting
53.345532,-1.471535,shoplifting
53.345532,-1.471535,shoplifting
53.332606,-1.477641,burglary_biz
53.351908,-1.466788,shoplifting
53.340363,-1.449663,shoplifting
53.340363,-1.449663,shoplifting
53.340363,-1.449663,shoplifting
53.340363,-1.449663,shoplifting
53.340363,-1.449663,shoplifting
53.340363,-1.449663,shoplifting
53.340363,-1.449663,shoplifting
53.340363,-1.449663,shoplifting
53.340363,-1.449663,shoplifting
53.340363,-1.449663,shoplifting
53.340363,-1.449663,shoplifting
53.340363,-1.449663,shoplifting
53.340363,-1.449663,shoplifting
53.340363,-1.449663,shoplifting
53.340363,-1.449663,shoplifting
53.340363,-1.449663,shoplifting
53.340363,-1.449663,shoplifting
53.340363,-1.449663,shoplifting
53.332361,-1.462883,burglary_biz
53.327724,-1.467567,burglary_biz
53.327724,-1.467567,shoplifting
53.327724,-1.467567,shoplifting
53.327724,-1.467567,shoplifting
53.332314,-1.347034,burglary_biz
53.332764,-1.352012,burglary_biz
53.334806,-1.350615,burglary_biz
53.330168,-1.352412,burglary_biz
53.339058,-1.349138,burglary_biz
53.34269,-1.350825,shoplifting
53.34269,-1.350825,shoplifting
53.34269,-1.350825,shoplifting
53.34269,-1.350825,shoplifting
53.34269,-1.350825,shoplifting
53.341652,-1.35012,shoplifting
53.34269,-1.350825,shoplifting
53.34269,-1.350825,shoplifting
53.34269,-1.350825,shoplifting
53.34269,-1.350825,shoplifting
53.34269,-1.350825,shoplifting
53.341652,-1.35012,shoplifting
53.341195,-1.343789,burglary_biz
53.33568,-1.481628,shoplifting
53.33568,-1.481628,shoplifting
53.33568,-1.481628,shoplifting
53.328364,-1.529613,burglary_biz
53.32332,-1.536094,burglary_biz
53.327227,-1.540091,robbery_biz
53.314245,-1.530723,robbery_biz
53.329528,-1.540051,burglary_biz
53.340522,-1.564083,burglary_biz
53.320133,-1.488661,burglary_biz
53.322857,-1.48459,theft_person
53.319377,-1.492799,burglary_biz
53.321554,-1.48887,burglary_biz
53.321682,-1.49157,shoplifting
53.321682,-1.49157,shoplifting
53.321682,-1.49157,shoplifting
53.321682,-1.49157,shoplifting
53.329378,-1.481434,burglary_biz
53.323353,-1.464647,robbery_biz
53.323033,-1.479664,burglary_biz
53.323863,-1.478228,burglary_biz
53.323863,-1.478228,burglary_biz
53.320651,-1.465327,burglary_biz
53.318916,-1.471353,burglary_biz
53.318916,-1.471353,burglary_biz
53.32219,-1.496924,burglary_biz
53.318706,-1.506197,burglary_biz
53.322065,-1.523257,shoplifting
53.316541,-1.524384,burglary_biz
53.325127,-1.342894,robbery_biz
53.325127,-1.342894,shoplifting
53.325127,-1.342894,shoplifting
53.325127,-1.342894,shoplifting
53.325127,-1.342894,shoplifting
53.322972,-1.343288,shoplifting
53.325127,-1.342894,shoplifting
53.325127,-1.342894,shoplifting
53.325127,-1.342894,shoplifting
53.325127,-1.342894,shoplifting
53.325127,-1.342894,shoplifting
53.325127,-1.342894,shoplifting
53.325127,-1.342894,shoplifting
53.325127,-1.342894,shoplifting
53.325127,-1.342894,shoplifting
53.325127,-1.342894,shoplifting
53.325127,-1.342894,shoplifting
53.325127,-1.342894,shoplifting
53.325127,-1.342894,shoplifting
53.325127,-1.342894,shoplifting
53.325127,-1.342894,shoplifting
53.325127,-1.342894,shoplifting
53.323842,-1.362822,shoplifting
53.323842,-1.362822,shoplifting
53.323842,-1.362822,shoplifting
53.323842,-1.362822,shoplifting
53.320006,-1.354908,burglary_biz
53.382893,-1.476379,burglary_biz
53.382078,-1.477201,burglary_biz
53.382651,-1.482802,robbery_biz
53.382651,-1.482802,robbery_biz
53.383189,-1.476225,shoplifting
53.385686,-1.471744,burglary_biz
53.384448,-1.472286,burglary_biz
53.388612,-1.470686,shoplifting
53.384568,-1.471097,shoplifting
53.388612,-1.470686,shoplifting
53.388315,-1.474854,burglary_biz
53.389461,-1.479877,burglary_biz
53.383727,-1.467754,burglary_biz
53.382295,-1.465186,burglary_biz
53.379191,-1.470577,burglary_biz
53.381809,-1.468581,burglary_biz
53.382133,-1.467068,burglary_biz
53.379191,-1.470577,robbery_biz
53.379702,-1.466241,robbery_biz
53.382697,-1.468624,robbery_biz
53.38282,-1.469961,robbery_biz
53.381809,-1.468581,shoplifting
53.37823,-1.470679,shoplifting
53.381809,-1.468581,shoplifting
53.378326,-1.468062,shoplifting
53.382912,-1.466381,shoplifting
53.38282,-1.469961,shoplifting
53.378326,-1.468062,shoplifting
53.382697,-1.468624,shoplifting
53.383162,-1.468182,shoplifting
53.382697,-1.468624,shoplifting
53.381809,-1.468581,shoplifting
53.383629,-1.465952,shoplifting
53.381809,-1.468581,shoplifting
53.381809,-1.468581,shoplifting
53.378326,-1.468062,shoplifting
53.378326,-1.468062,shoplifting
53.387864,-1.468229,shoplifting
53.381997,-1.470843,shoplifting
53.381809,-1.468581,shoplifting
53.382912,-1.466381,shoplifting
53.38282,-1.469961,shoplifting
53.381809,-1.468581,shoplifting
53.381809,-1.468581,shoplifting
53.381997,-1.470843,shoplifting
53.381809,-1.468581,shoplifting
53.38282,-1.469961,shoplifting
53.381809,-1.468581,shoplifting
53.381809,-1.468581,shoplifting
53.381809,-1.468581,shoplifting
53.378326,-1.468062,shoplifting
53.381809,-1.468581,shoplifting
53.381809,-1.468581,shoplifting
53.378326,-1.468062,shoplifting
53.382697,-1.468624,shoplifting
53.382697,-1.468624,theft_person
53.382912,-1.466381,theft_person
53.382289,-1.465818,theft_person
53.384397,-1.46498,theft_person
53.382912,-1.466381,theft_person
53.384735,-1.480401,burglary_biz
53.384735,-1.480401,robbery_biz
53.384735,-1.480401,robbery_biz
53.384735,-1.480401,robbery_biz
53.384735,-1.480401,shoplifting
53.377868,-1.47838,burglary_biz
53.376925,-1.476543,burglary_biz
53.378406,-1.473954,burglary_biz
53.377837,-1.479493,burglary_biz
53.378406,-1.473954,robbery_biz
53.376125,-1.473827,robbery_biz
53.376125,-1.473827,robbery_biz
53.376572,-1.473946,shoplifting
53.376769,-1.473854,shoplifting
53.375818,-1.474151,shoplifting
53.376572,-1.473946,shoplifting
53.376769,-1.473854,shoplifting
53.376572,-1.473946,shoplifting
53.376769,-1.473854,shoplifting
53.376125,-1.473827,shoplifting
53.375818,-1.474151,shoplifting
53.376572,-1.473946,shoplifting
53.376125,-1.473827,shoplifting
53.375818,-1.474151,shoplifting
53.376769,-1.473854,shoplifting
53.376572,-1.473946,shoplifting
53.375818,-1.474151,shoplifting
53.376769,-1.473854,shoplifting
53.376572,-1.473946,shoplifting
53.376125,-1.473827,shoplifting
53.376572,-1.473946,shoplifting
53.376769,-1.473854,shoplifting
53.376572,-1.473946,shoplifting
53.376125,-1.473827,shoplifting
53.376769,-1.473854,shoplifting
53.376769,-1.473854,shoplifting
53.376572,-1.473946,shoplifting
53.376572,-1.473946,shoplifting
53.376769,-1.473854,shoplifting
53.376769,-1.473854,shoplifting
53.376125,-1.473827,shoplifting
53.376769,-1.473854,shoplifting
53.376572,-1.473946,shoplifting
53.376769,-1.473854,shoplifting
53.376125,-1.473827,shoplifting
53.376769,-1.473854,shoplifting
53.376125,-1.473827,shoplifting
53.376125,-1.473827,shoplifting
53.376125,-1.473827,shoplifting
53.376769,-1.473854,shoplifting
53.376769,-1.473854,shoplifting
53.376769,-1.473854,shoplifting
53.378406,-1.473954,theft_person
53.382372,-1.474491,burglary_biz
53.382372,-1.474491,burglary_biz
53.382372,-1.474491,burglary_biz
53.381592,-1.474982,burglary_biz
53.377755,-1.471061,burglary_biz
53.377755,-1.471061,burglary_biz
53.380685,-1.472405,robbery_biz
53.377755,-1.471061,robbery_biz
53.380099,-1.476699,robbery_biz
53.380685,-1.472405,robbery_biz
53.380604,-1.471025,shoplifting
53.377755,-1.471061,shoplifting
53.380041,-1.473829,shoplifting
53.377755,-1.471061,shoplifting
53.380604,-1.471025,shoplifting
53.377755,-1.471061,shoplifting
53.380041,-1.473829,shoplifting
53.380041,-1.473829,shoplifting
53.381414,-1.471121,theft_person
53.381164,-1.473664,theft_person
53.380604,-1.471025,theft_person
53.380641,-1.474268,theft_person
53.380913,-1.475847,theft_person
53.381414,-1.471121,theft_person
53.382036,-1.471519,theft_person
53.382036,-1.471519,theft_person
53.38041,-1.480093,shoplifting
53.38041,-1.480093,shoplifting
53.38041,-1.480093,shoplifting
53.38041,-1.480093,shoplifting
53.38041,-1.480093,shoplifting
53.38041,-1.480093,shoplifting
53.38041,-1.480093,shoplifting
53.38041,-1.480093,shoplifting
53.38041,-1.480093,shoplifting
53.38041,-1.480093,shoplifting
53.38041,-1.480093,shoplifting
53.38041,-1.480093,shoplifting
53.381472,-1.476337,theft_person
53.381387,-1.479329,theft_person
53.376231,-1.448247,burglary_biz
53.376231,-1.448247,burglary_biz
53.377121,-1.454098,burglary_biz
53.371651,-1.447058,burglary_biz
53.38497,-1.452419,burglary_biz
53.381995,-1.452487,burglary_biz
53.38497,-1.452419,burglary_biz
53.382831,-1.444869,burglary_biz
53.376494,-1.440818,burglary_biz
53.383549,-1.463989,robbery_biz
53.383549,-1.463989,robbery_biz
53.383549,-1.463989,shoplifting
53.384691,-1.46433,shoplifting
53.384691,-1.46433,shoplifting
53.383549,-1.463989,shoplifting
53.3854,-1.46205,theft_person
53.353286,-1.396742,burglary_biz
53.348247,-1.402837,burglary_biz
53.348199,-1.413187,burglary_biz
53.351261,-1.407001,burglary_biz
53.346896,-1.377665,shoplifting
53.346896,-1.377665,shoplifting
