lat,lng,cat
53.488267,-2.869957,burglary_biz
53.48997,-2.882803,burglary_biz
53.495424,-2.891554,robbery_biz
53.489684,-2.899482,theft_person
53.469813,-2.876073,burglary_biz
53.472433,-2.876744,burglary_biz
53.482641,-2.88571,shoplifting
53.48351,-2.883634,shoplifting
53.482641,-2.88571,shoplifting
53.482689,-2.888846,shoplifting
53.482689,-2.888846,shoplifting
53.482282,-2.886788,shoplifting
53.482641,-2.88571,shoplifting
53.482282,-2.886788,shoplifting
53.482641,-2.88571,shoplifting
53.482641,-2.88571,shoplifting
53.482641,-2.88571,shoplifting
53.482641,-2.88571,shoplifting
53.485974,-2.902734,robbery_biz
53.470019,-2.91869,shoplifting
53.471517,-2.874104,burglary_biz
53.465888,-2.876911,burglary_biz
53.440487,-2.863094,burglary_biz
53.434789,-2.864303,burglary_biz
53.422114,-2.799806,shoplifting
53.42241,-2.802701,shoplifting
53.42782,-2.801539,burglary_biz
53.429581,-2.802941,robbery_biz
53.427073,-2.8016,shoplifting
53.427073,-2.8016,shoplifting
53.427073,-2.8016,shoplifting
53.429581,-2.802941,shoplifting
53.426798,-2.801023,shoplifting
53.429197,-2.805237,shoplifting
53.426798,-2.801023,shoplifting
53.429581,-2.802941,shoplifting
53.426798,-2.801023,shoplifting
53.426798,-2.801023,shoplifting
53.427797,-2.799492,shoplifting
53.426798,-2.801023,shoplifting
53.427073,-2.8016,shoplifting
53.426798,-2.801023,shoplifting
53.426798,-2.801023,shoplifting
53.426798,-2.801023,shoplifting
53.427073,-2.8016,shoplifting
53.426798,-2.801023,shoplifting
53.426798,-2.801023,shoplifting
53.426798,-2.801023,shoplifting
53.427363,-2.797286,shoplifting
53.429581,-2.802941,shoplifting
53.426798,-2.801023,shoplifting
53.427073,-2.8016,shoplifting
53.429581,-2.802941,shoplifting
53.426798,-2.801023,shoplifting
53.426798,-2.801023,shoplifting
53.426798,-2.801023,shoplifting
53.425473,-2.798906,shoplifting
53.426584,-2.803457,shoplifting
53.425473,-2.798906,shoplifting
53.425473,-2.798906,shoplifting
53.426584,-2.803457,shoplifting
53.425473,-2.798906,shoplifting
53.425473,-2.798906,shoplifting
53.426584,-2.803457,shoplifting
53.424777,-2.803588,shoplifting
53.419492,-2.853987,shoplifting
53.420099,-2.863313,shoplifting
53.420099,-2.863313,shoplifting
53.420099,-2.863313,shoplifting
53.426428,-2.868182,robbery_biz
53.420779,-2.867525,robbery_biz
53.422271,-2.862469,shoplifting
53.422271,-2.862469,shoplifting
53.420028,-2.793161,robbery_biz
53.421867,-2.784302,shoplifting
53.421867,-2.784302,shoplifting
53.421867,-2.784302,shoplifting
53.419767,-2.845716,burglary_biz
53.419994,-2.844096,burglary_biz
53.419028,-2.845882,burglary_biz
53.419028,-2.845882,burglary_biz
53.419028,-2.845882,burglary_biz
53.424486,-2.841867,burglary_biz
53.420209,-2.835282,burglary_biz
53.41765,-2.831004,robbery_biz
53.416456,-2.824225,burglary_biz
53.416031,-2.86147,burglary_biz
53.419556,-2.861406,burglary_biz
53.417119,-2.850178,burglary_biz
53.412517,-2.792751,theft_person
53.411993,-2.802565,shoplifting
53.411993,-2.802565,shoplifting
53.411993,-2.802565,shoplifting
53.412669,-2.872641,shoplifting
53.412669,-2.872641,shoplifting
53.410339,-2.888795,burglary_biz
53.40993,-2.838739,shoplifting
53.412356,-2.838649,shoplifting
53.412356,-2.838649,shoplifting
53.412356,-2.838649,shoplifting
53.40993,-2.838739,shoplifting
53.40993,-2.838739,shoplifting
53.412356,-2.838649,shoplifting
53.402243,-2.841217,burglary_biz
53.408483,-2.859859,burglary_biz
53.412668,-2.840234,burglary_biz
53.410641,-2.842225,burglary_biz
53.411443,-2.839338,burglary_biz
53.412668,-2.840234,shoplifting
53.411443,-2.839338,shoplifting
53.408687,-2.850235,burglary_biz
53.398243,-2.818035,shoplifting
53.368935,-2.848165,burglary_biz
53.368935,-2.848165,robbery_biz
53.360712,-2.830046,burglary_biz
53.360157,-2.829764,shoplifting
53.359748,-2.850718,burglary_biz
53.355917,-2.837014,burglary_biz
53.470199,-2.937682,burglary_biz
53.47038,-2.92018,shoplifting
53.470573,-2.931317,burglary_biz
53.468632,-2.92769,burglary_biz
53.457132,-2.91649,shoplifting
53.464643,-2.958241,burglary_biz
53.46691,-2.955361,shoplifting
53.464282,-2.960688,burglary_biz
53.457275,-2.963392,robbery_biz
53.454091,-2.90266,burglary_biz
53.453748,-2.901764,robbery_biz
53.45362,-2.904397,robbery_biz
53.455741,-2.915823,shoplifting
53.455741,-2.915823,shoplifting
53.455741,-2.915823,shoplifting
53.463945,-2.904737,burglary_biz
53.469317,-2.938755,burglary_biz
53.469317,-2.938755,shoplifting
53.469317,-2.938755,shoplifting
53.469317,-2.938755,shoplifting
53.466321,-2.931102,burglary_biz
53.457427,-2.946738,burglary_biz
53.454823,-2.960941,shoplifting
53.448985,-2.969242,robbery_biz
53.449527,-2.968968,robbery_biz
53.452686,-2.967354,shoplifting
53.452686,-2.967354,shoplifting
53.452686,-2.967354,shoplifting
53.452686,-2.967354,shoplifting
53.449189,-2.965136,burglary_biz
53.454008,-2.961676,robbery_biz
53.454008,-2.961676,robbery_biz
53.451214,-2.963766,robbery_biz
53.45178,-2.963809,shoplifting
53.45178,-2.963809,shoplifting
53.45178,-2.963809,shoplifting
53.45178,-2.963809,shoplifting
53.45178,-2.963809,shoplifting
53.45178,-2.963809,shoplifting
53.45178,-2.963809,shoplifting
53.45178,-2.963809,shoplifting
53.45178,-2.963809,shoplifting
53.451248,-2.961749,shoplifting
53.451248,-2.961749,shoplifting
53.45178,-2.963809,shoplifting
53.451117,-2.897838,burglary_biz
53.44848,-2.878841,burglary_biz
53.445542,-2.96159,theft_person
53.44436,-2.963235,robbery_biz
53.442288,-2.954832,burglary_biz
53.443562,-2.911425,robbery_biz
53.447299,-2.91292,burglary_biz
53.448775,-2.90205,burglary_biz
53.442228,-2.927242,shoplifting
53.442228,-2.927242,shoplifting
53.442228,-2.927242,shoplifting
53.441144,-2.930086,robbery_biz
53.441692,-2.930068,shoplifting
53.441692,-2.930068,shoplifting
53.441692,-2.930068,shoplifting
53.441692,-2.930068,shoplifting
53.441692,-2.930068,shoplifting
53.446798,-2.91967,shoplifting
53.439525,-2.967476,burglary_biz
53.439525,-2.967476,burglary_biz
53.440333,-2.967615,burglary_biz
53.441885,-2.965753,shoplifting
53.438867,-2.971619,burglary_biz
53.438144,-2.973737,burglary_biz
53.442154,-2.972504,burglary_biz
53.437082,-2.971681,robbery_biz
53.437082,-2.971681,robbery_biz
53.438867,-2.971619,shoplifting
53.437082,-2.971681,shoplifting
53.438867,-2.971619,theft_person
53.443617,-2.901775,burglary_biz
53.440316,-2.976406,burglary_biz
53.434832,-2.973135,burglary_biz
53.433944,-2.97623,robbery_biz
53.436873,-2.97425,robbery_biz
53.43762,-2.982848,robbery_biz
53.436055,-2.970935,burglary_biz
53.432696,-2.973793,burglary_biz
53.436055,-2.970935,shoplifting
53.436055,-2.970935,shoplifting
53.436055,-2.970935,shoplifting
53.436055,-2.970935,shoplifting
53.436055,-2.970935,shoplifting
53.436055,-2.970935,shoplifting
53.435266,-2.971684,shoplifting
53.436055,-2.970935,shoplifting
53.436055,-2.970935,shoplifting
53.436055,-2.970935,shoplifting
53.436055,-2.970935,shoplifting
53.436055,-2.970935,shoplifting
53.43879,-2.988129,burglary_biz
53.432804,-2.985852,burglary_biz
53.441086,-2.984448,burglary_biz
53.425623,-2.998749,shoplifting
53.438677,-2.950039,burglary_biz
53.434398,-2.952232,robbery_biz
53.430347,-2.949658,burglary_biz
53.430347,-2.949658,burglary_biz
53.431327,-2.940528,robbery_biz
53.435927,-2.910659,burglary_biz
53.436998,-2.915198,shoplifting
53.425791,-2.874219,burglary_biz
53.43447,-2.882014,shoplifting
53.435669,-2.877899,shoplifting
53.43447,-2.882014,shoplifting
53.425423,-2.960609,burglary_biz
53.429782,-2.951812,burglary_biz
53.42856,-2.956255,burglary_biz
53.428852,-2.958956,shoplifting
53.427603,-2.956715,burglary_biz
53.435487,-2.937324,burglary_biz
53.43406,-2.937112,shoplifting
53.43406,-2.937112,shoplifting
53.42158,-2.929479,theft_person
53.425649,-2.932156,robbery_biz
53.425631,-2.934443,shoplifting
53.425661,-2.930561,robbery_biz
53.425661,-2.930561,shoplifting
53.425661,-2.930561,shoplifting
53.425661,-2.930561,shoplifting
53.425661,-2.930561,shoplifting
53.425661,-2.930561,shoplifting
53.425661,-2.930561,shoplifting
53.432849,-2.910052,burglary_biz
53.428658,-2.9197,shoplifting
53.432849,-2.910052,shoplifting
53.42609,-2.915792,shoplifting
53.420244,-2.998036,theft_person
53.425287,-2.986145,shoplifting
53.422973,-2.986663,shoplifting
53.422973,-2.986663,shoplifting
53.425771,-2.979775,shoplifting
53.419227,-2.984184,robbery_biz
53.422943,-2.979349,shoplifting
53.422943,-2.979349,shoplifting
53.422943,-2.979349,shoplifting
53.422943,-2.979349,shoplifting
53.422943,-2.979349,shoplifting
53.424611,-2.980952,shoplifting
53.422528,-2.978451,shoplifting
53.422943,-2.979349,shoplifting
53.421326,-2.982502,shoplifting
53.422943,-2.979349,shoplifting
53.422943,-2.979349,shoplifting
53.422943,-2.979349,shoplifting
53.424611,-2.980952,shoplifting
53.422315,-2.968214,shoplifting
53.422087,-2.969653,robbery_biz
53.423802,-2.977683,robbery_biz
53.412677,-2.967333,robbery_biz
53.418035,-2.977145,burglary_biz
53.418035,-2.977145,burglary_biz
53.42197,-2.977461,burglary_biz
53.415581,-2.978292,robbery_biz
53.42197,-2.977461,robbery_biz
53.42197,-2.977461,shoplifting
53.42197,-2.977461,shoplifting
53.42197,-2.977461,shoplifting
53.42197,-2.977461,shoplifting
53.422194,-2.943953,burglary_biz
53.422303,-2.942662,burglary_biz
53.423075,-2.958675,burglary_biz
53.423075,-2.958675,shoplifting
53.423075,-2.958675,shoplifting
53.423075,-2.958675,shoplifting
53.41818,-2.959317,burglary_biz
53.41996,-2.951443,burglary_biz
53.421113,-2.947736,robbery_biz
53.421113,-2.947736,theft_person
53.418829,-2.953449,theft_person
53.416194,-2.873676,burglary_biz
53.419003,-2.875539,burglary_biz
53.415026,-2.897951,shoplifting
53.417337,-2.894132,burglary_biz
53.418857,-2.891606,robbery_biz
53.418799,-2.895803,robbery_biz
53.415835,-2.922703,burglary_biz
53.413827,-2.917243,burglary_biz
53.413827,-2.917243,shoplifting
53.412563,-2.912794,shoplifting
53.413827,-2.917243,shoplifting
53.415646,-2.919329,shoplifting
53.407713,-2.92428,burglary_biz
53.414965,-2.921285,burglary_biz
53.408939,-2.923983,burglary_biz
53.410848,-2.925935,shoplifting
53.410848,-2.925935,shoplifting
53.407713,-2.92428,shoplifting
53.411069,-2.923999,shoplifting
53.408939,-2.923983,shoplifting
53.408939,-2.923983,shoplifting
53.411069,-2.923999,shoplifting
53.410848,-2.925935,shoplifting
53.410848,-2.925935,shoplifting
53.410848,-2.925935,shoplifting
53.411069,-2.923999,shoplifting
53.410848,-2.925935,shoplifting
53.410848,-2.925935,shoplifting
53.410848,-2.925935,shoplifting
53.411069,-2.923999,shoplifting
53.408939,-2.923983,shoplifting
53.410848,-2.925935,shoplifting
53.410848,-2.925935,shoplifting
53.410848,-2.925935,shoplifting
53.410848,-2.925935,shoplifting
53.410848,-2.925935,shoplifting
53.408939,-2.923983,shoplifting
53.410848,-2.925935,shoplifting
53.410848,-2.925935,shoplifting
53.408939,-2.923983,shoplifting
53.408939,-2.923983,shoplifting
53.414933,-2.921886,theft_person
53.411678,-2.941629,burglary_biz
53.411496,-2.944941,robbery_biz
53.409112,-2.939858,shoplifting
53.411496,-2.944941,shoplifting
53.411496,-2.944941,shoplifting
53.411496,-2.944941,shoplifting
53.411496,-2.944941,shoplifting
53.411496,-2.944941,shoplifting
53.411496,-2.944941,shoplifting
53.411496,-2.944941,shoplifting
53.411496,-2.944941,shoplifting
53.411496,-2.944941,shoplifting
53.411496,-2.944941,shoplifting
53.411496,-2.944941,shoplifting
53.411496,-2.944941,shoplifting
53.4087,-2.935095,shoplifting
53.412135,-2.936043,burglary_biz
53.412135,-2.936043,burglary_biz
53.410604,-2.928367,shoplifting
53.410604,-2.928367,shoplifting
53.410604,-2.928367,shoplifting
53.410604,-2.928367,shoplifting
53.410604,-2.928367,shoplifting
53.410604,-2.928367,shoplifting
53.415813,-2.944986,burglary_biz
53.423707,-2.937997,shoplifting
53.413433,-2.904146,burglary_biz
53.414558,-2.907419,shoplifting
53.421008,-2.90086,burglary_biz
53.412968,-2.912034,burglary_biz
53.41341,-2.91063,shoplifting
53.41341,-2.91063,shoplifting
53.41341,-2.91063,shoplifting
53.412968,-2.912034,shoplifting
53.41341,-2.91063,shoplifting
53.41341,-2.91063,shoplifting
53.415702,-2.947631,burglary_biz
53.416725,-2.950167,burglary_biz
53.414708,-2.951732,burglary_biz
53.414932,-2.947268,robbery_biz
53.412322,-2.947646,burglary_biz
53.412322,-2.947646,burglary_biz
53.414067,-2.943021,burglary_biz
53.412299,-2.944923,burglary_biz
53.41415,-2.943926,burglary_biz
53.413552,-2.946801,robbery_biz
53.412562,-2.944582,robbery_biz
53.412678,-2.943577,shoplifting
53.412322,-2.947646,shoplifting
53.412574,-2.94538,shoplifting
53.412678,-2.943577,shoplifting
53.412562,-2.944582,theft_person
53.412562,-2.944582,theft_person
53.398973,-2.957908,robbery_biz
53.400872,-2.965395,shoplifting
53.410621,-2.964774,burglary_biz
53.403625,-2.955079,burglary_biz
53.40373,-2.952013,burglary_biz
53.40581,-2.954978,shoplifting
53.404278,-2.945271,shoplifting
53.399771,-2.915753,burglary_biz
53.405224,-2.907928,burglary_biz
53.405224,-2.907928,robbery_biz
53.402819,-2.928513,burglary_biz
53.398969,-2.931136,burglary_biz
53.400542,-2.932329,burglary_biz
53.399163,-2.948677,burglary_biz
53.399163,-2.948677,burglary_biz
53.401166,-2.940931,robbery_biz
53.400408,-2.885967,burglary_biz
53.400408,-2.885967,burglary_biz
53.400851,-2.968012,shoplifting
53.400407,-2.96737,theft_person
53.398516,-2.963237,robbery_biz
53.398151,-2.980524,burglary_biz
53.39755,-2.979277,shoplifting
53.395832,-2.980546,burglary_biz
53.398973,-2.976768,robbery_biz
53.388539,-2.926879,burglary_biz
53.389269,-2.925466,shoplifting
53.392093,-2.935663,burglary_biz
53.393681,-2.933803,robbery_biz
53.398152,-2.927584,burglary_biz
53.396074,-2.936953,burglary_biz
53.397337,-2.935691,robbery_biz
53.397337,-2.935691,shoplifting
53.397337,-2.935691,shoplifting
53.394478,-2.935249,burglary_biz
53.398304,-2.933453,robbery_biz
53.394478,-2.935249,shoplifting
53.394478,-2.935249,shoplifting
53.392216,-2.945109,burglary_biz
53.395432,-2.946594,robbery_biz
53.397867,-2.948934,robbery_biz
53.395001,-2.949923,burglary_biz
53.397202,-2.955702,robbery_biz
53.397202,-2.955702,theft_person
53.390863,-2.858932,burglary_biz
53.392569,-2.858004,robbery_biz
53.390883,-2.859468,shoplifting
53.390863,-2.858932,shoplifting
53.390883,-2.859468,shoplifting
53.396837,-2.913915,burglary_biz
53.398082,-2.917957,shoplifting
53.389696,-2.915506,burglary_biz
53.38942,-2.91523,robbery_biz
53.387731,-2.912713,shoplifting
53.386046,-2.92257,burglary_biz
53.388028,-2.923169,burglary_biz
53.386623,-2.920026,burglary_biz
53.389134,-2.949492,robbery_biz
53.389738,-2.968346,theft_person
53.386745,-2.977119,burglary_biz
53.385432,-2.963858,burglary_biz
53.384525,-2.957162,burglary_biz
53.385432,-2.963858,shoplifting
53.385432,-2.963858,shoplifting
53.385432,-2.963858,shoplifting
53.385432,-2.963858,shoplifting
53.385432,-2.963858,shoplifting
53.385432,-2.963858,shoplifting
53.385432,-2.963858,shoplifting
53.385432,-2.963858,shoplifting
53.384794,-2.963949,shoplifting
53.385432,-2.963858,shoplifting
53.388332,-2.838176,burglary_biz
53.39063,-2.848822,burglary_biz
53.388587,-2.84403,burglary_biz
53.387232,-2.8425,robbery_biz
53.383867,-2.894814,robbery_biz
53.378594,-2.883444,robbery_biz
53.382069,-2.945015,shoplifting
53.387276,-2.929708,burglary_biz
53.385322,-2.916224,burglary_biz
53.384166,-2.906322,burglary_biz
53.384614,-2.907745,shoplifting
53.382407,-2.962241,shoplifting
53.382407,-2.962241,shoplifting
53.382407,-2.962241,shoplifting
53.380527,-2.975714,burglary_biz
53.380527,-2.975714,burglary_biz
53.381645,-2.968749,burglary_biz
53.376335,-2.85676,burglary_biz
53.376002,-2.857986,theft_person
53.381019,-2.944696,burglary_biz
53.369443,-2.937736,theft_person
53.377407,-2.947938,robbery_biz
53.378435,-2.948637,shoplifting
53.378435,-2.948637,shoplifting
53.378435,-2.948637,shoplifting
53.363079,-2.893086,burglary_biz
53.357538,-2.86316,burglary_biz
53.357538,-2.86316,shoplifting
53.357538,-2.86316,shoplifting
53.357538,-2.86316,shoplifting
53.357538,-2.86316,shoplifting
53.355003,-2.864356,shoplifting
53.355458,-2.853667,burglary_biz
53.359703,-2.855871,shoplifting
53.364291,-2.930228,robbery_biz
53.361632,-2.910982,burglary_biz
53.358458,-2.909946,shoplifting
53.353476,-2.897077,burglary_biz
53.353452,-2.899029,robbery_biz
53.353452,-2.899029,shoplifting
53.345784,-2.892018,burglary_biz
53.34716,-2.895532,shoplifting
53.34716,-2.895532,theft_person
53.349113,-2.862193,burglary_biz
53.348447,-2.859761,robbery_biz
53.349626,-2.854557,shoplifting
53.349113,-2.862193,shoplifting
53.348447,-2.859761,shoplifting
53.349626,-2.854557,shoplifting
53.349113,-2.862193,shoplifting
53.337309,-2.854927,theft_person
53.351157,-2.882606,shoplifting
53.351157,-2.882606,shoplifting
53.351157,-2.882606,shoplifting
53.351157,-2.882606,shoplifting
53.351157,-2.882606,shoplifting
53.351157,-2.882606,shoplifting
53.351157,-2.882606,shoplifting
53.351157,-2.882606,shoplifting
53.351157,-2.882606,shoplifting
53.351157,-2.882606,shoplifting
53.351157,-2.882606,shoplifting
53.351157,-2.882606,shoplifting
53.339756,-2.825268,burglary_biz
53.343832,-2.824701,burglary_biz
53.339756,-2.825268,burglary_biz
53.34087,-2.840744,burglary_biz
53.3462,-2.838251,burglary_biz
53.3462,-2.838251,burglary_biz
53.3462,-2.838251,shoplifting
53.3462,-2.838251,shoplifting
53.3462,-2.838251,shoplifting
53.3462,-2.838251,shoplifting
53.3462,-2.838251,shoplifting
53.3462,-2.838251,shoplifting
53.3462,-2.838251,shoplifting
53.346684,-2.841099,shoplifting
53.409963,-2.970581,burglary_biz
53.410408,-2.972186,robbery_biz
53.411297,-2.973379,robbery_biz
53.409929,-2.971423,shoplifting
53.409461,-2.970419,shoplifting
53.409963,-2.970581,shoplifting
53.409461,-2.970419,shoplifting
53.409461,-2.970419,shoplifting
53.409461,-2.970419,shoplifting
53.409461,-2.970419,shoplifting
53.409461,-2.970419,shoplifting
53.409461,-2.970419,shoplifting
53.413299,-2.971514,theft_person
53.405998,-2.985999,burglary_biz
53.405998,-2.985999,burglary_biz
53.407453,-2.985055,burglary_biz
53.406418,-2.988431,burglary_biz
53.40642,-2.979541,burglary_biz
53.408454,-2.984702,burglary_biz
53.407062,-2.984535,burglary_biz
53.405173,-2.983574,robbery_biz
53.405311,-2.982163,robbery_biz
53.407453,-2.985055,robbery_biz
53.405308,-2.987924,robbery_biz
53.405173,-2.983574,robbery_biz
53.405928,-2.979199,robbery_biz
53.406404,-2.980398,robbery_biz
53.405173,-2.983574,robbery_biz
53.405311,-2.982163,robbery_biz
53.408411,-2.976758,robbery_biz
53.407703,-2.977645,robbery_biz
53.405311,-2.982163,shoplifting
53.407062,-2.984535,shoplifting
53.405308,-2.987924,shoplifting
53.405418,-2.981172,shoplifting
53.406827,-2.985823,shoplifting
53.405308,-2.987924,shoplifting
53.405418,-2.981172,shoplifting
53.407062,-2.984535,shoplifting
53.405308,-2.987924,shoplifting
53.405418,-2.981172,shoplifting
53.40642,-2.979541,shoplifting
53.405311,-2.982163,shoplifting
53.406404,-2.980398,shoplifting
53.406827,-2.985823,shoplifting
53.405308,-2.987924,shoplifting
53.405998,-2.985999,shoplifting
53.405928,-2.979199,shoplifting
53.405173,-2.983574,shoplifting
53.405308,-2.987924,shoplifting
53.406827,-2.985823,shoplifting
53.40734,-2.980284,shoplifting
53.406404,-2.980398,shoplifting
53.406827,-2.985823,shoplifting
53.405928,-2.979199,shoplifting
53.405928,-2.979199,shoplifting
53.405998,-2.985999,shoplifting
53.405173,-2.983574,shoplifting
53.405173,-2.983574,shoplifting
53.406404,-2.980398,shoplifting
53.405998,-2.985999,shoplifting
53.406404,-2.980398,shoplifting
53.405308,-2.987924,shoplifting
53.407062,-2.984535,shoplifting
53.406404,-2.980398,shoplifting
53.405998,-2.985999,shoplifting
53.406827,-2.985823,shoplifting
53.405928,-2.979199,shoplifting
53.405418,-2.981172,shoplifting
53.405311,-2.982163,shoplifting
53.405308,-2.987924,shoplifting
53.405311,-2.982163,shoplifting
53.405311,-2.982163,shoplifting
53.405311,-2.982163,shoplifting
53.406061,-2.987582,shoplifting
53.405173,-2.983574,shoplifting
53.405308,-2.987924,shoplifting
53.405173,-2.983574,shoplifting
53.405308,-2.987924,shoplifting
53.406404,-2.980398,shoplifting
53.406928,-2.977808,shoplifting
53.405998,-2.985999,shoplifting
53.405418,-2.981172,shoplifting
53.405173,-2.983574,shoplifting
53.405311,-2.982163,shoplifting
53.406404,-2.980398,shoplifting
53.406061,-2.987582,shoplifting
53.406827,-2.985823,shoplifting
53.405998,-2.985999,shoplifting
53.405173,-2.983574,shoplifting
53.406827,-2.985823,shoplifting
53.405311,-2.982163,shoplifting
53.405928,-2.979199,shoplifting
53.406404,-2.980398,shoplifting
53.405418,-2.981172,shoplifting
53.406404,-2.980398,shoplifting
53.405173,-2.983574,shoplifting
53.406404,-2.980398,shoplifting
53.405173,-2.983574,shoplifting
53.405173,-2.983574,shoplifting
53.405173,-2.983574,shoplifting
53.405311,-2.982163,shoplifting
53.405998,-2.985999,shoplifting
53.405998,-2.985999,shoplifting
53.406827,-2.985823,shoplifting
53.40734,-2.980284,shoplifting
53.405308,-2.987924,shoplifting
53.405311,-2.982163,shoplifting
53.405173,-2.983574,shoplifting
53.405311,-2.982163,shoplifting
53.406404,-2.980398,shoplifting
53.405308,-2.987924,shoplifting
53.406404,-2.980398,shoplifting
53.405928,-2.979199,shoplifting
53.407972,-2.988648,shoplifting
53.405418,-2.981172,shoplifting
53.409292,-2.983398,theft_person
53.406404,-2.980398,theft_person
53.407205,-2.987848,theft_person
53.405928,-2.979199,theft_person
53.406359,-2.98694,theft_person
53.402451,-2.982247,burglary_biz
53.402999,-2.979056,burglary_biz
53.403796,-2.981662,burglary_biz
53.401889,-2.977599,robbery_biz
53.403796,-2.981662,robbery_biz
53.400136,-2.978494,robbery_biz
53.401971,-2.980567,shoplifting
53.403277,-2.982417,shoplifting
53.402999,-2.979056,theft_person
53.403061,-2.981404,theft_person
53.401681,-2.978635,theft_person
53.40307,-2.980246,theft_person
53.403796,-2.981662,theft_person
53.402999,-2.979056,theft_person
53.409765,-2.984883,burglary_biz
53.411514,-2.985254,burglary_biz
53.411514,-2.985254,burglary_biz
53.410616,-2.986332,shoplifting
53.410616,-2.986332,shoplifting
53.410616,-2.986332,shoplifting
53.410616,-2.986332,shoplifting
53.410616,-2.986332,shoplifting
53.411804,-2.987247,shoplifting
53.410616,-2.986332,shoplifting
53.410616,-2.986332,shoplifting
53.410687,-2.988635,shoplifting
53.409377,-2.984979,theft_person
53.404574,-2.974459,burglary_biz
53.402093,-2.975561,shoplifting
53.405373,-2.964595,shoplifting
53.405373,-2.964595,shoplifting
53.405373,-2.964595,shoplifting
53.402093,-2.975561,theft_person
53.402739,-2.969033,theft_person
53.401933,-2.974158,robbery_biz
53.402771,-2.975125,robbery_biz
53.401408,-2.972462,robbery_biz
53.401933,-2.974158,shoplifting
53.401933,-2.974158,shoplifting
53.401933,-2.974158,shoplifting
53.401933,-2.974158,shoplifting
53.401933,-2.974158,shoplifting
53.401933,-2.974158,shoplifting
53.401933,-2.974158,shoplifting
53.401933,-2.974158,shoplifting
53.401933,-2.974158,shoplifting
53.401933,-2.974158,shoplifting
53.401933,-2.974158,shoplifting
53.401933,-2.974158,shoplifting
53.402771,-2.975125,shoplifting
53.40222,-2.976541,theft_person
53.401412,-2.975229,theft_person
53.397435,-2.988854,burglary_biz
53.399373,-2.989336,burglary_biz
53.398744,-2.992464,shoplifting
53.403263,-2.978686,burglary_biz
53.402765,-2.983488,burglary_biz
53.403124,-2.990084,burglary_biz
53.403854,-2.981132,burglary_biz
53.4019,-2.983694,robbery_biz
53.403319,-2.986058,robbery_biz
53.403319,-2.986058,shoplifting
53.403319,-2.986058,shoplifting
53.403319,-2.986058,shoplifting
53.404497,-2.983799,shoplifting
53.404497,-2.983799,shoplifting
53.403319,-2.986058,shoplifting
53.403319,-2.986058,shoplifting
53.403851,-2.984807,shoplifting
53.404497,-2.983799,shoplifting
53.403319,-2.986058,shoplifting
53.403319,-2.986058,shoplifting
53.403319,-2.986058,shoplifting
53.403319,-2.986058,shoplifting
53.403156,-2.97745,shoplifting
53.403319,-2.986058,shoplifting
53.403319,-2.986058,shoplifting
53.403156,-2.97745,shoplifting
53.403851,-2.984807,shoplifting
53.403851,-2.984807,shoplifting
53.403319,-2.986058,shoplifting
53.403319,-2.986058,shoplifting
53.403589,-2.980529,shoplifting
53.403156,-2.97745,shoplifting
53.403319,-2.986058,shoplifting
53.404497,-2.983799,shoplifting
53.403851,-2.984807,shoplifting
53.403319,-2.986058,shoplifting
53.403319,-2.986058,shoplifting
53.403319,-2.986058,shoplifting
53.403263,-2.978686,shoplifting
53.403319,-2.986058,shoplifting
53.403319,-2.986058,shoplifting
53.403851,-2.984807,shoplifting
53.403319,-2.986058,shoplifting
53.403319,-2.986058,shoplifting
53.403319,-2.986058,shoplifting
53.40398,-2.976672,shoplifting
53.403319,-2.986058,shoplifting
53.40467,-2.97917,shoplifting
53.403319,-2.986058,shoplifting
53.403851,-2.984807,shoplifting
53.403851,-2.984807,shoplifting
53.403319,-2.986058,shoplifting
53.403319,-2.986058,shoplifting
53.403319,-2.986058,shoplifting
53.403319,-2.986058,shoplifting
53.403319,-2.986058,shoplifting
53.403319,-2.986058,shoplifting
53.403851,-2.984807,shoplifting
53.403319,-2.986058,shoplifting
53.403319,-2.986058,shoplifting
53.403851,-2.984807,shoplifting
53.404266,-2.97907,shoplifting
53.403319,-2.986058,shoplifting
53.403319,-2.986058,shoplifting
53.403319,-2.986058,shoplifting
53.403319,-2.986058,shoplifting
53.403319,-2.986058,shoplifting
53.40467,-2.97917,shoplifting
53.404266,-2.97907,shoplifting
53.403851,-2.984807,shoplifting
53.403319,-2.986058,shoplifting
53.403319,-2.986058,theft_person
53.402232,-2.987893,theft_person
53.390156,-2.980942,shoplifting
53.400355,-2.985809,burglary_biz
53.396743,-2.983409,burglary_biz
53.401826,-2.986174,shoplifting
53.401826,-2.986174,shoplifting
53.402501,-2.986024,shoplifting
53.402501,-2.986024,shoplifting
53.401826,-2.986174,shoplifting
53.402501,-2.986024,shoplifting
53.402501,-2.986024,shoplifting
53.402501,-2.986024,shoplifting
53.402501,-2.986024,shoplifting
53.416227,-2.997942,burglary_biz
53.416227,-2.997942,burglary_biz
53.414039,-2.986562,theft_person
53.409941,-2.989686,burglary_biz
53.41018,-2.986818,burglary_biz
53.410781,-2.990247,burglary_biz
53.40807,-2.996277,burglary_biz
53.411657,-2.995127,robbery_biz
53.411693,-2.99087,robbery_biz
53.411693,-2.99087,robbery_biz
53.409072,-2.99797,robbery_biz
53.409072,-2.99797,robbery_biz
53.411693,-2.99087,robbery_biz
53.409072,-2.99797,shoplifting
53.409072,-2.99797,shoplifting
53.409072,-2.99797,shoplifting
53.40807,-2.996277,shoplifting
53.409072,-2.99797,shoplifting
53.411235,-2.998306,shoplifting
53.409569,-2.998749,shoplifting
53.411235,-2.998306,shoplifting
53.409072,-2.99797,shoplifting
53.409072,-2.99797,shoplifting
53.409072,-2.99797,shoplifting
53.411235,-2.998306,shoplifting
53.40984,-2.996348,shoplifting
53.409569,-2.998749,shoplifting
53.409072,-2.99797,shoplifting
53.409569,-2.998749,shoplifting
53.40807,-2.996277,shoplifting
53.409569,-2.998749,shoplifting
53.409569,-2.998749,shoplifting
53.410915,-2.994727,theft_person
53.407829,-2.989547,robbery_biz
53.409655,-2.994824,shoplifting
53.409655,-2.994824,shoplifting
53.40587,-2.991682,shoplifting
53.407829,-2.989547,theft_person
53.405219,-2.992134,theft_person
53.406453,-2.994043,theft_person
53.40578,-2.988491,burglary_biz
53.40578,-2.988491,burglary_biz
53.404984,-2.991226,burglary_biz
53.404298,-2.995918,burglary_biz
53.406509,-2.996962,burglary_biz
53.40613,-2.990756,robbery_biz
53.404072,-2.993867,theft_person
53.404072,-2.993867,theft_person
53.570485,-3.064587,robbery_biz
53.565485,-3.078881,burglary_biz
53.560862,-3.080153,shoplifting
53.562083,-3.05417,burglary_biz
53.559869,-3.049284,burglary_biz
53.559042,-3.054412,robbery_biz
53.556396,-3.060958,burglary_biz
53.556775,-3.057634,robbery_biz
53.556775,-3.057634,shoplifting
53.557515,-3.061439,shoplifting
53.556775,-3.057634,shoplifting
53.556775,-3.057634,shoplifting
53.549689,-3.053998,shoplifting
53.549689,-3.053998,shoplifting
53.51657,-2.943698,shoplifting
53.524479,-2.938172,burglary_biz
53.522268,-2.936786,shoplifting
53.516527,-2.938901,burglary_biz
53.507595,-2.938507,robbery_biz
53.499231,-2.945936,shoplifting
53.509463,-2.949013,burglary_biz
53.515052,-2.943009,shoplifting
53.496288,-3.024815,robbery_biz
53.496288,-3.024815,robbery_biz
53.525215,-3.059816,shoplifting
53.499304,-3.003043,shoplifting
53.499304,-3.003043,shoplifting
53.491623,-2.973229,burglary_biz
53.488109,-2.992771,shoplifting
53.481586,-3.001088,shoplifting
53.487512,-3.006141,burglary_biz
53.489174,-3.005155,theft_person
53.484262,-2.993842,shoplifting
53.484468,-2.917516,burglary_biz
53.490929,-2.907241,burglary_biz
53.480843,-2.950122,shoplifting
53.480843,-2.950122,shoplifting
53.480843,-2.950122,shoplifting
53.483566,-2.947847,shoplifting
53.480843,-2.950122,shoplifting
53.490661,-2.957697,theft_person
53.48223,-3.03828,burglary_biz
53.480342,-3.042513,burglary_biz
53.478576,-3.036744,burglary_biz
53.490396,-3.026361,shoplifting
53.477106,-2.964308,burglary_biz
53.47778,-2.969989,theft_person
53.483067,-2.969561,shoplifting
53.483067,-2.969561,shoplifting
53.483067,-2.969561,shoplifting
53.488238,-2.973845,shoplifting
53.483067,-2.969561,shoplifting
53.488238,-2.973845,shoplifting
53.483067,-2.969561,shoplifting
53.474472,-3.024877,robbery_biz
53.475635,-3.023368,shoplifting
53.474472,-3.024877,shoplifting
53.475641,-3.023014,shoplifting
53.474143,-3.029675,burglary_biz
53.480013,-3.025462,burglary_biz
53.480883,-3.02363,shoplifting
53.470394,-3.006549,burglary_biz
53.471185,-3.004414,robbery_biz
53.47714,-3.000727,burglary_biz
53.478157,-2.997301,robbery_biz
53.476037,-3.005734,robbery_biz
53.477203,-3.007057,burglary_biz
53.475443,-3.006865,robbery_biz
53.474729,-3.026329,burglary_biz
53.474729,-3.026329,shoplifting
53.475576,-3.017701,burglary_biz
53.470347,-2.999287,shoplifting
53.469333,-3.000107,shoplifting
53.469333,-3.000107,shoplifting
53.47269,-2.981232,burglary_biz
53.463578,-3.006885,theft_person
53.467496,-3.002654,burglary_biz
53.466033,-2.998116,shoplifting
53.46595,-3.003703,shoplifting
53.466033,-2.998116,shoplifting
53.46469,-2.997482,burglary_biz
53.465,-2.990485,burglary_biz
53.464501,-2.995323,shoplifting
53.458285,-2.986171,burglary_biz
53.454948,-2.991097,burglary_biz
53.454099,-2.990455,burglary_biz
53.454099,-2.990455,shoplifting
53.454099,-2.990455,shoplifting
53.454099,-2.990455,shoplifting
53.454099,-2.990455,shoplifting
53.454099,-2.990455,shoplifting
53.454099,-2.990455,shoplifting
53.454099,-2.990455,shoplifting
53.454099,-2.990455,shoplifting
53.454099,-2.990455,shoplifting
53.454099,-2.990455,shoplifting
53.454099,-2.990455,shoplifting
53.454099,-2.990455,shoplifting
53.454099,-2.990455,shoplifting
53.454099,-2.990455,shoplifting
53.454099,-2.990455,shoplifting
53.454099,-2.990455,shoplifting
53.454099,-2.990455,shoplifting
53.458583,-3.005426,burglary_biz
53.459388,-2.994089,shoplifting
53.451158,-2.983808,robbery_biz
53.449003,-2.987929,theft_person
53.455004,-2.993836,shoplifting
53.455004,-2.993836,shoplifting
53.455004,-2.993836,shoplifting
53.45452,-3.005451,shoplifting
53.44983,-2.991186,burglary_biz
53.446814,-2.992802,robbery_biz
53.452052,-2.99309,shoplifting
53.451725,-2.992525,shoplifting
53.451725,-2.992525,shoplifting
53.44983,-2.991186,shoplifting
53.451725,-2.992525,shoplifting
53.4526,-2.993337,shoplifting
53.451725,-2.992525,shoplifting
53.44393,-2.998034,theft_person
53.503393,-2.789968,burglary_biz
53.472436,-2.730636,burglary_biz
53.469335,-2.773502,shoplifting
53.463871,-2.757783,burglary_biz
53.459027,-2.753495,burglary_biz
53.451243,-2.733194,burglary_biz
53.452855,-2.738582,burglary_biz
53.451243,-2.733194,burglary_biz
53.447589,-2.747013,burglary_biz
53.452855,-2.738582,robbery_biz
53.449881,-2.733998,robbery_biz
53.451206,-2.733174,shoplifting
53.451888,-2.743716,shoplifting
53.449584,-2.738435,shoplifting
53.451621,-2.744765,shoplifting
53.449584,-2.738435,shoplifting
53.449584,-2.738435,shoplifting
53.451621,-2.744765,shoplifting
53.451243,-2.733194,shoplifting
53.449584,-2.738435,shoplifting
53.451243,-2.733194,shoplifting
53.449584,-2.738435,shoplifting
53.449584,-2.738435,shoplifting
53.449584,-2.738435,shoplifting
53.451621,-2.744765,shoplifting
53.452307,-2.738593,shoplifting
53.451621,-2.744765,shoplifting
53.451621,-2.744765,shoplifting
53.450322,-2.755433,burglary_biz
53.449624,-2.752139,robbery_biz
53.450394,-2.752574,shoplifting
53.450394,-2.752574,shoplifting
53.450394,-2.752574,shoplifting
53.449624,-2.752139,shoplifting
53.450394,-2.752574,shoplifting
53.449624,-2.752139,shoplifting
53.450394,-2.752574,shoplifting
53.450394,-2.752574,shoplifting
53.45128,-2.754698,theft_person
53.454616,-2.744781,robbery_biz
53.454616,-2.744781,shoplifting
53.455521,-2.740511,shoplifting
53.455478,-2.74173,shoplifting
53.454616,-2.744781,shoplifting
53.455521,-2.740511,theft_person
53.452887,-2.746474,burglary_biz
53.453171,-2.748467,theft_person
53.458505,-2.736331,shoplifting
53.453487,-2.736666,burglary_biz
53.452631,-2.737012,shoplifting
53.452631,-2.737012,shoplifting
53.452631,-2.737012,shoplifting
53.452631,-2.737012,shoplifting
53.452631,-2.737012,shoplifting
53.452631,-2.737012,shoplifting
53.452631,-2.737012,shoplifting
53.452631,-2.737012,theft_person
53.452631,-2.737012,theft_person
53.441409,-2.76199,burglary_biz
53.444942,-2.759027,burglary_biz
53.443785,-2.761505,robbery_biz
53.443785,-2.761505,shoplifting
53.443785,-2.761505,shoplifting
53.443785,-2.761505,shoplifting
53.45764,-2.749554,burglary_biz
53.45764,-2.749554,burglary_biz
53.44139,-2.76774,burglary_biz
53.409451,-2.762366,burglary_biz
53.445356,-2.733138,robbery_biz
53.444846,-2.734192,shoplifting
53.444846,-2.734192,shoplifting
53.446193,-2.732911,shoplifting
53.446193,-2.732911,shoplifting
53.444846,-2.734192,shoplifting
53.445356,-2.733138,shoplifting
53.435771,-2.773464,burglary_biz
53.428674,-2.747359,shoplifting
53.434785,-3.035346,burglary_biz
53.440214,-3.046415,shoplifting
53.440214,-3.046415,shoplifting
53.440214,-3.046415,shoplifting
53.440214,-3.046415,shoplifting
53.440214,-3.046415,theft_person
53.439737,-3.040706,theft_person
53.422322,-3.03384,burglary_biz
53.424742,-3.041874,burglary_biz
53.421481,-3.062049,burglary_biz
53.423486,-3.046719,burglary_biz
53.419359,-3.043047,shoplifting
53.416362,-3.029708,burglary_biz
53.417753,-3.094593,robbery_biz
53.417753,-3.094593,robbery_biz
53.428192,-3.073474,burglary_biz
53.418869,-3.045357,shoplifting
53.419566,-3.04578,shoplifting
53.419566,-3.04578,shoplifting
53.419566,-3.04578,shoplifting
53.41738,-3.043981,shoplifting
53.419566,-3.04578,shoplifting
53.422583,-3.042107,burglary_biz
53.419908,-3.045714,robbery_biz
53.411754,-3.027204,burglary_biz
53.409171,-3.025517,robbery_biz
53.409117,-3.021259,robbery_biz
53.406398,-3.021795,burglary_biz
53.411885,-3.023521,burglary_biz
53.412276,-3.021876,burglary_biz
53.405823,-3.016532,robbery_biz
53.415663,-3.024214,burglary_biz
53.412734,-3.027168,shoplifting
53.403846,-3.094777,burglary_biz
53.405726,-3.111117,burglary_biz
53.398024,-3.099335,robbery_biz
53.411942,-3.045924,burglary_biz
53.401334,-3.048101,burglary_biz
53.3986,-3.048629,shoplifting
53.411751,-3.073557,shoplifting
53.408754,-3.074925,shoplifting
53.403295,-3.060137,shoplifting
53.399488,-3.101433,burglary_biz
53.401583,-3.111084,robbery_biz
53.399626,-3.11562,robbery_biz
53.401376,-3.113921,shoplifting
53.400338,-3.114375,shoplifting
53.399538,-3.058134,burglary_biz
53.389211,-3.02391,burglary_biz
53.389926,-3.028633,robbery_biz
53.388541,-3.03075,robbery_biz
53.388541,-3.03075,robbery_biz
53.390458,-3.027398,shoplifting
53.389211,-3.02391,shoplifting
53.389926,-3.028633,shoplifting
53.389926,-3.028633,shoplifting
53.388056,-3.025461,shoplifting
53.388939,-3.028429,shoplifting
53.389926,-3.028633,shoplifting
53.389466,-3.02772,shoplifting
53.38892,-3.031601,shoplifting
53.38918,-3.027593,shoplifting
53.389926,-3.028633,shoplifting
53.389211,-3.02391,shoplifting
53.389926,-3.028633,shoplifting
53.389466,-3.02772,shoplifting
53.389211,-3.02391,shoplifting
53.389926,-3.028633,shoplifting
53.389211,-3.02391,shoplifting
53.389211,-3.02391,shoplifting
53.389926,-3.028633,shoplifting
53.389926,-3.028633,shoplifting
53.388056,-3.025461,shoplifting
53.389211,-3.02391,shoplifting
53.389926,-3.028633,shoplifting
53.389926,-3.028633,shoplifting
53.389211,-3.02391,shoplifting
53.389211,-3.02391,shoplifting
53.388056,-3.025461,shoplifting
53.389926,-3.028633,shoplifting
53.388654,-3.035339,burglary_biz
53.397448,-3.035056,burglary_biz
53.395398,-3.033066,robbery_biz
53.396931,-3.030321,robbery_biz
53.396931,-3.030321,robbery_biz
53.396123,-3.016661,burglary_biz
53.395102,-3.014273,burglary_biz
53.396123,-3.016661,burglary_biz
53.390063,-3.019975,shoplifting
53.391397,-3.020639,shoplifting
53.387497,-3.097425,burglary_biz
53.385146,-3.098011,burglary_biz
53.377334,-3.100786,shoplifting
53.392778,-3.097982,shoplifting
53.38654,-3.075132,burglary_biz
53.384491,-3.072089,burglary_biz
53.379346,-3.092345,burglary_biz
53.384292,-3.041788,burglary_biz
53.386851,-3.028679,robbery_biz
53.383152,-3.028214,theft_person
53.383466,-3.027139,robbery_biz
53.383874,-3.033013,shoplifting
53.381242,-3.030799,burglary_biz
53.38786,-3.01687,burglary_biz
53.38786,-3.01687,shoplifting
53.38786,-3.01687,shoplifting
53.38786,-3.01687,shoplifting
53.379082,-3.022749,burglary_biz
53.381064,-3.024123,robbery_biz
53.381064,-3.024123,shoplifting
53.381064,-3.024123,shoplifting
53.381064,-3.024123,shoplifting
53.381064,-3.024123,shoplifting
53.381064,-3.024123,shoplifting
53.381064,-3.024123,shoplifting
53.381064,-3.024123,shoplifting
53.381064,-3.024123,shoplifting
53.381064,-3.024123,shoplifting
53.381064,-3.024123,shoplifting
53.381064,-3.024123,shoplifting
53.381064,-3.024123,shoplifting
53.381064,-3.024123,shoplifting
53.381064,-3.024123,shoplifting
53.381064,-3.024123,shoplifting
53.381064,-3.024123,shoplifting
53.381064,-3.024123,shoplifting
53.381064,-3.024123,shoplifting
53.381064,-3.024123,shoplifting
53.381064,-3.024123,shoplifting
53.381064,-3.024123,shoplifting
53.381064,-3.024123,shoplifting
53.381064,-3.024123,shoplifting
53.381064,-3.024123,shoplifting
53.381064,-3.024123,shoplifting
53.381064,-3.024123,shoplifting
53.381064,-3.024123,shoplifting
53.381064,-3.024123,shoplifting
53.381064,-3.024123,shoplifting
53.381064,-3.024123,shoplifting
53.381064,-3.024123,shoplifting
53.381064,-3.024123,shoplifting
53.381064,-3.024123,shoplifting
53.381064,-3.024123,shoplifting
53.381064,-3.024123,shoplifting
53.381064,-3.024123,shoplifting
53.381064,-3.024123,shoplifting
53.381064,-3.024123,shoplifting
53.381064,-3.024123,shoplifting
53.381064,-3.024123,shoplifting
53.381064,-3.024123,shoplifting
53.381064,-3.024123,shoplifting
53.373993,-3.037433,burglary_biz
53.384712,-3.034867,robbery_biz
53.380891,-3.038082,burglary_biz
53.373486,-3.04913,robbery_biz
53.373744,-3.047438,shoplifting
53.371965,-3.081529,burglary_biz
53.376094,-3.084723,shoplifting
53.376094,-3.084723,shoplifting
53.37017,-3.076298,shoplifting
53.369906,-3.019358,burglary_biz
53.367987,-2.996423,burglary_biz
53.368764,-2.997088,robbery_biz
53.379705,-3.01603,robbery_biz
53.378964,-3.014388,shoplifting
53.372539,-3.012026,burglary_biz
53.365563,-3.016354,burglary_biz
53.363737,-3.012268,robbery_biz
53.37104,-3.041059,burglary_biz
53.369564,-3.041294,burglary_biz
53.355567,-3.004637,shoplifting
53.360061,-2.999439,burglary_biz
53.366709,-2.995582,burglary_biz
53.360881,-2.998121,burglary_biz
53.360881,-2.998121,shoplifting
53.360506,-2.998863,shoplifting
53.357778,-3.001549,theft_person
53.365276,-3.004565,burglary_biz
53.368985,-3.006035,burglary_biz
53.368985,-3.006035,robbery_biz
53.365465,-3.002451,theft_person
53.361954,-3.017876,robbery_biz
53.354826,-3.0231,burglary_biz
53.356173,-3.025326,shoplifting
53.356173,-3.025326,shoplifting
53.356173,-3.025326,shoplifting
53.356173,-3.025326,shoplifting
53.356173,-3.025326,shoplifting
53.36601,-3.124781,burglary_biz
53.350068,-3.078556,burglary_biz
53.356285,-3.095676,burglary_biz
53.353624,-3.031184,robbery_biz
53.345853,-3.011739,shoplifting
53.340546,-2.978517,shoplifting
53.34216,-3.10386,burglary_biz
53.340573,-2.976604,shoplifting
53.340573,-2.976604,shoplifting
53.340199,-2.976532,shoplifting
53.331864,-2.978537,burglary_biz
53.330857,-2.982974,robbery_biz
53.331864,-2.978537,shoplifting
53.325955,-2.981135,burglary_biz
53.322704,-2.982944,shoplifting
53.329007,-3.074556,shoplifting
53.326326,-3.094578,shoplifting
53.319109,-2.965305,shoplifting
53.304957,-2.97348,burglary_biz
53.306059,-2.970563,robbery_biz
53.311884,-2.965022,shoplifting
53.490888,-2.870433,shoplifting
53.486442,-2.900303,shoplifting
53.486442,-2.900303,shoplifting
53.486442,-2.900303,shoplifting
53.477043,-2.872018,robbery_biz
53.482641,-2.88571,shoplifting
53.482282,-2.886788,shoplifting
53.482282,-2.886788,shoplifting
53.482689,-2.888846,shoplifting
53.482282,-2.886788,shoplifting
53.482689,-2.888846,shoplifting
53.482282,-2.886788,shoplifting
53.482282,-2.886788,shoplifting
53.482282,-2.886788,shoplifting
53.482689,-2.888846,shoplifting
53.482689,-2.888846,shoplifting
53.482282,-2.886788,shoplifting
53.482641,-2.88571,theft_person
53.482078,-2.888938,theft_person
53.482003,-2.900073,burglary_biz
53.477465,-2.898711,theft_person
53.479786,-2.905571,burglary_biz
53.481128,-2.902948,shoplifting
53.468132,-2.914497,shoplifting
53.470019,-2.91869,shoplifting
53.467241,-2.879921,burglary_biz
53.465888,-2.876911,theft_person
53.474109,-2.873766,burglary_biz
53.449986,-2.854659,shoplifting
53.473116,-2.853195,burglary_biz
53.42241,-2.802701,shoplifting
53.42241,-2.802701,shoplifting
53.42241,-2.802701,shoplifting
53.42241,-2.802701,shoplifting
53.429197,-2.805237,burglary_biz
53.426798,-2.801023,shoplifting
53.427073,-2.8016,shoplifting
53.429581,-2.802941,shoplifting
53.426798,-2.801023,shoplifting
53.426798,-2.801023,shoplifting
53.427797,-2.799492,shoplifting
53.429581,-2.802941,shoplifting
53.426798,-2.801023,shoplifting
53.426798,-2.801023,shoplifting
53.427797,-2.799492,shoplifting
53.427073,-2.8016,shoplifting
53.426798,-2.801023,shoplifting
53.426584,-2.803457,shoplifting
53.426584,-2.803457,shoplifting
53.425473,-2.798906,shoplifting
53.425473,-2.798906,shoplifting
53.426584,-2.803457,shoplifting
53.426584,-2.803457,shoplifting
53.425473,-2.798906,shoplifting
53.426584,-2.803457,shoplifting
53.425604,-2.80091,shoplifting
53.425473,-2.798906,shoplifting
53.425473,-2.798906,shoplifting
53.426584,-2.803457,shoplifting
53.426584,-2.803457,shoplifting
53.426584,-2.803457,shoplifting
53.425473,-2.798906,shoplifting
53.419492,-2.853987,shoplifting
53.422271,-2.862469,shoplifting
53.422271,-2.862469,shoplifting
53.422271,-2.862469,shoplifting
53.422271,-2.862469,shoplifting
53.422271,-2.862469,shoplifting
53.422271,-2.862469,shoplifting
53.422271,-2.862469,shoplifting
53.422271,-2.862469,shoplifting
53.422271,-2.862469,shoplifting
53.419708,-2.795337,burglary_biz
53.421867,-2.784302,shoplifting
53.421867,-2.784302,shoplifting
53.427142,-2.827126,shoplifting
53.419028,-2.845882,burglary_biz
53.413553,-2.856154,burglary_biz
53.419703,-2.849582,burglary_biz
53.413049,-2.800464,burglary_biz
53.410311,-2.787805,burglary_biz
53.411993,-2.802565,shoplifting
53.411993,-2.802565,shoplifting
53.413332,-2.885247,burglary_biz
53.409481,-2.822962,burglary_biz
53.412554,-2.836822,shoplifting
53.412356,-2.838649,shoplifting
53.412356,-2.838649,shoplifting
53.40993,-2.838739,shoplifting
53.408483,-2.859859,burglary_biz
53.409,-2.864202,burglary_biz
53.410921,-2.839433,burglary_biz
53.412755,-2.8534,burglary_biz
53.398243,-2.818035,shoplifting
53.393871,-2.751561,robbery_biz
53.36691,-2.821525,shoplifting
53.360157,-2.829764,shoplifting
53.360157,-2.829764,shoplifting
53.47078,-2.921996,burglary_biz
53.468632,-2.92769,burglary_biz
53.468969,-2.930589,burglary_biz
53.468969,-2.930589,burglary_biz
53.463684,-2.966805,burglary_biz
53.463793,-2.959954,robbery_biz
53.463793,-2.959954,shoplifting
53.462082,-2.89682,shoplifting
53.455741,-2.915823,burglary_biz
53.455741,-2.915823,shoplifting
53.467993,-2.94164,robbery_biz
53.469317,-2.938755,shoplifting
53.469317,-2.938755,shoplifting
53.469317,-2.938755,shoplifting
53.469317,-2.938755,shoplifting
53.469317,-2.938755,shoplifting
53.469317,-2.938755,shoplifting
53.454973,-2.964725,burglary_biz
53.448481,-2.967168,shoplifting
53.452686,-2.967354,shoplifting
53.452686,-2.967354,shoplifting
53.45178,-2.963809,shoplifting
53.451214,-2.963766,shoplifting
53.45178,-2.963809,shoplifting
53.45178,-2.963809,shoplifting
53.451248,-2.961749,shoplifting
53.45178,-2.963809,shoplifting
53.45178,-2.963809,shoplifting
53.45178,-2.963809,shoplifting
53.451248,-2.961749,shoplifting
53.44848,-2.878841,burglary_biz
53.4414,-2.945493,burglary_biz
53.442395,-2.939976,robbery_biz
53.442395,-2.939976,shoplifting
53.441799,-2.939345,shoplifting
53.441799,-2.939345,shoplifting
53.442395,-2.939976,shoplifting
53.442395,-2.939976,shoplifting
53.441799,-2.939345,shoplifting
53.442395,-2.939976,shoplifting
53.442395,-2.939976,theft_person
53.450583,-2.946013,robbery_biz
53.443765,-2.959006,robbery_biz
53.444661,-2.96157,robbery_biz
53.444465,-2.969064,burglary_biz
53.444747,-2.968649,burglary_biz
53.443662,-2.965011,burglary_biz
53.446465,-2.968567,robbery_biz
53.443562,-2.911425,burglary_biz
53.442228,-2.927242,shoplifting
53.442871,-2.925336,shoplifting
53.442228,-2.927242,shoplifting
53.442228,-2.927242,shoplifting
53.44037,-2.918568,robbery_biz
53.440431,-2.924666,robbery_biz
53.440467,-2.929319,robbery_biz
53.440467,-2.929319,shoplifting
53.440467,-2.929319,shoplifting
53.440467,-2.929319,shoplifting
53.441692,-2.930068,shoplifting
53.440467,-2.929319,shoplifting
53.441692,-2.930068,shoplifting
53.440467,-2.929319,shoplifting
53.446798,-2.91967,shoplifting
53.441823,-2.967859,burglary_biz
53.44285,-2.966498,robbery_biz
53.438867,-2.971619,robbery_biz
53.437786,-2.972479,robbery_biz
53.438867,-2.971619,shoplifting
53.438867,-2.971619,shoplifting
53.438867,-2.971619,shoplifting
53.438867,-2.971619,shoplifting
53.438867,-2.971619,shoplifting
53.437082,-2.971681,theft_person
53.438223,-2.871659,burglary_biz
53.438223,-2.871659,robbery_biz
53.44161,-2.980802,shoplifting
53.435266,-2.971684,burglary_biz
53.436055,-2.970935,robbery_biz
53.435456,-2.969386,robbery_biz
53.436055,-2.970935,shoplifting
53.436055,-2.970935,shoplifting
53.435266,-2.971684,shoplifting
53.436055,-2.970935,shoplifting
53.436055,-2.970935,shoplifting
53.436055,-2.970935,shoplifting
53.436055,-2.970935,shoplifting
53.436055,-2.970935,shoplifting
53.436055,-2.970935,shoplifting
53.436055,-2.970935,shoplifting
53.436055,-2.970935,shoplifting
53.436055,-2.970935,shoplifting
53.436055,-2.970935,shoplifting
53.436055,-2.970935,shoplifting
53.436055,-2.970935,shoplifting
53.436055,-2.970935,shoplifting
53.436055,-2.970935,shoplifting
53.436055,-2.970935,shoplifting
53.431609,-2.986878,burglary_biz
53.441714,-2.981241,burglary_biz
53.428622,-2.983934,burglary_biz
53.440964,-2.985048,robbery_biz
53.4383,-2.939644,robbery_biz
53.436998,-2.915198,shoplifting
53.436998,-2.915198,shoplifting
53.436998,-2.915198,shoplifting
53.429071,-2.873022,shoplifting
53.426284,-2.876817,burglary_biz
53.431267,-2.961588,theft_person
53.431267,-2.961588,theft_person
53.432125,-2.965577,burglary_biz
53.424792,-2.95751,burglary_biz
53.428852,-2.958956,robbery_biz
53.428852,-2.958956,shoplifting
53.428852,-2.958956,shoplifting
53.428852,-2.958956,shoplifting
53.426624,-2.95102,theft_person
53.43204,-2.934403,robbery_biz
53.42345,-2.935193,robbery_biz
53.42345,-2.935193,theft_person
53.430049,-2.931605,burglary_biz
53.425631,-2.934443,shoplifting
53.425661,-2.930561,shoplifting
53.425661,-2.930561,shoplifting
53.425661,-2.930561,shoplifting
53.432849,-2.910052,robbery_biz
53.432849,-2.910052,shoplifting
53.428658,-2.9197,shoplifting
53.432849,-2.910052,shoplifting
53.427475,-2.903977,robbery_biz
53.42609,-2.915792,shoplifting
53.42609,-2.915792,shoplifting
53.42609,-2.915792,shoplifting
53.42609,-2.915792,shoplifting
53.422997,-2.895771,shoplifting
53.421202,-2.989918,robbery_biz
53.42787,-2.983616,burglary_biz
53.422973,-2.986663,shoplifting
53.428337,-2.97702,burglary_biz
53.428337,-2.97702,robbery_biz
53.425771,-2.979775,shoplifting
53.425771,-2.979775,shoplifting
53.425771,-2.979775,shoplifting
53.425771,-2.979775,shoplifting
53.425771,-2.979775,shoplifting
53.425771,-2.979775,shoplifting
53.425771,-2.979775,shoplifting
53.425771,-2.979775,shoplifting
53.422633,-2.981012,burglary_biz
53.421302,-2.981027,robbery_biz
53.422943,-2.979349,shoplifting
53.422943,-2.979349,shoplifting
53.422943,-2.979349,shoplifting
53.422943,-2.979349,shoplifting
53.422943,-2.979349,shoplifting
53.424611,-2.980952,shoplifting
53.422943,-2.979349,shoplifting
53.422943,-2.979349,shoplifting
53.422943,-2.979349,shoplifting
53.422943,-2.979349,shoplifting
53.422087,-2.969653,theft_person
53.418035,-2.977145,burglary_biz
53.42197,-2.977461,shoplifting
53.42197,-2.977461,shoplifting
53.418035,-2.977145,shoplifting
53.42197,-2.977461,shoplifting
53.41054,-2.981396,theft_person
53.422394,-2.9448,burglary_biz
53.422903,-2.946392,burglary_biz
53.422903,-2.946392,burglary_biz
53.423266,-2.96178,robbery_biz
53.420484,-2.958993,robbery_biz
53.422141,-2.95745,shoplifting
53.423075,-2.958675,shoplifting
53.421934,-2.958544,shoplifting
53.413837,-2.963974,robbery_biz
53.416306,-2.953106,shoplifting
53.421113,-2.947736,theft_person
53.422103,-2.878221,burglary_biz
53.419448,-2.876165,shoplifting
53.415903,-2.920854,shoplifting
53.410742,-2.915191,robbery_biz
53.414228,-2.916515,robbery_biz
53.413827,-2.917243,shoplifting
53.414799,-2.918287,shoplifting
53.412563,-2.912794,shoplifting
53.413827,-2.917243,shoplifting
53.412563,-2.912794,shoplifting
53.414044,-2.915969,theft_person
53.410849,-2.925739,burglary_biz
53.410848,-2.925935,burglary_biz
53.408939,-2.923983,robbery_biz
53.407713,-2.92428,robbery_biz
53.408939,-2.923983,shoplifting
53.411069,-2.923999,shoplifting
53.408939,-2.923983,shoplifting
53.410848,-2.925935,shoplifting
53.410848,-2.925935,shoplifting
53.410848,-2.925935,shoplifting
53.408939,-2.923983,shoplifting
53.410848,-2.925935,shoplifting
53.411069,-2.923999,shoplifting
53.408939,-2.923983,shoplifting
53.410848,-2.925935,shoplifting
53.411069,-2.923999,shoplifting
53.410848,-2.925935,shoplifting
53.408939,-2.923983,shoplifting
53.411069,-2.923999,shoplifting
53.408939,-2.923983,shoplifting
53.408939,-2.923983,shoplifting
53.410848,-2.925935,shoplifting
53.410848,-2.925935,shoplifting
53.408939,-2.923983,shoplifting
53.408939,-2.923983,shoplifting
53.410848,-2.925935,shoplifting
53.412945,-2.940499,burglary_biz
53.411496,-2.944941,robbery_biz
53.411496,-2.944941,shoplifting
53.411496,-2.944941,shoplifting
53.411496,-2.944941,shoplifting
53.411496,-2.944941,shoplifting
53.411496,-2.944941,shoplifting
53.411496,-2.944941,shoplifting
53.411496,-2.944941,shoplifting
53.411496,-2.944941,shoplifting
53.411496,-2.944941,shoplifting
53.409112,-2.939858,shoplifting
53.411496,-2.944941,shoplifting
53.411496,-2.944941,shoplifting
53.411496,-2.944941,shoplifting
53.411496,-2.944941,shoplifting
53.4087,-2.935095,shoplifting
53.411496,-2.944941,shoplifting
53.411496,-2.944941,shoplifting
53.411496,-2.944941,shoplifting
53.409112,-2.939858,shoplifting
53.411496,-2.944941,shoplifting
53.411496,-2.944941,shoplifting
53.411496,-2.944941,shoplifting
53.411496,-2.944941,shoplifting
53.411496,-2.944941,shoplifting
53.411496,-2.944941,shoplifting
53.411496,-2.944941,shoplifting
53.411496,-2.944941,shoplifting
53.411496,-2.944941,shoplifting
53.411496,-2.944941,shoplifting
53.411496,-2.944941,shoplifting
53.4087,-2.935095,shoplifting
53.411496,-2.944941,shoplifting
53.411701,-2.938711,theft_person
53.411496,-2.944941,theft_person
53.412945,-2.940499,theft_person
53.412001,-2.937093,burglary_biz
53.410604,-2.928367,shoplifting
53.410604,-2.928367,shoplifting
53.410604,-2.928367,shoplifting
53.410604,-2.928367,shoplifting
53.410604,-2.928367,shoplifting
53.410604,-2.928367,shoplifting
53.410604,-2.928367,shoplifting
53.410604,-2.928367,shoplifting
53.410604,-2.928367,shoplifting
53.410604,-2.928367,shoplifting
53.414685,-2.94329,burglary_biz
53.41564,-2.943011,robbery_biz
53.42442,-2.941008,burglary_biz
53.422429,-2.940392,robbery_biz
53.41341,-2.91063,shoplifting
53.412968,-2.912034,shoplifting
53.41341,-2.91063,shoplifting
53.412968,-2.912034,shoplifting
53.412968,-2.912034,shoplifting
53.41341,-2.91063,shoplifting
53.41341,-2.91063,shoplifting
53.412968,-2.912034,shoplifting
53.41341,-2.91063,shoplifting
53.412968,-2.912034,theft_person
53.409992,-2.947865,burglary_biz
53.414243,-2.950217,burglary_biz
53.412322,-2.947646,burglary_biz
53.412322,-2.947646,burglary_biz
53.412574,-2.94538,shoplifting
53.412574,-2.94538,shoplifting
53.414445,-2.946294,theft_person
53.412562,-2.944582,theft_person
53.398973,-2.957908,theft_person
53.407848,-2.9642,robbery_biz
53.4105,-2.960799,robbery_biz
53.411842,-2.964967,shoplifting
53.410621,-2.964774,shoplifting
53.407428,-2.958353,robbery_biz
53.40606,-2.948364,burglary_biz
53.399771,-2.915753,robbery_biz
53.39833,-2.917346,robbery_biz
53.407141,-2.915926,burglary_biz
53.408898,-2.917649,shoplifting
53.408898,-2.917649,shoplifting
53.405224,-2.907928,robbery_biz
53.405224,-2.907928,shoplifting
53.400856,-2.931193,robbery_biz
53.400856,-2.931193,robbery_biz
53.400856,-2.931193,shoplifting
53.398078,-2.939314,burglary_biz
53.401819,-2.936854,burglary_biz
53.396899,-2.941799,burglary_biz
53.39639,-2.941382,robbery_biz
53.403838,-2.947483,robbery_biz
53.404094,-2.94808,robbery_biz
53.403838,-2.947483,shoplifting
53.398078,-2.939314,theft_person
53.397883,-2.969283,burglary_biz
53.396037,-2.969738,robbery_biz
53.391895,-2.960531,burglary_biz
53.39672,-2.963121,burglary_biz
53.395944,-2.964577,theft_person
53.394883,-2.978945,theft_person
53.391261,-2.927104,burglary_biz
53.392093,-2.935663,burglary_biz
53.392409,-2.934286,burglary_biz
53.399358,-2.927325,burglary_biz
53.394478,-2.935249,burglary_biz
53.395678,-2.935817,burglary_biz
53.395678,-2.935817,burglary_biz
53.395678,-2.935817,burglary_biz
53.395678,-2.935817,burglary_biz
53.396101,-2.932382,robbery_biz
53.394478,-2.935249,shoplifting
53.397462,-2.948985,robbery_biz
53.395432,-2.946594,robbery_biz
53.396347,-2.943396,theft_person
53.39685,-2.946851,theft_person
53.395001,-2.949923,burglary_biz
53.391977,-2.950382,robbery_biz
53.398395,-2.95033,robbery_biz
53.394474,-2.868043,burglary_biz
53.396119,-2.872889,burglary_biz
53.391772,-2.853702,burglary_biz
53.390863,-2.858932,robbery_biz
53.390528,-2.854324,robbery_biz
53.390528,-2.854324,robbery_biz
53.389532,-2.858995,shoplifting
53.389532,-2.858995,shoplifting
53.390883,-2.859468,shoplifting
53.390883,-2.859468,shoplifting
53.388666,-2.85713,shoplifting
53.390883,-2.859468,shoplifting
53.389532,-2.858995,shoplifting
53.391698,-2.850317,shoplifting
53.388394,-2.86225,burglary_biz
53.387621,-2.909523,theft_person
53.389113,-2.912998,shoplifting
53.390449,-2.917043,shoplifting
53.380551,-2.951556,robbery_biz
53.385018,-2.950483,shoplifting
53.388373,-2.946919,burglary_biz
53.391282,-2.956306,burglary_biz
53.388512,-2.965401,robbery_biz
53.385432,-2.963858,shoplifting
53.384794,-2.963949,shoplifting
53.385432,-2.963858,shoplifting
53.384794,-2.963949,shoplifting
53.384794,-2.963949,shoplifting
53.385432,-2.963858,shoplifting
53.385432,-2.963858,shoplifting
53.38388,-2.837232,burglary_biz
53.381682,-2.865602,burglary_biz
53.382163,-2.944466,burglary_biz
53.382069,-2.945015,shoplifting
53.384225,-2.915148,burglary_biz
53.386,-2.909879,shoplifting
53.382407,-2.962241,shoplifting
53.382407,-2.962241,shoplifting
53.382407,-2.962241,shoplifting
53.382407,-2.962241,shoplifting
53.382407,-2.962241,shoplifting
53.375445,-2.865476,shoplifting
53.380845,-2.946301,burglary_biz
53.380694,-2.945997,burglary_biz
53.381019,-2.944696,burglary_biz
53.378435,-2.948637,shoplifting
53.377407,-2.947938,shoplifting
53.378435,-2.948637,shoplifting
53.377407,-2.947938,shoplifting
53.378435,-2.948637,shoplifting
53.378435,-2.948637,shoplifting
53.378435,-2.948637,shoplifting
53.378435,-2.948637,shoplifting
53.378435,-2.948637,shoplifting
53.378435,-2.948637,shoplifting
53.378435,-2.948637,shoplifting
53.378435,-2.948637,shoplifting
53.378435,-2.948637,shoplifting
53.378435,-2.948637,shoplifting
53.376944,-2.946229,burglary_biz
53.373996,-2.945021,burglary_biz
53.369648,-2.92181,burglary_biz
53.373317,-2.9296,burglary_biz
53.357538,-2.86316,burglary_biz
53.357538,-2.86316,robbery_biz
53.357538,-2.86316,shoplifting
53.357538,-2.86316,shoplifting
53.360696,-2.865192,shoplifting
53.367377,-2.911917,shoplifting
53.355829,-2.903483,robbery_biz
53.35772,-2.898127,burglary_biz
53.353452,-2.899029,shoplifting
53.353452,-2.899029,shoplifting
53.353452,-2.899029,shoplifting
53.34716,-2.895532,shoplifting
53.347592,-2.893002,theft_person
53.349113,-2.862193,shoplifting
53.34354,-2.850966,robbery_biz
53.337309,-2.854927,shoplifting
53.350869,-2.88263,burglary_biz
53.351157,-2.882606,shoplifting
53.351157,-2.882606,shoplifting
53.35482,-2.891636,shoplifting
53.351157,-2.882606,shoplifting
53.35482,-2.891636,shoplifting
53.350869,-2.88263,shoplifting
53.351157,-2.882606,shoplifting
53.35482,-2.891636,shoplifting
53.350869,-2.88263,shoplifting
53.35482,-2.891636,shoplifting
53.351157,-2.882606,shoplifting
53.3462,-2.838251,shoplifting
53.3462,-2.838251,shoplifting
53.3462,-2.838251,shoplifting
53.3462,-2.838251,shoplifting
53.3462,-2.838251,shoplifting
53.3462,-2.838251,shoplifting
53.3462,-2.838251,shoplifting
53.3462,-2.838251,shoplifting
53.3462,-2.838251,shoplifting
53.344617,-2.826864,burglary_biz
53.34255,-2.835761,burglary_biz
53.339654,-2.828285,shoplifting
53.412163,-2.973038,burglary_biz
53.409461,-2.970419,robbery_biz
53.409738,-2.973855,shoplifting
53.409461,-2.970419,shoplifting
53.409461,-2.970419,shoplifting
53.409461,-2.970419,shoplifting
53.409461,-2.970419,shoplifting
53.409461,-2.970419,shoplifting
53.409461,-2.970419,shoplifting
53.409461,-2.970419,shoplifting
53.411297,-2.973379,shoplifting
53.409461,-2.970419,shoplifting
53.409461,-2.970419,shoplifting
53.409461,-2.970419,shoplifting
53.409461,-2.970419,shoplifting
53.409461,-2.970419,shoplifting
53.409461,-2.970419,shoplifting
53.409461,-2.970419,shoplifting
53.409461,-2.970419,shoplifting
53.409929,-2.971423,shoplifting
53.409929,-2.971423,shoplifting
53.409461,-2.970419,shoplifting
53.409461,-2.970419,shoplifting
53.409461,-2.970419,shoplifting
53.407841,-2.987095,burglary_biz
53.407841,-2.987095,burglary_biz
53.405308,-2.987924,burglary_biz
53.408777,-2.974871,burglary_biz
53.406418,-2.988431,burglary_biz
53.406561,-2.987562,burglary_biz
53.406418,-2.988431,burglary_biz
53.406418,-2.988431,burglary_biz
53.405311,-2.982163,robbery_biz
53.405308,-2.987924,robbery_biz
53.406404,-2.980398,robbery_biz
53.406061,-2.987582,robbery_biz
53.409292,-2.983398,robbery_biz
53.405928,-2.979199,robbery_biz
53.405173,-2.983574,robbery_biz
53.405173,-2.983574,robbery_biz
53.405173,-2.983574,robbery_biz
53.406928,-2.977808,shoplifting
53.405998,-2.985999,shoplifting
53.405998,-2.985999,shoplifting
53.406403,-2.978247,shoplifting
53.405308,-2.987924,shoplifting
53.406827,-2.985823,shoplifting
53.405928,-2.979199,shoplifting
53.406404,-2.980398,shoplifting
53.406827,-2.985823,shoplifting
53.406404,-2.980398,shoplifting
53.405998,-2.985999,shoplifting
53.405998,-2.985999,shoplifting
53.40734,-2.980284,shoplifting
53.405311,-2.982163,shoplifting
53.405928,-2.979199,shoplifting
53.40642,-2.979541,shoplifting
53.406827,-2.985823,shoplifting
53.405311,-2.982163,shoplifting
53.405308,-2.987924,shoplifting
53.405308,-2.987924,shoplifting
53.406403,-2.978247,shoplifting
53.405998,-2.985999,shoplifting
53.405928,-2.979199,shoplifting
53.405928,-2.979199,shoplifting
53.405308,-2.987924,shoplifting
53.405173,-2.983574,shoplifting
53.406403,-2.978247,shoplifting
53.406827,-2.985823,shoplifting
53.405928,-2.979199,shoplifting
53.405928,-2.979199,shoplifting
53.405173,-2.983574,shoplifting
53.405998,-2.985999,shoplifting
53.407062,-2.984535,shoplifting
53.405928,-2.979199,shoplifting
53.406561,-2.987562,shoplifting
53.405928,-2.979199,shoplifting
53.405998,-2.985999,shoplifting
53.405311,-2.982163,shoplifting
53.405173,-2.983574,shoplifting
53.405173,-2.983574,shoplifting
53.405998,-2.985999,shoplifting
53.406827,-2.985823,shoplifting
53.407062,-2.984535,shoplifting
53.405311,-2.982163,shoplifting
53.406928,-2.977808,shoplifting
53.405311,-2.982163,shoplifting
53.405173,-2.983574,shoplifting
53.405998,-2.985999,shoplifting
53.406061,-2.987582,shoplifting
53.405928,-2.979199,shoplifting
53.405308,-2.987924,shoplifting
53.405928,-2.979199,shoplifting
53.405311,-2.982163,shoplifting
53.405173,-2.983574,shoplifting
53.405998,-2.985999,shoplifting
53.405998,-2.985999,shoplifting
53.405998,-2.985999,shoplifting
53.405173,-2.983574,shoplifting
53.405311,-2.982163,shoplifting
53.407062,-2.984535,shoplifting
53.405928,-2.979199,shoplifting
53.405311,-2.982163,shoplifting
53.405173,-2.983574,shoplifting
53.405928,-2.979199,shoplifting
53.405173,-2.983574,shoplifting
53.405998,-2.985999,shoplifting
53.405308,-2.987924,shoplifting
53.405928,-2.979199,shoplifting
53.405998,-2.985999,shoplifting
53.406827,-2.985823,shoplifting
53.405418,-2.981172,shoplifting
53.405998,-2.985999,shoplifting
53.406404,-2.980398,shoplifting
53.405173,-2.983574,shoplifting
53.405173,-2.983574,shoplifting
53.405173,-2.983574,shoplifting
53.405173,-2.983574,shoplifting
53.405928,-2.979199,shoplifting
53.405173,-2.983574,shoplifting
53.405928,-2.979199,shoplifting
53.405998,-2.985999,shoplifting
53.405928,-2.979199,shoplifting
53.409292,-2.983398,theft_person
53.405308,-2.987924,theft_person
53.406404,-2.980398,theft_person
53.409292,-2.983398,theft_person
53.406404,-2.980398,theft_person
53.406404,-2.980398,theft_person
53.405308,-2.987924,theft_person
53.405308,-2.987924,theft_person
53.406435,-2.987505,theft_person
53.407062,-2.984535,theft_person
53.405173,-2.983574,theft_person
53.405928,-2.979199,theft_person
53.405998,-2.985999,theft_person
53.401889,-2.977599,burglary_biz
53.403796,-2.981662,robbery_biz
53.40307,-2.980246,robbery_biz
53.403277,-2.982417,shoplifting
53.401332,-2.978105,shoplifting
53.403277,-2.982417,shoplifting
53.402999,-2.979056,theft_person
53.403233,-2.980982,theft_person
53.401686,-2.979101,theft_person
53.403233,-2.980982,theft_person
53.40307,-2.980246,theft_person
53.403233,-2.980982,theft_person
53.403233,-2.980982,theft_person
53.401681,-2.978635,theft_person
53.40214,-2.980766,theft_person
53.401665,-2.978454,theft_person
53.403233,-2.980982,theft_person
53.403233,-2.980982,theft_person
53.403796,-2.981662,theft_person
53.402999,-2.979056,theft_person
53.401686,-2.979101,theft_person
53.402999,-2.979056,theft_person
53.401686,-2.979101,theft_person
53.40307,-2.980246,theft_person
53.40307,-2.980246,theft_person
53.402999,-2.979056,theft_person
53.410616,-2.986332,shoplifting
53.410687,-2.988635,shoplifting
53.410687,-2.988635,shoplifting
53.410616,-2.986332,shoplifting
53.409626,-2.989754,shoplifting
53.410616,-2.986332,shoplifting
53.410616,-2.986332,shoplifting
53.410616,-2.986332,shoplifting
53.402497,-2.967914,burglary_biz
53.402093,-2.975561,robbery_biz
53.405373,-2.964595,robbery_biz
53.402093,-2.975561,robbery_biz
53.405373,-2.964595,shoplifting
53.402739,-2.969033,theft_person
53.402093,-2.975561,theft_person
53.402093,-2.975561,theft_person
53.40222,-2.976541,burglary_biz
53.401933,-2.974158,shoplifting
53.401933,-2.974158,shoplifting
53.402771,-2.975125,shoplifting
53.401933,-2.974158,shoplifting
53.401933,-2.974158,shoplifting
53.40222,-2.976541,shoplifting
53.401933,-2.974158,shoplifting
53.401412,-2.975229,theft_person
53.400271,-2.976301,theft_person
53.40467,-2.97917,burglary_biz
53.403854,-2.981132,burglary_biz
53.401575,-2.99256,burglary_biz
53.404497,-2.983799,burglary_biz
53.404266,-2.97907,robbery_biz
53.403263,-2.978686,robbery_biz
53.403854,-2.981132,robbery_biz
53.403319,-2.986058,shoplifting
53.403319,-2.986058,shoplifting
53.403851,-2.984807,shoplifting
53.403851,-2.984807,shoplifting
53.403319,-2.986058,shoplifting
53.403263,-2.978686,shoplifting
53.403156,-2.97745,shoplifting
53.403319,-2.986058,shoplifting
53.403319,-2.986058,shoplifting
53.403319,-2.986058,shoplifting
53.404497,-2.983799,shoplifting
53.403319,-2.986058,shoplifting
53.403319,-2.986058,shoplifting
53.403589,-2.980529,shoplifting
53.403319,-2.986058,shoplifting
53.403589,-2.980529,shoplifting
53.403319,-2.986058,shoplifting
53.403319,-2.986058,shoplifting
53.403319,-2.986058,shoplifting
53.403319,-2.986058,shoplifting
53.403319,-2.986058,shoplifting
53.403319,-2.986058,shoplifting
53.403319,-2.986058,shoplifting
53.403156,-2.97745,shoplifting
53.403319,-2.986058,shoplifting
53.403319,-2.986058,shoplifting
53.403589,-2.980529,shoplifting
53.403319,-2.986058,shoplifting
53.403319,-2.986058,shoplifting
53.403319,-2.986058,shoplifting
53.402156,-2.983143,theft_person
53.392786,-2.978175,robbery_biz
53.390156,-2.980942,shoplifting
53.388447,-2.97567,theft_person
53.398267,-2.986031,burglary_biz
53.399345,-2.986146,shoplifting
53.395885,-2.98175,burglary_biz
53.401353,-2.986794,robbery_biz
53.402434,-2.985406,robbery_biz
53.402501,-2.986024,shoplifting
53.402501,-2.986024,shoplifting
53.402501,-2.986024,shoplifting
53.402501,-2.986024,shoplifting
53.402501,-2.986024,shoplifting
53.402501,-2.986024,shoplifting
53.402434,-2.985406,theft_person
53.416227,-2.997942,burglary_biz
53.414805,-2.999233,shoplifting
53.410781,-2.990247,robbery_biz
53.409569,-2.998749,shoplifting
53.409072,-2.99797,shoplifting
53.40807,-2.996277,shoplifting
53.40807,-2.996277,shoplifting
53.409072,-2.99797,shoplifting
53.409072,-2.99797,shoplifting
53.409569,-2.998749,shoplifting
53.409072,-2.99797,shoplifting
53.409569,-2.998749,shoplifting
53.412471,-2.993536,shoplifting
53.409072,-2.99797,shoplifting
53.409072,-2.99797,shoplifting
53.411693,-2.99087,theft_person
53.412471,-2.993536,theft_person
53.409534,-2.993152,burglary_biz
53.409655,-2.994824,burglary_biz
53.407117,-2.99302,burglary_biz
53.408747,-2.993765,burglary_biz
53.407182,-2.992826,robbery_biz
53.406872,-2.990066,robbery_biz
53.407117,-2.99302,theft_person
53.406872,-2.990066,theft_person
53.405839,-2.988929,burglary_biz
53.404298,-2.995918,robbery_biz
53.405839,-2.988929,shoplifting
53.406159,-2.993735,theft_person
53.565341,-3.078863,burglary_biz
53.557515,-3.061439,burglary_biz
53.557515,-3.061439,shoplifting
53.557515,-3.061439,shoplifting
53.557515,-3.061439,shoplifting
53.557515,-3.061439,shoplifting
53.557515,-3.061439,shoplifting
53.557515,-3.061439,shoplifting
53.545825,-3.082969,burglary_biz
53.552442,-3.08584,robbery_biz
53.554473,-3.056819,shoplifting
53.554473,-3.056819,shoplifting
53.554473,-3.056819,shoplifting
53.554473,-3.056819,shoplifting
53.554473,-3.056819,shoplifting
53.554473,-3.056819,shoplifting
53.554473,-3.056819,shoplifting
53.554473,-3.056819,shoplifting
53.549689,-3.053998,shoplifting
53.53221,-2.953943,burglary_biz
53.532018,-2.953259,robbery_biz
53.51993,-2.944994,robbery_biz
53.520125,-2.946476,robbery_biz
53.51657,-2.943698,theft_person
53.505907,-2.93939,burglary_biz
53.513423,-2.94388,shoplifting
53.515052,-2.943009,shoplifting
53.524214,-3.058102,burglary_biz
53.525215,-3.059816,shoplifting
53.525215,-3.059816,shoplifting
53.499304,-3.003043,shoplifting
53.499304,-3.003043,shoplifting
53.499304,-3.003043,shoplifting
53.499304,-3.003043,shoplifting
53.499304,-3.003043,shoplifting
53.499304,-3.003043,shoplifting
53.499304,-3.003043,shoplifting
53.499304,-3.003043,shoplifting
53.499304,-3.003043,shoplifting
53.499304,-3.003043,shoplifting
53.499304,-3.003043,shoplifting
53.499304,-3.003043,shoplifting
53.499304,-3.003043,shoplifting
53.499304,-3.003043,shoplifting
53.499304,-3.003043,shoplifting
53.499304,-3.003043,shoplifting
53.491562,-2.950433,shoplifting
53.491562,-2.950433,shoplifting
53.491562,-2.950433,shoplifting
53.491562,-2.950433,shoplifting
53.491562,-2.950433,shoplifting
53.493094,-3.054131,burglary_biz
53.499203,-3.042252,burglary_biz
53.488288,-3.031058,shoplifting
53.496861,-3.035487,burglary_biz
53.495659,-3.031131,burglary_biz
53.496456,-3.032507,burglary_biz
53.496456,-3.032507,burglary_biz
53.482532,-2.996544,robbery_biz
53.484498,-2.992476,burglary_biz
53.487379,-2.98974,burglary_biz
53.484262,-2.993842,shoplifting
53.491273,-3.012138,robbery_biz
53.49245,-3.023788,shoplifting
53.484346,-3.012757,burglary_biz
53.49538,-2.923359,burglary_biz
53.481199,-2.934609,burglary_biz
53.479188,-2.950236,shoplifting
53.480843,-2.950122,shoplifting
53.483566,-2.947847,shoplifting
53.479188,-2.950236,shoplifting
53.480843,-2.950122,shoplifting
53.480843,-2.950122,shoplifting
53.479188,-2.950236,shoplifting
53.485733,-2.948936,shoplifting
53.479188,-2.950236,shoplifting
53.485733,-2.948936,shoplifting
53.480843,-2.950122,theft_person
53.474632,-2.957863,shoplifting
53.474632,-2.957863,shoplifting
53.492852,-2.957988,burglary_biz
53.490043,-2.958527,shoplifting
53.489676,-3.044129,burglary_biz
53.478272,-2.964636,robbery_biz
53.479063,-2.966944,burglary_biz
53.484119,-2.976312,burglary_biz
53.487879,-2.967099,burglary_biz
53.487879,-2.967099,burglary_biz
53.489064,-2.968468,robbery_biz
53.483067,-2.969561,robbery_biz
53.483067,-2.969561,shoplifting
53.485661,-2.964439,shoplifting
53.488238,-2.973845,shoplifting
53.488238,-2.973845,shoplifting
53.488238,-2.973845,shoplifting
53.475635,-3.023368,burglary_biz
53.474472,-3.024877,shoplifting
53.474298,-3.028338,burglary_biz
53.473585,-3.026603,burglary_biz
53.473585,-3.026603,burglary_biz
53.473585,-3.026603,burglary_biz
53.473585,-3.026603,burglary_biz
53.474729,-3.026329,shoplifting
53.469534,-3.005158,robbery_biz
53.47271,-2.978747,burglary_biz
53.460042,-3.007208,burglary_biz
53.464516,-3.010673,burglary_biz
53.465697,-3.004932,robbery_biz
53.466933,-2.999131,burglary_biz
53.46595,-3.003703,shoplifting
53.46595,-3.003703,shoplifting
53.46595,-3.003703,shoplifting
53.46595,-3.003703,shoplifting
53.46595,-3.003703,shoplifting
53.46595,-3.003703,shoplifting
53.46595,-3.003703,shoplifting
53.46595,-3.003703,shoplifting
53.46595,-3.003703,shoplifting
53.46595,-3.003703,shoplifting
53.46595,-3.003703,shoplifting
53.462913,-3.001402,robbery_biz
53.461198,-2.982895,shoplifting
53.466344,-2.978962,robbery_biz
53.453555,-2.988532,burglary_biz
53.454948,-2.991097,burglary_biz
53.454099,-2.990455,shoplifting
53.454099,-2.990455,shoplifting
53.454099,-2.990455,shoplifting
53.454099,-2.990455,shoplifting
53.454099,-2.990455,shoplifting
53.454099,-2.990455,shoplifting
53.454099,-2.990455,shoplifting
53.454099,-2.990455,shoplifting
53.454099,-2.990455,shoplifting
53.458583,-3.005426,burglary_biz
53.458621,-3.000864,robbery_biz
53.46198,-2.996921,burglary_biz
53.449568,-2.985909,robbery_biz
53.451637,-2.990098,shoplifting
53.452187,-2.99599,shoplifting
53.455004,-2.993836,shoplifting
53.455004,-2.993836,shoplifting
53.455004,-2.993836,shoplifting
53.455004,-2.993836,shoplifting
53.452187,-2.99599,shoplifting
53.455004,-2.993836,shoplifting
53.455054,-3.004952,burglary_biz
53.4526,-2.993337,burglary_biz
53.446607,-2.990719,burglary_biz
53.446814,-2.992802,burglary_biz
53.451725,-2.992525,burglary_biz
53.4526,-2.993337,shoplifting
53.451725,-2.992525,shoplifting
53.451725,-2.992525,shoplifting
53.4526,-2.993337,shoplifting
53.451725,-2.992525,shoplifting
53.451725,-2.992525,shoplifting
53.451725,-2.992525,shoplifting
53.451725,-2.992525,shoplifting
53.451725,-2.992525,shoplifting
53.451725,-2.992525,shoplifting
53.452052,-2.99309,shoplifting
53.442991,-2.998569,burglary_biz
53.441452,-2.989048,burglary_biz
53.443199,-2.987583,shoplifting
53.454877,-2.984135,burglary_biz
53.451105,-2.774933,robbery_biz
53.451137,-2.738673,burglary_biz
53.450553,-2.74297,burglary_biz
53.451621,-2.744765,shoplifting
53.451621,-2.744765,shoplifting
53.450553,-2.74297,shoplifting
53.451621,-2.744765,shoplifting
53.451621,-2.744765,shoplifting
53.450553,-2.74297,shoplifting
53.451621,-2.744765,shoplifting
53.449584,-2.738435,shoplifting
53.451621,-2.744765,shoplifting
53.451621,-2.744765,shoplifting
53.449584,-2.738435,shoplifting
53.451621,-2.744765,shoplifting
53.449584,-2.738435,shoplifting
53.450553,-2.74297,shoplifting
53.451206,-2.733174,shoplifting
53.449584,-2.738435,shoplifting
53.451243,-2.733194,theft_person
53.450394,-2.752574,shoplifting
53.450394,-2.752574,shoplifting
53.450394,-2.752574,shoplifting
53.450394,-2.752574,shoplifting
53.449624,-2.752139,shoplifting
53.450773,-2.746693,theft_person
53.456852,-2.743336,burglary_biz
53.454616,-2.744781,shoplifting
53.454616,-2.744781,shoplifting
53.454616,-2.744781,shoplifting
53.454441,-2.739303,theft_person
53.454441,-2.739303,theft_person
53.454441,-2.739303,theft_person
53.453148,-2.754926,robbery_biz
53.459859,-2.735376,burglary_biz
53.459859,-2.735376,burglary_biz
53.461106,-2.740051,theft_person
53.453796,-2.730301,burglary_biz
53.452631,-2.737012,robbery_biz
53.452477,-2.734224,shoplifting
53.452631,-2.737012,shoplifting
53.452631,-2.737012,shoplifting
53.452631,-2.737012,shoplifting
53.452631,-2.737012,theft_person
53.450969,-2.759827,burglary_biz
53.44539,-2.755,burglary_biz
53.44539,-2.755,burglary_biz
53.443785,-2.761505,shoplifting
53.443785,-2.761505,shoplifting
53.45764,-2.749554,burglary_biz
53.456602,-2.763105,burglary_biz
53.453676,-2.765206,burglary_biz
53.450608,-2.784982,burglary_biz
53.435251,-2.784263,burglary_biz
53.424125,-2.771628,burglary_biz
53.417014,-2.766112,burglary_biz
53.418435,-2.771645,shoplifting
53.418193,-2.775583,shoplifting
53.438353,-2.75909,burglary_biz
53.43595,-2.762389,burglary_biz
53.435636,-2.757246,shoplifting
53.435105,-2.748149,burglary_biz
53.435943,-2.746403,burglary_biz
53.433359,-2.74288,burglary_biz
53.425898,-2.74427,shoplifting
53.425898,-2.74427,shoplifting
53.446193,-2.732911,robbery_biz
53.444846,-2.734192,shoplifting
53.444846,-2.734192,shoplifting
53.445356,-2.733138,shoplifting
53.444527,-2.73636,shoplifting
53.444527,-2.73636,shoplifting
53.444846,-2.734192,shoplifting
53.446193,-2.732911,shoplifting
53.446193,-2.732911,shoplifting
53.446193,-2.732911,shoplifting
53.438994,-2.735632,theft_person
53.438994,-2.735632,theft_person
53.438994,-2.735632,theft_person
53.438994,-2.735632,theft_person
53.438994,-2.735632,theft_person
53.438994,-2.735632,theft_person
53.438994,-2.735632,theft_person
53.438994,-2.735632,theft_person
53.438994,-2.735632,theft_person
53.438994,-2.735632,theft_person
53.438994,-2.735632,theft_person
53.438994,-2.735632,theft_person
53.429084,-2.753672,theft_person
53.429084,-2.753672,theft_person
53.431776,-3.045433,burglary_biz
53.440214,-3.046415,robbery_biz
53.440214,-3.046415,robbery_biz
53.440214,-3.046415,robbery_biz
53.440214,-3.046415,shoplifting
53.440214,-3.046415,shoplifting
53.440214,-3.046415,shoplifting
53.440214,-3.046415,shoplifting
53.43956,-3.041364,robbery_biz
53.423433,-3.035251,burglary_biz
53.42892,-3.058397,burglary_biz
53.426865,-3.049933,robbery_biz
53.423441,-3.048765,burglary_biz
53.419359,-3.043047,shoplifting
53.416362,-3.029708,robbery_biz
53.417907,-3.09255,burglary_biz
53.414506,-3.03535,burglary_biz
53.410752,-3.030881,burglary_biz
53.411565,-3.031427,burglary_biz
53.407535,-3.02444,burglary_biz
53.415462,-3.025608,burglary_biz
53.412218,-3.0255,burglary_biz
53.41363,-3.026542,robbery_biz
53.41192,-3.023643,robbery_biz
53.404048,-3.099296,shoplifting
53.404048,-3.099296,shoplifting
53.409051,-3.09962,burglary_biz
53.401021,-3.098946,robbery_biz
53.410484,-3.049258,burglary_biz
53.412682,-3.036344,shoplifting
53.411751,-3.073557,shoplifting
53.411751,-3.073557,shoplifting
53.411751,-3.073557,shoplifting
53.408035,-3.07036,shoplifting
53.411751,-3.073557,shoplifting
53.403295,-3.060137,shoplifting
53.403295,-3.060137,shoplifting
53.403295,-3.060137,shoplifting
53.401583,-3.111084,shoplifting
53.402135,-3.114483,burglary_biz
53.400338,-3.114375,shoplifting
53.401376,-3.113921,shoplifting
53.401376,-3.113921,shoplifting
53.410721,-3.118212,shoplifting
53.400211,-3.129879,burglary_biz
53.394932,-3.057538,burglary_biz
53.394932,-3.057538,shoplifting
53.39816,-3.078433,burglary_biz
53.386319,-3.066797,burglary_biz
53.38892,-3.031601,burglary_biz
53.389211,-3.02391,burglary_biz
53.389551,-3.031451,burglary_biz
53.38892,-3.031601,shoplifting
53.389211,-3.02391,shoplifting
53.389211,-3.02391,shoplifting
53.388939,-3.028429,shoplifting
53.390059,-3.027704,shoplifting
53.389398,-3.030455,shoplifting
53.389926,-3.028633,shoplifting
53.388541,-3.03075,shoplifting
53.388939,-3.028429,shoplifting
53.389926,-3.028633,shoplifting
53.389926,-3.028633,shoplifting
53.38892,-3.031601,shoplifting
53.390059,-3.027704,shoplifting
53.389211,-3.02391,shoplifting
53.389211,-3.02391,shoplifting
53.387916,-3.032314,burglary_biz
53.388426,-3.031589,robbery_biz
53.387916,-3.032314,robbery_biz
53.395983,-3.024568,burglary_biz
53.397916,-3.025638,shoplifting
53.393083,-3.022093,theft_person
53.392437,-3.018754,burglary_biz
53.391397,-3.020639,robbery_biz
53.390063,-3.019975,shoplifting
53.390063,-3.019975,shoplifting
53.391397,-3.020639,shoplifting
53.391397,-3.020639,shoplifting
53.392905,-3.017682,theft_person
53.39058,-3.108226,robbery_biz
53.384265,-3.098981,burglary_biz
53.383536,-3.099037,shoplifting
53.379956,-3.102858,shoplifting
53.379956,-3.102858,shoplifting
53.392778,-3.097982,shoplifting
53.38955,-3.078276,shoplifting
53.388492,-3.053096,burglary_biz
53.386851,-3.028679,burglary_biz
53.384851,-3.02612,burglary_biz
53.381064,-3.024123,robbery_biz
53.381064,-3.024123,shoplifting
53.381064,-3.024123,shoplifting
53.381064,-3.024123,shoplifting
53.381064,-3.024123,shoplifting
53.381064,-3.024123,shoplifting
53.381064,-3.024123,shoplifting
53.381064,-3.024123,shoplifting
53.381064,-3.024123,shoplifting
53.381064,-3.024123,shoplifting
53.381064,-3.024123,shoplifting
53.381064,-3.024123,shoplifting
53.381064,-3.024123,shoplifting
53.381064,-3.024123,shoplifting
53.381064,-3.024123,shoplifting
53.381064,-3.024123,shoplifting
53.375653,-3.032633,shoplifting
53.385413,-3.034899,burglary_biz
53.385413,-3.034899,robbery_biz
53.385413,-3.034899,shoplifting
53.385413,-3.034899,shoplifting
53.374509,-3.121517,burglary_biz
53.369247,-3.095723,theft_person
53.379192,-3.086568,burglary_biz
53.376094,-3.084723,shoplifting
53.376094,-3.084723,shoplifting
53.376094,-3.084723,shoplifting
53.376094,-3.084723,shoplifting
53.37467,-3.080651,burglary_biz
53.37017,-3.076298,shoplifting
53.3719,-3.002602,burglary_biz
53.374842,-3.015042,shoplifting
53.374842,-3.015042,shoplifting
53.374842,-3.015042,shoplifting
53.374842,-3.015042,shoplifting
53.374842,-3.015042,shoplifting
53.374842,-3.015042,shoplifting
53.374842,-3.015042,shoplifting
53.374842,-3.015042,shoplifting
53.372214,-3.011192,burglary_biz
53.37469,-3.007492,burglary_biz
53.376118,-3.017162,burglary_biz
53.372108,-3.024566,burglary_biz
53.372587,-3.019122,burglary_biz
53.373508,-3.024946,shoplifting
53.36685,-3.021404,burglary_biz
53.367054,-3.015413,burglary_biz
53.367536,-3.000861,robbery_biz
53.35944,-3.016509,burglary_biz
53.358471,-3.017312,robbery_biz
53.356173,-3.025326,shoplifting
53.356173,-3.025326,shoplifting
53.356173,-3.025326,shoplifting
53.356173,-3.025326,shoplifting
53.356996,-3.117917,burglary_biz
53.347592,-3.118061,burglary_biz
53.354003,-3.10047,burglary_biz
53.35062,-3.024051,shoplifting
53.34756,-2.984981,shoplifting
53.341075,-2.977456,shoplifting
53.340546,-2.978517,shoplifting
53.340546,-2.978517,shoplifting
53.353159,-3.003514,theft_person
53.328531,-3.099184,shoplifting
53.328531,-3.099184,shoplifting
53.334733,-3.098217,shoplifting
53.341004,-3.107315,burglary_biz
53.331287,-2.976617,burglary_biz
53.340199,-2.976532,shoplifting
53.340199,-2.976532,shoplifting
53.340199,-2.976532,shoplifting
53.333471,-2.98431,burglary_biz
53.331864,-2.978537,shoplifting
53.326369,-2.982255,burglary_biz
53.325312,-2.986105,burglary_biz
53.322704,-2.982944,shoplifting
53.322704,-2.982944,shoplifting
53.329007,-3.074556,shoplifting
53.327806,-3.088009,burglary_biz
53.318379,-3.10143,robbery_biz
53.316626,-2.962202,burglary_biz
53.317347,-2.969694,burglary_biz
53.317271,-2.964708,robbery_biz
53.311884,-2.965022,shoplifting
53.477043,-2.872018,robbery_biz
53.482895,-2.884148,robbery_biz
53.482282,-2.886788,shoplifting
53.482282,-2.886788,shoplifting
53.482689,-2.888846,shoplifting
53.482282,-2.886788,shoplifting
53.482689,-2.888846,shoplifting
53.477294,-2.897532,burglary_biz
53.465888,-2.876911,burglary_biz
53.472774,-2.869414,shoplifting
53.451638,-2.851168,burglary_biz
53.449986,-2.854659,shoplifting
53.479851,-2.860352,burglary_biz
53.479851,-2.860352,burglary_biz
53.477579,-2.857534,burglary_biz
53.433132,-2.859709,burglary_biz
53.434804,-2.867149,shoplifting
53.431559,-2.850962,robbery_biz
53.422286,-2.79695,burglary_biz
53.42241,-2.802701,shoplifting
53.42241,-2.802701,shoplifting
53.42241,-2.802701,shoplifting
53.429591,-2.801467,burglary_biz
53.427874,-2.797521,burglary_biz
53.426798,-2.801023,shoplifting
53.427797,-2.799492,shoplifting
53.427073,-2.8016,shoplifting
53.429581,-2.802941,shoplifting
53.426798,-2.801023,shoplifting
53.426798,-2.801023,shoplifting
53.426798,-2.801023,shoplifting
53.426798,-2.801023,shoplifting
53.426798,-2.801023,shoplifting
53.429197,-2.805237,shoplifting
53.427073,-2.8016,shoplifting
53.426798,-2.801023,shoplifting
53.426798,-2.801023,shoplifting
53.427073,-2.8016,shoplifting
53.426798,-2.801023,shoplifting
53.426798,-2.801023,shoplifting
53.426798,-2.801023,shoplifting
53.425604,-2.80091,shoplifting
53.426584,-2.803457,shoplifting
53.425473,-2.798906,shoplifting
53.426584,-2.803457,shoplifting
53.426584,-2.803457,shoplifting
53.426584,-2.803457,shoplifting
53.426584,-2.803457,shoplifting
53.421043,-2.85957,robbery_biz
53.420099,-2.863313,shoplifting
53.420099,-2.863313,shoplifting
53.422183,-2.867253,burglary_biz
53.422271,-2.862469,burglary_biz
53.418661,-2.78793,burglary_biz
53.418661,-2.78793,burglary_biz
53.423057,-2.789185,shoplifting
53.42158,-2.789549,shoplifting
53.42407,-2.837119,shoplifting
53.418372,-2.858478,burglary_biz
53.414458,-2.851463,burglary_biz
53.41813,-2.853433,robbery_biz
53.409314,-2.789066,burglary_biz
53.408838,-2.870426,burglary_biz
53.408957,-2.884855,burglary_biz
53.413332,-2.885247,burglary_biz
53.414954,-2.884634,burglary_biz
53.409395,-2.820974,burglary_biz
53.408895,-2.81925,robbery_biz
53.406879,-2.835096,burglary_biz
53.40346,-2.82793,robbery_biz
53.412356,-2.838649,shoplifting
53.412554,-2.836822,shoplifting
53.412554,-2.836822,shoplifting
53.412554,-2.836822,shoplifting
53.412554,-2.836822,shoplifting
53.412554,-2.836822,shoplifting
53.412554,-2.836822,shoplifting
53.412554,-2.836822,shoplifting
53.412554,-2.836822,shoplifting
53.412356,-2.838649,shoplifting
53.408724,-2.856373,burglary_biz
53.410921,-2.839433,burglary_biz
53.412734,-2.851173,burglary_biz
53.411609,-2.851452,burglary_biz
53.410921,-2.839433,shoplifting
53.410921,-2.839433,shoplifting
53.409158,-2.842121,shoplifting
53.409158,-2.842121,shoplifting
53.382359,-2.783215,burglary_biz
53.36691,-2.821525,burglary_biz
53.366994,-2.827673,robbery_biz
53.365954,-2.828494,robbery_biz
53.36691,-2.821525,shoplifting
53.363385,-2.830849,burglary_biz
53.360157,-2.829764,robbery_biz
53.362063,-2.830973,robbery_biz
53.360157,-2.829764,robbery_biz
53.360712,-2.830046,shoplifting
53.360712,-2.830046,shoplifting
53.361886,-2.824028,shoplifting
53.468632,-2.92769,burglary_biz
53.468632,-2.92769,shoplifting
53.456818,-2.922266,burglary_biz
53.456818,-2.922266,burglary_biz
53.456818,-2.922266,burglary_biz
53.467796,-2.955118,burglary_biz
53.467831,-2.95753,robbery_biz
53.467831,-2.95753,robbery_biz
53.464196,-2.955685,burglary_biz
53.463574,-2.957012,robbery_biz
53.464196,-2.955685,shoplifting
53.463601,-2.9637,burglary_biz
53.456933,-2.96239,robbery_biz
53.462082,-2.89682,shoplifting
53.462082,-2.89682,shoplifting
53.452803,-2.905419,burglary_biz
53.455741,-2.915823,robbery_biz
53.455741,-2.915823,shoplifting
53.465716,-2.90003,shoplifting
53.469317,-2.938755,shoplifting
53.469317,-2.938755,shoplifting
53.463512,-2.928406,burglary_biz
53.451031,-2.931296,burglary_biz
53.4562,-2.961831,theft_person
53.456899,-2.955401,robbery_biz
53.452686,-2.967354,shoplifting
53.449962,-2.965153,burglary_biz
53.453877,-2.962351,burglary_biz
53.451248,-2.961749,robbery_biz
53.453877,-2.962351,robbery_biz
53.45178,-2.963809,shoplifting
53.44848,-2.878841,robbery_biz
53.446602,-2.942492,burglary_biz
53.442395,-2.939976,robbery_biz
53.441799,-2.939345,shoplifting
53.452607,-2.933243,burglary_biz
53.451373,-2.935882,robbery_biz
53.452301,-2.951503,burglary_biz
53.453986,-2.952143,burglary_biz
53.451924,-2.941209,burglary_biz
53.451172,-2.947623,robbery_biz
53.447359,-2.953061,robbery_biz
53.446465,-2.968567,burglary_biz
53.445558,-2.968471,burglary_biz
53.446465,-2.968567,robbery_biz
53.446465,-2.968567,shoplifting
53.446465,-2.968567,shoplifting
53.444962,-2.909287,burglary_biz
53.441059,-2.921368,burglary_biz
53.442228,-2.927242,shoplifting
53.441692,-2.930068,robbery_biz
53.440467,-2.929319,shoplifting
53.440467,-2.929319,shoplifting
53.441692,-2.930068,shoplifting
53.441692,-2.930068,shoplifting
53.441692,-2.930068,shoplifting
53.441692,-2.930068,shoplifting
53.440467,-2.929319,shoplifting
53.446798,-2.91967,shoplifting
53.441904,-2.970165,burglary_biz
53.441823,-2.967859,burglary_biz
53.442101,-2.969085,shoplifting
53.442101,-2.969085,shoplifting
53.437836,-2.967362,burglary_biz
53.437678,-2.966907,robbery_biz
53.439779,-2.962755,robbery_biz
53.437082,-2.971681,robbery_biz
53.437082,-2.971681,robbery_biz
53.439203,-2.971819,shoplifting
53.438867,-2.971619,shoplifting
53.440891,-2.970834,shoplifting
53.439203,-2.971819,shoplifting
53.438867,-2.971619,shoplifting
53.440891,-2.970834,shoplifting
53.434494,-2.892129,burglary_biz
53.435449,-2.8895,shoplifting
53.442515,-2.977917,robbery_biz
53.438009,-2.974893,burglary_biz
53.434962,-2.975967,burglary_biz
53.439119,-2.975491,robbery_biz
53.439119,-2.975491,robbery_biz
53.439427,-2.972893,robbery_biz
53.434867,-2.98313,burglary_biz
53.436638,-2.968795,burglary_biz
53.430871,-2.973842,robbery_biz
53.436055,-2.970935,shoplifting
53.436055,-2.970935,shoplifting
53.436055,-2.970935,shoplifting
53.436055,-2.970935,shoplifting
53.436055,-2.970935,shoplifting
53.436055,-2.970935,shoplifting
53.427131,-2.987121,burglary_biz
53.43879,-2.988129,burglary_biz
53.43879,-2.988129,burglary_biz
53.439335,-2.989677,burglary_biz
53.433113,-2.986567,burglary_biz
53.425623,-2.998749,theft_person
53.425623,-2.998749,theft_person
53.425623,-2.998749,theft_person
53.438677,-2.950039,robbery_biz
53.430008,-2.949349,burglary_biz
53.432092,-2.946084,burglary_biz
53.431962,-2.943176,burglary_biz
53.433374,-2.928201,burglary_biz
53.433574,-2.930267,burglary_biz
53.427988,-2.924938,burglary_biz
53.42779,-2.922691,burglary_biz
53.429645,-2.922189,burglary_biz
53.42813,-2.924008,burglary_biz
53.42813,-2.924008,burglary_biz
53.431367,-2.923852,robbery_biz
53.436998,-2.915198,shoplifting
53.433354,-2.910966,burglary_biz
53.432145,-2.963154,burglary_biz
53.424936,-2.955256,burglary_biz
53.424936,-2.955256,robbery_biz
53.427207,-2.95785,shoplifting
53.430724,-2.955356,burglary_biz
53.42856,-2.956255,burglary_biz
53.428852,-2.958956,shoplifting
53.428852,-2.958956,shoplifting
53.428705,-2.94929,burglary_biz
53.428367,-2.935135,robbery_biz
53.430036,-2.933185,shoplifting
53.43003,-2.930506,shoplifting
53.425631,-2.934443,shoplifting
53.425661,-2.930561,shoplifting
53.425661,-2.930561,shoplifting
53.425661,-2.930561,shoplifting
53.425661,-2.930561,shoplifting
53.428346,-2.928603,shoplifting
53.424033,-2.901436,burglary_biz
53.42609,-2.915792,shoplifting
53.42609,-2.915792,shoplifting
53.42609,-2.915792,shoplifting
53.432092,-2.892395,burglary_biz
53.429836,-2.897224,burglary_biz
53.419777,-2.994805,burglary_biz
53.418837,-2.992165,robbery_biz
53.418272,-2.989819,shoplifting
53.427191,-2.98205,burglary_biz
53.425771,-2.979775,shoplifting
53.425771,-2.979775,shoplifting
53.422943,-2.979349,shoplifting
53.422943,-2.979349,shoplifting
53.422943,-2.979349,shoplifting
53.422943,-2.979349,shoplifting
53.422943,-2.979349,shoplifting
53.422943,-2.979349,shoplifting
53.422943,-2.979349,shoplifting
53.422943,-2.979349,shoplifting
53.422943,-2.979349,shoplifting
53.424611,-2.980952,shoplifting
53.422943,-2.979349,shoplifting
53.422943,-2.979349,shoplifting
53.422943,-2.979349,shoplifting
53.422943,-2.979349,shoplifting
53.422943,-2.979349,shoplifting
53.423079,-2.975951,burglary_biz
53.415703,-2.964377,robbery_biz
53.416055,-2.973052,robbery_biz
53.42197,-2.977461,shoplifting
53.42197,-2.977461,shoplifting
53.42197,-2.977461,shoplifting
53.42197,-2.977461,shoplifting
53.414384,-2.979021,theft_person
53.423037,-2.941971,burglary_biz
53.422394,-2.9448,burglary_biz
53.422903,-2.946392,burglary_biz
53.422903,-2.946392,robbery_biz
53.423527,-2.958384,burglary_biz
53.423892,-2.954299,burglary_biz
53.423527,-2.958384,burglary_biz
53.422141,-2.95745,shoplifting
53.423075,-2.958675,shoplifting
53.415533,-2.959769,burglary_biz
53.421113,-2.947736,robbery_biz
53.417364,-2.874813,robbery_biz
53.41297,-2.870842,shoplifting
53.417693,-2.866575,shoplifting
53.416914,-2.895508,burglary_biz
53.417695,-2.916965,burglary_biz
53.415903,-2.920854,shoplifting
53.415903,-2.920854,shoplifting
53.421448,-2.917468,burglary_biz
53.420952,-2.92006,burglary_biz
53.421448,-2.917468,burglary_biz
53.423312,-2.915867,robbery_biz
53.417899,-2.919588,burglary_biz
53.418477,-2.914515,burglary_biz
53.419042,-2.914707,burglary_biz
53.413827,-2.917243,burglary_biz
53.413827,-2.917243,shoplifting
53.411068,-2.921893,shoplifting
53.410798,-2.917223,shoplifting
53.412563,-2.912794,shoplifting
53.414933,-2.921886,burglary_biz
53.410848,-2.925935,shoplifting
53.410848,-2.925935,shoplifting
53.408939,-2.923983,shoplifting
53.410848,-2.925935,shoplifting
53.408939,-2.923983,shoplifting
53.410848,-2.925935,shoplifting
53.410848,-2.925935,shoplifting
53.410848,-2.925935,shoplifting
53.408939,-2.923983,shoplifting
53.408939,-2.923983,shoplifting
53.408939,-2.923983,shoplifting
53.408939,-2.923983,shoplifting
53.408939,-2.923983,shoplifting
53.408939,-2.923983,shoplifting
53.408939,-2.923983,shoplifting
53.408939,-2.923983,shoplifting
53.410848,-2.925935,shoplifting
53.411069,-2.923999,shoplifting
53.410848,-2.925935,shoplifting
53.410848,-2.925935,shoplifting
53.408939,-2.923983,shoplifting
53.410848,-2.925935,shoplifting
53.408939,-2.923983,shoplifting
53.410848,-2.925935,shoplifting
53.408939,-2.923983,shoplifting
53.410848,-2.925935,shoplifting
53.410848,-2.925935,shoplifting
53.411069,-2.923999,shoplifting
53.407713,-2.92428,shoplifting
53.408939,-2.923983,shoplifting
53.410848,-2.925935,shoplifting
53.410848,-2.925935,shoplifting
53.408939,-2.923983,shoplifting
53.408939,-2.923983,shoplifting
53.408939,-2.923983,shoplifting
53.410441,-2.945649,burglary_biz
53.410441,-2.945649,burglary_biz
53.410441,-2.945649,burglary_biz
53.409112,-2.939858,shoplifting
53.411496,-2.944941,shoplifting
53.411496,-2.944941,shoplifting
53.411496,-2.944941,shoplifting
53.411496,-2.944941,shoplifting
53.411496,-2.944941,shoplifting
53.411496,-2.944941,shoplifting
53.411496,-2.944941,shoplifting
53.411496,-2.944941,shoplifting
53.411496,-2.944941,shoplifting
53.411496,-2.944941,shoplifting
53.411496,-2.944941,shoplifting
53.411496,-2.944941,shoplifting
53.411496,-2.944941,shoplifting
53.411496,-2.944941,shoplifting
53.411496,-2.944941,shoplifting
53.411496,-2.944941,shoplifting
53.411496,-2.944941,shoplifting
53.411496,-2.944941,shoplifting
53.411496,-2.944941,shoplifting
53.411496,-2.944941,shoplifting
53.4087,-2.935095,shoplifting
53.411496,-2.944941,shoplifting
53.411496,-2.944941,shoplifting
53.411496,-2.944941,shoplifting
53.411496,-2.944941,shoplifting
53.411496,-2.944941,shoplifting
53.411496,-2.944941,shoplifting
53.411496,-2.944941,shoplifting
53.411496,-2.944941,shoplifting
53.410604,-2.928367,robbery_biz
53.410604,-2.928367,shoplifting
53.410604,-2.928367,shoplifting
53.416815,-2.942134,burglary_biz
53.414196,-2.941519,burglary_biz
53.415813,-2.944986,burglary_biz
53.415608,-2.94134,robbery_biz
53.415813,-2.944986,robbery_biz
53.414685,-2.94329,theft_person
53.41484,-2.939608,burglary_biz
53.4212,-2.936678,theft_person
53.419526,-2.946001,burglary_biz
53.423707,-2.937997,burglary_biz
53.411893,-2.910356,burglary_biz
53.41341,-2.91063,robbery_biz
53.413241,-2.909227,shoplifting
53.41341,-2.91063,shoplifting
53.41341,-2.91063,shoplifting
53.412968,-2.912034,shoplifting
53.41341,-2.91063,shoplifting
53.412968,-2.912034,shoplifting
53.41341,-2.91063,shoplifting
53.41341,-2.91063,shoplifting
53.418247,-2.911771,robbery_biz
53.416041,-2.952529,robbery_biz
53.414243,-2.950217,burglary_biz
53.412234,-2.950789,burglary_biz
53.412234,-2.950789,burglary_biz
53.412678,-2.943577,shoplifting
53.412574,-2.94538,shoplifting
53.398973,-2.957908,burglary_biz
53.410835,-2.966057,burglary_biz
53.4105,-2.960799,robbery_biz
53.408662,-2.97353,theft_person
53.40904,-2.955757,burglary_biz
53.409746,-2.955081,robbery_biz
53.402227,-2.951152,burglary_biz
53.40482,-2.955166,shoplifting
53.404792,-2.945072,burglary_biz
53.405008,-2.947273,burglary_biz
53.402307,-2.919146,burglary_biz
53.408173,-2.920732,shoplifting
53.410024,-2.920907,shoplifting
53.398316,-2.935288,theft_person
53.399025,-2.946839,burglary_biz
53.402769,-2.947434,shoplifting
53.403838,-2.947483,shoplifting
53.395476,-2.879703,burglary_biz
53.395476,-2.879703,burglary_biz
53.398689,-2.96855,burglary_biz
53.400851,-2.968012,shoplifting
53.400851,-2.968012,shoplifting
53.400851,-2.968012,shoplifting
53.400851,-2.968012,shoplifting
53.399167,-2.973945,theft_person
53.400656,-2.964383,shoplifting
53.400656,-2.964383,shoplifting
53.400656,-2.964383,shoplifting
53.400656,-2.964383,shoplifting
53.400656,-2.964383,shoplifting
53.399376,-2.977965,burglary_biz
53.396161,-2.980899,burglary_biz
53.393294,-2.974262,burglary_biz
53.389269,-2.925466,burglary_biz
53.389269,-2.925466,burglary_biz
53.392409,-2.934286,burglary_biz
53.397086,-2.930494,burglary_biz
53.399937,-2.927999,burglary_biz
53.398149,-2.937179,robbery_biz
53.397337,-2.935691,robbery_biz
53.398149,-2.937179,shoplifting
53.397337,-2.935691,shoplifting
53.394478,-2.935249,robbery_biz
53.394478,-2.935249,robbery_biz
53.394478,-2.935249,robbery_biz
53.39419,-2.931934,theft_person
53.397352,-2.948096,burglary_biz
53.395382,-2.944864,burglary_biz
53.396429,-2.945443,robbery_biz
53.395746,-2.952316,robbery_biz
53.39616,-2.949949,robbery_biz
53.384328,-2.853959,burglary_biz
53.383623,-2.855779,burglary_biz
53.389532,-2.858995,robbery_biz
53.389532,-2.858995,shoplifting
53.388666,-2.85713,shoplifting
53.388666,-2.85713,shoplifting
53.389532,-2.858995,shoplifting
53.388666,-2.85713,shoplifting
53.390883,-2.859468,shoplifting
53.389532,-2.858995,shoplifting
53.390883,-2.859468,shoplifting
53.390863,-2.858932,shoplifting
53.389532,-2.858995,shoplifting
53.390863,-2.858932,shoplifting
53.388666,-2.85713,shoplifting
53.390863,-2.858932,theft_person
53.392099,-2.896175,burglary_biz
53.395339,-2.905206,burglary_biz
53.387493,-2.910963,shoplifting
53.388944,-2.918663,burglary_biz
53.389113,-2.912998,shoplifting
53.389113,-2.912998,shoplifting
53.389113,-2.912998,shoplifting
53.388183,-2.913639,burglary_biz
53.388457,-2.914157,burglary_biz
53.389271,-2.915873,robbery_biz
53.385018,-2.950483,shoplifting
53.380551,-2.951556,theft_person
53.389866,-2.946801,burglary_biz
53.389866,-2.946801,burglary_biz
53.389866,-2.946801,burglary_biz
53.389866,-2.946801,burglary_biz
53.391461,-2.957558,burglary_biz
53.388112,-2.961468,burglary_biz
53.388592,-2.95769,burglary_biz
53.393708,-2.970948,burglary_biz
53.393708,-2.970948,burglary_biz
53.385417,-2.975661,burglary_biz
53.384663,-2.975613,burglary_biz
53.385417,-2.975661,burglary_biz
53.385417,-2.975661,theft_person
53.38405,-2.969239,robbery_biz
53.388512,-2.965401,robbery_biz
53.384177,-2.962326,shoplifting
53.385432,-2.963858,shoplifting
53.385432,-2.963858,shoplifting
53.384794,-2.963949,shoplifting
53.385432,-2.963858,shoplifting
53.38744,-2.835933,burglary_biz
53.391135,-2.847269,burglary_biz
53.381682,-2.865602,burglary_biz
53.391104,-2.872339,shoplifting
53.388118,-2.871732,burglary_biz
53.382163,-2.944466,burglary_biz
53.382069,-2.945015,robbery_biz
53.382069,-2.945015,robbery_biz
53.382163,-2.944466,robbery_biz
53.382069,-2.945015,shoplifting
53.382069,-2.945015,shoplifting
53.382069,-2.945015,shoplifting
53.382069,-2.945015,shoplifting
53.382069,-2.945015,shoplifting
53.389231,-2.93157,robbery_biz
53.389607,-2.92824,shoplifting
53.391122,-2.939115,burglary_biz
53.384225,-2.915148,burglary_biz
53.380047,-2.913751,burglary_biz
53.386,-2.909879,shoplifting
53.386,-2.909879,shoplifting
53.386,-2.909879,shoplifting
53.386,-2.909879,shoplifting
53.386,-2.909879,shoplifting
53.386,-2.909879,shoplifting
53.382407,-2.962241,robbery_biz
53.382521,-2.961507,theft_person
53.378252,-2.958059,theft_person
53.383692,-2.975666,burglary_biz
53.386386,-2.979261,burglary_biz
53.38144,-2.970669,burglary_biz
53.378952,-2.866509,burglary_biz
53.378435,-2.948637,shoplifting
53.378435,-2.948637,shoplifting
53.378435,-2.948637,shoplifting
53.378435,-2.948637,shoplifting
53.378435,-2.948637,shoplifting
53.378435,-2.948637,shoplifting
53.378435,-2.948637,shoplifting
53.378435,-2.948637,shoplifting
53.378435,-2.948637,shoplifting
53.378435,-2.948637,shoplifting
53.377407,-2.947938,shoplifting
53.377407,-2.947938,shoplifting
53.378435,-2.948637,shoplifting
53.378435,-2.948637,shoplifting
53.378435,-2.948637,shoplifting
53.358753,-2.888638,burglary_biz
53.370841,-2.902026,shoplifting
53.370841,-2.902026,shoplifting
53.357538,-2.86316,shoplifting
53.357538,-2.86316,shoplifting
53.357538,-2.86316,shoplifting
53.357538,-2.86316,shoplifting
53.357538,-2.86316,shoplifting
53.357538,-2.86316,shoplifting
53.359703,-2.855871,shoplifting
53.359703,-2.855871,shoplifting
53.367377,-2.911917,shoplifting
53.367377,-2.911917,shoplifting
53.355829,-2.903483,shoplifting
53.358458,-2.909946,burglary_biz
53.358458,-2.909946,shoplifting
53.353476,-2.897077,burglary_biz
53.353452,-2.899029,shoplifting
53.353452,-2.899029,shoplifting
53.353452,-2.899029,shoplifting
53.349161,-2.894778,burglary_biz
53.349113,-2.862193,shoplifting
53.349113,-2.862193,shoplifting
53.337309,-2.854927,shoplifting
53.34442,-2.853507,shoplifting
53.337309,-2.854927,theft_person
53.337309,-2.854927,theft_person
53.350869,-2.88263,burglary_biz
53.350869,-2.88263,burglary_biz
53.351157,-2.882606,robbery_biz
53.350869,-2.88263,shoplifting
53.350869,-2.88263,shoplifting
53.351157,-2.882606,shoplifting
53.35482,-2.891636,shoplifting
53.351157,-2.882606,shoplifting
53.350869,-2.88263,shoplifting
53.351157,-2.882606,shoplifting
53.350869,-2.88263,shoplifting
53.35482,-2.891636,shoplifting
53.351157,-2.882606,shoplifting
53.351157,-2.882606,shoplifting
53.351157,-2.882606,shoplifting
53.351157,-2.882606,shoplifting
53.351157,-2.882606,shoplifting
53.351157,-2.882606,shoplifting
53.35482,-2.891636,shoplifting
53.351157,-2.882606,shoplifting
53.351157,-2.882606,shoplifting
53.351157,-2.882606,shoplifting
53.343132,-2.847668,burglary_biz
53.345354,-2.839676,burglary_biz
53.340426,-2.837492,burglary_biz
53.339763,-2.832012,burglary_biz
53.3462,-2.838251,shoplifting
53.346684,-2.841099,shoplifting
53.345354,-2.839676,shoplifting
53.345354,-2.839676,shoplifting
53.345354,-2.839676,shoplifting
53.3462,-2.838251,shoplifting
53.346684,-2.841099,shoplifting
53.3462,-2.838251,shoplifting
53.3462,-2.838251,shoplifting
53.3462,-2.838251,shoplifting
53.3462,-2.838251,shoplifting
53.34437,-2.83135,burglary_biz
53.343161,-2.829449,theft_person
53.339654,-2.828285,shoplifting
53.339654,-2.828285,shoplifting
53.343117,-2.849771,burglary_biz
53.410914,-2.968557,burglary_biz
53.409929,-2.971423,shoplifting
53.409461,-2.970419,shoplifting
53.409929,-2.971423,shoplifting
53.409461,-2.970419,shoplifting
53.409461,-2.970419,shoplifting
53.409461,-2.970419,shoplifting
53.409929,-2.971423,shoplifting
53.411297,-2.973379,shoplifting
53.409461,-2.970419,shoplifting
53.409929,-2.971423,shoplifting
53.409461,-2.970419,shoplifting
53.409461,-2.970419,shoplifting
53.409461,-2.970419,shoplifting
53.409461,-2.970419,shoplifting
53.409461,-2.970419,shoplifting
53.408454,-2.984702,burglary_biz
53.405998,-2.985999,burglary_biz
53.408965,-2.979359,burglary_biz
53.405173,-2.983574,burglary_biz
53.405998,-2.985999,robbery_biz
53.40642,-2.979541,robbery_biz
53.405928,-2.979199,robbery_biz
53.405928,-2.979199,robbery_biz
53.407062,-2.984535,robbery_biz
53.405308,-2.987924,robbery_biz
53.406404,-2.980398,robbery_biz
53.408294,-2.977914,robbery_biz
53.407703,-2.977645,robbery_biz
53.405308,-2.987924,robbery_biz
53.407018,-2.987693,robbery_biz
53.405998,-2.985999,shoplifting
53.405928,-2.979199,shoplifting
53.406404,-2.980398,shoplifting
53.405998,-2.985999,shoplifting
53.405418,-2.981172,shoplifting
53.405998,-2.985999,shoplifting
53.405998,-2.985999,shoplifting
53.405998,-2.985999,shoplifting
53.405928,-2.979199,shoplifting
53.405998,-2.985999,shoplifting
53.405418,-2.981172,shoplifting
53.405928,-2.979199,shoplifting
53.405311,-2.982163,shoplifting
53.406404,-2.980398,shoplifting
53.405311,-2.982163,shoplifting
53.405928,-2.979199,shoplifting
53.405928,-2.979199,shoplifting
53.405928,-2.979199,shoplifting
53.405173,-2.983574,shoplifting
53.405998,-2.985999,shoplifting
53.405173,-2.983574,shoplifting
53.405311,-2.982163,shoplifting
53.405928,-2.979199,shoplifting
53.406061,-2.987582,shoplifting
53.405928,-2.979199,shoplifting
53.406404,-2.980398,shoplifting
53.405998,-2.985999,shoplifting
53.406404,-2.980398,shoplifting
53.405928,-2.979199,shoplifting
53.405928,-2.979199,shoplifting
53.40734,-2.980284,shoplifting
53.406404,-2.980398,shoplifting
53.405998,-2.985999,shoplifting
53.405998,-2.985999,shoplifting
53.405928,-2.979199,shoplifting
53.405998,-2.985999,shoplifting
53.405308,-2.987924,shoplifting
53.405928,-2.979199,shoplifting
53.405998,-2.985999,shoplifting
53.405418,-2.981172,shoplifting
53.405418,-2.981172,shoplifting
53.405311,-2.982163,shoplifting
53.405311,-2.982163,shoplifting
53.405173,-2.983574,shoplifting
53.40642,-2.979541,shoplifting
53.405928,-2.979199,shoplifting
53.405311,-2.982163,shoplifting
53.405928,-2.979199,shoplifting
53.405928,-2.979199,shoplifting
53.405928,-2.979199,shoplifting
53.405928,-2.979199,shoplifting
53.405311,-2.982163,shoplifting
53.406404,-2.980398,shoplifting
53.405418,-2.981172,shoplifting
53.405173,-2.983574,shoplifting
53.407062,-2.984535,shoplifting
53.405998,-2.985999,shoplifting
53.405928,-2.979199,shoplifting
53.405311,-2.982163,shoplifting
53.405928,-2.979199,shoplifting
53.406404,-2.980398,shoplifting
53.405928,-2.979199,shoplifting
53.405998,-2.985999,shoplifting
53.405308,-2.987924,shoplifting
53.405998,-2.985999,shoplifting
53.405311,-2.982163,shoplifting
53.405173,-2.983574,shoplifting
53.40642,-2.979541,theft_person
53.406748,-2.988315,theft_person
53.405173,-2.983574,theft_person
53.407062,-2.984535,theft_person
53.405418,-2.981172,theft_person
53.405998,-2.985999,theft_person
53.405928,-2.979199,theft_person
53.406404,-2.980398,theft_person
53.406827,-2.985823,theft_person
53.407062,-2.984535,theft_person
53.405998,-2.985999,theft_person
53.405308,-2.987924,theft_person
53.402451,-2.982247,burglary_biz
53.401665,-2.978454,burglary_biz
53.40307,-2.980246,robbery_biz
53.403277,-2.982417,robbery_biz
53.402999,-2.979056,robbery_biz
53.40214,-2.980766,robbery_biz
53.402999,-2.979056,robbery_biz
53.402999,-2.979056,robbery_biz
53.402999,-2.979056,shoplifting
53.403277,-2.982417,shoplifting
53.40307,-2.980246,theft_person
53.402999,-2.979056,theft_person
53.403277,-2.982417,theft_person
53.401971,-2.980567,theft_person
53.401681,-2.978635,theft_person
53.402999,-2.979056,theft_person
53.401681,-2.978635,theft_person
53.40307,-2.980246,theft_person
53.402999,-2.979056,theft_person
53.401681,-2.978635,theft_person
53.401971,-2.980567,theft_person
53.402999,-2.979056,theft_person
53.40307,-2.980246,theft_person
53.401665,-2.978454,theft_person
53.401681,-2.978635,theft_person
53.401665,-2.978454,theft_person
53.40307,-2.980246,theft_person
53.40903,-2.985135,burglary_biz
53.407758,-2.987304,burglary_biz
53.409067,-2.98768,burglary_biz
53.409067,-2.98768,burglary_biz
53.410616,-2.986332,robbery_biz
53.410616,-2.986332,shoplifting
53.410687,-2.988635,shoplifting
53.410616,-2.986332,shoplifting
53.410731,-2.98319,theft_person
53.407563,-2.9859,theft_person
53.408882,-2.988368,theft_person
53.401469,-2.969365,burglary_biz
53.404574,-2.974459,burglary_biz
53.405373,-2.964595,burglary_biz
53.405373,-2.964595,robbery_biz
53.402093,-2.975561,robbery_biz
53.405574,-2.975294,robbery_biz
53.406028,-2.975846,robbery_biz
53.40209,-2.971455,theft_person
53.405826,-2.976338,theft_person
53.402093,-2.975561,theft_person
53.400918,-2.976376,burglary_biz
53.400271,-2.976301,burglary_biz
53.401933,-2.974158,shoplifting
53.401933,-2.974158,shoplifting
53.401412,-2.975229,theft_person
53.400471,-2.972726,theft_person
53.401412,-2.975229,theft_person
53.401055,-2.976003,theft_person
53.401055,-2.976003,theft_person
53.398744,-2.992464,burglary_biz
53.404497,-2.983799,burglary_biz
53.403854,-2.981132,robbery_biz
53.403319,-2.986058,shoplifting
53.404497,-2.983799,shoplifting
53.403851,-2.984807,shoplifting
53.40398,-2.976672,shoplifting
53.404497,-2.983799,shoplifting
53.403319,-2.986058,shoplifting
53.403319,-2.986058,shoplifting
53.404497,-2.983799,shoplifting
53.403319,-2.986058,shoplifting
53.403319,-2.986058,shoplifting
53.403319,-2.986058,shoplifting
53.403319,-2.986058,shoplifting
53.404266,-2.97907,shoplifting
53.403851,-2.984807,shoplifting
53.403319,-2.986058,shoplifting
53.40467,-2.97917,shoplifting
53.403319,-2.986058,shoplifting
53.404266,-2.97907,shoplifting
53.403319,-2.986058,shoplifting
53.403319,-2.986058,shoplifting
53.403851,-2.984807,shoplifting
53.403319,-2.986058,shoplifting
53.404497,-2.983799,shoplifting
53.403319,-2.986058,shoplifting
53.403319,-2.986058,shoplifting
53.403851,-2.984807,shoplifting
53.404497,-2.983799,shoplifting
53.403319,-2.986058,shoplifting
53.403319,-2.986058,shoplifting
53.403319,-2.986058,shoplifting
53.403851,-2.984807,shoplifting
53.403319,-2.986058,shoplifting
53.403319,-2.986058,shoplifting
53.403851,-2.984807,shoplifting
53.404497,-2.983799,shoplifting
53.403851,-2.984807,shoplifting
53.403319,-2.986058,shoplifting
53.403319,-2.986058,shoplifting
53.403319,-2.986058,shoplifting
53.403319,-2.986058,shoplifting
53.403589,-2.980529,shoplifting
53.404497,-2.983799,shoplifting
53.403319,-2.986058,shoplifting
53.403319,-2.986058,shoplifting
53.403319,-2.986058,shoplifting
53.403319,-2.986058,theft_person
53.387855,-2.978784,burglary_biz
53.387855,-2.978784,burglary_biz
53.397148,-2.983283,burglary_biz
53.396743,-2.983409,burglary_biz
53.396743,-2.983409,burglary_biz
53.402501,-2.986024,robbery_biz
53.402501,-2.986024,shoplifting
53.402501,-2.986024,shoplifting
53.402501,-2.986024,shoplifting
53.402501,-2.986024,shoplifting
53.402501,-2.986024,shoplifting
53.402501,-2.986024,shoplifting
53.402501,-2.986024,shoplifting
53.402501,-2.986024,shoplifting
53.401826,-2.986174,shoplifting
53.402501,-2.986024,shoplifting
53.402501,-2.986024,shoplifting
53.402501,-2.986024,shoplifting
53.402501,-2.986024,shoplifting
53.402501,-2.986024,shoplifting
53.412599,-2.998579,shoplifting
53.410882,-2.991062,burglary_biz
53.40984,-2.996348,burglary_biz
53.410882,-2.991062,burglary_biz
53.41018,-2.986818,burglary_biz
53.41018,-2.986818,burglary_biz
53.412471,-2.993536,burglary_biz
53.41018,-2.986818,burglary_biz
53.411693,-2.99087,burglary_biz
53.40807,-2.996277,shoplifting
53.409072,-2.99797,shoplifting
53.409072,-2.99797,shoplifting
53.409072,-2.99797,shoplifting
53.412471,-2.993536,theft_person
53.408747,-2.993765,burglary_biz
53.406809,-2.993359,burglary_biz
53.407117,-2.99302,burglary_biz
53.407117,-2.99302,robbery_biz
53.409655,-2.994824,shoplifting
53.409655,-2.994824,shoplifting
53.40839,-2.994569,theft_person
53.405839,-2.988929,robbery_biz
53.404298,-2.995918,shoplifting
53.404133,-2.990905,theft_person
53.595932,-3.039832,burglary_biz
53.595932,-3.039832,burglary_biz
53.59344,-3.040325,shoplifting
53.564366,-3.082295,burglary_biz
53.570083,-3.04999,burglary_biz
53.564995,-3.05622,burglary_biz
53.561695,-3.056319,shoplifting
53.558253,-3.056249,shoplifting
53.557515,-3.061439,shoplifting
53.557515,-3.061439,shoplifting
53.551895,-3.080679,burglary_biz
53.550983,-3.074525,shoplifting
53.550983,-3.074525,shoplifting
53.554473,-3.056819,shoplifting
53.554473,-3.056819,shoplifting
53.555085,-3.041361,shoplifting
53.550562,-3.059906,burglary_biz
53.518625,-2.94869,burglary_biz
53.519475,-2.935527,shoplifting
53.522717,-2.932401,burglary_biz
53.51286,-2.927268,burglary_biz
53.504318,-2.926448,burglary_biz
53.509478,-2.928808,burglary_biz
53.500929,-2.944888,shoplifting
53.515052,-2.943009,shoplifting
53.515052,-2.943009,shoplifting
53.52678,-3.060655,burglary_biz
53.525215,-3.059816,shoplifting
53.499304,-3.003043,shoplifting
53.491562,-2.950433,shoplifting
53.491562,-2.950433,shoplifting
53.493094,-3.054131,burglary_biz
53.492272,-3.034998,burglary_biz
53.492344,-3.026755,shoplifting
53.492344,-3.026755,shoplifting
53.492344,-3.026755,shoplifting
53.492344,-3.026755,shoplifting
53.492344,-3.026755,shoplifting
53.488933,-2.986656,burglary_biz
53.488933,-2.986656,burglary_biz
53.494263,-2.982288,burglary_biz
53.488288,-2.993951,robbery_biz
53.488109,-2.992771,shoplifting
53.484434,-3.000236,robbery_biz
53.493876,-3.016738,burglary_biz
53.490296,-3.019184,burglary_biz
53.49245,-3.023788,shoplifting
53.485804,-2.921509,burglary_biz
53.48599,-2.914791,robbery_biz
53.481151,-2.949768,robbery_biz
53.480843,-2.950122,shoplifting
53.481151,-2.949768,shoplifting
53.481151,-2.949768,shoplifting
53.479188,-2.950236,shoplifting
53.479188,-2.950236,shoplifting
53.480843,-2.950122,shoplifting
53.480843,-2.950122,shoplifting
53.487099,-2.954663,burglary_biz
53.490396,-3.026361,shoplifting
53.490396,-3.026361,shoplifting
53.484723,-3.031716,shoplifting
53.478147,-2.969033,burglary_biz
53.488553,-2.970461,burglary_biz
53.485305,-2.974229,burglary_biz
53.488238,-2.973845,shoplifting
53.485661,-2.964439,shoplifting
53.488915,-2.974629,theft_person
53.479732,-3.021553,burglary_biz
53.479332,-3.02305,burglary_biz
53.474472,-3.024877,robbery_biz
53.475382,-2.998004,burglary_biz
53.478871,-2.99358,robbery_biz
53.469794,-3.013766,burglary_biz
53.467425,-3.016421,burglary_biz
53.469333,-3.000107,shoplifting
53.470347,-2.999287,shoplifting
53.471208,-2.990931,burglary_biz
53.464527,-2.986828,burglary_biz
53.471208,-2.990931,burglary_biz
53.466661,-2.992918,burglary_biz
53.466661,-2.992918,shoplifting
53.460042,-3.007208,robbery_biz
53.465697,-3.004932,shoplifting
53.465697,-3.004932,shoplifting
53.46595,-3.003703,shoplifting
53.466033,-2.998116,shoplifting
53.46595,-3.003703,shoplifting
53.46595,-3.003703,shoplifting
53.46595,-3.003703,shoplifting
53.46595,-3.003703,shoplifting
53.466033,-2.998116,shoplifting
53.46595,-3.003703,shoplifting
53.46028,-2.984034,shoplifting
53.46028,-2.984034,shoplifting
53.467425,-2.971048,shoplifting
53.467499,-2.985044,burglary_biz
53.454948,-2.991097,burglary_biz
53.461065,-3.002126,burglary_biz
53.458296,-2.998928,burglary_biz
53.461521,-2.993747,burglary_biz
53.459447,-2.992389,burglary_biz
53.458924,-2.991563,shoplifting
53.451637,-2.990098,burglary_biz
53.449003,-2.987929,shoplifting
53.452191,-2.99481,burglary_biz
53.454855,-2.996574,robbery_biz
53.455004,-2.993836,shoplifting
53.456367,-3.001684,burglary_biz
53.455009,-3.003896,burglary_biz
53.453858,-3.00289,burglary_biz
53.456367,-3.001684,burglary_biz
53.456536,-3.003044,shoplifting
53.45452,-3.005451,shoplifting
53.456536,-3.003044,shoplifting
53.44682,-2.992109,burglary_biz
53.44902,-2.999885,robbery_biz
53.451725,-2.992525,shoplifting
53.452052,-2.99309,shoplifting
53.451725,-2.992525,shoplifting
53.4526,-2.993337,shoplifting
53.4526,-2.993337,shoplifting
53.451725,-2.992525,shoplifting
53.442991,-2.998569,burglary_biz
53.442528,-2.988245,burglary_biz
53.444499,-2.98413,burglary_biz
53.444499,-2.98413,burglary_biz
53.442308,-2.984476,theft_person
53.49759,-2.777047,burglary_biz
53.50106,-2.787935,shoplifting
53.516153,-2.794594,burglary_biz
53.470685,-2.733213,burglary_biz
53.474432,-2.737797,burglary_biz
53.461467,-2.747121,burglary_biz
53.460281,-2.754119,shoplifting
53.470259,-2.753355,theft_person
53.460372,-2.783295,burglary_biz
53.451243,-2.733194,burglary_biz
53.451206,-2.733174,robbery_biz
53.449584,-2.738435,shoplifting
53.451621,-2.744765,shoplifting
53.451621,-2.744765,shoplifting
53.45151,-2.738017,shoplifting
53.452088,-2.738991,shoplifting
53.451621,-2.744765,shoplifting
53.451621,-2.744765,shoplifting
53.452088,-2.738991,shoplifting
53.451621,-2.744765,shoplifting
53.449584,-2.738435,shoplifting
53.451621,-2.744765,shoplifting
53.449584,-2.738435,shoplifting
53.451621,-2.744765,shoplifting
53.450817,-2.733759,shoplifting
53.449584,-2.738435,shoplifting
53.451621,-2.744765,shoplifting
53.450006,-2.747161,burglary_biz
53.448784,-2.755692,burglary_biz
53.450394,-2.752574,shoplifting
53.452185,-2.75369,shoplifting
53.456403,-2.744728,robbery_biz
53.457491,-2.74038,shoplifting
53.454441,-2.739303,shoplifting
53.454616,-2.744781,shoplifting
53.454616,-2.744781,shoplifting
53.454616,-2.744781,shoplifting
53.455098,-2.740715,shoplifting
53.454441,-2.739303,shoplifting
53.453512,-2.751379,burglary_biz
53.452107,-2.746054,theft_person
53.452631,-2.737012,burglary_biz
53.453796,-2.730301,burglary_biz
53.452631,-2.737012,robbery_biz
53.453703,-2.73664,robbery_biz
53.452631,-2.737012,shoplifting
53.452779,-2.733416,shoplifting
53.452631,-2.737012,shoplifting
53.452631,-2.737012,shoplifting
53.452631,-2.737012,shoplifting
53.453965,-2.733467,theft_person
53.440963,-2.759949,shoplifting
53.44539,-2.755,burglary_biz
53.443785,-2.761505,shoplifting
53.443785,-2.761505,shoplifting
53.4571,-2.749771,burglary_biz
53.436858,-2.776293,shoplifting
53.440285,-2.77049,shoplifting
53.422331,-2.766795,robbery_biz
53.416019,-2.732768,burglary_biz
53.416584,-2.737367,burglary_biz
53.420406,-2.779445,burglary_biz
53.418193,-2.775583,burglary_biz
53.418193,-2.775583,shoplifting
53.418228,-2.777133,shoplifting
53.418193,-2.775583,shoplifting
53.418193,-2.775583,shoplifting
53.437249,-2.76029,burglary_biz
53.435975,-2.759875,burglary_biz
53.435975,-2.759875,burglary_biz
53.434993,-2.747515,theft_person
53.433916,-2.754284,burglary_biz
53.433742,-2.747613,burglary_biz
53.435061,-2.743753,burglary_biz
53.435061,-2.743753,burglary_biz
53.445356,-2.733138,burglary_biz
53.438994,-2.735632,shoplifting
53.446193,-2.732911,shoplifting
53.444846,-2.734192,shoplifting
53.444527,-2.73636,shoplifting
53.444527,-2.73636,shoplifting
53.444846,-2.734192,shoplifting
53.446193,-2.732911,shoplifting
53.446193,-2.732911,shoplifting
53.444846,-2.734192,shoplifting
53.446193,-2.732911,shoplifting
53.437119,-2.739438,theft_person
53.435821,-2.765788,robbery_biz
53.435821,-2.765788,robbery_biz
53.428524,-2.749915,burglary_biz
53.440214,-3.046415,robbery_biz
53.440214,-3.046415,shoplifting
53.437613,-3.042054,burglary_biz
53.437613,-3.042054,burglary_biz
53.423433,-3.035251,robbery_biz
53.424915,-3.058959,burglary_biz
53.424564,-3.050391,shoplifting
53.421905,-3.030022,robbery_biz
53.421905,-3.030022,robbery_biz
53.420945,-3.029615,shoplifting
53.420945,-3.029615,shoplifting
53.420945,-3.029615,shoplifting
53.420245,-3.032811,burglary_biz
53.419908,-3.045714,robbery_biz
53.411885,-3.023521,robbery_biz
53.412734,-3.027168,shoplifting
53.416686,-3.090443,burglary_biz
53.404048,-3.099296,robbery_biz
53.404048,-3.099296,shoplifting
53.406405,-3.107735,burglary_biz
53.408546,-3.039583,robbery_biz
53.400707,-3.052943,burglary_biz
53.3986,-3.048629,shoplifting
53.408035,-3.07036,shoplifting
53.4122,-3.072545,shoplifting
53.411751,-3.073557,shoplifting
53.408754,-3.074925,shoplifting
53.408035,-3.07036,shoplifting
53.408035,-3.07036,shoplifting
53.4122,-3.072545,shoplifting
53.403295,-3.060137,burglary_biz
53.403295,-3.060137,shoplifting
53.403295,-3.060137,shoplifting
53.403295,-3.060137,shoplifting
53.397799,-3.081598,burglary_biz
53.4011,-3.107822,shoplifting
53.401583,-3.111084,shoplifting
53.4011,-3.107822,shoplifting
53.394647,-3.10388,burglary_biz
53.400532,-3.109041,burglary_biz
53.405073,-3.117568,burglary_biz
53.400591,-3.112306,theft_person
53.404279,-3.130227,burglary_biz
53.389804,-3.033307,burglary_biz
53.39008,-3.031599,burglary_biz
53.389211,-3.02391,robbery_biz
53.389926,-3.028633,shoplifting
53.389926,-3.028633,shoplifting
53.388939,-3.028429,shoplifting
53.390059,-3.027704,shoplifting
53.388939,-3.028429,shoplifting
53.389926,-3.028633,shoplifting
53.388939,-3.028429,shoplifting
53.389926,-3.028633,shoplifting
53.38918,-3.027593,shoplifting
53.389926,-3.028633,shoplifting
53.389926,-3.028633,shoplifting
53.389926,-3.028633,shoplifting
53.389211,-3.02391,shoplifting
53.390458,-3.027398,shoplifting
53.389926,-3.028633,shoplifting
53.389211,-3.02391,shoplifting
53.389211,-3.02391,shoplifting
53.389466,-3.02772,shoplifting
53.38892,-3.031601,shoplifting
53.389211,-3.02391,shoplifting
53.389926,-3.028633,shoplifting
53.389926,-3.028633,shoplifting
53.389926,-3.028633,shoplifting
53.389211,-3.02391,shoplifting
53.389466,-3.02772,shoplifting
53.389211,-3.02391,shoplifting
53.389926,-3.028633,shoplifting
53.390458,-3.027398,shoplifting
53.389926,-3.028633,shoplifting
53.389926,-3.028633,shoplifting
53.389211,-3.02391,theft_person
53.387916,-3.032314,shoplifting
53.395551,-3.029837,burglary_biz
53.395551,-3.029837,burglary_biz
53.396466,-3.031167,robbery_biz
53.399676,-3.0352,robbery_biz
53.392905,-3.017682,theft_person
53.394724,-3.015199,theft_person
53.395606,-3.12723,burglary_biz
53.381304,-3.113938,burglary_biz
53.38403,-3.106838,burglary_biz
53.391958,-3.095209,burglary_biz
53.394535,-3.080778,theft_person
53.385936,-3.027364,robbery_biz
53.386851,-3.028679,theft_person
53.382449,-3.03152,burglary_biz
53.38786,-3.01687,burglary_biz
53.388842,-3.01342,shoplifting
53.383845,-3.017526,shoplifting
53.381173,-3.020981,burglary_biz
53.381064,-3.024123,shoplifting
53.381064,-3.024123,shoplifting
53.381064,-3.024123,shoplifting
53.381064,-3.024123,shoplifting
53.381064,-3.024123,shoplifting
53.381064,-3.024123,shoplifting
53.381064,-3.024123,shoplifting
53.381064,-3.024123,shoplifting
53.381064,-3.024123,shoplifting
53.381064,-3.024123,shoplifting
53.381064,-3.024123,shoplifting
53.375423,-3.029005,theft_person
53.375653,-3.032633,shoplifting
53.375653,-3.032633,shoplifting
53.375653,-3.032633,shoplifting
53.386659,-3.033201,burglary_biz
53.385413,-3.034899,shoplifting
53.385413,-3.034899,shoplifting
53.385413,-3.034899,shoplifting
53.383589,-3.037892,shoplifting
53.385413,-3.034899,shoplifting
53.380912,-3.039781,burglary_biz
53.38065,-3.033701,burglary_biz
53.38065,-3.033701,theft_person
53.378733,-3.060669,burglary_biz
53.373881,-3.086357,burglary_biz
53.373881,-3.086357,burglary_biz
53.371881,-3.093717,robbery_biz
53.37103,-3.089531,shoplifting
53.377805,-3.089795,burglary_biz
53.376486,-3.09645,burglary_biz
53.377967,-3.090746,burglary_biz
53.379192,-3.086568,burglary_biz
53.376034,-3.081918,burglary_biz
53.376094,-3.084723,burglary_biz
53.378754,-3.086301,burglary_biz
53.37017,-3.076298,burglary_biz
53.379705,-3.01603,burglary_biz
53.377203,-3.016436,burglary_biz
53.374842,-3.015042,shoplifting
53.374842,-3.015042,shoplifting
53.374496,-3.017679,shoplifting
53.369418,-3.01114,burglary_biz
53.373021,-3.045737,shoplifting
53.366493,-2.997756,robbery_biz
53.360881,-2.998121,burglary_biz
53.358471,-3.017312,burglary_biz
53.356173,-3.025326,shoplifting
53.356173,-3.025326,shoplifting
53.356173,-3.025326,shoplifting
53.356173,-3.025326,shoplifting
53.356173,-3.025326,shoplifting
53.356173,-3.025326,shoplifting
53.356173,-3.025326,shoplifting
53.356173,-3.025326,shoplifting
53.356173,-3.025326,shoplifting
53.356173,-3.025326,shoplifting
53.356173,-3.025326,shoplifting
53.356173,-3.025326,shoplifting
53.354238,-3.11774,burglary_biz
53.349221,-3.073817,burglary_biz
53.343625,-3.097064,theft_person
53.352952,-3.046387,burglary_biz
53.34756,-2.984981,shoplifting
53.34756,-2.984981,shoplifting
53.34756,-2.984981,shoplifting
53.34756,-2.984981,shoplifting
53.340546,-2.978517,shoplifting
53.341075,-2.977456,shoplifting
53.340546,-2.978517,shoplifting
53.340546,-2.978517,shoplifting
53.340546,-2.978517,shoplifting
53.340546,-2.978517,shoplifting
53.340546,-2.978517,shoplifting
53.347509,-3.005154,burglary_biz
53.356337,-2.987857,burglary_biz
53.328531,-3.099184,shoplifting
53.334733,-3.098217,shoplifting
53.322051,-3.047027,burglary_biz
53.332882,-3.024138,burglary_biz
53.320477,-3.044046,burglary_biz
53.340573,-2.976604,shoplifting
53.337948,-2.979908,shoplifting
53.340199,-2.976532,shoplifting
53.340199,-2.976532,shoplifting
53.340199,-2.976532,shoplifting
53.332234,-2.972914,shoplifting
53.331864,-2.978537,shoplifting
53.326326,-3.094578,shoplifting
53.326326,-3.094578,shoplifting
53.321055,-3.106573,burglary_biz
53.317461,-3.076938,burglary_biz
53.32132,-2.975278,burglary_biz
53.322171,-2.980042,burglary_biz
53.323405,-2.976482,shoplifting
53.316205,-2.981827,burglary_biz
53.495119,-2.880619,robbery_biz
53.487076,-2.906766,burglary_biz
53.486442,-2.900303,shoplifting
53.486442,-2.900303,shoplifting
53.486442,-2.900303,shoplifting
53.497,-2.895959,burglary_biz
53.49941,-2.893492,burglary_biz
53.471821,-2.877982,robbery_biz
53.480948,-2.887363,burglary_biz
53.482078,-2.888938,shoplifting
53.482171,-2.884887,shoplifting
53.482282,-2.886788,shoplifting
53.482641,-2.88571,theft_person
53.477294,-2.897532,theft_person
53.485017,-2.902171,burglary_biz
53.470433,-2.913372,burglary_biz
53.479476,-2.90023,robbery_biz
53.465888,-2.876911,burglary_biz
53.474531,-2.876245,burglary_biz
53.47177,-2.881265,burglary_biz
53.47177,-2.881265,shoplifting
53.477579,-2.857534,burglary_biz
53.477579,-2.857534,burglary_biz
53.479851,-2.860352,burglary_biz
53.477579,-2.857534,burglary_biz
53.481833,-2.873352,burglary_biz
53.479851,-2.860352,burglary_biz
53.479851,-2.860352,burglary_biz
53.434789,-2.864303,burglary_biz
53.435151,-2.860171,theft_person
53.42241,-2.802701,shoplifting
53.42241,-2.802701,shoplifting
53.42241,-2.802701,shoplifting
53.428276,-2.812429,shoplifting
53.429096,-2.805566,burglary_biz
53.426798,-2.801023,robbery_biz
53.426798,-2.801023,shoplifting
53.427073,-2.8016,shoplifting
53.426798,-2.801023,shoplifting
53.426798,-2.801023,shoplifting
53.426798,-2.801023,shoplifting
53.427073,-2.8016,shoplifting
53.42984,-2.799123,shoplifting
53.426798,-2.801023,shoplifting
53.426798,-2.801023,shoplifting
53.426798,-2.801023,shoplifting
53.42984,-2.799123,shoplifting
53.426798,-2.801023,shoplifting
53.427797,-2.799492,shoplifting
53.426798,-2.801023,shoplifting
53.426798,-2.801023,shoplifting
53.425604,-2.80091,shoplifting
53.426584,-2.803457,shoplifting
53.425473,-2.798906,shoplifting
53.425473,-2.798906,shoplifting
53.426584,-2.803457,shoplifting
53.425473,-2.798906,shoplifting
53.426584,-2.803457,shoplifting
53.426584,-2.803457,shoplifting
53.420099,-2.863313,burglary_biz
53.420099,-2.863313,robbery_biz
53.421043,-2.85957,shoplifting
53.42521,-2.855049,robbery_biz
53.418661,-2.78793,burglary_biz
53.421867,-2.784302,shoplifting
53.421867,-2.784302,shoplifting
53.423057,-2.789185,shoplifting
53.426812,-2.84849,burglary_biz
53.415482,-2.800915,robbery_biz
53.409134,-2.78494,burglary_biz
53.412799,-2.820197,theft_person
53.412356,-2.838649,burglary_biz
53.410039,-2.836978,burglary_biz
53.412554,-2.836822,burglary_biz
53.412554,-2.836822,robbery_biz
53.40993,-2.838739,shoplifting
53.412554,-2.836822,shoplifting
53.412554,-2.836822,shoplifting
53.412554,-2.836822,shoplifting
53.409035,-2.848091,burglary_biz
53.410949,-2.851965,burglary_biz
53.410921,-2.839433,shoplifting
53.361981,-2.822046,shoplifting
53.403592,-2.806002,burglary_biz
53.389774,-2.758225,burglary_biz
53.375969,-2.852634,burglary_biz
53.358004,-2.834215,shoplifting
53.360712,-2.830046,shoplifting
53.360157,-2.829764,shoplifting
53.360157,-2.829764,shoplifting
53.359024,-2.824634,burglary_biz
53.357958,-2.822705,burglary_biz
53.471701,-2.940999,burglary_biz
53.472069,-2.937723,burglary_biz
53.471805,-2.934674,burglary_biz
53.456818,-2.922266,burglary_biz
53.457132,-2.91649,shoplifting
53.468583,-2.952259,burglary_biz
53.469367,-2.954295,robbery_biz
53.468665,-2.956539,robbery_biz
53.464196,-2.955685,burglary_biz
53.462244,-2.961425,robbery_biz
53.462244,-2.961425,robbery_biz
53.462618,-2.967489,burglary_biz
53.459242,-2.962487,robbery_biz
53.456933,-2.96239,burglary_biz
53.460826,-2.892787,shoplifting
53.454215,-2.899365,burglary_biz
53.455741,-2.915823,shoplifting
53.455741,-2.915823,shoplifting
53.455741,-2.915823,shoplifting
53.455741,-2.915823,shoplifting
53.455741,-2.915823,shoplifting
53.455741,-2.915823,shoplifting
53.455741,-2.915823,shoplifting
53.465716,-2.90003,shoplifting
53.448294,-2.90975,burglary_biz
53.449932,-2.901096,burglary_biz
53.448294,-2.90975,burglary_biz
53.466321,-2.931102,theft_person
53.454303,-2.965252,burglary_biz
53.454823,-2.960941,robbery_biz
53.452686,-2.967354,robbery_biz
53.447957,-2.968616,robbery_biz
53.452686,-2.967354,shoplifting
53.452686,-2.967354,shoplifting
53.45178,-2.963809,shoplifting
53.451248,-2.961749,shoplifting
53.451248,-2.961749,shoplifting
53.451248,-2.961749,shoplifting
53.451248,-2.961749,shoplifting
53.451248,-2.961749,shoplifting
53.451248,-2.961749,shoplifting
53.451248,-2.961749,shoplifting
53.451214,-2.963766,shoplifting
53.451248,-2.961749,shoplifting
53.452469,-2.886498,burglary_biz
53.445978,-2.947432,burglary_biz
53.441799,-2.939345,shoplifting
53.451924,-2.941209,burglary_biz
53.452301,-2.951503,burglary_biz
53.452613,-2.949552,burglary_biz
53.443874,-2.969924,burglary_biz
53.446465,-2.968567,burglary_biz
53.445558,-2.968471,burglary_biz
53.446465,-2.968567,shoplifting
53.446465,-2.968567,shoplifting
53.446465,-2.968567,shoplifting
53.446465,-2.968567,shoplifting
53.446465,-2.968567,shoplifting
53.443173,-2.915226,burglary_biz
53.442566,-2.9077,robbery_biz
53.442228,-2.927242,robbery_biz
53.442228,-2.927242,robbery_biz
53.442228,-2.927242,shoplifting
53.43791,-2.931009,burglary_biz
53.439209,-2.93155,burglary_biz
53.440467,-2.929319,shoplifting
53.440467,-2.929319,shoplifting
53.440467,-2.929319,shoplifting
53.440467,-2.929319,shoplifting
53.440467,-2.929319,shoplifting
53.440467,-2.929319,shoplifting
53.441692,-2.930068,shoplifting
53.440467,-2.929319,shoplifting
53.442987,-2.970656,burglary_biz
53.442987,-2.970656,robbery_biz
53.438867,-2.971619,robbery_biz
53.438867,-2.971619,robbery_biz
53.439827,-2.972451,robbery_biz
53.438144,-2.973737,robbery_biz
53.437082,-2.971681,robbery_biz
53.439827,-2.972451,shoplifting
53.437082,-2.971681,shoplifting
53.437082,-2.971681,shoplifting
53.439827,-2.972451,shoplifting
53.438867,-2.971619,shoplifting
53.438867,-2.971619,shoplifting
53.438867,-2.971619,shoplifting
53.439827,-2.972451,shoplifting
53.439203,-2.971819,shoplifting
53.438867,-2.971619,shoplifting
53.439203,-2.971819,shoplifting
53.43652,-2.886873,theft_person
53.437884,-2.978112,burglary_biz
53.438009,-2.974893,shoplifting
53.438009,-2.974893,shoplifting
53.434962,-2.975967,shoplifting
53.434962,-2.975967,theft_person
53.436055,-2.970935,robbery_biz
53.436055,-2.970935,shoplifting
53.441235,-2.995683,burglary_biz
53.441241,-2.982991,burglary_biz
53.440832,-2.98792,burglary_biz
53.439335,-2.989677,burglary_biz
53.43879,-2.988129,burglary_biz
53.440421,-2.989868,burglary_biz
53.434398,-2.952232,shoplifting
53.434905,-2.946147,burglary_biz
53.436726,-2.922523,burglary_biz
53.436998,-2.915198,robbery_biz
53.437493,-2.965337,robbery_biz
53.431267,-2.961588,theft_person
53.425423,-2.960609,burglary_biz
53.424916,-2.961125,burglary_biz
53.432446,-2.953603,robbery_biz
53.429943,-2.957445,burglary_biz
53.42856,-2.956255,robbery_biz
53.428852,-2.958956,shoplifting
53.428852,-2.958956,shoplifting
53.429943,-2.957445,theft_person
53.424128,-2.951701,theft_person
53.429787,-2.948908,burglary_biz
53.428705,-2.94929,burglary_biz
53.427438,-2.935626,burglary_biz
53.423541,-2.929236,burglary_biz
53.425649,-2.932156,robbery_biz
53.425661,-2.930561,shoplifting
53.425661,-2.930561,shoplifting
53.425661,-2.930561,shoplifting
53.432849,-2.910052,shoplifting
53.42706,-2.898204,burglary_biz
53.42609,-2.915792,shoplifting
53.42609,-2.915792,shoplifting
53.42609,-2.915792,shoplifting
53.420244,-2.998036,burglary_biz
53.420244,-2.998036,shoplifting
53.425208,-2.987001,burglary_biz
53.423247,-2.982817,burglary_biz
53.425766,-2.983628,robbery_biz
53.428338,-2.977005,robbery_biz
53.425771,-2.979775,shoplifting
53.425771,-2.979775,shoplifting
53.425771,-2.979775,shoplifting
53.422566,-2.981522,burglary_biz
53.420137,-2.97957,robbery_biz
53.421326,-2.982502,robbery_biz
53.422943,-2.979349,robbery_biz
53.422943,-2.979349,shoplifting
53.422943,-2.979349,shoplifting
53.422943,-2.979349,shoplifting
53.422943,-2.979349,shoplifting
53.422943,-2.979349,shoplifting
53.422943,-2.979349,shoplifting
53.424611,-2.980952,shoplifting
53.422943,-2.979349,shoplifting
53.422943,-2.979349,shoplifting
53.422943,-2.979349,shoplifting
53.424611,-2.980952,shoplifting
53.422943,-2.979349,shoplifting
53.424611,-2.980952,shoplifting
53.422943,-2.979349,shoplifting
53.422943,-2.979349,shoplifting
53.424611,-2.980952,shoplifting
53.421326,-2.982502,theft_person
53.416281,-2.979497,theft_person
53.429936,-2.975039,burglary_biz
53.411815,-2.98153,shoplifting
53.42197,-2.977461,shoplifting
53.42197,-2.977461,shoplifting
53.422903,-2.946392,burglary_biz
53.423783,-2.953259,burglary_biz
53.425142,-2.958707,burglary_biz
53.421934,-2.958544,shoplifting
53.42263,-2.961494,shoplifting
53.417366,-2.956531,burglary_biz
53.421443,-2.952604,burglary_biz
53.421463,-2.880932,burglary_biz
53.420828,-2.870626,burglary_biz
53.418188,-2.868992,burglary_biz
53.416525,-2.898118,burglary_biz
53.419593,-2.890659,burglary_biz
53.42085,-2.889571,burglary_biz
53.416553,-2.892009,burglary_biz
53.422325,-2.919157,burglary_biz
53.410277,-2.919544,burglary_biz
53.412563,-2.912794,robbery_biz
53.415646,-2.919329,shoplifting
53.414933,-2.921886,burglary_biz
53.410848,-2.925935,burglary_biz
53.408939,-2.923983,shoplifting
53.410848,-2.925935,shoplifting
53.410848,-2.925935,shoplifting
53.408939,-2.923983,shoplifting
53.408939,-2.923983,shoplifting
53.410848,-2.925935,shoplifting
53.408939,-2.923983,shoplifting
53.408939,-2.923983,shoplifting
53.410848,-2.925935,shoplifting
53.408939,-2.923983,shoplifting
53.408939,-2.923983,shoplifting
53.410848,-2.925935,shoplifting
53.410848,-2.925935,shoplifting
53.410848,-2.925935,shoplifting
53.408939,-2.923983,shoplifting
53.410848,-2.925935,shoplifting
53.408939,-2.923983,shoplifting
53.408939,-2.923983,shoplifting
53.408939,-2.923983,shoplifting
53.410848,-2.925935,shoplifting
53.408939,-2.923983,shoplifting
53.411069,-2.923999,shoplifting
53.407713,-2.92428,shoplifting
53.410848,-2.925935,shoplifting
53.410848,-2.925935,shoplifting
53.408939,-2.923983,shoplifting
53.410848,-2.925935,shoplifting
53.408939,-2.923983,shoplifting
53.410848,-2.925935,shoplifting
53.408939,-2.923983,shoplifting
53.410848,-2.925935,shoplifting
53.410848,-2.925935,shoplifting
53.410848,-2.925935,shoplifting
53.410848,-2.925935,shoplifting
53.408939,-2.923983,shoplifting
53.410508,-2.942927,burglary_biz
53.411496,-2.944941,burglary_biz
53.410508,-2.942927,burglary_biz
53.411496,-2.944941,shoplifting
53.411496,-2.944941,shoplifting
53.411496,-2.944941,shoplifting
53.411496,-2.944941,shoplifting
53.411496,-2.944941,shoplifting
53.411496,-2.944941,shoplifting
53.411496,-2.944941,shoplifting
53.411496,-2.944941,shoplifting
53.411496,-2.944941,shoplifting
53.411496,-2.944941,shoplifting
53.411496,-2.944941,shoplifting
53.411496,-2.944941,shoplifting
53.411496,-2.944941,shoplifting
53.411496,-2.944941,shoplifting
53.411496,-2.944941,shoplifting
53.411496,-2.944941,shoplifting
53.411496,-2.944941,shoplifting
53.411496,-2.944941,shoplifting
53.411496,-2.944941,shoplifting
53.412135,-2.936043,burglary_biz
53.412135,-2.936043,burglary_biz
53.414291,-2.931592,burglary_biz
53.406632,-2.922504,burglary_biz
53.410803,-2.935171,burglary_biz
53.412135,-2.936043,burglary_biz
53.410604,-2.928367,shoplifting
53.410604,-2.928367,shoplifting
53.410604,-2.928367,shoplifting
53.410604,-2.928367,shoplifting
53.410604,-2.928367,shoplifting
53.415608,-2.94134,burglary_biz
53.41564,-2.943011,burglary_biz
53.416815,-2.942134,burglary_biz
53.422429,-2.940392,burglary_biz
53.420078,-2.945562,burglary_biz
53.414558,-2.907419,shoplifting
53.421008,-2.90086,burglary_biz
53.417705,-2.90386,burglary_biz
53.412408,-2.9113,burglary_biz
53.41341,-2.91063,shoplifting
53.412968,-2.912034,shoplifting
53.41341,-2.91063,shoplifting
53.412968,-2.912034,shoplifting
53.41341,-2.91063,shoplifting
53.412968,-2.912034,shoplifting
53.41341,-2.91063,shoplifting
53.412968,-2.912034,shoplifting
53.410018,-2.94573,burglary_biz
53.410018,-2.94573,burglary_biz
53.410018,-2.94573,burglary_biz
53.4093,-2.950121,burglary_biz
53.4093,-2.950121,burglary_biz
53.416877,-2.946815,theft_person
53.412131,-2.952456,burglary_biz
53.412131,-2.952456,burglary_biz
53.412131,-2.952456,burglary_biz
53.412131,-2.952456,burglary_biz
53.412234,-2.950789,burglary_biz
53.415024,-2.954913,robbery_biz
53.412574,-2.94538,burglary_biz
53.413637,-2.946276,burglary_biz
53.412678,-2.943577,burglary_biz
53.412322,-2.947646,burglary_biz
53.414445,-2.946294,robbery_biz
53.412574,-2.94538,robbery_biz
53.412299,-2.944923,shoplifting
53.398973,-2.957908,burglary_biz
53.403139,-2.962965,theft_person
53.407813,-2.969705,burglary_biz
53.409506,-2.964809,shoplifting
53.411091,-2.967793,shoplifting
53.401511,-2.955212,burglary_biz
53.40482,-2.955166,robbery_biz
53.408035,-2.946438,burglary_biz
53.401082,-2.91715,burglary_biz
53.407141,-2.915926,burglary_biz
53.405224,-2.907928,robbery_biz
53.402766,-2.898971,burglary_biz
53.407639,-2.900066,burglary_biz
53.402313,-2.927645,burglary_biz
53.400637,-2.92818,burglary_biz
53.402769,-2.947434,robbery_biz
53.403838,-2.947483,shoplifting
53.397099,-2.891091,burglary_biz
53.405856,-2.885979,burglary_biz
53.401238,-2.970112,burglary_biz
53.39394,-2.969682,burglary_biz
53.400151,-2.963409,burglary_biz
53.400656,-2.964383,shoplifting
53.3971,-2.968258,burglary_biz
53.395394,-2.976851,burglary_biz
53.393612,-2.980465,burglary_biz
53.394852,-2.978373,burglary_biz
53.391172,-2.928079,burglary_biz
53.399617,-2.926383,burglary_biz
53.396433,-2.938134,burglary_biz
53.398149,-2.937179,robbery_biz
53.397337,-2.935691,shoplifting
53.397337,-2.935691,shoplifting
53.394884,-2.931649,burglary_biz
53.396901,-2.933513,burglary_biz
53.394478,-2.935249,robbery_biz
53.394478,-2.935249,shoplifting
53.394478,-2.935249,shoplifting
53.396554,-2.933024,shoplifting
53.394678,-2.945284,burglary_biz
53.395337,-2.950532,robbery_biz
53.383623,-2.855779,burglary_biz
53.398265,-2.872045,burglary_biz
53.392633,-2.855238,burglary_biz
53.389532,-2.858995,shoplifting
53.390863,-2.858932,shoplifting
53.390883,-2.859468,shoplifting
53.390863,-2.858932,shoplifting
53.392253,-2.897245,burglary_biz
53.394801,-2.907345,burglary_biz
53.387493,-2.910963,shoplifting
53.387493,-2.910963,shoplifting
53.387493,-2.910963,shoplifting
53.387493,-2.910963,shoplifting
53.389122,-2.922411,burglary_biz
53.398082,-2.917957,shoplifting
53.390965,-2.91415,burglary_biz
53.389113,-2.912998,shoplifting
53.389113,-2.912998,shoplifting
53.389113,-2.912998,shoplifting
53.389113,-2.912998,shoplifting
53.389113,-2.912998,shoplifting
53.389113,-2.912998,shoplifting
53.389113,-2.912998,shoplifting
53.390449,-2.917043,shoplifting
53.389271,-2.915873,theft_person
53.380551,-2.951556,burglary_biz
53.387884,-2.946216,burglary_biz
53.380551,-2.951556,burglary_biz
53.380465,-2.9522,shoplifting
53.386834,-2.94935,burglary_biz
53.391446,-2.959393,burglary_biz
53.391586,-2.969922,burglary_biz
53.392276,-2.971216,robbery_biz
53.385417,-2.975661,burglary_biz
53.3885,-2.9691,burglary_biz
53.388475,-2.967716,burglary_biz
53.391536,-2.966071,robbery_biz
53.385533,-2.960282,burglary_biz
53.384586,-2.958442,burglary_biz
53.384794,-2.963949,shoplifting
53.385432,-2.963858,shoplifting
53.385432,-2.963858,shoplifting
53.385432,-2.963858,shoplifting
53.385432,-2.963858,shoplifting
53.384794,-2.963949,shoplifting
53.387232,-2.8425,burglary_biz
53.387232,-2.8425,burglary_biz
53.384427,-2.865147,burglary_biz
53.391104,-2.872339,burglary_biz
53.391104,-2.872339,shoplifting
53.384553,-2.899158,robbery_biz
53.387746,-2.888174,burglary_biz
53.388728,-2.897487,burglary_biz
53.382069,-2.945015,shoplifting
53.378844,-2.918145,burglary_biz
53.378507,-2.926932,burglary_biz
53.378292,-2.928039,burglary_biz
53.386,-2.909879,shoplifting
53.386,-2.909879,shoplifting
53.382631,-2.963509,burglary_biz
53.382407,-2.962241,shoplifting
53.382407,-2.962241,shoplifting
53.382407,-2.962241,shoplifting
53.382407,-2.962241,shoplifting
53.382407,-2.962241,shoplifting
53.384074,-2.978366,burglary_biz
53.383692,-2.975666,burglary_biz
53.384555,-2.980031,burglary_biz
53.374564,-2.85674,burglary_biz
53.373029,-2.875032,burglary_biz
53.379107,-2.942158,burglary_biz
53.374433,-2.932886,burglary_biz
53.378435,-2.948637,robbery_biz
53.378435,-2.948637,shoplifting
53.378435,-2.948637,shoplifting
53.378435,-2.948637,shoplifting
53.378435,-2.948637,shoplifting
53.378435,-2.948637,shoplifting
53.378435,-2.948637,shoplifting
53.378435,-2.948637,shoplifting
53.378435,-2.948637,shoplifting
53.378435,-2.948637,shoplifting
53.378435,-2.948637,shoplifting
53.377407,-2.947938,shoplifting
53.370316,-2.920216,burglary_biz
53.371579,-2.901966,burglary_biz
53.371794,-2.903263,burglary_biz
53.370841,-2.902026,shoplifting
53.370841,-2.902026,shoplifting
53.370841,-2.902026,shoplifting
53.355003,-2.864356,burglary_biz
53.357538,-2.86316,robbery_biz
53.357538,-2.86316,shoplifting
53.358908,-2.857613,shoplifting
53.357538,-2.86316,shoplifting
53.357538,-2.86316,shoplifting
53.357538,-2.86316,shoplifting
53.358908,-2.857613,shoplifting
53.359703,-2.855871,burglary_biz
53.359703,-2.855871,shoplifting
53.359703,-2.855871,shoplifting
53.359703,-2.855871,shoplifting
53.359703,-2.855871,shoplifting
53.359703,-2.855871,shoplifting
53.359703,-2.855871,shoplifting
53.359703,-2.855871,shoplifting
53.367377,-2.911917,shoplifting
53.355829,-2.903483,shoplifting
53.355829,-2.903483,shoplifting
53.348233,-2.897432,burglary_biz
53.349023,-2.901189,burglary_biz
53.353452,-2.899029,shoplifting
53.348447,-2.859761,burglary_biz
53.348491,-2.861204,shoplifting
53.349113,-2.862193,shoplifting
53.348447,-2.859761,shoplifting
53.348447,-2.859761,shoplifting
53.351822,-2.850515,burglary_biz
53.337309,-2.854927,shoplifting
53.351157,-2.882606,robbery_biz
53.350869,-2.88263,shoplifting
53.351157,-2.882606,shoplifting
53.351157,-2.882606,shoplifting
53.351157,-2.882606,shoplifting
53.351157,-2.882606,shoplifting
53.35482,-2.891636,shoplifting
53.351157,-2.882606,shoplifting
53.350869,-2.88263,shoplifting
53.35482,-2.891636,shoplifting
53.351157,-2.882606,shoplifting
53.35482,-2.891636,shoplifting
53.35482,-2.891636,shoplifting
53.349558,-2.883684,shoplifting
53.350869,-2.88263,shoplifting
53.350869,-2.88263,shoplifting
53.351157,-2.882606,shoplifting
53.350869,-2.88263,shoplifting
53.351157,-2.882606,shoplifting
53.351157,-2.882606,shoplifting
53.341054,-2.823416,burglary_biz
53.340018,-2.834813,burglary_biz
53.340018,-2.834813,burglary_biz
53.345092,-2.838648,robbery_biz
53.346684,-2.841099,shoplifting
53.3462,-2.838251,shoplifting
53.346684,-2.841099,shoplifting
53.345092,-2.838648,shoplifting
53.346684,-2.841099,shoplifting
53.3462,-2.838251,shoplifting
53.339654,-2.828285,burglary_biz
53.33874,-2.825323,burglary_biz
53.339654,-2.828285,shoplifting
53.409246,-2.971377,burglary_biz
53.409963,-2.970581,burglary_biz
53.40938,-2.972614,burglary_biz
53.409963,-2.970581,burglary_biz
53.409963,-2.970581,burglary_biz
53.409172,-2.970578,burglary_biz
53.409672,-2.97423,robbery_biz
53.409461,-2.970419,shoplifting
53.409461,-2.970419,shoplifting
53.409461,-2.970419,shoplifting
53.409738,-2.973855,shoplifting
53.409461,-2.970419,shoplifting
53.409963,-2.970581,shoplifting
53.409929,-2.971423,shoplifting
53.409738,-2.973855,shoplifting
53.409423,-2.975067,shoplifting
53.409461,-2.970419,shoplifting
53.409986,-2.971063,shoplifting
53.409461,-2.970419,shoplifting
53.409461,-2.970419,shoplifting
53.409738,-2.973855,shoplifting
53.409738,-2.973855,shoplifting
53.409738,-2.973855,shoplifting
53.409461,-2.970419,shoplifting
53.408634,-2.984676,burglary_biz
53.408777,-2.974871,burglary_biz
53.406403,-2.978247,burglary_biz
53.405998,-2.985999,burglary_biz
53.406435,-2.987505,burglary_biz
53.405308,-2.987924,burglary_biz
53.405928,-2.979199,robbery_biz
53.406827,-2.985823,robbery_biz
53.406403,-2.978247,robbery_biz
53.405928,-2.979199,robbery_biz
53.409292,-2.983398,robbery_biz
53.407841,-2.987095,robbery_biz
53.407062,-2.984535,robbery_biz
53.405173,-2.983574,robbery_biz
53.406827,-2.985823,shoplifting
53.405998,-2.985999,shoplifting
53.406827,-2.985823,shoplifting
53.405173,-2.983574,shoplifting
53.405308,-2.987924,shoplifting
53.405998,-2.985999,shoplifting
53.405928,-2.979199,shoplifting
53.405173,-2.983574,shoplifting
53.405418,-2.981172,shoplifting
53.40734,-2.980284,shoplifting
53.406404,-2.980398,shoplifting
53.405928,-2.979199,shoplifting
53.405308,-2.987924,shoplifting
53.405308,-2.987924,shoplifting
53.407062,-2.984535,shoplifting
53.407062,-2.984535,shoplifting
53.405998,-2.985999,shoplifting
53.405173,-2.983574,shoplifting
53.405311,-2.982163,shoplifting
53.405308,-2.987924,shoplifting
53.405173,-2.983574,shoplifting
53.406827,-2.985823,shoplifting
53.406404,-2.980398,shoplifting
53.40734,-2.980284,shoplifting
53.405173,-2.983574,shoplifting
53.405308,-2.987924,shoplifting
53.405418,-2.981172,shoplifting
53.40642,-2.979541,shoplifting
53.406404,-2.980398,shoplifting
53.405173,-2.983574,shoplifting
53.405928,-2.979199,shoplifting
53.406404,-2.980398,shoplifting
53.405173,-2.983574,shoplifting
53.405173,-2.983574,shoplifting
53.405928,-2.979199,shoplifting
53.405998,-2.985999,shoplifting
53.405928,-2.979199,shoplifting
53.406404,-2.980398,shoplifting
53.405173,-2.983574,shoplifting
53.405418,-2.981172,shoplifting
53.405928,-2.979199,shoplifting
53.406404,-2.980398,shoplifting
53.405928,-2.979199,shoplifting
53.405308,-2.987924,shoplifting
53.405311,-2.982163,shoplifting
53.405311,-2.982163,shoplifting
53.405928,-2.979199,shoplifting
53.405928,-2.979199,shoplifting
53.405311,-2.982163,shoplifting
53.405173,-2.983574,shoplifting
53.406827,-2.985823,shoplifting
53.405173,-2.983574,shoplifting
53.405928,-2.979199,shoplifting
53.405308,-2.987924,shoplifting
53.405928,-2.979199,shoplifting
53.405928,-2.979199,shoplifting
53.405173,-2.983574,shoplifting
53.406404,-2.980398,shoplifting
53.405311,-2.982163,shoplifting
53.405998,-2.985999,shoplifting
53.405173,-2.983574,shoplifting
53.405308,-2.987924,shoplifting
53.405173,-2.983574,shoplifting
53.405311,-2.982163,shoplifting
53.406404,-2.980398,shoplifting
53.405311,-2.982163,shoplifting
53.405928,-2.979199,shoplifting
53.406061,-2.987582,shoplifting
53.405998,-2.985999,shoplifting
53.405928,-2.979199,shoplifting
53.405308,-2.987924,shoplifting
53.405928,-2.979199,shoplifting
53.40728,-2.987488,theft_person
53.407062,-2.984535,theft_person
53.409943,-2.977395,theft_person
53.405311,-2.982163,theft_person
53.405308,-2.987924,theft_person
53.406316,-2.986744,theft_person
53.4067,-2.987023,theft_person
53.40307,-2.980246,burglary_biz
53.403277,-2.982417,burglary_biz
53.403061,-2.981404,burglary_biz
53.401686,-2.979101,robbery_biz
53.401681,-2.978635,robbery_biz
53.403277,-2.982417,shoplifting
53.402999,-2.979056,shoplifting
53.403796,-2.981662,shoplifting
53.40214,-2.980766,theft_person
53.401462,-2.980134,theft_person
53.40307,-2.980246,theft_person
53.401889,-2.977599,theft_person
53.403796,-2.981662,theft_person
53.401686,-2.979101,theft_person
53.40307,-2.980246,theft_person
53.403796,-2.981662,theft_person
53.40307,-2.980246,theft_person
53.403277,-2.982417,theft_person
53.40307,-2.980246,theft_person
53.40214,-2.980766,theft_person
53.40307,-2.980246,theft_person
53.407908,-2.985532,burglary_biz
53.409383,-2.987567,burglary_biz
53.410616,-2.986332,shoplifting
53.410616,-2.986332,shoplifting
53.409626,-2.989754,shoplifting
53.408882,-2.988368,shoplifting
53.410616,-2.986332,shoplifting
53.410616,-2.986332,shoplifting
53.410616,-2.986332,shoplifting
53.410616,-2.986332,shoplifting
53.410616,-2.986332,shoplifting
53.410616,-2.986332,shoplifting
53.410616,-2.986332,shoplifting
53.411165,-2.985126,shoplifting
53.410616,-2.986332,shoplifting
53.410616,-2.986332,shoplifting
53.408882,-2.988368,shoplifting
53.410616,-2.986332,shoplifting
53.410616,-2.986332,shoplifting
53.410616,-2.986332,shoplifting
53.410616,-2.986332,shoplifting
53.410687,-2.988635,shoplifting
53.411804,-2.987247,shoplifting
53.401469,-2.969365,burglary_biz
53.402739,-2.969033,burglary_biz
53.405826,-2.976338,burglary_biz
53.401469,-2.969365,burglary_biz
53.402093,-2.975561,theft_person
53.400271,-2.976301,burglary_biz
53.401055,-2.976003,burglary_biz
53.401412,-2.975229,burglary_biz
53.401933,-2.974158,robbery_biz
53.400271,-2.976301,robbery_biz
53.401055,-2.976003,robbery_biz
53.400271,-2.976301,robbery_biz
53.401933,-2.974158,shoplifting
53.401933,-2.974158,shoplifting
53.401933,-2.974158,shoplifting
53.401933,-2.974158,shoplifting
53.40222,-2.976541,shoplifting
53.401933,-2.974158,shoplifting
53.401933,-2.974158,shoplifting
53.401933,-2.974158,shoplifting
53.400271,-2.976301,theft_person
53.387167,-2.984767,burglary_biz
53.387167,-2.984767,burglary_biz
53.397048,-2.991273,shoplifting
53.40467,-2.97917,burglary_biz
53.402232,-2.987893,burglary_biz
53.402765,-2.983488,robbery_biz
53.40467,-2.97917,robbery_biz
53.403263,-2.978686,robbery_biz
53.403774,-2.980999,robbery_biz
53.402232,-2.987893,robbery_biz
53.403319,-2.986058,shoplifting
53.403319,-2.986058,shoplifting
53.403319,-2.986058,shoplifting
53.403851,-2.984807,shoplifting
53.404497,-2.983799,shoplifting
53.403319,-2.986058,shoplifting
53.403319,-2.986058,shoplifting
53.403319,-2.986058,shoplifting
53.403851,-2.984807,shoplifting
53.403851,-2.984807,shoplifting
53.404497,-2.983799,shoplifting
53.403319,-2.986058,shoplifting
53.403319,-2.986058,shoplifting
53.403319,-2.986058,shoplifting
53.402765,-2.983488,shoplifting
53.403319,-2.986058,shoplifting
53.403319,-2.986058,shoplifting
53.403319,-2.986058,shoplifting
53.403319,-2.986058,shoplifting
53.403851,-2.984807,shoplifting
53.403319,-2.986058,shoplifting
53.403319,-2.986058,shoplifting
53.403319,-2.986058,shoplifting
53.403319,-2.986058,shoplifting
53.403319,-2.986058,shoplifting
53.403851,-2.984807,shoplifting
53.403319,-2.986058,shoplifting
53.402765,-2.983488,shoplifting
53.403851,-2.984807,shoplifting
53.403851,-2.984807,shoplifting
53.403851,-2.984807,shoplifting
53.403319,-2.986058,shoplifting
53.403319,-2.986058,shoplifting
53.403319,-2.986058,shoplifting
53.403156,-2.97745,shoplifting
53.404497,-2.983799,shoplifting
53.403319,-2.986058,shoplifting
53.403854,-2.981132,theft_person
53.403854,-2.981132,theft_person
53.403471,-2.977367,theft_person
53.404266,-2.97907,theft_person
53.403319,-2.986058,theft_person
53.403897,-2.979152,theft_person
53.403263,-2.978686,theft_person
53.403105,-2.979105,theft_person
53.401575,-2.99256,theft_person
53.392786,-2.978175,burglary_biz
53.390156,-2.980942,shoplifting
53.399345,-2.986146,shoplifting
53.399345,-2.986146,shoplifting
53.401826,-2.986174,robbery_biz
53.402501,-2.986024,shoplifting
53.402501,-2.986024,shoplifting
53.402501,-2.986024,shoplifting
53.402501,-2.986024,shoplifting
53.401826,-2.986174,shoplifting
53.401826,-2.986174,shoplifting
53.402501,-2.986024,shoplifting
53.402501,-2.986024,shoplifting
53.402501,-2.986024,shoplifting
53.402501,-2.986024,shoplifting
53.402501,-2.986024,shoplifting
53.401826,-2.986174,shoplifting
53.402501,-2.986024,shoplifting
53.402501,-2.986024,theft_person
53.414805,-2.999233,shoplifting
53.410781,-2.990247,burglary_biz
53.409072,-2.99797,robbery_biz
53.412471,-2.993536,robbery_biz
53.411693,-2.99087,robbery_biz
53.409072,-2.99797,robbery_biz
53.40984,-2.996348,shoplifting
53.40984,-2.996348,shoplifting
53.409941,-2.989686,shoplifting
53.409072,-2.99797,shoplifting
53.409072,-2.99797,shoplifting
53.409072,-2.99797,shoplifting
53.409569,-2.998749,shoplifting
53.408747,-2.993765,burglary_biz
53.408779,-2.992171,shoplifting
53.405292,-2.993098,burglary_biz
53.406159,-2.993735,robbery_biz
53.404298,-2.995918,shoplifting
53.404133,-2.990905,shoplifting
53.59344,-3.040325,burglary_biz
53.565436,-3.069247,burglary_biz
53.562492,-3.05871,burglary_biz
53.557515,-3.061439,shoplifting
53.556396,-3.060958,shoplifting
53.557515,-3.061439,shoplifting
53.552049,-3.076607,burglary_biz
53.550983,-3.074525,robbery_biz
53.550558,-3.078441,burglary_biz
53.554473,-3.056819,shoplifting
53.554473,-3.056819,shoplifting
53.554473,-3.056819,shoplifting
53.554473,-3.056819,shoplifting
53.554473,-3.056819,shoplifting
53.516944,-2.941881,burglary_biz
53.520125,-2.946476,burglary_biz
53.51657,-2.943698,shoplifting
53.51657,-2.943698,shoplifting
53.51657,-2.943698,shoplifting
53.51657,-2.943698,shoplifting
53.51657,-2.943698,shoplifting
53.51657,-2.943698,shoplifting
53.505709,-2.923267,burglary_biz
53.508703,-2.943885,burglary_biz
53.506326,-2.935222,robbery_biz
53.506326,-2.935222,robbery_biz
53.513423,-2.94388,shoplifting
53.513423,-2.94388,shoplifting
53.513423,-2.94388,shoplifting
53.495214,-3.023251,burglary_biz
53.499304,-3.003043,shoplifting
53.499304,-3.003043,shoplifting
53.491562,-2.950433,shoplifting
53.494357,-3.055685,burglary_biz
53.492344,-3.026755,shoplifting
53.492344,-3.026755,shoplifting
53.492344,-3.026755,shoplifting
53.492344,-3.026755,shoplifting
53.491975,-3.026761,shoplifting
53.488933,-2.986656,robbery_biz
53.489389,-2.99351,robbery_biz
53.49245,-3.023788,shoplifting
53.487943,-3.009422,burglary_biz
53.484619,-3.018686,burglary_biz
53.484475,-3.017688,burglary_biz
53.48323,-2.914897,burglary_biz
53.486772,-2.944905,burglary_biz
53.479188,-2.950236,shoplifting
53.479188,-2.950236,shoplifting
53.483566,-2.947847,shoplifting
53.480843,-2.950122,shoplifting
53.480843,-2.950122,shoplifting
53.481151,-2.949768,shoplifting
53.485733,-2.948936,shoplifting
53.480843,-2.950122,shoplifting
53.480843,-2.950122,shoplifting
53.483566,-2.947847,shoplifting
53.480843,-2.950122,shoplifting
53.479188,-2.950236,shoplifting
53.481151,-2.949768,shoplifting
53.479188,-2.950236,shoplifting
53.481151,-2.949768,shoplifting
53.480843,-2.950122,shoplifting
53.480843,-2.950122,shoplifting
53.480843,-2.950122,shoplifting
53.480843,-2.950122,shoplifting
53.480843,-2.950122,shoplifting
53.475546,-2.953786,theft_person
53.481431,-2.938171,burglary_biz
53.480736,-2.965641,burglary_biz
53.474105,-3.036183,robbery_biz
53.490396,-3.026361,shoplifting
53.484723,-3.031716,shoplifting
53.474215,-2.963956,robbery_biz
53.488238,-2.973845,shoplifting
53.488238,-2.973845,shoplifting
53.474472,-3.024877,shoplifting
53.474298,-3.028338,burglary_biz
53.480883,-3.02363,shoplifting
53.482482,-3.029937,burglary_biz
53.482482,-3.029937,burglary_biz
53.47684,-2.993563,burglary_biz
53.476091,-2.989553,robbery_biz
53.469446,-3.013427,burglary_biz
53.474729,-3.026329,robbery_biz
53.474729,-3.026329,shoplifting
53.471399,-3.01837,burglary_biz
53.469333,-3.000107,robbery_biz
53.475258,-2.989247,shoplifting
53.471155,-2.997272,shoplifting
53.465613,-3.006466,shoplifting
53.465697,-3.004932,shoplifting
53.468003,-2.999096,shoplifting
53.46595,-3.003703,shoplifting
53.46595,-3.003703,shoplifting
53.46595,-3.003703,shoplifting
53.46595,-3.003703,shoplifting
53.46595,-3.003703,shoplifting
53.46595,-3.003703,shoplifting
53.46595,-3.003703,shoplifting
53.46595,-3.003703,shoplifting
53.46595,-3.003703,shoplifting
53.46595,-3.003703,shoplifting
53.46469,-2.997482,burglary_biz
53.461198,-2.982895,shoplifting
53.46028,-2.984034,shoplifting
53.461198,-2.982895,shoplifting
53.461198,-2.982895,shoplifting
53.461198,-2.982895,shoplifting
53.46028,-2.984034,shoplifting
53.461198,-2.982895,shoplifting
53.471724,-2.96741,burglary_biz
53.460796,-2.977012,burglary_biz
53.457524,-2.991244,burglary_biz
53.457955,-2.991345,burglary_biz
53.454099,-2.990455,shoplifting
53.454099,-2.990455,shoplifting
53.454948,-2.991097,theft_person
53.458589,-3.004704,burglary_biz
53.460825,-2.998581,burglary_biz
53.450223,-2.98603,burglary_biz
53.451637,-2.990098,burglary_biz
53.449568,-2.985909,shoplifting
53.451158,-2.983808,shoplifting
53.451637,-2.990098,shoplifting
53.450001,-2.998734,burglary_biz
53.454855,-2.996574,burglary_biz
53.452187,-2.99599,robbery_biz
53.452187,-2.99599,shoplifting
53.453984,-2.995379,shoplifting
53.453438,-2.999387,burglary_biz
53.456536,-3.003044,shoplifting
53.45452,-3.005451,shoplifting
53.453795,-2.992151,burglary_biz
53.451725,-2.992525,burglary_biz
53.446814,-2.992802,burglary_biz
53.451725,-2.992525,shoplifting
53.451725,-2.992525,shoplifting
53.451725,-2.992525,shoplifting
53.453703,-2.99236,shoplifting
53.452052,-2.99309,shoplifting
53.453703,-2.99236,theft_person
53.4526,-2.993337,theft_person
53.443372,-2.992767,burglary_biz
53.443734,-2.981574,burglary_biz
53.442308,-2.984476,burglary_biz
53.50106,-2.787935,shoplifting
53.50106,-2.787935,shoplifting
53.505041,-2.747481,robbery_biz
53.468903,-2.76652,robbery_biz
53.468903,-2.76652,shoplifting
53.461181,-2.776366,shoplifting
53.46063,-2.772621,shoplifting
53.452088,-2.738991,burglary_biz
53.451243,-2.733194,burglary_biz
53.452088,-2.738991,burglary_biz
53.452088,-2.738991,burglary_biz
53.446854,-2.746654,burglary_biz
53.452307,-2.738593,robbery_biz
53.451206,-2.733174,shoplifting
53.449584,-2.738435,shoplifting
53.452855,-2.738582,shoplifting
53.451888,-2.743716,shoplifting
53.451888,-2.743716,shoplifting
53.449584,-2.738435,shoplifting
53.449584,-2.738435,shoplifting
53.451621,-2.744765,shoplifting
53.449584,-2.738435,shoplifting
53.449584,-2.738435,shoplifting
53.451621,-2.744765,shoplifting
53.450817,-2.733759,shoplifting
53.452855,-2.738582,shoplifting
53.449584,-2.738435,shoplifting
53.451137,-2.738673,shoplifting
53.449624,-2.752139,robbery_biz
53.449624,-2.752139,shoplifting
53.450394,-2.752574,shoplifting
53.450394,-2.752574,shoplifting
53.449624,-2.752139,shoplifting
53.450394,-2.752574,shoplifting
53.450394,-2.752574,shoplifting
53.449624,-2.752139,shoplifting
53.449624,-2.752139,shoplifting
53.457293,-2.744714,burglary_biz
53.456441,-2.740075,burglary_biz
53.454465,-2.747089,burglary_biz
53.454441,-2.739303,robbery_biz
53.454441,-2.739303,shoplifting
53.454616,-2.744781,shoplifting
53.458581,-2.739947,burglary_biz
53.452631,-2.737012,shoplifting
53.452631,-2.737012,shoplifting
53.452631,-2.737012,shoplifting
53.450969,-2.759827,burglary_biz
53.44539,-2.755,burglary_biz
53.444649,-2.76271,robbery_biz
53.444649,-2.76271,robbery_biz
53.443785,-2.761505,shoplifting
53.443785,-2.761505,shoplifting
53.443785,-2.761505,shoplifting
53.441807,-2.765836,shoplifting
53.452714,-2.781904,burglary_biz
53.435251,-2.784263,burglary_biz
53.415898,-2.766378,robbery_biz
53.418193,-2.775583,shoplifting
53.418193,-2.775583,shoplifting
53.429404,-2.745907,burglary_biz
53.446193,-2.732911,robbery_biz
53.444527,-2.73636,robbery_biz
53.444846,-2.734192,shoplifting
53.444527,-2.73636,shoplifting
53.444846,-2.734192,shoplifting
53.446193,-2.732911,shoplifting
53.446193,-2.732911,shoplifting
53.444846,-2.734192,shoplifting
53.444527,-2.73636,shoplifting
53.446193,-2.732911,shoplifting
53.446193,-2.732911,shoplifting
53.444527,-2.73636,shoplifting
53.444527,-2.73636,shoplifting
53.444846,-2.734192,shoplifting
53.444846,-2.734192,shoplifting
53.444846,-2.734192,shoplifting
53.446193,-2.732911,shoplifting
53.429084,-2.753672,burglary_biz
53.437354,-3.047994,robbery_biz
53.440214,-3.046415,shoplifting
53.437613,-3.042054,burglary_biz
53.42203,-3.029152,burglary_biz
53.423729,-3.030127,burglary_biz
53.422023,-3.031966,shoplifting
53.419359,-3.043047,shoplifting
53.420397,-3.038142,theft_person
53.419566,-3.04578,shoplifting
53.419566,-3.04578,shoplifting
53.419566,-3.04578,shoplifting
53.419908,-3.045714,robbery_biz
53.421217,-3.04409,shoplifting
53.420233,-3.043495,shoplifting
53.411885,-3.023521,burglary_biz
53.410383,-3.02153,shoplifting
53.412734,-3.027168,shoplifting
53.412734,-3.027168,shoplifting
53.404048,-3.099296,shoplifting
53.403413,-3.109522,burglary_biz
53.403513,-3.112307,shoplifting
53.410484,-3.049258,burglary_biz
53.407245,-3.078859,burglary_biz
53.4122,-3.072545,shoplifting
53.411751,-3.073557,shoplifting
53.408035,-3.07036,shoplifting
53.408035,-3.07036,shoplifting
53.408035,-3.07036,shoplifting
53.408035,-3.07036,shoplifting
53.4122,-3.072545,shoplifting
53.403295,-3.060137,shoplifting
53.403295,-3.060137,shoplifting
53.403295,-3.060137,shoplifting
53.403295,-3.060137,shoplifting
53.401583,-3.111084,shoplifting
53.401376,-3.113921,shoplifting
53.401376,-3.113921,shoplifting
53.399626,-3.11562,shoplifting
53.401376,-3.113921,shoplifting
53.402308,-3.113284,burglary_biz
53.390171,-3.061134,burglary_biz
53.393088,-3.021491,robbery_biz
53.389926,-3.028633,robbery_biz
53.390059,-3.027704,shoplifting
53.38892,-3.031601,shoplifting
53.389211,-3.02391,shoplifting
53.389211,-3.02391,shoplifting
53.389926,-3.028633,shoplifting
53.389926,-3.028633,shoplifting
53.389926,-3.028633,shoplifting
53.389926,-3.028633,shoplifting
53.390059,-3.027704,shoplifting
53.390458,-3.027398,shoplifting
53.38918,-3.027593,shoplifting
53.389211,-3.02391,shoplifting
53.389926,-3.028633,shoplifting
53.388541,-3.03075,shoplifting
53.389926,-3.028633,shoplifting
53.389211,-3.02391,shoplifting
53.390059,-3.027704,shoplifting
53.389466,-3.02772,shoplifting
53.38918,-3.027593,shoplifting
53.389926,-3.028633,shoplifting
53.388939,-3.028429,shoplifting
53.389466,-3.02772,shoplifting
53.390059,-3.027704,shoplifting
53.389926,-3.028633,shoplifting
53.389466,-3.02772,shoplifting
53.388073,-3.037099,burglary_biz
53.387916,-3.032314,shoplifting
53.396931,-3.030321,robbery_biz
53.398393,-3.019257,robbery_biz
53.393083,-3.022093,theft_person
53.391397,-3.020639,robbery_biz
53.391397,-3.020639,shoplifting
53.388956,-3.120333,shoplifting
53.380972,-3.09834,burglary_biz
53.384265,-3.098981,shoplifting
53.379956,-3.102858,shoplifting
53.394989,-3.095061,burglary_biz
53.387545,-3.08033,burglary_biz
53.384292,-3.041788,burglary_biz
53.387127,-3.061885,burglary_biz
53.379398,-3.057649,burglary_biz
53.383487,-3.051586,burglary_biz
53.386851,-3.028679,burglary_biz
53.386851,-3.028679,robbery_biz
53.38706,-3.022189,burglary_biz
53.38786,-3.01687,shoplifting
53.38786,-3.01687,shoplifting
53.379082,-3.022749,burglary_biz
53.376528,-3.024943,theft_person
53.375653,-3.032633,shoplifting
53.375653,-3.032633,shoplifting
53.375653,-3.032633,shoplifting
53.375653,-3.032633,shoplifting
53.384004,-3.03461,robbery_biz
53.383589,-3.037892,shoplifting
53.385413,-3.034899,shoplifting
53.385413,-3.034899,shoplifting
53.383589,-3.037892,shoplifting
53.385413,-3.034899,shoplifting
53.383589,-3.037892,shoplifting
53.383589,-3.037892,shoplifting
53.385413,-3.034899,shoplifting
53.383589,-3.037892,shoplifting
53.381708,-3.038162,burglary_biz
53.376515,-3.107861,burglary_biz
53.376882,-3.121504,shoplifting
53.380639,-3.065663,burglary_biz
53.373486,-3.04913,shoplifting
53.373486,-3.04913,shoplifting
53.373623,-3.063143,burglary_biz
53.376094,-3.084723,shoplifting
53.376094,-3.084723,shoplifting
53.37017,-3.076298,burglary_biz
53.37017,-3.076298,shoplifting
53.377115,-3.017246,burglary_biz
53.379705,-3.01603,robbery_biz
53.370287,-3.007313,burglary_biz
53.373508,-3.024946,shoplifting
53.365172,-3.017938,robbery_biz
53.365172,-3.017938,shoplifting
53.373021,-3.045737,shoplifting
53.37096,-3.052164,burglary_biz
53.36391,-3.051465,robbery_biz
53.370779,-3.045246,burglary_biz
53.360881,-2.998121,robbery_biz
53.360881,-2.998121,shoplifting
53.357778,-3.001549,shoplifting
53.361012,-3.010295,shoplifting
53.35985,-3.015873,shoplifting
53.356173,-3.025326,shoplifting
53.356173,-3.025326,shoplifting
53.356173,-3.025326,shoplifting
53.35502,-3.110067,burglary_biz
53.351192,-3.124285,burglary_biz
53.352955,-3.093172,shoplifting
53.353113,-3.103332,burglary_biz
53.351541,-3.026777,burglary_biz
53.341124,-3.007542,shoplifting
53.34756,-2.984981,shoplifting
53.34756,-2.984981,shoplifting
53.340546,-2.978517,robbery_biz
53.340546,-2.978517,shoplifting
53.341075,-2.977456,shoplifting
53.340546,-2.978517,shoplifting
53.341075,-2.977456,shoplifting
53.350361,-3.002667,shoplifting
53.329864,-3.096846,shoplifting
53.332882,-3.024138,burglary_biz
53.311273,-3.007379,burglary_biz
53.317805,-3.053513,burglary_biz
53.326591,-2.991194,burglary_biz
53.321705,-3.002611,burglary_biz
53.340573,-2.976604,shoplifting
53.340199,-2.976532,shoplifting
53.340199,-2.976532,shoplifting
53.322704,-2.982944,shoplifting
53.329007,-3.074556,shoplifting
53.334028,-3.077986,burglary_biz
53.326326,-3.094578,shoplifting
53.326326,-3.094578,shoplifting
53.306858,-2.981702,burglary_biz
53.309602,-2.976992,burglary_biz
53.309433,-2.975668,burglary_biz
53.319617,-2.979038,burglary_biz
53.320246,-2.972522,burglary_biz
53.316701,-2.956184,burglary_biz
53.316701,-2.956184,burglary_biz
53.311884,-2.965022,shoplifting
53.489941,-2.885516,burglary_biz
53.489684,-2.899482,burglary_biz
53.502316,-2.882155,robbery_biz
53.483087,-2.884951,robbery_biz
53.480948,-2.887363,robbery_biz
53.480948,-2.887363,robbery_biz
53.482078,-2.888938,shoplifting
53.482689,-2.888846,shoplifting
53.482282,-2.886788,shoplifting
53.482689,-2.888846,shoplifting
53.483087,-2.884951,shoplifting
53.483087,-2.884951,shoplifting
53.482641,-2.88571,shoplifting
53.482689,-2.888846,shoplifting
53.482689,-2.888846,shoplifting
53.483087,-2.884951,shoplifting
53.482689,-2.888846,shoplifting
53.482282,-2.886788,shoplifting
53.488152,-2.874627,theft_person
53.477294,-2.897532,burglary_biz
53.482562,-2.904666,burglary_biz
53.485974,-2.902734,robbery_biz
53.480241,-2.901256,burglary_biz
53.469361,-2.915926,shoplifting
53.465888,-2.876911,burglary_biz
53.466122,-2.878075,burglary_biz
53.473413,-2.870542,robbery_biz
53.473214,-2.879291,robbery_biz
53.45706,-2.84971,burglary_biz
53.457564,-2.85457,burglary_biz
53.43426,-2.862878,burglary_biz
53.43513,-2.869278,shoplifting
53.42241,-2.802701,shoplifting
53.42241,-2.802701,shoplifting
53.421596,-2.804762,burglary_biz
53.422608,-2.805248,shoplifting
53.431397,-2.800221,burglary_biz
53.427797,-2.799492,shoplifting
53.426798,-2.801023,shoplifting
53.42984,-2.799123,shoplifting
53.427073,-2.8016,shoplifting
53.426798,-2.801023,shoplifting
53.429581,-2.802941,shoplifting
53.427073,-2.8016,shoplifting
53.427797,-2.799492,shoplifting
53.42984,-2.799123,shoplifting
53.427797,-2.799492,shoplifting
53.429581,-2.802941,shoplifting
53.426798,-2.801023,shoplifting
53.426798,-2.801023,theft_person
53.425473,-2.798906,shoplifting
53.42407,-2.801724,shoplifting
53.425473,-2.798906,shoplifting
53.426584,-2.803457,shoplifting
53.420099,-2.863313,shoplifting
53.419492,-2.853987,shoplifting
53.424072,-2.853281,shoplifting
53.420377,-2.794793,burglary_biz
53.421867,-2.784302,shoplifting
53.423057,-2.789185,shoplifting
53.421867,-2.784302,shoplifting
53.421867,-2.784302,shoplifting
53.421867,-2.784302,shoplifting
53.421867,-2.784302,shoplifting
53.416604,-2.826244,robbery_biz
53.416456,-2.824225,burglary_biz
53.416456,-2.824225,robbery_biz
53.419947,-2.866921,burglary_biz
53.413049,-2.800464,burglary_biz
53.415482,-2.800915,robbery_biz
53.41542,-2.800779,shoplifting
53.410918,-2.801988,burglary_biz
53.409207,-2.885041,robbery_biz
53.412669,-2.872641,burglary_biz
53.409395,-2.820974,robbery_biz
53.405445,-2.819018,burglary_biz
53.40993,-2.838739,robbery_biz
53.412554,-2.836822,shoplifting
53.412554,-2.836822,shoplifting
53.412554,-2.836822,shoplifting
53.372729,-2.825049,robbery_biz
53.40504,-2.807157,burglary_biz
53.36691,-2.821525,burglary_biz
53.360321,-2.841022,shoplifting
53.35954,-2.830579,shoplifting
53.358862,-2.831122,burglary_biz
53.47038,-2.92018,burglary_biz
53.456818,-2.922266,burglary_biz
53.454842,-2.922028,burglary_biz
53.457132,-2.91649,burglary_biz
53.455237,-2.923286,shoplifting
53.463793,-2.959954,shoplifting
53.462805,-2.960956,shoplifting
53.457275,-2.963392,robbery_biz
53.462248,-2.892292,burglary_biz
53.458269,-2.893411,burglary_biz
53.469317,-2.938755,shoplifting
53.469317,-2.938755,shoplifting
53.469317,-2.938755,shoplifting
53.449914,-2.933982,burglary_biz
53.449914,-2.933982,burglary_biz
53.449914,-2.933982,burglary_biz
53.449452,-2.927497,shoplifting
53.454973,-2.964725,burglary_biz
53.44923,-2.972349,burglary_biz
53.45068,-2.968633,burglary_biz
53.448985,-2.969242,robbery_biz
53.451248,-2.961749,shoplifting
53.451248,-2.961749,shoplifting
53.451248,-2.961749,shoplifting
53.451248,-2.961749,shoplifting
53.451248,-2.961749,shoplifting
53.451248,-2.961749,shoplifting
53.451248,-2.961749,shoplifting
53.451248,-2.961749,shoplifting
53.451248,-2.961749,shoplifting
53.451248,-2.961749,shoplifting
53.453877,-2.962351,shoplifting
53.452354,-2.884974,burglary_biz
53.449576,-2.888666,burglary_biz
53.446832,-2.947526,robbery_biz
53.442395,-2.939976,shoplifting
53.452613,-2.949552,shoplifting
53.444661,-2.96157,burglary_biz
53.444633,-2.967291,burglary_biz
53.443662,-2.965011,burglary_biz
53.448617,-2.944509,burglary_biz
53.441215,-2.950713,robbery_biz
53.446719,-2.970455,burglary_biz
53.446465,-2.968567,shoplifting
53.446465,-2.968567,shoplifting
53.446083,-2.915529,robbery_biz
53.442871,-2.925336,shoplifting
53.440467,-2.929319,shoplifting
53.441692,-2.930068,shoplifting
53.440467,-2.929319,shoplifting
53.446798,-2.91967,shoplifting
53.440905,-2.966965,burglary_biz
53.440905,-2.966965,robbery_biz
53.439779,-2.962755,robbery_biz
53.441495,-2.973994,burglary_biz
53.437082,-2.971681,robbery_biz
53.439827,-2.972451,shoplifting
53.437082,-2.971681,shoplifting
53.438867,-2.971619,shoplifting
53.438867,-2.971619,shoplifting
53.439827,-2.972451,shoplifting
53.437082,-2.971681,shoplifting
53.437082,-2.971681,shoplifting
53.440891,-2.970834,shoplifting
53.440891,-2.970834,shoplifting
53.440891,-2.970834,shoplifting
53.437082,-2.971681,shoplifting
53.440316,-2.976406,burglary_biz
53.436045,-2.974336,burglary_biz
53.437884,-2.978112,shoplifting
53.434467,-2.980366,burglary_biz
53.434867,-2.98313,burglary_biz
53.434867,-2.98313,burglary_biz
53.433952,-2.985081,robbery_biz
53.434867,-2.98313,robbery_biz
53.438,-2.969338,burglary_biz
53.436055,-2.970935,shoplifting
53.435266,-2.971684,shoplifting
53.430821,-2.986559,burglary_biz
53.441235,-2.995683,burglary_biz
53.431193,-2.984987,burglary_biz
53.439335,-2.989677,burglary_biz
53.434176,-2.989602,burglary_biz
53.430008,-2.949349,robbery_biz
53.433737,-2.942734,burglary_biz
53.43455,-2.943294,theft_person
53.436383,-2.920439,burglary_biz
53.432919,-2.919611,burglary_biz
53.426926,-2.877553,burglary_biz
53.432378,-2.966531,theft_person
53.425002,-2.961638,burglary_biz
53.428718,-2.963317,burglary_biz
53.429782,-2.951812,shoplifting
53.428852,-2.958956,shoplifting
53.428852,-2.958956,shoplifting
53.428852,-2.958956,shoplifting
53.428852,-2.958956,shoplifting
53.428852,-2.958956,shoplifting
53.42651,-2.935877,burglary_biz
53.425661,-2.930561,shoplifting
53.425661,-2.930561,shoplifting
53.425661,-2.930561,shoplifting
53.425661,-2.930561,shoplifting
53.425661,-2.930561,shoplifting
53.428658,-2.9197,burglary_biz
53.428658,-2.9197,shoplifting
53.426247,-2.910618,burglary_biz
53.421335,-2.908737,burglary_biz
53.42609,-2.915792,shoplifting
53.42609,-2.915792,shoplifting
53.43184,-2.894828,burglary_biz
53.422557,-2.993395,burglary_biz
53.417067,-2.993162,burglary_biz
53.423247,-2.982817,shoplifting
53.42787,-2.983616,shoplifting
53.42787,-2.983616,shoplifting
53.422973,-2.986663,shoplifting
53.427332,-2.981241,burglary_biz
53.425771,-2.979775,shoplifting
53.425771,-2.979775,shoplifting
53.43089,-2.977003,theft_person
53.421447,-2.985319,burglary_biz
53.422943,-2.979349,shoplifting
53.424611,-2.980952,shoplifting
53.422943,-2.979349,shoplifting
53.422943,-2.979349,shoplifting
53.422943,-2.979349,shoplifting
53.422943,-2.979349,shoplifting
53.422943,-2.979349,shoplifting
53.422943,-2.979349,shoplifting
53.424611,-2.980952,shoplifting
53.422943,-2.979349,shoplifting
53.422943,-2.979349,shoplifting
53.421302,-2.981027,shoplifting
53.422943,-2.979349,shoplifting
53.422943,-2.979349,shoplifting
53.422943,-2.979349,shoplifting
53.422943,-2.979349,shoplifting
53.424611,-2.980952,shoplifting
53.422943,-2.979349,shoplifting
53.422943,-2.979349,shoplifting
53.422943,-2.979349,shoplifting
53.422943,-2.979349,shoplifting
53.422943,-2.979349,shoplifting
53.421326,-2.982502,shoplifting
53.422943,-2.979349,shoplifting
53.421564,-2.962072,robbery_biz
53.421564,-2.962072,robbery_biz
53.418035,-2.977145,burglary_biz
53.418035,-2.977145,robbery_biz
53.42197,-2.977461,shoplifting
53.421934,-2.958544,shoplifting
53.42177,-2.953229,shoplifting
53.421934,-2.958544,shoplifting
53.423075,-2.958675,shoplifting
53.421934,-2.958544,shoplifting
53.422141,-2.95745,shoplifting
53.417623,-2.953677,burglary_biz
53.413837,-2.963974,shoplifting
53.421443,-2.952604,robbery_biz
53.418213,-2.886357,burglary_biz
53.416296,-2.917673,burglary_biz
53.423312,-2.915867,robbery_biz
53.414044,-2.915969,burglary_biz
53.415646,-2.919329,robbery_biz
53.415646,-2.919329,shoplifting
53.414799,-2.918287,shoplifting
53.415646,-2.919329,shoplifting
53.415646,-2.919329,shoplifting
53.407713,-2.92428,burglary_biz
53.410848,-2.925935,burglary_biz
53.414933,-2.921886,burglary_biz
53.414933,-2.921886,burglary_biz
53.410848,-2.925935,robbery_biz
53.410848,-2.925935,robbery_biz
53.410848,-2.925935,shoplifting
53.410848,-2.925935,shoplifting
53.408939,-2.923983,shoplifting
53.410848,-2.925935,shoplifting
53.408939,-2.923983,shoplifting
53.408939,-2.923983,shoplifting
53.408939,-2.923983,shoplifting
53.410848,-2.925935,shoplifting
53.407713,-2.92428,shoplifting
53.408939,-2.923983,shoplifting
53.407713,-2.92428,shoplifting
53.408939,-2.923983,shoplifting
53.410848,-2.925935,shoplifting
53.408939,-2.923983,shoplifting
53.410848,-2.925935,shoplifting
53.408939,-2.923983,shoplifting
53.410848,-2.925935,shoplifting
53.410848,-2.925935,shoplifting
53.408939,-2.923983,shoplifting
53.410848,-2.925935,shoplifting
53.408939,-2.923983,shoplifting
53.410848,-2.925935,shoplifting
53.410848,-2.925935,shoplifting
53.405665,-2.934652,burglary_biz
53.411678,-2.941629,burglary_biz
53.411496,-2.944941,shoplifting
53.409112,-2.939858,shoplifting
53.411496,-2.944941,shoplifting
53.409112,-2.939858,shoplifting
53.411496,-2.944941,shoplifting
53.411496,-2.944941,shoplifting
53.409112,-2.939858,shoplifting
53.411496,-2.944941,shoplifting
53.411496,-2.944941,shoplifting
53.411496,-2.944941,shoplifting
53.411496,-2.944941,shoplifting
53.4087,-2.935095,shoplifting
53.411496,-2.944941,shoplifting
53.409112,-2.939858,shoplifting
53.409112,-2.939858,shoplifting
53.411496,-2.944941,shoplifting
53.411496,-2.944941,shoplifting
53.411496,-2.944941,shoplifting
53.411496,-2.944941,shoplifting
53.409112,-2.939858,shoplifting
53.411496,-2.944941,shoplifting
53.410604,-2.928367,shoplifting
53.410604,-2.928367,shoplifting
53.410604,-2.928367,shoplifting
53.415813,-2.944986,burglary_biz
53.414558,-2.907419,burglary_biz
53.414558,-2.907419,shoplifting
53.414558,-2.907419,shoplifting
53.41912,-2.904507,burglary_biz
53.412968,-2.912034,robbery_biz
53.412968,-2.912034,shoplifting
53.413241,-2.909227,shoplifting
53.412719,-2.911653,shoplifting
53.412719,-2.911653,shoplifting
53.41341,-2.91063,shoplifting
53.412968,-2.912034,shoplifting
53.41341,-2.91063,shoplifting
53.412968,-2.912034,shoplifting
53.412719,-2.911653,shoplifting
53.41341,-2.91063,shoplifting
53.412719,-2.911653,shoplifting
53.412719,-2.911653,shoplifting
53.416623,-2.912579,burglary_biz
53.416445,-2.915765,robbery_biz
53.412718,-2.953222,burglary_biz
53.412322,-2.947646,burglary_biz
53.412923,-2.945538,burglary_biz
53.412322,-2.947646,burglary_biz
53.412322,-2.947646,burglary_biz
53.412322,-2.947646,burglary_biz
53.412322,-2.947646,burglary_biz
53.412322,-2.947646,burglary_biz
53.412299,-2.944923,robbery_biz
53.413637,-2.946276,robbery_biz
53.412322,-2.947646,robbery_biz
53.412574,-2.94538,shoplifting
53.398461,-2.960077,shoplifting
53.398461,-2.960077,shoplifting
53.406095,-2.972012,robbery_biz
53.4105,-2.960799,robbery_biz
53.411227,-2.963178,shoplifting
53.411842,-2.964967,shoplifting
53.411091,-2.967793,shoplifting
53.4086,-2.971212,theft_person
53.41013,-2.957677,burglary_biz
53.40482,-2.955166,shoplifting
53.40233,-2.95508,theft_person
53.404278,-2.945271,burglary_biz
53.406038,-2.94889,burglary_biz
53.404448,-2.909581,shoplifting
53.400419,-2.920294,burglary_biz
53.39833,-2.917346,burglary_biz
53.398869,-2.918531,burglary_biz
53.399343,-2.911743,burglary_biz
53.410024,-2.920907,burglary_biz
53.407717,-2.92158,shoplifting
53.410024,-2.920907,theft_person
53.405224,-2.907928,shoplifting
53.405224,-2.907928,shoplifting
53.405224,-2.907928,shoplifting
53.405224,-2.907928,shoplifting
53.407555,-2.89322,burglary_biz
53.407555,-2.89322,burglary_biz
53.398136,-2.941105,burglary_biz
53.397917,-2.945973,burglary_biz
53.396986,-2.942087,burglary_biz
53.401819,-2.936854,burglary_biz
53.400151,-2.953317,robbery_biz
53.401819,-2.936854,robbery_biz
53.402769,-2.947434,shoplifting
53.403838,-2.947483,shoplifting
53.402289,-2.887108,burglary_biz
53.402289,-2.887108,burglary_biz
53.400542,-2.883868,burglary_biz
53.396476,-2.968755,burglary_biz
53.397883,-2.969283,robbery_biz
53.399064,-2.967746,robbery_biz
53.401238,-2.970112,theft_person
53.39948,-2.966342,burglary_biz
53.400656,-2.964383,shoplifting
53.400656,-2.964383,shoplifting
53.3971,-2.968258,burglary_biz
53.39755,-2.979277,shoplifting
53.393616,-2.97843,burglary_biz
53.396918,-2.979593,robbery_biz
53.394671,-2.977331,shoplifting
53.394671,-2.977331,shoplifting
53.394671,-2.977331,shoplifting
53.394671,-2.977331,shoplifting
53.394671,-2.977331,shoplifting
53.394671,-2.977331,shoplifting
53.397733,-2.932839,burglary_biz
53.398152,-2.927584,burglary_biz
53.394478,-2.935249,shoplifting
53.394478,-2.935249,shoplifting
53.391797,-2.94701,burglary_biz
53.396582,-2.948906,robbery_biz
53.397462,-2.948985,robbery_biz
53.396429,-2.945443,robbery_biz
53.392665,-2.950834,burglary_biz
53.393712,-2.85153,burglary_biz
53.388666,-2.85713,robbery_biz
53.388666,-2.85713,robbery_biz
53.390863,-2.858932,shoplifting
53.389532,-2.858995,shoplifting
53.389532,-2.858995,shoplifting
53.389532,-2.858995,shoplifting
53.389532,-2.858995,shoplifting
53.389532,-2.858995,shoplifting
53.387493,-2.910963,shoplifting
53.387493,-2.910963,shoplifting
53.387493,-2.910963,shoplifting
53.398082,-2.917957,shoplifting
53.389113,-2.912998,shoplifting
53.389113,-2.912998,shoplifting
53.389113,-2.912998,shoplifting
53.389113,-2.912998,shoplifting
53.389113,-2.912998,shoplifting
53.389113,-2.912998,shoplifting
53.389113,-2.912998,shoplifting
53.389113,-2.912998,shoplifting
53.389113,-2.912998,shoplifting
53.389113,-2.912998,shoplifting
53.390449,-2.917043,shoplifting
53.390449,-2.917043,shoplifting
53.385059,-2.949957,burglary_biz
53.380551,-2.951556,burglary_biz
53.391461,-2.957558,burglary_biz
53.389742,-2.95558,robbery_biz
53.390969,-2.974976,burglary_biz
53.385432,-2.963858,robbery_biz
53.385432,-2.963858,shoplifting
53.385432,-2.963858,shoplifting
53.385432,-2.963858,shoplifting
53.385432,-2.963858,shoplifting
53.385432,-2.963858,shoplifting
53.385432,-2.963858,shoplifting
53.385432,-2.963858,shoplifting
53.385432,-2.963858,shoplifting
53.385432,-2.963858,shoplifting
53.385432,-2.963858,shoplifting
53.385432,-2.963858,shoplifting
53.384794,-2.963949,shoplifting
53.385432,-2.963858,shoplifting
53.385432,-2.963858,shoplifting
53.384794,-2.963949,shoplifting
53.385432,-2.963858,shoplifting
53.385432,-2.963858,shoplifting
53.384794,-2.963949,shoplifting
53.39088,-2.836302,burglary_biz
53.384116,-2.860946,burglary_biz
53.390542,-2.870955,burglary_biz
53.387734,-2.870161,burglary_biz
53.388223,-2.866021,burglary_biz
53.382069,-2.945015,shoplifting
53.381188,-2.920796,burglary_biz
53.377077,-2.922391,burglary_biz
53.381796,-2.931709,burglary_biz
53.381796,-2.931709,burglary_biz
53.381796,-2.931709,burglary_biz
53.380047,-2.913751,robbery_biz
53.384614,-2.907745,shoplifting
53.386,-2.909879,shoplifting
53.382407,-2.962241,shoplifting
53.375445,-2.865476,shoplifting
53.375891,-2.938449,burglary_biz
53.372742,-2.935344,robbery_biz
53.37849,-2.943948,burglary_biz
53.377951,-2.942794,burglary_biz
53.377407,-2.947938,robbery_biz
53.377407,-2.947938,robbery_biz
53.378435,-2.948637,shoplifting
53.377407,-2.947938,shoplifting
53.378435,-2.948637,shoplifting
53.378435,-2.948637,shoplifting
53.377407,-2.947938,shoplifting
53.378435,-2.948637,shoplifting
53.369147,-2.90976,shoplifting
53.368085,-2.899262,burglary_biz
53.370841,-2.902026,shoplifting
53.357538,-2.86316,robbery_biz
53.357538,-2.86316,shoplifting
53.358908,-2.857613,shoplifting
53.357538,-2.86316,shoplifting
53.357538,-2.86316,shoplifting
53.357538,-2.86316,shoplifting
53.359703,-2.855871,shoplifting
53.359703,-2.855871,shoplifting
53.359703,-2.855871,shoplifting
53.359803,-2.854445,shoplifting
53.359703,-2.855871,shoplifting
53.359703,-2.855871,shoplifting
53.36613,-2.924544,burglary_biz
53.356592,-2.912918,burglary_biz
53.355829,-2.903483,shoplifting
53.360451,-2.908974,burglary_biz
53.353452,-2.899029,shoplifting
53.347477,-2.895178,burglary_biz
53.345837,-2.893266,robbery_biz
53.349113,-2.862193,shoplifting
53.349113,-2.862193,shoplifting
53.349113,-2.862193,shoplifting
53.337309,-2.854927,shoplifting
53.351157,-2.882606,robbery_biz
53.350869,-2.88263,shoplifting
53.351157,-2.882606,shoplifting
53.351157,-2.882606,shoplifting
53.351157,-2.882606,shoplifting
53.351157,-2.882606,shoplifting
53.345354,-2.839676,burglary_biz
53.3462,-2.838251,shoplifting
53.346684,-2.841099,shoplifting
53.3462,-2.838251,shoplifting
53.3462,-2.838251,shoplifting
53.346684,-2.841099,shoplifting
53.346684,-2.841099,shoplifting
53.346684,-2.841099,shoplifting
53.3462,-2.838251,shoplifting
53.345354,-2.839676,shoplifting
53.3462,-2.838251,shoplifting
53.3462,-2.838251,shoplifting
53.3462,-2.838251,shoplifting
53.3462,-2.838251,shoplifting
53.337892,-2.832231,robbery_biz
53.409246,-2.971377,burglary_biz
53.40938,-2.972614,burglary_biz
53.412761,-2.971322,burglary_biz
53.409246,-2.971377,burglary_biz
53.40938,-2.972614,burglary_biz
53.410732,-2.972193,burglary_biz
53.410282,-2.968963,burglary_biz
53.409738,-2.973855,shoplifting
53.409461,-2.970419,shoplifting
53.410282,-2.968963,shoplifting
53.409461,-2.970419,shoplifting
53.409423,-2.975067,shoplifting
53.406404,-2.980398,burglary_biz
53.405173,-2.983574,burglary_biz
53.406827,-2.985823,burglary_biz
53.405928,-2.979199,burglary_biz
53.406359,-2.98694,burglary_biz
53.405311,-2.982163,robbery_biz
53.405173,-2.983574,robbery_biz
53.405173,-2.983574,robbery_biz
53.405173,-2.983574,robbery_biz
53.405173,-2.983574,robbery_biz
53.40642,-2.979541,robbery_biz
53.405998,-2.985999,robbery_biz
53.407018,-2.987693,robbery_biz
53.405173,-2.983574,robbery_biz
53.407062,-2.984535,shoplifting
53.405173,-2.983574,shoplifting
53.40734,-2.980284,shoplifting
53.405311,-2.982163,shoplifting
53.405308,-2.987924,shoplifting
53.405418,-2.981172,shoplifting
53.406404,-2.980398,shoplifting
53.405311,-2.982163,shoplifting
53.405311,-2.982163,shoplifting
53.405418,-2.981172,shoplifting
53.405173,-2.983574,shoplifting
53.405308,-2.987924,shoplifting
53.405173,-2.983574,shoplifting
53.405308,-2.987924,shoplifting
53.405311,-2.982163,shoplifting
53.406404,-2.980398,shoplifting
53.40734,-2.980284,shoplifting
53.406404,-2.980398,shoplifting
53.40642,-2.979541,shoplifting
53.406061,-2.987582,shoplifting
53.405418,-2.981172,shoplifting
53.405308,-2.987924,shoplifting
53.406061,-2.987582,shoplifting
53.405928,-2.979199,shoplifting
53.407062,-2.984535,shoplifting
53.40734,-2.980284,shoplifting
53.405311,-2.982163,shoplifting
53.407062,-2.984535,shoplifting
53.405418,-2.981172,shoplifting
53.406404,-2.980398,shoplifting
53.405173,-2.983574,shoplifting
53.405173,-2.983574,shoplifting
53.405173,-2.983574,shoplifting
53.405173,-2.983574,shoplifting
53.405173,-2.983574,shoplifting
53.405308,-2.987924,shoplifting
53.405308,-2.987924,shoplifting
53.405308,-2.987924,shoplifting
53.405173,-2.983574,shoplifting
53.405998,-2.985999,shoplifting
53.406827,-2.985823,shoplifting
53.405928,-2.979199,shoplifting
53.405311,-2.982163,shoplifting
53.407062,-2.984535,shoplifting
53.407062,-2.984535,shoplifting
53.405311,-2.982163,shoplifting
53.405311,-2.982163,shoplifting
53.405311,-2.982163,shoplifting
53.405173,-2.983574,shoplifting
53.405308,-2.987924,shoplifting
53.405308,-2.987924,shoplifting
53.405308,-2.987924,shoplifting
53.405998,-2.985999,shoplifting
53.405311,-2.982163,shoplifting
53.40734,-2.980284,shoplifting
53.405418,-2.981172,shoplifting
53.405311,-2.982163,shoplifting
53.405311,-2.982163,shoplifting
53.405308,-2.987924,shoplifting
53.405173,-2.983574,shoplifting
53.405173,-2.983574,shoplifting
53.407707,-2.980368,shoplifting
53.405173,-2.983574,shoplifting
53.405173,-2.983574,shoplifting
53.405173,-2.983574,shoplifting
53.405311,-2.982163,shoplifting
53.405308,-2.987924,shoplifting
53.405928,-2.979199,shoplifting
53.405418,-2.981172,shoplifting
53.405928,-2.979199,shoplifting
53.409355,-2.977863,shoplifting
53.405928,-2.979199,shoplifting
53.405311,-2.982163,shoplifting
53.405173,-2.983574,shoplifting
53.405928,-2.979199,shoplifting
53.405928,-2.979199,shoplifting
53.405173,-2.983574,shoplifting
53.405998,-2.985999,shoplifting
53.408965,-2.979359,shoplifting
53.405311,-2.982163,shoplifting
53.405928,-2.979199,shoplifting
53.407062,-2.984535,shoplifting
53.405998,-2.985999,shoplifting
53.405998,-2.985999,shoplifting
53.405308,-2.987924,shoplifting
53.405308,-2.987924,shoplifting
53.405311,-2.982163,shoplifting
53.405998,-2.985999,shoplifting
53.405173,-2.983574,shoplifting
53.406404,-2.980398,shoplifting
53.407062,-2.984535,shoplifting
53.406061,-2.987582,shoplifting
53.405311,-2.982163,shoplifting
53.405173,-2.983574,shoplifting
53.405418,-2.981172,shoplifting
53.405998,-2.985999,shoplifting
53.405308,-2.987924,shoplifting
53.405173,-2.983574,theft_person
53.406404,-2.980398,theft_person
53.407703,-2.977645,theft_person
53.407703,-2.977645,theft_person
53.40734,-2.980284,theft_person
53.4067,-2.987023,theft_person
53.405311,-2.982163,theft_person
53.405928,-2.979199,theft_person
53.4067,-2.987023,theft_person
53.405928,-2.979199,theft_person
53.408903,-2.978315,theft_person
53.408777,-2.974871,theft_person
53.407062,-2.984535,theft_person
53.39991,-2.977632,burglary_biz
53.401598,-2.983235,burglary_biz
53.403796,-2.981662,burglary_biz
53.403277,-2.982417,burglary_biz
53.40214,-2.980766,burglary_biz
53.403277,-2.982417,robbery_biz
53.401889,-2.977599,robbery_biz
53.40307,-2.980246,robbery_biz
53.401462,-2.980134,robbery_biz
53.40307,-2.980246,robbery_biz
53.403796,-2.981662,shoplifting
53.403277,-2.982417,shoplifting
53.40307,-2.980246,theft_person
53.402999,-2.979056,theft_person
53.403277,-2.982417,theft_person
53.402999,-2.979056,theft_person
53.40307,-2.980246,theft_person
53.401605,-2.978016,theft_person
53.403061,-2.981404,theft_person
53.40307,-2.980246,theft_person
53.40307,-2.980246,theft_person
53.407563,-2.9859,burglary_biz
53.411295,-2.983549,robbery_biz
53.410687,-2.988635,robbery_biz
53.410616,-2.986332,shoplifting
53.410616,-2.986332,shoplifting
53.410616,-2.986332,shoplifting
53.410616,-2.986332,shoplifting
53.410616,-2.986332,shoplifting
53.410616,-2.986332,shoplifting
53.410616,-2.986332,shoplifting
53.410616,-2.986332,shoplifting
53.410616,-2.986332,shoplifting
53.410616,-2.986332,shoplifting
53.405373,-2.964595,shoplifting
53.405373,-2.964595,shoplifting
53.405373,-2.964595,shoplifting
53.400302,-2.974678,robbery_biz
53.40222,-2.976541,robbery_biz
53.401933,-2.974158,shoplifting
53.401933,-2.974158,shoplifting
53.401933,-2.974158,shoplifting
53.401933,-2.974158,shoplifting
53.401933,-2.974158,shoplifting
53.401933,-2.974158,shoplifting
53.40222,-2.976541,shoplifting
53.401933,-2.974158,shoplifting
53.400271,-2.976301,shoplifting
53.401933,-2.974158,shoplifting
53.401933,-2.974158,shoplifting
53.400918,-2.976376,theft_person
53.399373,-2.989336,burglary_biz
53.402283,-2.984199,burglary_biz
53.402283,-2.984199,burglary_biz
53.403105,-2.979105,burglary_biz
53.403851,-2.984807,burglary_biz
53.404497,-2.983799,burglary_biz
53.403319,-2.986058,robbery_biz
53.403319,-2.986058,robbery_biz
53.403897,-2.979152,robbery_biz
53.403851,-2.984807,robbery_biz
53.403319,-2.986058,shoplifting
53.403319,-2.986058,shoplifting
53.403319,-2.986058,shoplifting
53.403851,-2.984807,shoplifting
53.403319,-2.986058,shoplifting
53.4019,-2.983694,shoplifting
53.402765,-2.983488,shoplifting
53.404497,-2.983799,shoplifting
53.403319,-2.986058,shoplifting
53.403319,-2.986058,shoplifting
53.403319,-2.986058,shoplifting
53.403319,-2.986058,shoplifting
53.403319,-2.986058,shoplifting
53.403319,-2.986058,shoplifting
53.403851,-2.984807,shoplifting
53.403319,-2.986058,shoplifting
53.403319,-2.986058,shoplifting
53.403851,-2.984807,shoplifting
53.403897,-2.979152,shoplifting
53.403319,-2.986058,shoplifting
53.403319,-2.986058,shoplifting
53.403319,-2.986058,shoplifting
53.403851,-2.984807,shoplifting
53.403319,-2.986058,shoplifting
53.403319,-2.986058,shoplifting
53.403851,-2.984807,shoplifting
53.403851,-2.984807,shoplifting
53.403851,-2.984807,shoplifting
53.402765,-2.983488,shoplifting
53.403851,-2.984807,shoplifting
53.404497,-2.983799,shoplifting
53.402765,-2.983488,shoplifting
53.403319,-2.986058,shoplifting
53.403319,-2.986058,shoplifting
53.403319,-2.986058,shoplifting
53.403319,-2.986058,shoplifting
53.403319,-2.986058,shoplifting
53.403851,-2.984807,shoplifting
53.403319,-2.986058,shoplifting
53.403263,-2.978686,theft_person
53.403263,-2.978686,theft_person
53.403774,-2.980999,theft_person
53.403263,-2.978686,theft_person
53.403774,-2.980999,theft_person
53.403263,-2.978686,theft_person
53.403263,-2.978686,theft_person
53.403319,-2.986058,theft_person
53.403263,-2.978686,theft_person
53.387855,-2.978784,burglary_biz
53.389714,-2.976781,robbery_biz
53.400355,-2.985809,burglary_biz
53.399345,-2.986146,shoplifting
53.399345,-2.986146,shoplifting
53.402501,-2.986024,burglary_biz
53.400275,-2.982423,burglary_biz
53.402501,-2.986024,shoplifting
53.402501,-2.986024,shoplifting
53.402501,-2.986024,shoplifting
53.401826,-2.986174,shoplifting
53.402501,-2.986024,shoplifting
53.402501,-2.986024,shoplifting
53.402501,-2.986024,shoplifting
53.402501,-2.986024,shoplifting
53.402501,-2.986024,shoplifting
53.414503,-2.986918,burglary_biz
53.414814,-3.003491,burglary_biz
53.411845,-2.989821,burglary_biz
53.414805,-2.999233,shoplifting
53.409072,-2.99797,burglary_biz
53.411693,-2.99087,robbery_biz
53.409072,-2.99797,shoplifting
53.409655,-2.994824,burglary_biz
53.408779,-2.992171,burglary_biz
53.409655,-2.994824,burglary_biz
53.409655,-2.994824,shoplifting
53.404984,-2.991226,burglary_biz
53.405297,-2.99358,robbery_biz
53.404298,-2.995918,shoplifting
53.404298,-2.995918,shoplifting
53.40453,-2.997202,theft_person
53.557515,-3.061439,shoplifting
53.557515,-3.061439,shoplifting
53.557515,-3.061439,shoplifting
53.556396,-3.060958,shoplifting
53.557515,-3.061439,shoplifting
53.557515,-3.061439,shoplifting
53.550983,-3.074525,shoplifting
53.554473,-3.056819,shoplifting
53.529105,-2.954431,burglary_biz
53.517069,-2.94766,burglary_biz
53.51755,-2.948214,burglary_biz
53.523056,-2.94529,burglary_biz
53.51657,-2.943698,shoplifting
53.51657,-2.943698,shoplifting
53.51657,-2.943698,shoplifting
53.505709,-2.923267,burglary_biz
53.507272,-2.941817,burglary_biz
53.511967,-2.947169,burglary_biz
53.496288,-3.024815,burglary_biz
53.502254,-2.999736,burglary_biz
53.495083,-3.004752,burglary_biz
53.499696,-3.005706,burglary_biz
53.503527,-3.005495,burglary_biz
53.487381,-3.050628,burglary_biz
53.492344,-3.026755,shoplifting
53.492344,-3.026755,shoplifting
53.492344,-3.026755,shoplifting
53.492344,-3.026755,shoplifting
53.492344,-3.026755,shoplifting
53.488843,-3.036572,burglary_biz
53.489389,-2.99351,burglary_biz
53.486666,-2.99117,burglary_biz
53.490539,-3.007524,burglary_biz
53.489658,-3.007503,burglary_biz
53.492869,-3.013593,burglary_biz
53.490539,-3.007524,burglary_biz
53.491487,-3.009144,burglary_biz
53.489658,-3.007503,burglary_biz
53.487943,-3.009422,burglary_biz
53.491062,-2.913333,burglary_biz
53.479188,-2.950236,shoplifting
53.480843,-2.950122,shoplifting
53.475546,-2.953786,shoplifting
53.480843,-2.950122,shoplifting
53.479188,-2.950236,shoplifting
53.480843,-2.950122,shoplifting
53.480843,-2.950122,shoplifting
53.481151,-2.949768,shoplifting
53.481151,-2.949768,shoplifting
53.480843,-2.950122,shoplifting
53.480843,-2.950122,shoplifting
53.474632,-2.957863,shoplifting
53.490396,-3.026361,shoplifting
53.490396,-3.026361,shoplifting
53.484723,-3.031716,shoplifting
53.484723,-3.031716,shoplifting
53.486131,-2.970933,burglary_biz
53.488238,-2.973845,shoplifting
53.484824,-2.988927,robbery_biz
53.474143,-3.029675,shoplifting
53.480883,-3.02363,shoplifting
53.480883,-3.02363,shoplifting
53.4833,-3.026792,burglary_biz
53.474771,-2.99585,robbery_biz
53.474771,-2.99585,shoplifting
53.474771,-2.99585,shoplifting
53.473537,-3.000447,burglary_biz
53.474747,-3.008355,robbery_biz
53.469333,-3.000107,shoplifting
53.472811,-2.998064,burglary_biz
53.472811,-2.998064,burglary_biz
53.475258,-2.989247,shoplifting
53.472574,-2.977825,burglary_biz
53.464675,-2.986335,burglary_biz
53.462044,-3.009711,robbery_biz
53.460042,-3.007208,burglary_biz
53.465962,-3.007635,shoplifting
53.466033,-2.998116,shoplifting
53.461198,-2.982895,robbery_biz
53.461198,-2.982895,shoplifting
53.461198,-2.982895,shoplifting
53.461198,-2.982895,shoplifting
53.461198,-2.982895,shoplifting
53.461198,-2.982895,shoplifting
53.46886,-2.964708,burglary_biz
53.454099,-2.990455,shoplifting
53.458583,-3.005426,shoplifting
53.455583,-2.999859,theft_person
53.451539,-2.985594,burglary_biz
53.451637,-2.990098,burglary_biz
53.451637,-2.990098,robbery_biz
53.451624,-2.983984,robbery_biz
53.453984,-2.995379,burglary_biz
53.455004,-2.993836,shoplifting
53.453984,-2.995379,shoplifting
53.452187,-2.99599,shoplifting
53.453984,-2.995379,shoplifting
53.453984,-2.995379,shoplifting
53.453984,-2.995379,shoplifting
53.456367,-3.001684,burglary_biz
53.455009,-3.003896,burglary_biz
53.456536,-3.003044,shoplifting
53.452052,-2.99309,burglary_biz
53.451725,-2.992525,shoplifting
53.4526,-2.993337,shoplifting
53.451725,-2.992525,shoplifting
53.4526,-2.993337,shoplifting
53.451725,-2.992525,shoplifting
53.451725,-2.992525,shoplifting
53.442528,-2.988245,robbery_biz
53.444538,-2.979966,burglary_biz
53.444929,-2.986546,theft_person
53.447716,-2.982734,shoplifting
53.44238,-2.981151,theft_person
53.45569,-2.980343,burglary_biz
53.516153,-2.794594,burglary_biz
53.468903,-2.76652,shoplifting
53.458001,-2.746428,shoplifting
53.44401,-2.791892,burglary_biz
53.44401,-2.791892,burglary_biz
53.451621,-2.744765,shoplifting
53.452855,-2.738582,shoplifting
53.449584,-2.738435,shoplifting
53.451206,-2.733174,shoplifting
53.449584,-2.738435,shoplifting
53.451888,-2.743716,shoplifting
53.451206,-2.733174,shoplifting
53.451873,-2.748941,burglary_biz
53.448784,-2.755692,burglary_biz
53.450394,-2.752574,shoplifting
53.450394,-2.752574,shoplifting
53.450394,-2.752574,shoplifting
53.450394,-2.752574,shoplifting
53.450394,-2.752574,shoplifting
53.450394,-2.752574,shoplifting
53.454616,-2.744781,shoplifting
53.454616,-2.744781,shoplifting
53.454441,-2.739303,shoplifting
53.454616,-2.744781,shoplifting
53.454616,-2.744781,shoplifting
53.454441,-2.739303,shoplifting
53.452673,-2.75037,shoplifting
53.455355,-2.733988,burglary_biz
53.453796,-2.730301,burglary_biz
53.454412,-2.738263,burglary_biz
53.453703,-2.73664,burglary_biz
53.453796,-2.730301,burglary_biz
53.452631,-2.737012,shoplifting
53.452631,-2.737012,shoplifting
53.452631,-2.737012,shoplifting
53.443785,-2.761505,burglary_biz
53.44539,-2.755,burglary_biz
53.443785,-2.761505,shoplifting
53.45764,-2.749554,burglary_biz
53.452139,-2.769305,shoplifting
53.452139,-2.769305,shoplifting
53.41929,-2.768681,burglary_biz
53.41167,-2.75696,burglary_biz
53.412264,-2.769547,burglary_biz
53.436371,-2.758467,burglary_biz
53.446193,-2.732911,shoplifting
53.446193,-2.732911,shoplifting
53.446193,-2.732911,shoplifting
53.444527,-2.73636,shoplifting
53.444846,-2.734192,shoplifting
53.444846,-2.734192,shoplifting
53.444846,-2.734192,shoplifting
53.446193,-2.732911,shoplifting
53.446193,-2.732911,shoplifting
53.436227,-2.771079,burglary_biz
53.428674,-2.747359,shoplifting
53.42974,-2.763662,shoplifting
53.42274,-3.032255,burglary_biz
53.423729,-3.030127,burglary_biz
53.419747,-3.027051,burglary_biz
53.420945,-3.029615,shoplifting
53.41655,-3.053515,robbery_biz
53.419566,-3.04578,shoplifting
53.421217,-3.04409,theft_person
53.414674,-3.037761,burglary_biz
53.411754,-3.027204,burglary_biz
53.407957,-3.020268,robbery_biz
53.4108,-3.021133,burglary_biz
53.410383,-3.02153,shoplifting
53.4108,-3.021133,theft_person
53.414932,-3.022511,robbery_biz
53.41192,-3.023643,robbery_biz
53.403513,-3.112307,burglary_biz
53.401021,-3.098946,burglary_biz
53.406593,-3.028449,burglary_biz
53.4106,-3.047321,burglary_biz
53.3986,-3.048629,shoplifting
53.407245,-3.078859,burglary_biz
53.411966,-3.072584,shoplifting
53.408035,-3.07036,shoplifting
53.408035,-3.07036,shoplifting
53.408035,-3.07036,shoplifting
53.408035,-3.07036,shoplifting
53.408035,-3.07036,shoplifting
53.408035,-3.07036,shoplifting
53.4122,-3.072545,shoplifting
53.408035,-3.07036,shoplifting
53.408035,-3.07036,shoplifting
53.408035,-3.07036,shoplifting
53.408035,-3.07036,shoplifting
53.408035,-3.07036,shoplifting
53.408035,-3.07036,shoplifting
53.4122,-3.072545,shoplifting
53.403295,-3.060137,shoplifting
53.403295,-3.060137,shoplifting
53.403295,-3.060137,shoplifting
53.403295,-3.060137,shoplifting
53.402836,-3.063224,burglary_biz
53.400338,-3.114375,shoplifting
53.403399,-3.114907,burglary_biz
53.402127,-3.112452,burglary_biz
53.400908,-3.122983,robbery_biz
53.398091,-3.128695,burglary_biz
53.39907,-3.060228,burglary_biz
53.393405,-3.050267,burglary_biz
53.398006,-3.059524,robbery_biz
53.394932,-3.057538,shoplifting
53.394932,-3.057538,shoplifting
53.390749,-3.033255,burglary_biz
53.389639,-3.034791,burglary_biz
53.393338,-3.031092,robbery_biz
53.394201,-3.031112,robbery_biz
53.389398,-3.030455,robbery_biz
53.389926,-3.028633,robbery_biz
53.388056,-3.025461,robbery_biz
53.388939,-3.028429,shoplifting
53.390059,-3.027704,shoplifting
53.390059,-3.027704,shoplifting
53.390059,-3.027704,shoplifting
53.388939,-3.028429,shoplifting
53.389211,-3.02391,shoplifting
53.389211,-3.02391,shoplifting
53.388939,-3.028429,shoplifting
53.389926,-3.028633,shoplifting
53.389211,-3.02391,shoplifting
53.390059,-3.027704,shoplifting
53.389211,-3.02391,shoplifting
53.389211,-3.02391,shoplifting
53.389211,-3.02391,shoplifting
53.390059,-3.027704,shoplifting
53.388541,-3.03075,shoplifting
53.389211,-3.02391,shoplifting
53.389211,-3.02391,shoplifting
53.388541,-3.03075,shoplifting
53.389211,-3.02391,shoplifting
53.390059,-3.027704,shoplifting
53.389211,-3.02391,shoplifting
53.389466,-3.02772,shoplifting
53.389926,-3.028633,shoplifting
53.390059,-3.027704,shoplifting
53.390059,-3.027704,shoplifting
53.389926,-3.028633,shoplifting
53.389926,-3.028633,shoplifting
53.389211,-3.02391,shoplifting
53.390059,-3.027704,shoplifting
53.389398,-3.030455,shoplifting
53.390059,-3.027704,shoplifting
53.390059,-3.027704,shoplifting
53.38892,-3.031601,shoplifting
53.390059,-3.027704,shoplifting
53.388541,-3.03075,shoplifting
53.390059,-3.027704,shoplifting
53.389926,-3.028633,shoplifting
53.390059,-3.027704,shoplifting
53.390059,-3.027704,shoplifting
53.388541,-3.03075,shoplifting
53.390059,-3.027704,shoplifting
53.389926,-3.028633,shoplifting
53.390059,-3.027704,shoplifting
53.399676,-3.0352,burglary_biz
53.397916,-3.025638,shoplifting
53.394507,-3.015284,burglary_biz
53.391397,-3.020639,robbery_biz
53.390063,-3.019975,shoplifting
53.391397,-3.020639,shoplifting
53.391397,-3.020639,shoplifting
53.395606,-3.12723,burglary_biz
53.389254,-3.118266,burglary_biz
53.384548,-3.091621,burglary_biz
53.38733,-3.101962,burglary_biz
53.379956,-3.102858,shoplifting
53.385146,-3.098011,shoplifting
53.379956,-3.102858,shoplifting
53.391958,-3.095209,burglary_biz
53.393006,-3.083777,burglary_biz
53.379346,-3.092345,burglary_biz
53.381401,-3.091706,robbery_biz
53.387041,-3.038908,burglary_biz
53.386079,-3.038885,burglary_biz
53.385233,-3.047314,shoplifting
53.381169,-3.043306,burglary_biz
53.383758,-3.02877,burglary_biz
53.38786,-3.01687,shoplifting
53.38786,-3.01687,shoplifting
53.38786,-3.01687,shoplifting
53.38786,-3.01687,shoplifting
53.38786,-3.01687,shoplifting
53.38786,-3.01687,shoplifting
53.38786,-3.01687,shoplifting
53.38786,-3.01687,shoplifting
53.381064,-3.024123,shoplifting
53.381064,-3.024123,shoplifting
53.381064,-3.024123,shoplifting
53.376414,-3.018266,burglary_biz
53.385666,-3.033688,burglary_biz
53.385413,-3.034899,robbery_biz
53.383589,-3.037892,robbery_biz
53.383589,-3.037892,shoplifting
53.385413,-3.034899,shoplifting
53.376905,-3.039503,burglary_biz
53.381761,-3.042433,robbery_biz
53.38065,-3.033701,shoplifting
53.374509,-3.121517,burglary_biz
53.380639,-3.065663,burglary_biz
53.373486,-3.04913,shoplifting
53.373486,-3.04913,shoplifting
53.373486,-3.04913,shoplifting
53.365255,-3.065316,shoplifting
53.372645,-3.082899,burglary_biz
53.369247,-3.095723,burglary_biz
53.375998,-3.094679,burglary_biz
53.376094,-3.084723,shoplifting
53.37467,-3.080651,burglary_biz
53.37017,-3.076298,shoplifting
53.37017,-3.076298,shoplifting
53.37017,-3.076298,shoplifting
53.374842,-3.015042,shoplifting
53.374842,-3.015042,shoplifting
53.374842,-3.015042,shoplifting
53.376082,-3.014996,theft_person
53.368745,-3.006796,burglary_biz
53.369626,-3.028971,shoplifting
53.365172,-3.017938,robbery_biz
53.365443,-3.013526,robbery_biz
53.373021,-3.045737,shoplifting
53.365622,-3.050996,burglary_biz
53.366963,-3.056935,shoplifting
53.366963,-3.056935,shoplifting
53.3659,-3.041926,burglary_biz
53.364368,-2.993889,shoplifting
53.357778,-3.001549,burglary_biz
53.357778,-3.001549,shoplifting
53.361671,-3.005637,robbery_biz
53.35863,-3.028105,burglary_biz
53.35863,-3.028105,burglary_biz
53.356173,-3.025326,shoplifting
53.356173,-3.025326,shoplifting
53.352097,-3.122702,burglary_biz
53.353462,-3.117088,shoplifting
53.348461,-3.105871,burglary_biz
53.350216,-3.015613,burglary_biz
53.341124,-3.007542,shoplifting
53.334955,-2.985306,burglary_biz
53.34756,-2.984981,shoplifting
53.34756,-2.984981,shoplifting
53.34756,-2.984981,shoplifting
53.340491,-2.981033,burglary_biz
53.341075,-2.977456,robbery_biz
53.340546,-2.978517,shoplifting
53.340546,-2.978517,shoplifting
53.341075,-2.977456,shoplifting
53.356971,-2.993747,robbery_biz
53.328703,-3.098062,burglary_biz
53.327972,-3.102248,shoplifting
53.328531,-3.099184,shoplifting
53.332882,-3.024138,shoplifting
53.341069,-3.00347,shoplifting
53.335779,-3.004037,burglary_biz
53.340199,-2.976532,shoplifting
53.340199,-2.976532,shoplifting
53.332089,-2.976395,shoplifting
53.322704,-2.982944,shoplifting
53.329736,-3.082322,burglary_biz
53.323393,-2.957955,burglary_biz
53.311884,-2.965022,shoplifting
53.490368,-2.867785,burglary_biz
53.489056,-2.895701,robbery_biz
53.486397,-2.906179,burglary_biz
53.483938,-2.891343,robbery_biz
53.475919,-2.892712,robbery_biz
53.477043,-2.872018,burglary_biz
53.482282,-2.886788,shoplifting
53.482282,-2.886788,shoplifting
53.482282,-2.886788,shoplifting
53.483087,-2.884951,shoplifting
53.482641,-2.88571,shoplifting
53.482282,-2.886788,shoplifting
53.482689,-2.888846,shoplifting
53.482689,-2.888846,shoplifting
53.482171,-2.884887,shoplifting
53.48626,-2.875206,robbery_biz
53.478762,-2.895921,burglary_biz
53.48356,-2.896233,theft_person
53.477212,-2.902503,burglary_biz
53.480537,-2.904924,robbery_biz
53.465888,-2.876911,burglary_biz
53.465888,-2.876911,burglary_biz
53.465888,-2.876911,robbery_biz
53.47177,-2.881265,shoplifting
53.451638,-2.851168,robbery_biz
53.449986,-2.854659,shoplifting
53.479851,-2.860352,burglary_biz
53.42241,-2.802701,shoplifting
53.42241,-2.802701,shoplifting
53.42241,-2.802701,shoplifting
53.4229,-2.806006,burglary_biz
53.422608,-2.805248,shoplifting
53.427073,-2.8016,burglary_biz
53.426798,-2.801023,shoplifting
53.426798,-2.801023,shoplifting
53.429581,-2.802941,shoplifting
53.426798,-2.801023,shoplifting
53.429581,-2.802941,shoplifting
53.429197,-2.805237,shoplifting
53.429197,-2.805237,shoplifting
53.426798,-2.801023,shoplifting
53.426584,-2.803457,shoplifting
53.425604,-2.80091,shoplifting
53.426584,-2.803457,shoplifting
53.426584,-2.803457,shoplifting
53.425473,-2.798906,shoplifting
53.425604,-2.80091,shoplifting
53.425951,-2.832881,burglary_biz
53.426812,-2.84849,burglary_biz
53.418053,-2.843952,shoplifting
53.404829,-2.793104,burglary_biz
53.409343,-2.791503,burglary_biz
53.411993,-2.802565,shoplifting
53.410439,-2.877755,burglary_biz
53.404625,-2.833503,shoplifting
53.41067,-2.83162,burglary_biz
53.40993,-2.838739,robbery_biz
53.412554,-2.836822,shoplifting
53.40993,-2.838739,shoplifting
53.412356,-2.838649,shoplifting
53.412755,-2.8534,burglary_biz
53.413087,-2.850834,burglary_biz
53.410921,-2.839433,shoplifting
53.412668,-2.840234,shoplifting
53.407587,-2.84573,burglary_biz
53.398243,-2.818035,shoplifting
53.40504,-2.807157,burglary_biz
53.375969,-2.852634,robbery_biz
53.365113,-2.844678,robbery_biz
53.368039,-2.850387,burglary_biz
53.36691,-2.821525,shoplifting
53.36691,-2.821525,shoplifting
53.36691,-2.821525,shoplifting
53.358004,-2.834215,shoplifting
53.360157,-2.829764,shoplifting
53.360157,-2.829764,shoplifting
53.360157,-2.829764,shoplifting
53.360157,-2.829764,shoplifting
53.360712,-2.830046,shoplifting
53.362751,-2.825081,burglary_biz
53.47038,-2.92018,robbery_biz
53.470027,-2.932089,burglary_biz
53.464643,-2.958241,burglary_biz
53.466556,-2.964023,robbery_biz
53.466556,-2.964023,robbery_biz
53.46601,-2.969329,shoplifting
53.462805,-2.960956,shoplifting
53.462175,-2.973248,burglary_biz
53.455741,-2.915823,shoplifting
53.465716,-2.90003,shoplifting
53.465716,-2.90003,shoplifting
53.447206,-2.90143,robbery_biz
53.459319,-2.93696,burglary_biz
53.4613,-2.941161,burglary_biz
53.450153,-2.919381,theft_person
53.450215,-2.925285,robbery_biz
53.452686,-2.967354,shoplifting
53.452686,-2.967354,shoplifting
53.452686,-2.967354,shoplifting
53.452686,-2.967354,shoplifting
53.449853,-2.966476,theft_person
53.452686,-2.967354,theft_person
53.449962,-2.965153,burglary_biz
53.451248,-2.961749,shoplifting
53.450409,-2.892704,burglary_biz
53.442395,-2.939976,shoplifting
53.442814,-2.956485,theft_person
53.444747,-2.968649,burglary_biz
53.443566,-2.968035,robbery_biz
53.443566,-2.968035,theft_person
53.446719,-2.970455,burglary_biz
53.446465,-2.968567,burglary_biz
53.446465,-2.968567,robbery_biz
53.446465,-2.968567,robbery_biz
53.446465,-2.968567,shoplifting
53.446465,-2.968567,shoplifting
53.446465,-2.968567,shoplifting
53.442228,-2.927242,shoplifting
53.440467,-2.929319,burglary_biz
53.439631,-2.935006,robbery_biz
53.441144,-2.930086,robbery_biz
53.435914,-2.935647,robbery_biz
53.441692,-2.930068,shoplifting
53.441359,-2.930151,shoplifting
53.441692,-2.930068,shoplifting
53.440467,-2.929319,shoplifting
53.442534,-2.936214,burglary_biz
53.442101,-2.969085,shoplifting
53.441904,-2.970165,shoplifting
53.44285,-2.966498,burglary_biz
53.437836,-2.967362,shoplifting
53.437678,-2.966907,theft_person
53.444193,-2.9738,burglary_biz
53.442515,-2.975629,shoplifting
53.441229,-2.972483,burglary_biz
53.437437,-2.973345,robbery_biz
53.439203,-2.971819,robbery_biz
53.437082,-2.971681,shoplifting
53.438867,-2.971619,shoplifting
53.439827,-2.972451,shoplifting
53.438867,-2.971619,shoplifting
53.437082,-2.971681,theft_person
53.441323,-2.976354,burglary_biz
53.439795,-2.979676,burglary_biz
53.439688,-2.975112,robbery_biz
53.433737,-2.978468,burglary_biz
53.438009,-2.974893,shoplifting
53.431162,-2.974586,burglary_biz
53.436055,-2.970935,shoplifting
53.436055,-2.970935,shoplifting
53.436055,-2.970935,shoplifting
53.436055,-2.970935,shoplifting
53.436055,-2.970935,shoplifting
53.436055,-2.970935,theft_person
53.428622,-2.983934,burglary_biz
53.439335,-2.989677,burglary_biz
53.425232,-2.990583,robbery_biz
53.440892,-2.982833,robbery_biz
53.437829,-2.94701,burglary_biz
53.432079,-2.915544,burglary_biz
53.430693,-2.878669,robbery_biz
53.424338,-2.874941,burglary_biz
53.437046,-2.882564,burglary_biz
53.431457,-2.875012,burglary_biz
53.43139,-2.96535,burglary_biz
53.432762,-2.969098,burglary_biz
53.429439,-2.96532,theft_person
53.429975,-2.953502,burglary_biz
53.428701,-2.957613,robbery_biz
53.428701,-2.957613,robbery_biz
53.428852,-2.958956,shoplifting
53.428667,-2.946129,burglary_biz
53.430124,-2.946025,burglary_biz
53.434595,-2.934143,robbery_biz
53.426918,-2.930769,burglary_biz
53.425661,-2.930561,shoplifting
53.425661,-2.930561,shoplifting
53.425661,-2.930561,shoplifting
53.432849,-2.910052,shoplifting
53.432849,-2.910052,shoplifting
53.424556,-2.903599,robbery_biz
53.42609,-2.915792,shoplifting
53.42501,-2.984889,burglary_biz
53.42194,-2.986519,burglary_biz
53.42365,-2.990652,robbery_biz
53.425771,-2.979775,shoplifting
53.425771,-2.979775,shoplifting
53.425771,-2.979775,shoplifting
53.425771,-2.979775,shoplifting
53.425771,-2.979775,shoplifting
53.422943,-2.979349,shoplifting
53.422943,-2.979349,shoplifting
53.422943,-2.979349,shoplifting
53.422943,-2.979349,shoplifting
53.422943,-2.979349,shoplifting
53.422943,-2.979349,shoplifting
53.422943,-2.979349,shoplifting
53.422943,-2.979349,shoplifting
53.422943,-2.979349,shoplifting
53.422943,-2.979349,shoplifting
53.422943,-2.979349,shoplifting
53.422943,-2.979349,shoplifting
53.422943,-2.979349,shoplifting
53.428338,-2.973603,shoplifting
53.422315,-2.968214,burglary_biz
53.415159,-2.96605,burglary_biz
53.423079,-2.975951,burglary_biz
53.415266,-2.973952,burglary_biz
53.415266,-2.973952,burglary_biz
53.42197,-2.977461,shoplifting
53.42197,-2.977461,shoplifting
53.422903,-2.946392,burglary_biz
53.423813,-2.949587,robbery_biz
53.423075,-2.958675,robbery_biz
53.423352,-2.956575,robbery_biz
53.421934,-2.958544,shoplifting
53.421934,-2.958544,shoplifting
53.423375,-2.953701,theft_person
53.419548,-2.959138,burglary_biz
53.413837,-2.963974,robbery_biz
53.417808,-2.949559,burglary_biz
53.419003,-2.875539,burglary_biz
53.416525,-2.898118,burglary_biz
53.416914,-2.895508,burglary_biz
53.418462,-2.896905,shoplifting
53.415903,-2.920854,shoplifting
53.421033,-2.923478,burglary_biz
53.413827,-2.917243,burglary_biz
53.412563,-2.912794,robbery_biz
53.415646,-2.919329,shoplifting
53.415646,-2.919329,shoplifting
53.415646,-2.919329,shoplifting
53.415646,-2.919329,shoplifting
53.415646,-2.919329,shoplifting
53.415646,-2.919329,shoplifting
53.415646,-2.919329,shoplifting
53.415646,-2.919329,shoplifting
53.415646,-2.919329,shoplifting
53.415646,-2.919329,shoplifting
53.415646,-2.919329,shoplifting
53.414933,-2.921886,burglary_biz
53.408939,-2.923983,shoplifting
53.410848,-2.925935,shoplifting
53.410848,-2.925935,shoplifting
53.410848,-2.925935,shoplifting
53.410848,-2.925935,shoplifting
53.410848,-2.925935,shoplifting
53.408939,-2.923983,shoplifting
53.411069,-2.923999,shoplifting
53.410848,-2.925935,shoplifting
53.408939,-2.923983,shoplifting
53.410848,-2.925935,shoplifting
53.408939,-2.923983,shoplifting
53.410848,-2.925935,shoplifting
53.408939,-2.923983,shoplifting
53.407713,-2.92428,shoplifting
53.410848,-2.925935,shoplifting
53.408939,-2.923983,shoplifting
53.408939,-2.923983,shoplifting
53.410848,-2.925935,shoplifting
53.410848,-2.925935,shoplifting
53.408939,-2.923983,shoplifting
53.410848,-2.925935,shoplifting
53.411496,-2.944941,shoplifting
53.411496,-2.944941,shoplifting
53.411496,-2.944941,shoplifting
53.411496,-2.944941,shoplifting
53.411496,-2.944941,shoplifting
53.409112,-2.939858,shoplifting
53.411496,-2.944941,shoplifting
53.411496,-2.944941,shoplifting
53.411496,-2.944941,shoplifting
53.409112,-2.939858,shoplifting
53.411496,-2.944941,shoplifting
53.411496,-2.944941,shoplifting
53.411496,-2.944941,shoplifting
53.409112,-2.939858,shoplifting
53.411496,-2.944941,shoplifting
53.411496,-2.944941,shoplifting
53.4087,-2.935095,shoplifting
53.411496,-2.944941,shoplifting
53.411496,-2.944941,shoplifting
53.410604,-2.928367,shoplifting
53.415608,-2.94134,burglary_biz
53.4212,-2.936678,robbery_biz
53.415447,-2.937786,theft_person
53.423071,-2.939985,burglary_biz
53.423707,-2.937997,shoplifting
53.414558,-2.907419,shoplifting
53.414558,-2.907419,shoplifting
53.41341,-2.91063,robbery_biz
53.41341,-2.91063,shoplifting
53.412968,-2.912034,shoplifting
53.414204,-2.907893,shoplifting
53.412968,-2.912034,shoplifting
53.412322,-2.947646,burglary_biz
53.414445,-2.946294,burglary_biz
53.412322,-2.947646,robbery_biz
53.414445,-2.946294,robbery_biz
53.412299,-2.944923,shoplifting
53.412678,-2.943577,shoplifting
53.412574,-2.94538,shoplifting
53.400195,-2.960236,robbery_biz
53.398461,-2.960077,shoplifting
53.398461,-2.960077,shoplifting
53.398461,-2.960077,shoplifting
53.398461,-2.960077,shoplifting
53.411227,-2.963178,robbery_biz
53.4105,-2.960799,theft_person
53.411227,-2.963178,theft_person
53.40581,-2.954978,shoplifting
53.404213,-2.915562,burglary_biz
53.40673,-2.917933,burglary_biz
53.408173,-2.920732,burglary_biz
53.410024,-2.920907,shoplifting
53.405224,-2.907928,shoplifting
53.402637,-2.927561,burglary_biz
53.401431,-2.934665,burglary_biz
53.399899,-2.92484,burglary_biz
53.403838,-2.947483,shoplifting
53.403838,-2.947483,shoplifting
53.400851,-2.968012,shoplifting
53.400851,-2.968012,shoplifting
53.401238,-2.970112,shoplifting
53.400851,-2.968012,shoplifting
53.395286,-2.969149,burglary_biz
53.400656,-2.964383,robbery_biz
53.399429,-2.963753,robbery_biz
53.397911,-2.979045,robbery_biz
53.394554,-2.972982,burglary_biz
53.394671,-2.977331,shoplifting
53.394671,-2.977331,shoplifting
53.394671,-2.977331,shoplifting
53.394671,-2.977331,shoplifting
53.394671,-2.977331,shoplifting
53.394671,-2.977331,shoplifting
53.394671,-2.977331,shoplifting
53.394671,-2.977331,shoplifting
53.394671,-2.977331,shoplifting
53.392612,-2.928998,burglary_biz
53.396924,-2.932821,burglary_biz
53.396924,-2.932821,burglary_biz
53.397337,-2.935691,shoplifting
53.397337,-2.935691,shoplifting
53.392665,-2.950834,burglary_biz
53.395326,-2.961991,burglary_biz
53.384328,-2.853959,burglary_biz
53.383244,-2.854644,burglary_biz
53.389532,-2.858995,shoplifting
53.390863,-2.858932,shoplifting
53.389532,-2.858995,shoplifting
53.389532,-2.858995,shoplifting
53.390883,-2.859468,shoplifting
53.390883,-2.859468,shoplifting
53.390863,-2.858932,shoplifting
53.390883,-2.859468,shoplifting
53.395339,-2.905206,burglary_biz
53.387493,-2.910963,shoplifting
53.387493,-2.910963,shoplifting
53.387493,-2.910963,shoplifting
53.39081,-2.906162,burglary_biz
53.389122,-2.922411,burglary_biz
53.388614,-2.917107,burglary_biz
53.389113,-2.912998,shoplifting
53.389113,-2.912998,shoplifting
53.389113,-2.912998,shoplifting
53.389113,-2.912998,shoplifting
53.390449,-2.917043,shoplifting
53.389866,-2.946801,burglary_biz
53.389134,-2.949492,burglary_biz
53.388555,-2.962335,burglary_biz
53.388538,-2.963297,robbery_biz
53.386627,-2.969584,burglary_biz
53.386627,-2.969584,burglary_biz
53.384991,-2.966194,burglary_biz
53.391323,-2.964653,burglary_biz
53.3885,-2.9691,burglary_biz
53.38796,-2.967028,burglary_biz
53.388012,-2.966112,robbery_biz
53.382579,-2.95763,robbery_biz
53.385432,-2.963858,shoplifting
53.384794,-2.963949,shoplifting
53.384794,-2.963949,shoplifting
53.384794,-2.963949,shoplifting
53.384794,-2.963949,shoplifting
53.385432,-2.963858,shoplifting
53.385432,-2.963858,shoplifting
53.384794,-2.963949,shoplifting
53.385432,-2.963858,shoplifting
53.385432,-2.963858,shoplifting
53.384794,-2.963949,shoplifting
53.385432,-2.963858,shoplifting
53.384794,-2.963949,shoplifting
53.384794,-2.963949,shoplifting
53.384794,-2.963949,shoplifting
53.385432,-2.963858,shoplifting
53.384794,-2.963949,shoplifting
53.384794,-2.963949,shoplifting
53.384794,-2.963949,shoplifting
53.384794,-2.963949,shoplifting
53.384794,-2.963949,shoplifting
53.385432,-2.963858,shoplifting
53.384794,-2.963949,shoplifting
53.389394,-2.851895,shoplifting
53.389394,-2.851895,shoplifting
53.389394,-2.851895,shoplifting
53.389394,-2.851895,shoplifting
53.389394,-2.851895,shoplifting
53.391104,-2.872339,shoplifting
53.391104,-2.872339,shoplifting
53.375856,-2.896239,burglary_biz
53.382069,-2.945015,shoplifting
53.382069,-2.945015,shoplifting
53.382069,-2.945015,shoplifting
53.382069,-2.945015,shoplifting
53.381796,-2.931709,theft_person
53.372272,-2.932282,burglary_biz
53.37774,-2.915701,burglary_biz
53.386,-2.909879,shoplifting
53.386,-2.909879,shoplifting
53.386,-2.909879,shoplifting
53.386,-2.909879,shoplifting
53.384614,-2.907745,shoplifting
53.386,-2.909879,shoplifting
53.382407,-2.962241,robbery_biz
53.382407,-2.962241,shoplifting
53.373376,-2.96303,robbery_biz
53.386386,-2.979261,burglary_biz
53.375445,-2.865476,robbery_biz
53.375445,-2.865476,shoplifting
53.375891,-2.938449,shoplifting
53.38093,-2.945761,burglary_biz
53.373237,-2.940991,burglary_biz
53.378435,-2.948637,burglary_biz
53.378435,-2.948637,robbery_biz
53.378435,-2.948637,shoplifting
53.378435,-2.948637,shoplifting
53.378435,-2.948637,shoplifting
53.378435,-2.948637,shoplifting
53.378435,-2.948637,shoplifting
53.378435,-2.948637,shoplifting
53.378435,-2.948637,shoplifting
53.377407,-2.947938,shoplifting
53.370316,-2.920216,burglary_biz
53.371027,-2.861148,burglary_biz
53.357538,-2.86316,shoplifting
53.357538,-2.86316,shoplifting
53.359703,-2.855871,shoplifting
53.359703,-2.855871,shoplifting
53.359703,-2.855871,shoplifting
53.359703,-2.855871,shoplifting
53.359703,-2.855871,shoplifting
53.359703,-2.855871,shoplifting
53.359703,-2.855871,shoplifting
53.359703,-2.855871,shoplifting
53.359703,-2.855871,shoplifting
53.359703,-2.855871,shoplifting
53.359703,-2.855871,shoplifting
53.359369,-2.920055,burglary_biz
53.355829,-2.903483,shoplifting
53.358458,-2.909946,shoplifting
53.35927,-2.9071,shoplifting
53.35426,-2.900413,shoplifting
53.353452,-2.899029,shoplifting
53.354657,-2.89901,shoplifting
53.353452,-2.899029,shoplifting
53.353452,-2.899029,shoplifting
53.35772,-2.898127,theft_person
53.34716,-2.895532,burglary_biz
53.34716,-2.895532,robbery_biz
53.347592,-2.893002,shoplifting
53.348491,-2.861204,burglary_biz
53.349113,-2.862193,shoplifting
53.337309,-2.854927,shoplifting
53.350869,-2.88263,shoplifting
53.35482,-2.891636,shoplifting
53.351157,-2.882606,shoplifting
53.350869,-2.88263,shoplifting
53.35482,-2.891636,shoplifting
53.350869,-2.88263,shoplifting
53.351157,-2.882606,shoplifting
53.351157,-2.882606,shoplifting
53.35482,-2.891636,shoplifting
53.351157,-2.882606,shoplifting
53.35482,-2.891636,shoplifting
53.351157,-2.882606,shoplifting
53.351157,-2.882606,shoplifting
53.351157,-2.882606,shoplifting
53.340426,-2.837492,burglary_biz
53.3462,-2.838251,shoplifting
53.3462,-2.838251,shoplifting
53.345354,-2.839676,shoplifting
53.345354,-2.839676,shoplifting
53.345354,-2.839676,shoplifting
53.345092,-2.838648,shoplifting
53.3462,-2.838251,shoplifting
53.3462,-2.838251,shoplifting
53.409012,-2.976968,robbery_biz
53.409963,-2.970581,robbery_biz
53.411297,-2.973379,shoplifting
53.409461,-2.970419,shoplifting
53.409461,-2.970419,shoplifting
53.409461,-2.970419,shoplifting
53.409461,-2.970419,shoplifting
53.409929,-2.971423,shoplifting
53.408454,-2.984702,burglary_biz
53.40642,-2.979541,burglary_biz
53.406404,-2.980398,burglary_biz
53.405418,-2.981172,burglary_biz
53.405311,-2.982163,burglary_biz
53.406418,-2.988431,burglary_biz
53.405173,-2.983574,burglary_biz
53.408777,-2.974871,burglary_biz
53.405311,-2.982163,burglary_biz
53.40734,-2.980284,burglary_biz
53.405308,-2.987924,robbery_biz
53.407707,-2.980368,robbery_biz
53.405173,-2.983574,robbery_biz
53.409943,-2.977395,robbery_biz
53.407707,-2.980368,robbery_biz
53.405998,-2.985999,robbery_biz
53.407062,-2.984535,robbery_biz
53.405998,-2.985999,robbery_biz
53.405308,-2.987924,robbery_biz
53.405308,-2.987924,robbery_biz
53.405928,-2.979199,shoplifting
53.407062,-2.984535,shoplifting
53.405998,-2.985999,shoplifting
53.405308,-2.987924,shoplifting
53.405998,-2.985999,shoplifting
53.405173,-2.983574,shoplifting
53.405173,-2.983574,shoplifting
53.405311,-2.982163,shoplifting
53.405998,-2.985999,shoplifting
53.405418,-2.981172,shoplifting
53.405998,-2.985999,shoplifting
53.405311,-2.982163,shoplifting
53.405998,-2.985999,shoplifting
53.405308,-2.987924,shoplifting
53.405311,-2.982163,shoplifting
53.405308,-2.987924,shoplifting
53.405173,-2.983574,shoplifting
53.407703,-2.977645,shoplifting
53.406404,-2.980398,shoplifting
53.405928,-2.979199,shoplifting
53.405928,-2.979199,shoplifting
53.407062,-2.984535,shoplifting
53.407062,-2.984535,shoplifting
53.405173,-2.983574,shoplifting
53.405418,-2.981172,shoplifting
53.405998,-2.985999,shoplifting
53.405308,-2.987924,shoplifting
53.405928,-2.979199,shoplifting
53.405998,-2.985999,shoplifting
53.405311,-2.982163,shoplifting
53.405998,-2.985999,shoplifting
53.405308,-2.987924,shoplifting
53.405998,-2.985999,shoplifting
53.405308,-2.987924,shoplifting
53.407062,-2.984535,shoplifting
53.405173,-2.983574,shoplifting
53.405173,-2.983574,shoplifting
53.405173,-2.983574,shoplifting
53.405173,-2.983574,shoplifting
53.405418,-2.981172,shoplifting
53.406404,-2.980398,shoplifting
53.405308,-2.987924,shoplifting
53.405928,-2.979199,shoplifting
53.405308,-2.987924,shoplifting
53.405308,-2.987924,shoplifting
53.405173,-2.983574,shoplifting
53.405173,-2.983574,shoplifting
53.405173,-2.983574,shoplifting
53.405418,-2.981172,shoplifting
53.406827,-2.985823,shoplifting
53.405173,-2.983574,shoplifting
53.405418,-2.981172,shoplifting
53.405418,-2.981172,shoplifting
53.406404,-2.980398,shoplifting
53.406404,-2.980398,shoplifting
53.405308,-2.987924,shoplifting
53.405928,-2.979199,shoplifting
53.405173,-2.983574,shoplifting
53.405311,-2.982163,shoplifting
53.405311,-2.982163,shoplifting
53.405308,-2.987924,shoplifting
53.405311,-2.982163,shoplifting
53.405998,-2.985999,shoplifting
53.405998,-2.985999,shoplifting
53.405308,-2.987924,shoplifting
53.405173,-2.983574,shoplifting
53.407062,-2.984535,shoplifting
53.405928,-2.979199,shoplifting
53.406404,-2.980398,shoplifting
53.405928,-2.979199,shoplifting
53.405418,-2.981172,theft_person
53.406435,-2.987505,theft_person
53.409943,-2.977395,theft_person
53.406359,-2.98694,theft_person
53.405173,-2.983574,theft_person
53.406435,-2.987505,theft_person
53.405173,-2.983574,theft_person
53.406418,-2.988431,theft_person
53.405173,-2.983574,theft_person
53.406435,-2.987505,theft_person
53.401605,-2.978016,burglary_biz
53.402999,-2.979056,burglary_biz
53.401971,-2.980567,burglary_biz
53.403277,-2.982417,shoplifting
53.403277,-2.982417,shoplifting
53.403277,-2.982417,shoplifting
53.402999,-2.979056,theft_person
53.402999,-2.979056,theft_person
53.401332,-2.978105,theft_person
53.40307,-2.980246,theft_person
53.401681,-2.978635,theft_person
53.401681,-2.978635,theft_person
53.401665,-2.978454,theft_person
53.40214,-2.980766,theft_person
53.401332,-2.978105,theft_person
53.401681,-2.978635,theft_person
53.401332,-2.978105,theft_person
53.401665,-2.978454,theft_person
53.411514,-2.985254,burglary_biz
53.410616,-2.986332,robbery_biz
53.410616,-2.986332,shoplifting
53.410616,-2.986332,shoplifting
53.410616,-2.986332,shoplifting
53.410616,-2.986332,shoplifting
53.410616,-2.986332,shoplifting
53.410616,-2.986332,shoplifting
53.410616,-2.986332,theft_person
53.40222,-2.976541,burglary_biz
53.400822,-2.971561,burglary_biz
53.400271,-2.976301,robbery_biz
53.401412,-2.975229,robbery_biz
53.401933,-2.974158,shoplifting
53.401933,-2.974158,shoplifting
53.401408,-2.972462,shoplifting
53.401933,-2.974158,shoplifting
53.401933,-2.974158,shoplifting
53.401933,-2.974158,shoplifting
53.401933,-2.974158,shoplifting
53.401933,-2.974158,shoplifting
53.40222,-2.976541,shoplifting
53.401933,-2.974158,shoplifting
53.401933,-2.974158,shoplifting
53.40222,-2.976541,shoplifting
53.401933,-2.974158,shoplifting
53.401933,-2.974158,shoplifting
53.401575,-2.99256,burglary_biz
53.403897,-2.979152,burglary_biz
53.402232,-2.987893,burglary_biz
53.403854,-2.981132,burglary_biz
53.403156,-2.97745,robbery_biz
53.403105,-2.979105,robbery_biz
53.403319,-2.986058,shoplifting
53.403851,-2.984807,shoplifting
53.403851,-2.984807,shoplifting
53.40467,-2.97917,shoplifting
53.404266,-2.97907,shoplifting
53.403319,-2.986058,shoplifting
53.403319,-2.986058,shoplifting
53.403319,-2.986058,shoplifting
53.403319,-2.986058,shoplifting
53.404084,-2.977141,shoplifting
53.404266,-2.97907,shoplifting
53.403319,-2.986058,shoplifting
53.403319,-2.986058,shoplifting
53.403319,-2.986058,shoplifting
53.404497,-2.983799,shoplifting
53.404266,-2.97907,shoplifting
53.403319,-2.986058,shoplifting
53.403589,-2.980529,shoplifting
53.403319,-2.986058,shoplifting
53.403589,-2.980529,shoplifting
53.403319,-2.986058,shoplifting
53.404497,-2.983799,shoplifting
53.403319,-2.986058,shoplifting
53.403319,-2.986058,shoplifting
53.403319,-2.986058,shoplifting
53.403319,-2.986058,shoplifting
53.404497,-2.983799,shoplifting
53.403319,-2.986058,shoplifting
53.403319,-2.986058,shoplifting
53.403319,-2.986058,shoplifting
53.403319,-2.986058,shoplifting
53.403589,-2.980529,shoplifting
53.403319,-2.986058,shoplifting
53.403319,-2.986058,shoplifting
53.403851,-2.984807,shoplifting
53.403319,-2.986058,shoplifting
53.403319,-2.986058,shoplifting
53.404266,-2.97907,shoplifting
53.403589,-2.980529,theft_person
53.403589,-2.980529,theft_person
53.40467,-2.97917,theft_person
53.403589,-2.980529,theft_person
53.403589,-2.980529,theft_person
53.390156,-2.980942,shoplifting
53.390156,-2.980942,shoplifting
53.390156,-2.980942,shoplifting
53.390156,-2.980942,shoplifting
53.399345,-2.986146,shoplifting
53.399345,-2.986146,shoplifting
53.399253,-2.985377,shoplifting
53.399345,-2.986146,shoplifting
53.399345,-2.986146,shoplifting
53.399345,-2.986146,shoplifting
53.402501,-2.986024,burglary_biz
53.402501,-2.986024,burglary_biz
53.396743,-2.983409,burglary_biz
53.402501,-2.986024,shoplifting
53.401826,-2.986174,shoplifting
53.402501,-2.986024,shoplifting
53.402501,-2.986024,shoplifting
53.402501,-2.986024,shoplifting
53.402501,-2.986024,shoplifting
53.402501,-2.986024,shoplifting
53.402501,-2.986024,shoplifting
53.402501,-2.986024,shoplifting
53.416227,-2.997942,shoplifting
53.410781,-2.990247,burglary_biz
53.41018,-2.986818,burglary_biz
53.411693,-2.99087,robbery_biz
53.412471,-2.993536,shoplifting
53.409072,-2.99797,shoplifting
53.409072,-2.99797,shoplifting
53.409072,-2.99797,shoplifting
53.409072,-2.99797,shoplifting
53.408747,-2.993765,burglary_biz
53.405219,-2.992134,burglary_biz
53.407709,-2.991093,robbery_biz
53.408668,-2.990288,shoplifting
53.408668,-2.990288,shoplifting
53.409655,-2.994824,shoplifting
53.407829,-2.989547,shoplifting
53.404298,-2.995918,burglary_biz
53.405437,-2.99086,burglary_biz
53.405437,-2.99086,shoplifting
53.404133,-2.990905,theft_person
53.594293,-3.046586,burglary_biz
53.557515,-3.061439,robbery_biz
53.554473,-3.056819,shoplifting
53.554473,-3.056819,shoplifting
53.548877,-3.056332,burglary_biz
53.517069,-2.94766,burglary_biz
53.518114,-2.928997,burglary_biz
53.505709,-2.923267,burglary_biz
53.506326,-2.935222,burglary_biz
53.507201,-2.932528,robbery_biz
53.495216,-3.010288,burglary_biz
53.491562,-2.950433,shoplifting
53.492344,-3.026755,shoplifting
53.492344,-3.026755,shoplifting
53.492344,-3.026755,shoplifting
53.492344,-3.026755,shoplifting
53.489383,-2.98112,burglary_biz
53.491955,-2.984315,burglary_biz
53.488288,-2.993951,robbery_biz
53.484434,-3.000236,robbery_biz
53.483991,-2.991846,burglary_biz
53.486432,-3.019031,burglary_biz
53.486432,-3.019031,burglary_biz
53.490296,-3.019184,burglary_biz
53.490296,-3.019184,burglary_biz
53.49245,-3.023788,shoplifting
53.482871,-2.934616,shoplifting
53.480843,-2.950122,shoplifting
53.483566,-2.947847,shoplifting
53.479188,-2.950236,shoplifting
53.479188,-2.950236,shoplifting
53.481151,-2.949768,shoplifting
53.480843,-2.950122,shoplifting
53.475546,-2.953786,shoplifting
53.483566,-2.947847,shoplifting
53.479119,-2.954363,shoplifting
53.490043,-2.958527,shoplifting
53.47729,-3.033699,burglary_biz
53.478835,-2.965131,shoplifting
53.479187,-2.981443,robbery_biz
53.488915,-2.974629,burglary_biz
53.482396,-2.96604,shoplifting
53.484297,-2.988538,burglary_biz
53.484297,-2.988538,burglary_biz
53.47883,-3.023942,burglary_biz
53.475641,-3.023014,shoplifting
53.476512,-3.032218,burglary_biz
53.480883,-3.02363,shoplifting
53.480883,-3.02363,theft_person
53.482482,-3.029937,robbery_biz
53.476057,-3.003384,burglary_biz
53.476071,-3.00706,burglary_biz
53.474771,-2.99585,shoplifting
53.468363,-3.010765,shoplifting
53.474729,-3.026329,robbery_biz
53.473108,-3.016181,burglary_biz
53.473047,-3.020172,burglary_biz
53.457315,-3.004478,burglary_biz
53.465697,-3.004932,robbery_biz
53.465962,-3.007635,shoplifting
53.469707,-2.996289,burglary_biz
53.46595,-3.003703,shoplifting
53.46595,-3.003703,shoplifting
53.46595,-3.003703,shoplifting
53.461198,-2.982895,burglary_biz
53.461198,-2.982895,shoplifting
53.461198,-2.982895,shoplifting
53.467425,-2.971048,shoplifting
53.465018,-2.971912,theft_person
53.462823,-2.975462,burglary_biz
53.458843,-2.974045,burglary_biz
53.453692,-2.989408,robbery_biz
53.454099,-2.990455,shoplifting
53.454099,-2.990455,shoplifting
53.46193,-3.0029,burglary_biz
53.45937,-3.00052,shoplifting
53.451637,-2.990098,burglary_biz
53.451158,-2.983808,burglary_biz
53.451637,-2.990098,burglary_biz
53.454855,-2.996574,burglary_biz
53.450001,-2.998734,burglary_biz
53.455004,-2.993836,shoplifting
53.453438,-2.999387,burglary_biz
53.453703,-2.99236,burglary_biz
53.446464,-2.99713,burglary_biz
53.451725,-2.992525,shoplifting
53.449485,-3.005558,shoplifting
53.451725,-2.992525,shoplifting
53.451725,-2.992525,shoplifting
53.451725,-2.992525,shoplifting
53.451725,-2.992525,shoplifting
53.451725,-2.992525,shoplifting
53.44336,-2.997479,burglary_biz
53.44336,-2.997479,burglary_biz
53.44336,-2.997479,burglary_biz
53.44336,-2.997479,burglary_biz
53.449283,-2.980196,burglary_biz
53.475655,-2.73039,burglary_biz
53.472919,-2.736897,burglary_biz
53.465156,-2.746478,burglary_biz
53.4592,-2.751751,robbery_biz
53.467282,-2.745808,burglary_biz
53.469107,-2.751413,burglary_biz
53.454384,-2.769737,burglary_biz
53.447418,-2.742749,burglary_biz
53.452307,-2.738593,robbery_biz
53.451243,-2.733194,shoplifting
53.451621,-2.744765,shoplifting
53.452855,-2.738582,shoplifting
53.449584,-2.738435,shoplifting
53.452855,-2.738582,shoplifting
53.451621,-2.744765,shoplifting
53.449584,-2.738435,shoplifting
53.451621,-2.744765,shoplifting
53.451621,-2.744765,shoplifting
53.451621,-2.744765,shoplifting
53.449584,-2.738435,shoplifting
53.451206,-2.733174,theft_person
53.450213,-2.754182,burglary_biz
53.450394,-2.752574,robbery_biz
53.450394,-2.752574,shoplifting
53.450394,-2.752574,shoplifting
53.456779,-2.742114,burglary_biz
53.454441,-2.739303,shoplifting
53.455478,-2.74173,shoplifting
53.455521,-2.740511,shoplifting
53.454441,-2.739303,shoplifting
53.454616,-2.744781,shoplifting
53.460088,-2.737578,burglary_biz
53.452183,-2.732306,burglary_biz
53.454412,-2.738263,burglary_biz
53.452779,-2.733416,shoplifting
53.452631,-2.737012,shoplifting
53.452631,-2.737012,shoplifting
53.452631,-2.737012,shoplifting
53.452477,-2.734224,shoplifting
53.452631,-2.737012,shoplifting
53.452631,-2.737012,shoplifting
53.452631,-2.737012,shoplifting
53.452183,-2.732306,shoplifting
53.452477,-2.734224,shoplifting
53.418193,-2.775583,shoplifting
53.418193,-2.775583,shoplifting
53.418193,-2.775583,shoplifting
53.434693,-2.757926,robbery_biz
53.430591,-2.745647,burglary_biz
53.444527,-2.73636,shoplifting
53.446193,-2.732911,shoplifting
53.444846,-2.734192,shoplifting
53.444527,-2.73636,shoplifting
53.444527,-2.73636,shoplifting
53.444846,-2.734192,shoplifting
53.444846,-2.734192,shoplifting
53.444846,-2.734192,shoplifting
53.446193,-2.732911,shoplifting
53.446193,-2.732911,shoplifting
53.440214,-3.046415,shoplifting
53.430886,-3.043394,robbery_biz
53.430163,-3.071221,robbery_biz
53.426469,-3.06723,burglary_biz
53.426469,-3.06723,shoplifting
53.420945,-3.029615,shoplifting
53.420945,-3.029615,shoplifting
53.419359,-3.043047,burglary_biz
53.419359,-3.043047,shoplifting
53.415761,-3.104603,burglary_biz
53.415761,-3.104603,burglary_biz
53.411963,-3.102523,shoplifting
53.419761,-3.082381,burglary_biz
53.419221,-3.047217,burglary_biz
53.419908,-3.045714,shoplifting
53.419908,-3.045714,shoplifting
53.421217,-3.04409,shoplifting
53.411523,-3.031125,shoplifting
53.409045,-3.02243,burglary_biz
53.4108,-3.021133,robbery_biz
53.410383,-3.02153,shoplifting
53.410383,-3.02153,shoplifting
53.409046,-3.018068,shoplifting
53.411781,-3.024136,burglary_biz
53.404048,-3.099296,shoplifting
53.406593,-3.028449,burglary_biz
53.3986,-3.048629,shoplifting
53.3986,-3.048629,shoplifting
53.395958,-3.034839,shoplifting
53.401488,-3.077209,burglary_biz
53.401554,-3.077933,burglary_biz
53.40593,-3.079096,burglary_biz
53.403788,-3.0694,burglary_biz
53.408035,-3.07036,robbery_biz
53.408035,-3.07036,shoplifting
53.408035,-3.07036,shoplifting
53.408035,-3.07036,shoplifting
53.408035,-3.07036,shoplifting
53.408035,-3.07036,shoplifting
53.4122,-3.072545,shoplifting
53.408754,-3.074925,shoplifting
53.408035,-3.07036,shoplifting
53.408035,-3.07036,shoplifting
53.408035,-3.07036,shoplifting
53.408035,-3.07036,shoplifting
53.4122,-3.072545,shoplifting
53.408035,-3.07036,shoplifting
53.408035,-3.07036,shoplifting
53.403295,-3.060137,shoplifting
53.403295,-3.060137,shoplifting
53.403295,-3.060137,shoplifting
53.403295,-3.060137,shoplifting
53.403295,-3.060137,shoplifting
53.401376,-3.113921,shoplifting
53.400591,-3.112306,shoplifting
53.400211,-3.129879,robbery_biz
53.394932,-3.057538,shoplifting
53.399023,-3.07644,burglary_biz
53.389211,-3.02391,burglary_biz
53.390059,-3.027704,robbery_biz
53.388541,-3.03075,robbery_biz
53.389926,-3.028633,shoplifting
53.389926,-3.028633,shoplifting
53.388541,-3.03075,shoplifting
53.389211,-3.02391,shoplifting
53.390059,-3.027704,shoplifting
53.389211,-3.02391,shoplifting
53.389211,-3.02391,shoplifting
53.389926,-3.028633,shoplifting
53.391287,-3.02605,shoplifting
53.389211,-3.02391,shoplifting
53.393331,-3.027783,shoplifting
53.388541,-3.03075,shoplifting
53.389211,-3.02391,shoplifting
53.389466,-3.02772,shoplifting
53.389211,-3.02391,shoplifting
53.38892,-3.031601,shoplifting
53.389926,-3.028633,shoplifting
53.390059,-3.027704,shoplifting
53.389926,-3.028633,shoplifting
53.388541,-3.03075,shoplifting
53.389926,-3.028633,shoplifting
53.38918,-3.027593,shoplifting
53.389926,-3.028633,shoplifting
53.40033,-3.036495,burglary_biz
53.395551,-3.029837,burglary_biz
53.394733,-3.029862,robbery_biz
53.395102,-3.014273,burglary_biz
53.395116,-3.025119,robbery_biz
53.393083,-3.022093,shoplifting
53.391974,-3.018656,burglary_biz
53.390063,-3.019975,shoplifting
53.391397,-3.020639,shoplifting
53.392453,-3.021115,shoplifting
53.395606,-3.12723,shoplifting
53.385515,-3.115341,burglary_biz
53.384548,-3.091621,burglary_biz
53.379956,-3.102858,robbery_biz
53.379956,-3.102858,shoplifting
53.379956,-3.102858,shoplifting
53.379956,-3.102858,shoplifting
53.386218,-3.078041,burglary_biz
53.38648,-3.083603,shoplifting
53.38648,-3.083603,shoplifting
53.38648,-3.083603,shoplifting
53.379216,-3.087876,burglary_biz
53.395387,-3.038638,robbery_biz
53.380165,-3.049069,burglary_biz
53.386851,-3.028679,theft_person
53.38342,-3.021064,burglary_biz
53.383845,-3.017526,burglary_biz
53.383845,-3.017526,burglary_biz
53.386701,-3.023143,burglary_biz
53.388574,-3.018571,shoplifting
53.38786,-3.01687,shoplifting
53.375047,-3.023615,burglary_biz
53.376446,-3.024039,robbery_biz
53.377363,-3.032284,burglary_biz
53.386659,-3.033201,shoplifting
53.383589,-3.037892,shoplifting
53.385413,-3.034899,shoplifting
53.383589,-3.037892,shoplifting
53.385413,-3.034899,shoplifting
53.383589,-3.037892,shoplifting
53.385413,-3.034899,theft_person
53.379987,-3.037639,robbery_biz
53.377092,-3.116324,burglary_biz
53.373486,-3.04913,shoplifting
53.37189,-3.084834,burglary_biz
53.376094,-3.084723,shoplifting
53.376094,-3.084723,shoplifting
53.376094,-3.084723,shoplifting
53.37435,-3.078298,burglary_biz
53.37017,-3.076298,shoplifting
53.37017,-3.076298,shoplifting
53.372587,-3.019122,burglary_biz
53.368316,-3.010724,shoplifting
53.369281,-3.033471,burglary_biz
53.365443,-3.013526,burglary_biz
53.37301,-3.047044,burglary_biz
53.370989,-3.052015,burglary_biz
53.368045,-3.059667,burglary_biz
53.367061,-3.049949,burglary_biz
53.365191,-2.993292,burglary_biz
53.36339,-3.00111,shoplifting
53.360881,-2.998121,robbery_biz
53.357778,-3.001549,shoplifting
53.363182,-3.016222,burglary_biz
53.356173,-3.025326,shoplifting
53.356173,-3.025326,shoplifting
53.356173,-3.025326,shoplifting
53.350557,-3.09595,burglary_biz
53.346869,-3.103967,burglary_biz
53.34983,-3.096818,burglary_biz
53.344212,-3.0006,burglary_biz
53.34756,-2.984981,shoplifting
53.34756,-2.984981,shoplifting
53.34756,-2.984981,shoplifting
53.340546,-2.978517,shoplifting
53.340546,-2.978517,shoplifting
53.341075,-2.977456,shoplifting
53.340546,-2.978517,shoplifting
53.341075,-2.977456,shoplifting
53.328531,-3.099184,shoplifting
53.337948,-2.979908,burglary_biz
53.340573,-2.976604,burglary_biz
53.340573,-2.976604,burglary_biz
53.340199,-2.976532,shoplifting
53.340199,-2.976532,shoplifting
53.332234,-2.972914,shoplifting
53.322704,-2.982944,shoplifting
53.322704,-2.982944,shoplifting
53.322704,-2.982944,shoplifting
53.328239,-3.078966,burglary_biz
53.323771,-3.104497,burglary_biz
53.313751,-3.103232,burglary_biz
53.313423,-2.972562,burglary_biz
53.311884,-2.965022,shoplifting
53.311884,-2.965022,shoplifting
53.311884,-2.965022,shoplifting
53.488757,-2.907963,burglary_biz
53.486442,-2.900303,shoplifting
53.486442,-2.900303,shoplifting
53.486442,-2.900303,shoplifting
53.486442,-2.900303,shoplifting
53.486442,-2.900303,shoplifting
53.486442,-2.900303,shoplifting
53.472433,-2.876744,burglary_biz
53.480839,-2.878937,burglary_biz
53.477043,-2.872018,shoplifting
53.48351,-2.883634,burglary_biz
53.482282,-2.886788,shoplifting
53.482641,-2.88571,shoplifting
53.482282,-2.886788,shoplifting
53.482078,-2.888938,shoplifting
53.482282,-2.886788,shoplifting
53.482282,-2.886788,shoplifting
53.482282,-2.886788,shoplifting
53.482689,-2.888846,shoplifting
53.482282,-2.886788,shoplifting
53.482641,-2.88571,shoplifting
53.480948,-2.887363,shoplifting
53.483279,-2.885708,shoplifting
53.482282,-2.886788,shoplifting
53.482282,-2.886788,shoplifting
53.482282,-2.886788,shoplifting
53.480948,-2.887363,shoplifting
53.482641,-2.88571,shoplifting
53.488152,-2.874627,burglary_biz
53.48356,-2.896233,robbery_biz
53.46559,-2.908357,burglary_biz
53.481128,-2.902948,shoplifting
53.481128,-2.902948,shoplifting
53.46696,-2.913704,burglary_biz
53.470019,-2.91869,shoplifting
53.468132,-2.914497,shoplifting
53.457564,-2.85457,burglary_biz
53.449986,-2.854659,shoplifting
53.440447,-2.86624,robbery_biz
53.434804,-2.867149,shoplifting
53.43513,-2.869278,burglary_biz
53.42241,-2.802701,shoplifting
53.42241,-2.802701,shoplifting
53.42241,-2.802701,shoplifting
53.42241,-2.802701,shoplifting
53.42241,-2.802701,shoplifting
53.42241,-2.802701,shoplifting
53.42241,-2.802701,shoplifting
53.42241,-2.802701,shoplifting
53.42241,-2.802701,shoplifting
53.42241,-2.802701,shoplifting
53.42241,-2.802701,shoplifting
53.42241,-2.802701,shoplifting
53.42241,-2.802701,shoplifting
53.42241,-2.802701,shoplifting
53.42241,-2.802701,shoplifting
53.42241,-2.802701,shoplifting
53.42241,-2.802701,shoplifting
53.42241,-2.802701,shoplifting
53.42241,-2.802701,shoplifting
53.42241,-2.802701,shoplifting
53.42241,-2.802701,shoplifting
53.428083,-2.798398,burglary_biz
53.427073,-2.8016,shoplifting
53.426798,-2.801023,shoplifting
53.427797,-2.799492,shoplifting
53.426798,-2.801023,shoplifting
53.426798,-2.801023,shoplifting
53.426798,-2.801023,shoplifting
53.426798,-2.801023,shoplifting
53.426798,-2.801023,shoplifting
53.427073,-2.8016,shoplifting
53.426798,-2.801023,shoplifting
53.426798,-2.801023,shoplifting
53.427073,-2.8016,shoplifting
53.426584,-2.803457,shoplifting
53.426584,-2.803457,shoplifting
53.426584,-2.803457,shoplifting
53.425473,-2.798906,shoplifting
53.424777,-2.803588,shoplifting
53.426584,-2.803457,shoplifting
53.425473,-2.798906,shoplifting
53.426584,-2.803457,shoplifting
53.421043,-2.85957,burglary_biz
53.420099,-2.863313,robbery_biz
53.422271,-2.862469,shoplifting
53.422271,-2.862469,shoplifting
53.422271,-2.862469,shoplifting
53.418661,-2.78793,burglary_biz
53.424129,-2.784735,burglary_biz
53.423057,-2.789185,shoplifting
53.423057,-2.789185,shoplifting
53.418053,-2.843952,shoplifting
53.419833,-2.865294,burglary_biz
53.419833,-2.865294,burglary_biz
53.419703,-2.849582,shoplifting
53.414452,-2.797646,shoplifting
53.412794,-2.78752,burglary_biz
53.40993,-2.838739,shoplifting
53.412554,-2.836822,shoplifting
53.40993,-2.838739,shoplifting
53.400451,-2.871804,shoplifting
53.411443,-2.839338,burglary_biz
53.412668,-2.840234,shoplifting
53.410921,-2.839433,shoplifting
53.411443,-2.839338,shoplifting
53.360136,-2.815775,burglary_biz
53.361981,-2.822046,robbery_biz
53.398243,-2.818035,shoplifting
53.398243,-2.818035,shoplifting
53.368769,-2.851318,burglary_biz
53.358004,-2.834215,shoplifting
53.360157,-2.829764,shoplifting
53.360157,-2.829764,shoplifting
53.362751,-2.825081,shoplifting
53.47078,-2.921996,burglary_biz
53.454354,-2.924683,burglary_biz
53.468225,-2.956529,burglary_biz
53.464196,-2.955685,burglary_biz
53.466225,-2.956017,robbery_biz
53.463793,-2.959954,shoplifting
53.455952,-2.953542,robbery_biz
53.456933,-2.96239,shoplifting
53.457275,-2.963392,shoplifting
53.456933,-2.96239,shoplifting
53.456933,-2.96239,shoplifting
53.453591,-2.907017,burglary_biz
53.45362,-2.904397,burglary_biz
53.453591,-2.907017,burglary_biz
53.451329,-2.906592,burglary_biz
53.449524,-2.908752,robbery_biz
53.464364,-2.944663,burglary_biz
53.465541,-2.942535,burglary_biz
53.465541,-2.942535,burglary_biz
53.469317,-2.938755,shoplifting
53.469317,-2.938755,shoplifting
53.469317,-2.938755,shoplifting
53.469317,-2.938755,shoplifting
53.466321,-2.931102,shoplifting
53.454823,-2.960941,robbery_biz
53.448911,-2.966229,burglary_biz
53.452686,-2.967354,shoplifting
53.452686,-2.967354,shoplifting
53.449189,-2.965136,burglary_biz
53.45178,-2.963809,robbery_biz
53.45178,-2.963809,shoplifting
53.45178,-2.963809,shoplifting
53.446775,-2.874861,robbery_biz
53.45115,-2.887404,burglary_biz
53.441799,-2.939345,shoplifting
53.442395,-2.939976,shoplifting
53.441799,-2.939345,shoplifting
53.452613,-2.949552,burglary_biz
53.450583,-2.946013,shoplifting
53.44436,-2.963235,burglary_biz
53.444747,-2.968649,burglary_biz
53.445851,-2.972182,burglary_biz
53.446465,-2.968567,burglary_biz
53.445553,-2.969134,burglary_biz
53.446645,-2.971914,robbery_biz
53.446465,-2.968567,shoplifting
53.446465,-2.968567,shoplifting
53.446465,-2.968567,shoplifting
53.446465,-2.968567,shoplifting
53.444667,-2.917321,burglary_biz
53.446433,-2.913308,robbery_biz
53.448775,-2.90205,burglary_biz
53.44108,-2.923265,burglary_biz
53.442228,-2.927242,shoplifting
53.442228,-2.927242,shoplifting
53.440467,-2.929319,shoplifting
53.441692,-2.930068,shoplifting
53.440467,-2.929319,shoplifting
53.441692,-2.930068,theft_person
53.442534,-2.936214,burglary_biz
53.442101,-2.969085,shoplifting
53.442101,-2.969085,shoplifting
53.442101,-2.969085,shoplifting
53.442101,-2.969085,shoplifting
53.440905,-2.966965,burglary_biz
53.440905,-2.966965,shoplifting
53.437836,-2.967362,shoplifting
53.439779,-2.962755,theft_person
53.442978,-2.972884,burglary_biz
53.443742,-2.970749,robbery_biz
53.443742,-2.970749,robbery_biz
53.438867,-2.971619,shoplifting
53.438867,-2.971619,shoplifting
53.439203,-2.971819,shoplifting
53.442842,-2.90331,burglary_biz
53.442227,-2.903748,burglary_biz
53.442706,-2.901049,burglary_biz
53.442842,-2.90331,burglary_biz
53.442842,-2.90331,burglary_biz
53.442227,-2.903748,burglary_biz
53.445142,-2.898661,robbery_biz
53.434494,-2.892129,burglary_biz
53.439109,-2.977779,burglary_biz
53.434017,-2.973884,burglary_biz
53.433344,-2.98147,burglary_biz
53.436053,-2.968948,robbery_biz
53.436055,-2.970935,shoplifting
53.436055,-2.970935,shoplifting
53.436055,-2.970935,shoplifting
53.436055,-2.970935,shoplifting
53.436055,-2.970935,shoplifting
53.436055,-2.970935,shoplifting
53.436055,-2.970935,shoplifting
53.436055,-2.970935,shoplifting
53.436055,-2.970935,shoplifting
53.425623,-2.998749,burglary_biz
53.425623,-2.998749,burglary_biz
53.428622,-2.983934,burglary_biz
53.441455,-2.982153,robbery_biz
53.437919,-2.944663,burglary_biz
53.42779,-2.922691,burglary_biz
53.436998,-2.915198,shoplifting
53.42793,-2.866828,burglary_biz
53.429071,-2.873022,burglary_biz
53.423032,-2.877774,burglary_biz
53.434861,-2.889969,shoplifting
53.434861,-2.889969,shoplifting
53.434136,-2.879854,robbery_biz
53.432374,-2.964755,burglary_biz
53.431992,-2.968644,burglary_biz
53.431564,-2.96713,burglary_biz
53.431998,-2.967892,burglary_biz
53.431998,-2.967892,burglary_biz
53.432418,-2.969316,burglary_biz
53.425297,-2.96184,burglary_biz
53.425297,-2.96184,burglary_biz
53.425002,-2.961638,burglary_biz
53.427207,-2.95785,burglary_biz
53.424936,-2.955256,robbery_biz
53.424936,-2.955256,shoplifting
53.428852,-2.958956,shoplifting
53.428852,-2.958956,shoplifting
53.426685,-2.950163,shoplifting
53.426686,-2.937461,burglary_biz
53.422433,-2.929603,burglary_biz
53.425661,-2.930561,robbery_biz
53.425661,-2.930561,shoplifting
53.425661,-2.930561,shoplifting
53.425661,-2.930561,shoplifting
53.425661,-2.930561,shoplifting
53.425661,-2.930561,shoplifting
53.425661,-2.930561,shoplifting
53.425661,-2.930561,shoplifting
53.425661,-2.930561,shoplifting
53.425661,-2.930561,shoplifting
53.432849,-2.910052,burglary_biz
53.428622,-2.901521,shoplifting
53.42609,-2.915792,shoplifting
53.42609,-2.915792,shoplifting
53.420244,-2.998036,burglary_biz
53.426588,-2.986431,burglary_biz
53.425766,-2.983628,robbery_biz
53.422851,-2.988361,theft_person
53.424611,-2.980952,robbery_biz
53.422943,-2.979349,shoplifting
53.424611,-2.980952,shoplifting
53.422943,-2.979349,shoplifting
53.422943,-2.979349,shoplifting
53.422943,-2.979349,shoplifting
53.422943,-2.979349,shoplifting
53.422943,-2.979349,shoplifting
53.422943,-2.979349,shoplifting
53.422943,-2.979349,shoplifting
53.422943,-2.979349,shoplifting
53.422943,-2.979349,shoplifting
53.422943,-2.979349,shoplifting
53.422943,-2.979349,shoplifting
53.422943,-2.979349,shoplifting
53.422943,-2.979349,shoplifting
53.422943,-2.979349,shoplifting
53.422943,-2.979349,shoplifting
53.424611,-2.980952,shoplifting
53.422943,-2.979349,shoplifting
53.422943,-2.979349,shoplifting
53.422943,-2.979349,shoplifting
53.422943,-2.979349,shoplifting
53.422943,-2.979349,shoplifting
53.430401,-2.97204,burglary_biz
53.427296,-2.973564,burglary_biz
53.42197,-2.977461,shoplifting
53.42197,-2.977461,shoplifting
53.423437,-2.957194,shoplifting
53.421113,-2.947736,robbery_biz
53.415026,-2.897951,shoplifting
53.417337,-2.894132,burglary_biz
53.414749,-2.924771,burglary_biz
53.41992,-2.913883,shoplifting
53.415646,-2.919329,burglary_biz
53.410742,-2.915191,burglary_biz
53.415646,-2.919329,shoplifting
53.407713,-2.92428,burglary_biz
53.407713,-2.92428,burglary_biz
53.408939,-2.923983,shoplifting
53.408939,-2.923983,shoplifting
53.410848,-2.925935,shoplifting
53.408939,-2.923983,shoplifting
53.408939,-2.923983,shoplifting
53.408939,-2.923983,shoplifting
53.408939,-2.923983,shoplifting
53.408939,-2.923983,shoplifting
53.410849,-2.925739,shoplifting
53.410848,-2.925935,shoplifting
53.408939,-2.923983,shoplifting
53.408939,-2.923983,shoplifting
53.408939,-2.923983,shoplifting
53.408939,-2.923983,shoplifting
53.410848,-2.925935,shoplifting
53.408939,-2.923983,shoplifting
53.408939,-2.923983,shoplifting
53.408939,-2.923983,shoplifting
53.408939,-2.923983,shoplifting
53.408939,-2.923983,shoplifting
53.410848,-2.925935,shoplifting
53.408939,-2.923983,shoplifting
53.408939,-2.923983,shoplifting
53.408939,-2.923983,shoplifting
53.408939,-2.923983,shoplifting
53.411496,-2.944941,shoplifting
53.411496,-2.944941,shoplifting
53.411496,-2.944941,shoplifting
53.411496,-2.944941,shoplifting
53.411496,-2.944941,shoplifting
53.411496,-2.944941,shoplifting
53.409112,-2.939858,shoplifting
53.411496,-2.944941,shoplifting
53.409112,-2.939858,shoplifting
53.411496,-2.944941,shoplifting
53.411496,-2.944941,shoplifting
53.411496,-2.944941,shoplifting
53.409112,-2.939858,shoplifting
53.411496,-2.944941,shoplifting
53.411496,-2.944941,shoplifting
53.411496,-2.944941,shoplifting
53.4087,-2.935095,shoplifting
53.41056,-2.930592,burglary_biz
53.405551,-2.929656,burglary_biz
53.41056,-2.930592,robbery_biz
53.410604,-2.928367,shoplifting
53.410604,-2.928367,shoplifting
53.410604,-2.928367,shoplifting
53.415903,-2.940459,burglary_biz
53.414685,-2.94329,robbery_biz
53.416882,-2.939352,robbery_biz
53.424045,-2.940623,burglary_biz
53.420078,-2.945562,burglary_biz
53.423864,-2.939656,burglary_biz
53.424787,-2.937811,burglary_biz
53.423071,-2.939985,robbery_biz
53.413433,-2.904146,burglary_biz
53.414558,-2.907419,shoplifting
53.41341,-2.91063,shoplifting
53.41341,-2.91063,shoplifting
53.41341,-2.91063,shoplifting
53.41341,-2.91063,shoplifting
53.41341,-2.91063,shoplifting
53.412968,-2.912034,shoplifting
53.41341,-2.91063,shoplifting
53.415557,-2.910886,burglary_biz
53.408288,-2.946338,burglary_biz
53.408571,-2.949173,burglary_biz
53.409992,-2.947865,shoplifting
53.412678,-2.943577,robbery_biz
53.412322,-2.947646,shoplifting
53.412574,-2.94538,shoplifting
53.412574,-2.94538,shoplifting
53.412574,-2.94538,shoplifting
53.412562,-2.944582,theft_person
53.412769,-2.959241,burglary_biz
53.411796,-2.95958,burglary_biz
53.403853,-2.965794,burglary_biz
53.398461,-2.960077,shoplifting
53.411091,-2.967793,robbery_biz
53.401821,-2.958017,theft_person
53.400419,-2.920294,burglary_biz
53.403444,-2.897225,burglary_biz
53.400113,-2.928469,burglary_biz
53.401431,-2.934665,burglary_biz
53.399835,-2.936449,burglary_biz
53.399778,-2.924205,shoplifting
53.403838,-2.947483,shoplifting
53.396636,-2.892946,burglary_biz
53.393265,-2.891748,robbery_biz
53.400573,-2.970141,burglary_biz
53.400851,-2.968012,shoplifting
53.396161,-2.980899,burglary_biz
53.39452,-2.979213,burglary_biz
53.394671,-2.977331,shoplifting
53.394671,-2.977331,shoplifting
53.394671,-2.977331,shoplifting
53.396161,-2.980899,shoplifting
53.389269,-2.925466,robbery_biz
53.398152,-2.927584,theft_person
53.397337,-2.935691,burglary_biz
53.397337,-2.935691,shoplifting
53.397337,-2.935691,shoplifting
53.395671,-2.930959,burglary_biz
53.394478,-2.935249,robbery_biz
53.394478,-2.935249,shoplifting
53.394678,-2.945284,burglary_biz
53.394068,-2.949647,robbery_biz
53.394046,-2.961316,burglary_biz
53.398884,-2.874675,shoplifting
53.398884,-2.874675,shoplifting
53.388666,-2.85713,robbery_biz
53.388666,-2.85713,shoplifting
53.390863,-2.858932,shoplifting
53.390883,-2.859468,shoplifting
53.390883,-2.859468,shoplifting
53.387493,-2.910963,shoplifting
53.387493,-2.910963,shoplifting
53.387493,-2.910963,shoplifting
53.388614,-2.917107,burglary_biz
53.392781,-2.909437,burglary_biz
53.392169,-2.914266,burglary_biz
53.389113,-2.912998,shoplifting
53.389113,-2.912998,shoplifting
53.389113,-2.912998,shoplifting
53.389113,-2.912998,shoplifting
53.390449,-2.917043,shoplifting
53.390449,-2.917043,shoplifting
53.389696,-2.915506,shoplifting
53.390449,-2.917043,shoplifting
53.390449,-2.917043,shoplifting
53.386623,-2.920026,burglary_biz
53.390245,-2.943156,robbery_biz
53.386754,-2.951574,robbery_biz
53.391752,-2.972633,burglary_biz
53.385417,-2.975661,burglary_biz
53.386736,-2.976067,robbery_biz
53.384794,-2.963949,shoplifting
53.384794,-2.963949,shoplifting
53.384794,-2.963949,shoplifting
53.385432,-2.963858,shoplifting
53.384794,-2.963949,shoplifting
53.391104,-2.872339,shoplifting
53.391104,-2.872339,shoplifting
53.391104,-2.872339,shoplifting
53.389283,-2.868614,burglary_biz
53.385211,-2.884453,burglary_biz
53.382069,-2.945015,burglary_biz
53.381768,-2.943179,burglary_biz
53.381065,-2.941179,burglary_biz
53.382069,-2.945015,robbery_biz
53.382069,-2.945015,shoplifting
53.382069,-2.945015,shoplifting
53.382069,-2.945015,shoplifting
53.382069,-2.945015,shoplifting
53.382069,-2.945015,shoplifting
53.382069,-2.945015,shoplifting
53.382069,-2.945015,shoplifting
53.382069,-2.945015,shoplifting
53.382069,-2.945015,shoplifting
53.382069,-2.945015,shoplifting
53.382069,-2.945015,shoplifting
53.382069,-2.945015,shoplifting
53.380047,-2.913751,shoplifting
53.386,-2.909879,shoplifting
53.384614,-2.907745,shoplifting
53.386,-2.909879,shoplifting
53.384614,-2.907745,shoplifting
53.386,-2.909879,shoplifting
53.384614,-2.907745,shoplifting
53.382631,-2.963509,robbery_biz
53.380962,-2.967516,shoplifting
53.381876,-2.960155,shoplifting
53.376002,-2.857986,burglary_biz
53.375445,-2.865476,shoplifting
53.374433,-2.932886,burglary_biz
53.375891,-2.938449,burglary_biz
53.38093,-2.945761,burglary_biz
53.380845,-2.946301,burglary_biz
53.380845,-2.946301,burglary_biz
53.369443,-2.937736,robbery_biz
53.377407,-2.947938,robbery_biz
53.378435,-2.948637,shoplifting
53.378435,-2.948637,shoplifting
53.378435,-2.948637,shoplifting
53.378435,-2.948637,shoplifting
53.377407,-2.947938,shoplifting
53.378435,-2.948637,shoplifting
53.378435,-2.948637,shoplifting
53.378435,-2.948637,shoplifting
53.378435,-2.948637,shoplifting
53.378435,-2.948637,shoplifting
53.378435,-2.948637,shoplifting
53.378435,-2.948637,shoplifting
53.377407,-2.947938,shoplifting
53.370384,-2.927687,burglary_biz
53.365299,-2.896814,burglary_biz
53.368085,-2.899262,burglary_biz
53.370841,-2.902026,shoplifting
53.365491,-2.898772,theft_person
53.357538,-2.86316,burglary_biz
53.359703,-2.855871,shoplifting
53.359703,-2.855871,shoplifting
53.359703,-2.855871,shoplifting
53.359703,-2.855871,shoplifting
53.359703,-2.855871,shoplifting
53.359703,-2.855871,shoplifting
53.358458,-2.909946,shoplifting
53.35927,-2.9071,shoplifting
53.358458,-2.909946,shoplifting
53.36096,-2.902343,shoplifting
53.356963,-2.904302,burglary_biz
53.353452,-2.899029,shoplifting
53.35525,-2.900239,shoplifting
53.34716,-2.895532,shoplifting
53.346638,-2.860191,burglary_biz
53.346638,-2.860191,burglary_biz
53.349113,-2.862193,shoplifting
53.349113,-2.862193,shoplifting
53.35482,-2.891636,shoplifting
53.351157,-2.882606,shoplifting
53.35482,-2.891636,shoplifting
53.35482,-2.891636,shoplifting
53.35482,-2.891636,shoplifting
53.350869,-2.88263,shoplifting
53.354274,-2.893833,shoplifting
53.35482,-2.891636,shoplifting
53.343832,-2.824701,burglary_biz
53.345354,-2.839676,burglary_biz
53.345354,-2.839676,shoplifting
53.3462,-2.838251,shoplifting
53.3462,-2.838251,shoplifting
53.3462,-2.838251,shoplifting
53.346684,-2.841099,shoplifting
53.3462,-2.838251,shoplifting
53.346684,-2.841099,shoplifting
53.3462,-2.838251,shoplifting
53.346684,-2.841099,shoplifting
53.3462,-2.838251,shoplifting
53.345354,-2.839676,shoplifting
53.346684,-2.841099,shoplifting
53.346684,-2.841099,shoplifting
53.3462,-2.838251,shoplifting
53.345354,-2.839676,shoplifting
53.3462,-2.838251,shoplifting
53.346684,-2.841099,shoplifting
53.346684,-2.841099,shoplifting
53.34166,-2.828083,burglary_biz
53.339654,-2.828285,shoplifting
53.413299,-2.971514,burglary_biz
53.410282,-2.968963,burglary_biz
53.409461,-2.970419,shoplifting
53.409461,-2.970419,shoplifting
53.409461,-2.970419,shoplifting
53.409738,-2.973855,shoplifting
53.409963,-2.970581,shoplifting
53.409461,-2.970419,shoplifting
53.409423,-2.975067,theft_person
53.407089,-2.988823,burglary_biz
53.405418,-2.981172,burglary_biz
53.407089,-2.988823,burglary_biz
53.405311,-2.982163,burglary_biz
53.406748,-2.988315,robbery_biz
53.405418,-2.981172,robbery_biz
53.405311,-2.982163,robbery_biz
53.406827,-2.985823,robbery_biz
53.405308,-2.987924,shoplifting
53.406827,-2.985823,shoplifting
53.405311,-2.982163,shoplifting
53.405418,-2.981172,shoplifting
53.406404,-2.980398,shoplifting
53.405928,-2.979199,shoplifting
53.405311,-2.982163,shoplifting
53.405173,-2.983574,shoplifting
53.406404,-2.980398,shoplifting
53.405173,-2.983574,shoplifting
53.405173,-2.983574,shoplifting
53.405308,-2.987924,shoplifting
53.405928,-2.979199,shoplifting
53.405418,-2.981172,shoplifting
53.405418,-2.981172,shoplifting
53.405173,-2.983574,shoplifting
53.405308,-2.987924,shoplifting
53.405928,-2.979199,shoplifting
53.405173,-2.983574,shoplifting
53.406827,-2.985823,shoplifting
53.407062,-2.984535,shoplifting
53.406404,-2.980398,shoplifting
53.405928,-2.979199,shoplifting
53.405311,-2.982163,shoplifting
53.405308,-2.987924,shoplifting
53.405173,-2.983574,shoplifting
53.405418,-2.981172,shoplifting
53.406827,-2.985823,shoplifting
53.405308,-2.987924,shoplifting
53.405308,-2.987924,shoplifting
53.405308,-2.987924,shoplifting
53.405173,-2.983574,shoplifting
53.405173,-2.983574,shoplifting
53.40642,-2.979541,shoplifting
53.407062,-2.984535,shoplifting
53.405928,-2.979199,shoplifting
53.405998,-2.985999,shoplifting
53.405308,-2.987924,shoplifting
53.405998,-2.985999,shoplifting
53.405311,-2.982163,shoplifting
53.405418,-2.981172,shoplifting
53.405311,-2.982163,shoplifting
53.405311,-2.982163,shoplifting
53.40642,-2.979541,shoplifting
53.407707,-2.980368,shoplifting
53.405308,-2.987924,shoplifting
53.405308,-2.987924,shoplifting
53.405308,-2.987924,shoplifting
53.405311,-2.982163,shoplifting
53.405928,-2.979199,shoplifting
53.405311,-2.982163,shoplifting
53.405928,-2.979199,shoplifting
53.405418,-2.981172,shoplifting
53.407062,-2.984535,shoplifting
53.405173,-2.983574,shoplifting
53.405173,-2.983574,shoplifting
53.405998,-2.985999,shoplifting
53.405418,-2.981172,shoplifting
53.405928,-2.979199,shoplifting
53.405998,-2.985999,shoplifting
53.405308,-2.987924,shoplifting
53.405308,-2.987924,shoplifting
53.407062,-2.984535,shoplifting
53.405173,-2.983574,shoplifting
53.405173,-2.983574,shoplifting
53.405173,-2.983574,shoplifting
53.405173,-2.983574,shoplifting
53.405311,-2.982163,shoplifting
53.405998,-2.985999,shoplifting
53.405308,-2.987924,shoplifting
53.405173,-2.983574,shoplifting
53.405311,-2.982163,shoplifting
53.405173,-2.983574,shoplifting
53.405928,-2.979199,shoplifting
53.406061,-2.987582,shoplifting
53.407062,-2.984535,shoplifting
53.405308,-2.987924,shoplifting
53.405308,-2.987924,shoplifting
53.405173,-2.983574,shoplifting
53.405928,-2.979199,shoplifting
53.408454,-2.984702,shoplifting
53.405308,-2.987924,shoplifting
53.405928,-2.979199,shoplifting
53.407062,-2.984535,shoplifting
53.405928,-2.979199,shoplifting
53.405173,-2.983574,shoplifting
53.405173,-2.983574,shoplifting
53.405311,-2.982163,shoplifting
53.405418,-2.981172,shoplifting
53.405998,-2.985999,shoplifting
53.405998,-2.985999,shoplifting
53.405311,-2.982163,shoplifting
53.405308,-2.987924,shoplifting
53.405418,-2.981172,theft_person
53.407062,-2.984535,theft_person
53.405928,-2.979199,theft_person
53.405998,-2.985999,theft_person
53.405311,-2.982163,theft_person
53.405173,-2.983574,theft_person
53.405173,-2.983574,theft_person
53.406316,-2.986744,theft_person
53.406404,-2.980398,theft_person
53.406404,-2.980398,theft_person
53.405998,-2.985999,theft_person
53.405311,-2.982163,theft_person
53.40214,-2.980766,burglary_biz
53.401598,-2.983235,burglary_biz
53.401598,-2.983235,burglary_biz
53.401605,-2.978016,shoplifting
53.403277,-2.982417,shoplifting
53.403277,-2.982417,shoplifting
53.403277,-2.982417,shoplifting
53.401462,-2.980134,theft_person
53.401332,-2.978105,theft_person
53.401665,-2.978454,theft_person
53.402999,-2.979056,theft_person
53.403061,-2.981404,theft_person
53.407563,-2.9859,burglary_biz
53.410687,-2.988635,burglary_biz
53.410616,-2.986332,shoplifting
53.410616,-2.986332,shoplifting
53.411804,-2.987247,shoplifting
53.411804,-2.987247,shoplifting
53.410616,-2.986332,shoplifting
53.411804,-2.987247,shoplifting
53.410616,-2.986332,shoplifting
53.404574,-2.974459,burglary_biz
53.403089,-2.974636,burglary_biz
53.401933,-2.974158,shoplifting
53.401933,-2.974158,shoplifting
53.401933,-2.974158,shoplifting
53.401933,-2.974158,shoplifting
53.401933,-2.974158,shoplifting
53.400918,-2.976376,theft_person
53.401055,-2.976003,theft_person
53.401834,-2.9884,burglary_biz
53.403793,-2.990702,burglary_biz
53.403734,-2.97608,burglary_biz
53.403319,-2.986058,burglary_biz
53.403319,-2.986058,robbery_biz
53.403851,-2.984807,shoplifting
53.403319,-2.986058,shoplifting
53.403319,-2.986058,shoplifting
53.403319,-2.986058,shoplifting
53.403319,-2.986058,shoplifting
53.403589,-2.980529,shoplifting
53.403319,-2.986058,shoplifting
53.403319,-2.986058,shoplifting
53.403851,-2.984807,shoplifting
53.403851,-2.984807,shoplifting
53.403851,-2.984807,shoplifting
53.403319,-2.986058,shoplifting
53.403851,-2.984807,shoplifting
53.403319,-2.986058,shoplifting
53.403319,-2.986058,shoplifting
53.403319,-2.986058,shoplifting
53.403319,-2.986058,shoplifting
53.404497,-2.983799,shoplifting
53.404266,-2.97907,shoplifting
53.403851,-2.984807,shoplifting
53.403851,-2.984807,shoplifting
53.402232,-2.987893,shoplifting
53.403319,-2.986058,shoplifting
53.403851,-2.984807,shoplifting
53.402232,-2.987893,shoplifting
53.403319,-2.986058,shoplifting
53.403851,-2.984807,shoplifting
53.403319,-2.986058,shoplifting
53.403851,-2.984807,shoplifting
53.403319,-2.986058,shoplifting
53.403319,-2.986058,shoplifting
53.403319,-2.986058,shoplifting
53.403851,-2.984807,shoplifting
53.403319,-2.986058,theft_person
53.39122,-2.977237,burglary_biz
53.392786,-2.978175,burglary_biz
53.399345,-2.986146,shoplifting
53.400355,-2.985809,shoplifting
53.402501,-2.986024,shoplifting
53.402501,-2.986024,shoplifting
53.402501,-2.986024,shoplifting
53.402501,-2.986024,shoplifting
53.402501,-2.986024,shoplifting
53.402501,-2.986024,shoplifting
53.402501,-2.986024,shoplifting
53.402501,-2.986024,shoplifting
53.402501,-2.986024,shoplifting
53.402501,-2.986024,shoplifting
53.402501,-2.986024,shoplifting
53.402501,-2.986024,shoplifting
53.402501,-2.986024,shoplifting
53.402501,-2.986024,shoplifting
53.402501,-2.986024,shoplifting
53.402501,-2.986024,shoplifting
53.402501,-2.986024,shoplifting
53.402501,-2.986024,theft_person
53.402501,-2.986024,theft_person
53.411693,-2.99087,burglary_biz
53.409072,-2.99797,shoplifting
53.409072,-2.99797,shoplifting
53.409072,-2.99797,shoplifting
53.409655,-2.994824,burglary_biz
53.407195,-2.991232,robbery_biz
53.409655,-2.994824,shoplifting
53.408779,-2.992171,theft_person
53.40578,-2.988491,burglary_biz
53.59344,-3.040325,shoplifting
53.597138,-3.051235,burglary_biz
53.553479,-3.075572,robbery_biz
53.558436,-3.060918,shoplifting
53.557515,-3.061439,shoplifting
53.553141,-3.079171,burglary_biz
53.554473,-3.056819,burglary_biz
53.554473,-3.056819,shoplifting
53.554473,-3.056819,shoplifting
53.554473,-3.056819,shoplifting
53.554473,-3.056819,shoplifting
53.554473,-3.056819,shoplifting
53.554473,-3.056819,shoplifting
53.554473,-3.056819,shoplifting
53.554473,-3.056819,shoplifting
53.554473,-3.056819,shoplifting
53.549689,-3.053998,shoplifting
53.51657,-2.943698,robbery_biz
53.51657,-2.943698,shoplifting
53.499231,-2.945936,shoplifting
53.499231,-2.945936,shoplifting
53.5101,-2.952496,burglary_biz
53.515052,-2.943009,shoplifting
53.499304,-3.003043,shoplifting
53.499304,-3.003043,shoplifting
53.499696,-3.005706,shoplifting
53.491562,-2.950433,robbery_biz
53.491562,-2.950433,shoplifting
53.492344,-3.026755,shoplifting
53.491975,-3.026761,shoplifting
53.492648,-2.98418,robbery_biz
53.483251,-2.996516,burglary_biz
53.49245,-3.023788,shoplifting
53.49245,-3.023788,shoplifting
53.49245,-3.023788,shoplifting
53.49245,-3.023788,shoplifting
53.481199,-2.934609,burglary_biz
53.475383,-2.921915,burglary_biz
53.480843,-2.950122,shoplifting
53.481151,-2.949768,shoplifting
53.480843,-2.950122,shoplifting
53.485733,-2.948936,shoplifting
53.479119,-2.954363,shoplifting
53.481366,-2.936165,burglary_biz
53.480288,-2.96435,robbery_biz
53.474632,-2.957863,shoplifting
53.481266,-3.040682,burglary_biz
53.47778,-2.969989,burglary_biz
53.488238,-2.973845,robbery_biz
53.48271,-2.964977,shoplifting
53.483067,-2.969561,shoplifting
53.480127,-3.019513,theft_person
53.47703,-3.024275,burglary_biz
53.47672,-3.028954,shoplifting
53.474771,-2.99585,robbery_biz
53.474771,-2.99585,shoplifting
53.473335,-3.025422,burglary_biz
53.474729,-3.026329,theft_person
53.473047,-3.020172,burglary_biz
53.470347,-2.999287,shoplifting
53.475258,-2.989247,shoplifting
53.459713,-3.008917,robbery_biz
53.468006,-3.000829,shoplifting
53.466033,-2.998116,shoplifting
53.466033,-2.998116,shoplifting
53.466033,-2.998116,shoplifting
53.466033,-2.998116,shoplifting
53.466033,-2.998116,shoplifting
53.461198,-2.982895,shoplifting
53.461198,-2.982895,shoplifting
53.461198,-2.982895,shoplifting
53.461198,-2.982895,shoplifting
53.461198,-2.982895,shoplifting
53.461198,-2.982895,shoplifting
53.467531,-2.972376,shoplifting
53.467531,-2.972376,shoplifting
53.467531,-2.972376,shoplifting
53.467531,-2.972376,shoplifting
53.461147,-2.978119,burglary_biz
53.463015,-2.973885,robbery_biz
53.454099,-2.990455,shoplifting
53.454476,-2.98917,shoplifting
53.453623,-2.990129,shoplifting
53.461065,-3.002126,robbery_biz
53.459484,-3.003023,robbery_biz
53.457941,-2.999462,burglary_biz
53.458924,-2.991563,robbery_biz
53.459447,-2.992389,shoplifting
53.462306,-2.998751,robbery_biz
53.459388,-2.994089,shoplifting
53.459388,-2.994089,shoplifting
53.451637,-2.990098,burglary_biz
53.451637,-2.990098,robbery_biz
53.451637,-2.990098,robbery_biz
53.451637,-2.990098,shoplifting
53.452191,-2.99481,burglary_biz
53.453299,-2.996628,robbery_biz
53.452187,-2.99599,shoplifting
53.45097,-2.993546,shoplifting
53.452187,-2.99599,shoplifting
53.45452,-3.005451,shoplifting
53.45452,-3.005451,shoplifting
53.453795,-2.992151,burglary_biz
53.451725,-2.992525,shoplifting
53.451725,-2.992525,shoplifting
53.4526,-2.993337,shoplifting
53.445072,-2.989404,shoplifting
53.451725,-2.992525,shoplifting
53.452052,-2.99309,shoplifting
53.4526,-2.993337,shoplifting
53.447817,-2.984574,burglary_biz
53.456311,-2.755058,shoplifting
53.461181,-2.776366,shoplifting
53.452855,-2.738582,burglary_biz
53.449903,-2.742055,burglary_biz
53.452307,-2.738593,burglary_biz
53.452307,-2.738593,robbery_biz
53.452855,-2.738582,shoplifting
53.451243,-2.733194,shoplifting
53.451243,-2.733194,shoplifting
53.449584,-2.738435,shoplifting
53.451243,-2.733194,shoplifting
53.449584,-2.738435,shoplifting
53.449584,-2.738435,shoplifting
53.451621,-2.744765,shoplifting
53.451621,-2.744765,shoplifting
53.450553,-2.74297,shoplifting
53.451243,-2.733194,shoplifting
53.451621,-2.744765,shoplifting
53.451888,-2.743716,shoplifting
53.449584,-2.738435,shoplifting
53.451621,-2.744765,shoplifting
53.451621,-2.744765,shoplifting
53.451621,-2.744765,shoplifting
53.451621,-2.744765,shoplifting
53.451621,-2.744765,shoplifting
53.450394,-2.752574,robbery_biz
53.450394,-2.752574,shoplifting
53.450394,-2.752574,shoplifting
53.450394,-2.752574,shoplifting
53.449624,-2.752139,shoplifting
53.454616,-2.744781,robbery_biz
53.455478,-2.74173,shoplifting
53.454616,-2.744781,shoplifting
53.455478,-2.74173,shoplifting
53.455478,-2.74173,shoplifting
53.459698,-2.738144,robbery_biz
53.458581,-2.739947,shoplifting
53.452631,-2.737012,shoplifting
53.452631,-2.737012,shoplifting
53.452631,-2.737012,shoplifting
53.452631,-2.737012,shoplifting
53.452631,-2.737012,shoplifting
53.452631,-2.737012,shoplifting
53.452631,-2.737012,shoplifting
53.446864,-2.760672,burglary_biz
53.438349,-2.773812,burglary_biz
53.440285,-2.77049,robbery_biz
53.452139,-2.769305,shoplifting
53.452139,-2.769305,shoplifting
53.452139,-2.769305,shoplifting
53.452139,-2.769305,shoplifting
53.452139,-2.769305,shoplifting
53.437249,-2.76029,burglary_biz
53.436371,-2.758467,theft_person
53.444527,-2.73636,shoplifting
53.446193,-2.732911,shoplifting
53.446193,-2.732911,shoplifting
53.444846,-2.734192,shoplifting
53.444846,-2.734192,shoplifting
53.446193,-2.732911,shoplifting
53.446193,-2.732911,shoplifting
53.444527,-2.73636,shoplifting
53.446193,-2.732911,shoplifting
53.446193,-2.732911,shoplifting
53.446193,-2.732911,shoplifting
53.449534,-2.73193,shoplifting
53.446193,-2.732911,shoplifting
53.446193,-2.732911,shoplifting
53.446193,-2.732911,shoplifting
53.440214,-3.046415,shoplifting
53.431353,-3.043481,robbery_biz
53.426469,-3.06723,shoplifting
53.422414,-3.064656,shoplifting
53.4167,-3.059869,burglary_biz
53.418114,-3.027764,burglary_biz
53.422023,-3.031966,shoplifting
53.422023,-3.031966,shoplifting
53.420945,-3.029615,shoplifting
53.418366,-3.040169,burglary_biz
53.419359,-3.043047,shoplifting
53.411963,-3.102523,shoplifting
53.415679,-3.050274,burglary_biz
53.418364,-3.042411,shoplifting
53.419566,-3.04578,shoplifting
53.419566,-3.04578,shoplifting
53.419566,-3.04578,shoplifting
53.419566,-3.04578,shoplifting
53.421217,-3.04409,shoplifting
53.420233,-3.043495,shoplifting
53.421217,-3.04409,shoplifting
53.419908,-3.045714,shoplifting
53.413683,-3.046253,shoplifting
53.412537,-3.029149,burglary_biz
53.411885,-3.023521,burglary_biz
53.407963,-3.023833,shoplifting
53.41744,-3.024603,burglary_biz
53.417622,-3.02536,burglary_biz
53.411781,-3.024136,burglary_biz
53.41192,-3.023643,shoplifting
53.41192,-3.023643,shoplifting
53.409051,-3.09962,burglary_biz
53.403513,-3.112307,shoplifting
53.403513,-3.112307,shoplifting
53.411512,-3.034405,burglary_biz
53.3986,-3.048629,shoplifting
53.411966,-3.072584,robbery_biz
53.411751,-3.073557,shoplifting
53.408035,-3.07036,shoplifting
53.408035,-3.07036,shoplifting
53.408035,-3.07036,shoplifting
53.408035,-3.07036,shoplifting
53.408035,-3.07036,shoplifting
53.408035,-3.07036,shoplifting
53.411751,-3.073557,shoplifting
53.408035,-3.07036,shoplifting
53.411751,-3.073557,shoplifting
53.408035,-3.07036,shoplifting
53.408035,-3.07036,shoplifting
53.41259,-3.07343,shoplifting
53.399617,-3.05421,burglary_biz
53.399617,-3.05421,burglary_biz
53.403295,-3.060137,shoplifting
53.403295,-3.060137,shoplifting
53.403295,-3.060137,shoplifting
53.403295,-3.060137,shoplifting
53.403295,-3.060137,shoplifting
53.403295,-3.060137,shoplifting
53.403295,-3.060137,shoplifting
53.400267,-3.100762,burglary_biz
53.400267,-3.100762,burglary_biz
53.401376,-3.113921,shoplifting
53.402127,-3.112452,shoplifting
53.389356,-3.057836,burglary_biz
53.394932,-3.057538,shoplifting
53.394932,-3.057538,shoplifting
53.394932,-3.057538,shoplifting
53.389294,-3.034076,robbery_biz
53.387646,-3.035465,burglary_biz
53.389926,-3.028633,robbery_biz
53.388541,-3.03075,robbery_biz
53.389211,-3.02391,shoplifting
53.390059,-3.027704,shoplifting
53.389926,-3.028633,shoplifting
53.388056,-3.025461,shoplifting
53.389926,-3.028633,shoplifting
53.388939,-3.028429,shoplifting
53.388056,-3.025461,shoplifting
53.389926,-3.028633,shoplifting
53.389926,-3.028633,shoplifting
53.389211,-3.02391,shoplifting
53.389926,-3.028633,shoplifting
53.389926,-3.028633,shoplifting
53.389926,-3.028633,shoplifting
53.388939,-3.028429,shoplifting
53.388939,-3.028429,shoplifting
53.389926,-3.028633,shoplifting
53.390059,-3.027704,shoplifting
53.389926,-3.028633,shoplifting
53.390059,-3.027704,shoplifting
53.390059,-3.027704,shoplifting
53.390059,-3.027704,shoplifting
53.389926,-3.028633,shoplifting
53.388939,-3.028429,shoplifting
53.389926,-3.028633,shoplifting
53.389926,-3.028633,shoplifting
53.389926,-3.028633,shoplifting
53.389211,-3.02391,shoplifting
53.389926,-3.028633,shoplifting
53.390458,-3.027398,shoplifting
53.388816,-3.038485,burglary_biz
53.387261,-3.034253,robbery_biz
53.387316,-3.033171,robbery_biz
53.386973,-3.030201,shoplifting
53.395398,-3.033066,burglary_biz
53.40046,-3.03185,shoplifting
53.391397,-3.020639,burglary_biz
53.390063,-3.019975,robbery_biz
53.39017,-3.112651,burglary_biz
53.388283,-3.113504,shoplifting
53.388658,-3.095335,burglary_biz
53.377334,-3.100786,burglary_biz
53.379956,-3.102858,shoplifting
53.379956,-3.102858,shoplifting
53.379956,-3.102858,shoplifting
53.379956,-3.102858,shoplifting
53.393364,-3.093877,burglary_biz
53.384292,-3.041788,burglary_biz
53.39017,-3.054157,burglary_biz
53.384292,-3.041788,burglary_biz
53.383461,-3.051541,burglary_biz
53.386851,-3.028679,theft_person
53.38342,-3.021064,burglary_biz
53.38706,-3.022189,robbery_biz
53.381572,-3.016405,robbery_biz
53.38786,-3.01687,robbery_biz
53.382856,-3.016541,shoplifting
53.38786,-3.01687,shoplifting
53.381064,-3.024123,shoplifting
53.381064,-3.024123,shoplifting
53.375653,-3.032633,shoplifting
53.375653,-3.032633,shoplifting
53.375653,-3.032633,shoplifting
53.375653,-3.032633,shoplifting
53.375653,-3.032633,shoplifting
53.375653,-3.032633,shoplifting
53.375653,-3.032633,shoplifting
53.375653,-3.032633,shoplifting
53.384322,-3.038406,burglary_biz
53.382898,-3.038808,burglary_biz
53.385666,-3.033688,burglary_biz
53.385413,-3.034899,shoplifting
53.383589,-3.037892,shoplifting
53.385413,-3.034899,shoplifting
53.385413,-3.034899,shoplifting
53.383589,-3.037892,shoplifting
53.377957,-3.043618,burglary_biz
53.377268,-3.114885,burglary_biz
53.37873,-3.063946,shoplifting
53.37873,-3.063946,shoplifting
53.37873,-3.063946,shoplifting
53.37873,-3.063946,shoplifting
53.373486,-3.04913,shoplifting
53.373486,-3.04913,shoplifting
53.373486,-3.04913,shoplifting
53.369247,-3.095723,burglary_biz
53.369247,-3.095723,robbery_biz
53.369247,-3.095723,theft_person
53.369247,-3.095723,theft_person
53.376486,-3.09645,shoplifting
53.376034,-3.081918,burglary_biz
53.376094,-3.084723,shoplifting
53.376094,-3.084723,shoplifting
53.376094,-3.084723,shoplifting
53.374842,-3.015042,robbery_biz
53.374842,-3.015042,shoplifting
53.374785,-3.02905,burglary_biz
53.36772,-3.008996,burglary_biz
53.37104,-3.041059,burglary_biz
53.373021,-3.045737,shoplifting
53.373021,-3.045737,shoplifting
53.366963,-3.056935,shoplifting
53.355051,-3.006173,shoplifting
53.356666,-3.004363,shoplifting
53.355051,-3.006173,shoplifting
53.357778,-3.001549,robbery_biz
53.357778,-3.001549,shoplifting
53.366075,-3.000376,burglary_biz
53.369216,-3.005274,shoplifting
53.365198,-3.028458,burglary_biz
53.360885,-3.027242,shoplifting
53.356173,-3.025326,shoplifting
53.356173,-3.025326,shoplifting
53.356173,-3.025326,shoplifting
53.356173,-3.025326,shoplifting
53.356173,-3.025326,shoplifting
53.356173,-3.025326,shoplifting
53.356173,-3.025326,shoplifting
53.356173,-3.025326,shoplifting
53.355649,-3.131554,burglary_biz
53.350021,-3.090648,burglary_biz
53.350021,-3.090648,burglary_biz
53.343116,-3.101572,burglary_biz
53.350737,-3.027239,burglary_biz
53.346528,-3.01165,burglary_biz
53.345515,-2.996335,burglary_biz
53.34756,-2.984981,shoplifting
53.34756,-2.984981,shoplifting
53.334527,-2.959556,robbery_biz
53.341075,-2.977456,shoplifting
53.340546,-2.978517,shoplifting
53.340546,-2.978517,shoplifting
53.340546,-2.978517,shoplifting
53.341069,-3.00347,shoplifting
53.341069,-3.00347,shoplifting
53.325571,-2.972072,shoplifting
53.322704,-2.982944,shoplifting
53.322704,-2.982944,shoplifting
53.322704,-2.982944,shoplifting
53.322704,-2.982944,shoplifting
53.323133,-3.076,burglary_biz
53.326326,-3.094578,burglary_biz
53.311816,-2.982116,burglary_biz
53.319109,-2.965305,robbery_biz
53.319109,-2.965305,shoplifting
53.319109,-2.965305,shoplifting
53.319109,-2.965305,shoplifting
53.319109,-2.965305,shoplifting
53.319109,-2.965305,shoplifting
53.311824,-2.975737,burglary_biz
53.315027,-2.9688,burglary_biz
53.311884,-2.965022,shoplifting
53.311884,-2.965022,shoplifting
53.311884,-2.965022,shoplifting
53.311884,-2.965022,shoplifting
53.311884,-2.965022,shoplifting
53.311884,-2.965022,shoplifting
53.311884,-2.965022,shoplifting
53.498496,-2.878518,robbery_biz
53.484962,-2.886602,robbery_biz
53.472081,-2.88665,burglary_biz
53.475066,-2.896144,burglary_biz
53.470238,-2.881836,theft_person
53.477043,-2.872018,shoplifting
53.477043,-2.872018,shoplifting
53.479457,-2.875021,theft_person
53.483279,-2.885708,burglary_biz
53.482282,-2.886788,shoplifting
53.483087,-2.884951,shoplifting
53.482282,-2.886788,shoplifting
53.482689,-2.888846,shoplifting
53.482689,-2.888846,shoplifting
53.480948,-2.887363,shoplifting
53.482641,-2.88571,shoplifting
53.482689,-2.888846,shoplifting
53.482641,-2.88571,shoplifting
53.482641,-2.88571,shoplifting
53.482689,-2.888846,shoplifting
53.482282,-2.886788,shoplifting
53.482641,-2.88571,shoplifting
53.482282,-2.886788,shoplifting
53.482641,-2.88571,shoplifting
53.482641,-2.88571,shoplifting
53.482689,-2.888846,shoplifting
53.482689,-2.888846,shoplifting
53.482689,-2.888846,shoplifting
53.482689,-2.888846,shoplifting
53.482689,-2.888846,shoplifting
53.484661,-2.876288,shoplifting
53.480027,-2.896354,burglary_biz
53.479786,-2.905571,burglary_biz
53.480737,-2.908153,burglary_biz
53.479879,-2.908692,theft_person
53.477212,-2.902503,burglary_biz
53.480537,-2.904924,shoplifting
53.469361,-2.915926,shoplifting
53.468132,-2.914497,shoplifting
53.467803,-2.88049,burglary_biz
53.465888,-2.876911,burglary_biz
53.474531,-2.876245,burglary_biz
53.475439,-2.87872,burglary_biz
53.473413,-2.870542,shoplifting
53.45323,-2.849815,theft_person
53.477579,-2.857534,burglary_biz
53.479851,-2.860352,burglary_biz
53.436721,-2.870499,robbery_biz
53.434804,-2.867149,shoplifting
53.43513,-2.869278,burglary_biz
53.42241,-2.802701,shoplifting
53.42241,-2.802701,shoplifting
53.42241,-2.802701,shoplifting
53.428276,-2.812429,shoplifting
53.422608,-2.805248,shoplifting
53.422608,-2.805248,shoplifting
53.429338,-2.796209,burglary_biz
53.42865,-2.802337,burglary_biz
53.426798,-2.801023,robbery_biz
53.427073,-2.8016,shoplifting
53.426798,-2.801023,shoplifting
53.427073,-2.8016,shoplifting
53.426798,-2.801023,shoplifting
53.426798,-2.801023,shoplifting
53.426798,-2.801023,shoplifting
53.427363,-2.797286,shoplifting
53.426798,-2.801023,shoplifting
53.429581,-2.802941,shoplifting
53.426798,-2.801023,shoplifting
53.426798,-2.801023,shoplifting
53.426798,-2.801023,shoplifting
53.427073,-2.8016,shoplifting
53.426798,-2.801023,shoplifting
53.426798,-2.801023,shoplifting
53.42984,-2.799123,shoplifting
53.429197,-2.805237,shoplifting
53.426798,-2.801023,shoplifting
53.4267,-2.806303,burglary_biz
53.42407,-2.801724,burglary_biz
53.424777,-2.803588,burglary_biz
53.425473,-2.798906,shoplifting
53.425604,-2.80091,shoplifting
53.425473,-2.798906,shoplifting
53.426584,-2.803457,shoplifting
53.425604,-2.80091,shoplifting
53.426584,-2.803457,shoplifting
53.426584,-2.803457,shoplifting
53.425473,-2.798906,shoplifting
53.426584,-2.803457,shoplifting
53.426584,-2.803457,shoplifting
53.425473,-2.798906,shoplifting
53.425473,-2.798906,shoplifting
53.426584,-2.803457,shoplifting
53.426584,-2.803457,shoplifting
53.425473,-2.798906,shoplifting
53.426584,-2.803457,shoplifting
53.424777,-2.803588,shoplifting
53.425473,-2.798906,shoplifting
53.420099,-2.863313,shoplifting
53.421043,-2.85957,shoplifting
53.42785,-2.859166,burglary_biz
53.423623,-2.865732,burglary_biz
53.422271,-2.862469,shoplifting
53.422271,-2.862469,shoplifting
53.421556,-2.790571,burglary_biz
53.421556,-2.790571,burglary_biz
53.424258,-2.78564,robbery_biz
53.421867,-2.784302,shoplifting
53.421867,-2.784302,shoplifting
53.421867,-2.784302,shoplifting
53.421867,-2.784302,shoplifting
53.421867,-2.784302,shoplifting
53.427142,-2.827126,shoplifting
53.421465,-2.847089,burglary_biz
53.419649,-2.844555,burglary_biz
53.418382,-2.835577,burglary_biz
53.418745,-2.862864,burglary_biz
53.419947,-2.866921,shoplifting
53.419703,-2.849582,shoplifting
53.417425,-2.800771,burglary_biz
53.411993,-2.802565,shoplifting
53.411993,-2.802565,shoplifting
53.405456,-2.877367,burglary_biz
53.411865,-2.83557,burglary_biz
53.411865,-2.83557,burglary_biz
53.412554,-2.836822,shoplifting
53.412356,-2.838649,shoplifting
53.412356,-2.838649,shoplifting
53.412554,-2.836822,shoplifting
53.412554,-2.836822,shoplifting
53.412554,-2.836822,shoplifting
53.412356,-2.838649,shoplifting
53.412554,-2.836822,shoplifting
53.412554,-2.836822,shoplifting
53.400451,-2.871804,shoplifting
53.412921,-2.842662,burglary_biz
53.412668,-2.840234,shoplifting
53.411443,-2.839338,shoplifting
53.412668,-2.840234,shoplifting
53.412668,-2.840234,shoplifting
53.412668,-2.840234,shoplifting
53.412668,-2.840234,shoplifting
53.412668,-2.840234,shoplifting
53.40845,-2.849508,burglary_biz
53.361981,-2.822046,theft_person
53.398243,-2.818035,robbery_biz
53.360157,-2.829764,burglary_biz
53.360157,-2.829764,shoplifting
53.360157,-2.829764,shoplifting
53.360157,-2.829764,shoplifting
53.360157,-2.829764,shoplifting
53.360157,-2.829764,shoplifting
53.354779,-2.835249,robbery_biz
53.355917,-2.837014,burglary_biz
53.47038,-2.92018,shoplifting
53.47038,-2.92018,shoplifting
53.47038,-2.92018,shoplifting
53.47038,-2.92018,shoplifting
53.47038,-2.92018,shoplifting
53.457132,-2.91649,shoplifting
53.46691,-2.955361,shoplifting
53.46601,-2.969329,shoplifting
53.46601,-2.969329,shoplifting
53.46601,-2.969329,shoplifting
53.465188,-2.968647,theft_person
53.461798,-2.966642,burglary_biz
53.461379,-2.960532,shoplifting
53.456794,-2.961844,shoplifting
53.46269,-2.972973,shoplifting
53.460826,-2.892787,robbery_biz
53.45709,-2.914923,robbery_biz
53.455741,-2.915823,shoplifting
53.465716,-2.90003,shoplifting
53.452489,-2.902957,burglary_biz
53.451951,-2.90284,robbery_biz
53.469317,-2.938755,robbery_biz
53.466321,-2.931102,shoplifting
53.450153,-2.919381,robbery_biz
53.449914,-2.933982,burglary_biz
53.454823,-2.960941,shoplifting
53.454588,-2.957728,burglary_biz
53.452686,-2.967354,shoplifting
53.452686,-2.967354,shoplifting
53.448911,-2.966229,shoplifting
53.453312,-2.963287,burglary_biz
53.452575,-2.961102,burglary_biz
53.45178,-2.963809,shoplifting
53.451248,-2.961749,shoplifting
53.451248,-2.961749,shoplifting
53.45178,-2.963809,shoplifting
53.451214,-2.963766,shoplifting
53.45178,-2.963809,shoplifting
53.451248,-2.961749,theft_person
53.452778,-2.877439,burglary_biz
53.45338,-2.879951,burglary_biz
53.452117,-2.879398,burglary_biz
53.452117,-2.879398,burglary_biz
53.452117,-2.879398,burglary_biz
53.445122,-2.948843,burglary_biz
53.442395,-2.939976,shoplifting
53.441799,-2.939345,shoplifting
53.441799,-2.939345,shoplifting
53.442395,-2.939976,shoplifting
53.442395,-2.939976,shoplifting
53.441799,-2.939345,shoplifting
53.441799,-2.939345,shoplifting
53.441799,-2.939345,shoplifting
53.442395,-2.939976,shoplifting
53.441799,-2.939345,shoplifting
53.441799,-2.939345,shoplifting
53.447913,-2.93689,burglary_biz
53.447792,-2.93511,robbery_biz
53.45001,-2.954719,robbery_biz
53.446465,-2.968567,shoplifting
53.446465,-2.968567,shoplifting
53.446465,-2.968567,shoplifting
53.446465,-2.968567,shoplifting
53.446465,-2.968567,shoplifting
53.444281,-2.9126,burglary_biz
53.448267,-2.913212,robbery_biz
53.440431,-2.924666,burglary_biz
53.440467,-2.929319,shoplifting
53.440467,-2.929319,shoplifting
53.445403,-2.925678,robbery_biz
53.442101,-2.969085,shoplifting
53.441195,-2.967755,burglary_biz
53.44044,-2.964441,burglary_biz
53.437082,-2.971681,robbery_biz
53.439203,-2.971819,shoplifting
53.439203,-2.971819,shoplifting
53.437082,-2.971681,shoplifting
53.438867,-2.971619,shoplifting
53.438867,-2.971619,theft_person
53.445142,-2.898661,robbery_biz
53.435449,-2.8895,burglary_biz
53.438061,-2.888772,burglary_biz
53.439688,-2.975112,shoplifting
53.434867,-2.98313,burglary_biz
53.436055,-2.970935,robbery_biz
53.436055,-2.970935,shoplifting
53.436055,-2.970935,shoplifting
53.436055,-2.970935,shoplifting
53.436055,-2.970935,shoplifting
53.436055,-2.970935,shoplifting
53.436055,-2.970935,shoplifting
53.436055,-2.970935,shoplifting
53.436055,-2.970935,shoplifting
53.436055,-2.970935,shoplifting
53.436055,-2.970935,shoplifting
53.436055,-2.970935,shoplifting
53.436055,-2.970935,shoplifting
53.436055,-2.970935,shoplifting
53.436055,-2.970935,shoplifting
53.436055,-2.970935,shoplifting
53.436055,-2.970935,shoplifting
53.436055,-2.970935,shoplifting
53.436055,-2.970935,shoplifting
53.439335,-2.989677,burglary_biz
53.425623,-2.998749,theft_person
53.425623,-2.998749,theft_person
53.425623,-2.998749,theft_person
53.425623,-2.998749,theft_person
53.425623,-2.998749,theft_person
53.425623,-2.998749,theft_person
53.425623,-2.998749,theft_person
53.425623,-2.998749,theft_person
53.425623,-2.998749,theft_person
53.425623,-2.998749,theft_person
53.425623,-2.998749,theft_person
53.425623,-2.998749,theft_person
53.425623,-2.998749,theft_person
53.425623,-2.998749,theft_person
53.434398,-2.952232,shoplifting
53.434878,-2.948389,burglary_biz
53.439781,-2.939499,burglary_biz
53.43092,-2.945426,shoplifting
53.435927,-2.910659,robbery_biz
53.436998,-2.915198,shoplifting
53.429697,-2.871093,robbery_biz
53.425791,-2.874219,burglary_biz
53.42752,-2.872509,burglary_biz
53.432374,-2.964755,burglary_biz
53.432378,-2.966531,burglary_biz
53.431992,-2.968644,burglary_biz
53.427207,-2.95785,shoplifting
53.426804,-2.96216,burglary_biz
53.428718,-2.963317,burglary_biz
53.42902,-2.957153,robbery_biz
53.426463,-2.949722,burglary_biz
53.430124,-2.946025,robbery_biz
53.426276,-2.939288,burglary_biz
53.425819,-2.937984,theft_person
53.425649,-2.932156,burglary_biz
53.425631,-2.934443,shoplifting
53.425661,-2.930561,burglary_biz
53.428346,-2.928603,burglary_biz
53.425661,-2.930561,robbery_biz
53.425661,-2.930561,shoplifting
53.425661,-2.930561,shoplifting
53.425661,-2.930561,shoplifting
53.425661,-2.930561,shoplifting
53.425661,-2.930561,shoplifting
53.425661,-2.930561,shoplifting
53.425661,-2.930561,shoplifting
53.425661,-2.930561,shoplifting
53.432849,-2.910052,robbery_biz
53.427628,-2.916833,robbery_biz
53.428658,-2.9197,shoplifting
53.428658,-2.9197,shoplifting
53.427835,-2.901501,burglary_biz
53.42609,-2.915792,shoplifting
53.424447,-2.891768,shoplifting
53.424057,-2.991353,burglary_biz
53.425771,-2.979775,robbery_biz
53.425771,-2.979775,shoplifting
53.425692,-2.980676,shoplifting
53.425692,-2.980676,theft_person
53.421447,-2.985319,burglary_biz
53.416281,-2.979497,robbery_biz
53.422943,-2.979349,shoplifting
53.422943,-2.979349,shoplifting
53.422943,-2.979349,shoplifting
53.422943,-2.979349,shoplifting
53.422943,-2.979349,shoplifting
53.422943,-2.979349,shoplifting
53.422943,-2.979349,shoplifting
53.422943,-2.979349,shoplifting
53.424611,-2.980952,shoplifting
53.422943,-2.979349,shoplifting
53.422943,-2.979349,shoplifting
53.422943,-2.979349,shoplifting
53.422943,-2.979349,shoplifting
53.422943,-2.979349,shoplifting
53.422943,-2.979349,shoplifting
53.422943,-2.979349,shoplifting
53.422943,-2.979349,shoplifting
53.422943,-2.979349,shoplifting
53.422943,-2.979349,shoplifting
53.422943,-2.979349,theft_person
53.428723,-2.967201,robbery_biz
53.424981,-2.964241,theft_person
53.422315,-2.968214,shoplifting
53.417284,-2.9667,robbery_biz
53.413247,-2.983354,burglary_biz
53.42197,-2.977461,shoplifting
53.42197,-2.977461,shoplifting
53.42197,-2.977461,shoplifting
53.42197,-2.977461,shoplifting
53.42197,-2.977461,shoplifting
53.417002,-2.977106,theft_person
53.422394,-2.9448,burglary_biz
53.421934,-2.958544,shoplifting
53.413837,-2.963974,burglary_biz
53.417808,-2.949559,burglary_biz
53.418772,-2.949264,burglary_biz
53.420342,-2.955303,burglary_biz
53.415026,-2.897951,shoplifting
53.419565,-2.893111,burglary_biz
53.419608,-2.894556,burglary_biz
53.42064,-2.891237,burglary_biz
53.416916,-2.89632,robbery_biz
53.419437,-2.886216,theft_person
53.415835,-2.922703,burglary_biz
53.414365,-2.927922,burglary_biz
53.423312,-2.915867,robbery_biz
53.423312,-2.915867,robbery_biz
53.419396,-2.920132,burglary_biz
53.415646,-2.919329,burglary_biz
53.414044,-2.915969,shoplifting
53.413827,-2.917243,shoplifting
53.413827,-2.917243,shoplifting
53.414765,-2.919219,shoplifting
53.408939,-2.923983,robbery_biz
53.410848,-2.925935,robbery_biz
53.408939,-2.923983,shoplifting
53.408939,-2.923983,shoplifting
53.410848,-2.925935,shoplifting
53.408939,-2.923983,shoplifting
53.408939,-2.923983,shoplifting
53.410848,-2.925935,shoplifting
53.410848,-2.925935,shoplifting
53.408939,-2.923983,shoplifting
53.410848,-2.925935,shoplifting
53.410848,-2.925935,shoplifting
53.410848,-2.925935,shoplifting
53.408939,-2.923983,shoplifting
53.408939,-2.923983,shoplifting
53.408939,-2.923983,shoplifting
53.407713,-2.92428,shoplifting
53.410848,-2.925935,shoplifting
53.408939,-2.923983,shoplifting
53.408939,-2.923983,shoplifting
53.408939,-2.923983,shoplifting
53.410848,-2.925935,shoplifting
53.410848,-2.925935,shoplifting
53.410441,-2.945649,burglary_biz
53.411496,-2.944941,burglary_biz
53.411496,-2.944941,shoplifting
53.411496,-2.944941,shoplifting
53.411496,-2.944941,shoplifting
53.4087,-2.935095,shoplifting
53.411496,-2.944941,shoplifting
53.411496,-2.944941,shoplifting
53.411496,-2.944941,shoplifting
53.411496,-2.944941,shoplifting
53.411496,-2.944941,shoplifting
53.410908,-2.933218,burglary_biz
53.412793,-2.93693,robbery_biz
53.411879,-2.929733,robbery_biz
53.41056,-2.930592,shoplifting
53.410604,-2.928367,shoplifting
53.410604,-2.928367,shoplifting
53.422322,-2.940299,burglary_biz
53.424787,-2.937811,burglary_biz
53.41341,-2.91063,burglary_biz
53.41341,-2.91063,shoplifting
53.41341,-2.91063,shoplifting
53.41341,-2.91063,shoplifting
53.41341,-2.91063,shoplifting
53.41341,-2.91063,shoplifting
53.41341,-2.91063,shoplifting
53.413241,-2.909227,shoplifting
53.41341,-2.91063,shoplifting
53.412968,-2.912034,shoplifting
53.41341,-2.91063,theft_person
53.414932,-2.947268,burglary_biz
53.416138,-2.949341,shoplifting
53.412131,-2.952456,burglary_biz
53.413637,-2.946276,burglary_biz
53.412574,-2.94538,shoplifting
53.412678,-2.943577,shoplifting
53.412574,-2.94538,shoplifting
53.411796,-2.95958,burglary_biz
53.411965,-2.957462,burglary_biz
53.411824,-2.954932,robbery_biz
53.398461,-2.960077,shoplifting
53.398461,-2.960077,shoplifting
53.398461,-2.960077,shoplifting
53.400872,-2.965395,shoplifting
53.400872,-2.965395,shoplifting
53.4086,-2.971212,burglary_biz
53.411227,-2.963178,shoplifting
53.410621,-2.964774,shoplifting
53.406008,-2.968006,shoplifting
53.411842,-2.964967,shoplifting
53.4105,-2.960799,theft_person
53.411091,-2.967793,theft_person
53.405008,-2.947273,burglary_biz
53.404278,-2.945271,shoplifting
53.399053,-2.913211,theft_person
53.407305,-2.919119,robbery_biz
53.407717,-2.92158,shoplifting
53.407717,-2.92158,shoplifting
53.405224,-2.907928,robbery_biz
53.405224,-2.907928,shoplifting
53.401276,-2.893931,burglary_biz
53.397459,-2.934608,burglary_biz
53.403838,-2.947483,robbery_biz
53.403838,-2.947483,shoplifting
53.396037,-2.969738,burglary_biz
53.397627,-2.970977,burglary_biz
53.396541,-2.969644,robbery_biz
53.400151,-2.963409,burglary_biz
53.400656,-2.964383,shoplifting
53.400656,-2.964383,shoplifting
53.396451,-2.967476,burglary_biz
53.399376,-2.977965,shoplifting
53.395394,-2.976851,burglary_biz
53.393494,-2.979485,burglary_biz
53.396161,-2.980899,burglary_biz
53.396161,-2.980899,burglary_biz
53.396161,-2.980899,burglary_biz
53.394671,-2.977331,shoplifting
53.394671,-2.977331,shoplifting
53.394483,-2.93346,burglary_biz
53.397733,-2.932839,burglary_biz
53.397337,-2.935691,shoplifting
53.397337,-2.935691,shoplifting
53.394478,-2.935249,burglary_biz
53.394478,-2.935249,shoplifting
53.393522,-2.95383,burglary_biz
53.391806,-2.952559,burglary_biz
53.398068,-2.950804,shoplifting
53.388457,-2.852298,burglary_biz
53.389532,-2.858995,shoplifting
53.390863,-2.858932,shoplifting
53.389532,-2.858995,shoplifting
53.390883,-2.859468,shoplifting
53.390863,-2.858932,shoplifting
53.390883,-2.859468,shoplifting
53.389532,-2.858995,shoplifting
53.389532,-2.858995,shoplifting
53.395339,-2.905206,burglary_biz
53.387493,-2.910963,shoplifting
53.398715,-2.922152,robbery_biz
53.389113,-2.912998,shoplifting
53.380551,-2.951556,burglary_biz
53.386289,-2.946737,burglary_biz
53.389134,-2.949492,burglary_biz
53.388373,-2.946919,burglary_biz
53.389237,-2.949058,theft_person
53.389943,-2.956276,robbery_biz
53.388562,-2.961463,burglary_biz
53.391687,-2.972962,theft_person
53.387747,-2.96779,shoplifting
53.387747,-2.96779,shoplifting
53.388512,-2.965401,robbery_biz
53.385432,-2.963858,shoplifting
53.385432,-2.963858,shoplifting
53.384794,-2.963949,shoplifting
53.384794,-2.963949,shoplifting
53.384794,-2.963949,shoplifting
53.384794,-2.963949,shoplifting
53.384794,-2.963949,shoplifting
53.384794,-2.963949,shoplifting
53.384794,-2.963949,shoplifting
53.385432,-2.963858,shoplifting
53.384794,-2.963949,shoplifting
53.385432,-2.963858,shoplifting
53.387232,-2.8425,theft_person
53.386288,-2.874928,burglary_biz
53.382216,-2.871236,burglary_biz
53.388223,-2.866021,burglary_biz
53.38356,-2.947338,burglary_biz
53.382455,-2.948366,burglary_biz
53.382069,-2.945015,shoplifting
53.382069,-2.945015,shoplifting
53.382069,-2.945015,shoplifting
53.378507,-2.926932,burglary_biz
53.373039,-2.933081,shoplifting
53.389668,-2.935354,burglary_biz
53.384614,-2.907745,theft_person
53.382407,-2.962241,shoplifting
53.381691,-2.859379,burglary_biz
53.377202,-2.871089,burglary_biz
53.373977,-2.873247,shoplifting
53.373468,-2.933316,shoplifting
53.380387,-2.93709,theft_person
53.380845,-2.946301,burglary_biz
53.381019,-2.944696,burglary_biz
53.38093,-2.945761,burglary_biz
53.38093,-2.945761,shoplifting
53.378435,-2.948637,shoplifting
53.378435,-2.948637,shoplifting
53.378435,-2.948637,shoplifting
53.378435,-2.948637,shoplifting
53.378435,-2.948637,shoplifting
53.378435,-2.948637,shoplifting
53.378435,-2.948637,shoplifting
53.378435,-2.948637,shoplifting
53.378435,-2.948637,shoplifting
53.378435,-2.948637,shoplifting
53.378435,-2.948637,shoplifting
53.378435,-2.948637,shoplifting
53.378435,-2.948637,shoplifting
53.378435,-2.948637,shoplifting
53.363873,-2.901082,robbery_biz
53.354138,-2.857141,burglary_biz
53.354138,-2.857141,burglary_biz
53.35525,-2.856262,robbery_biz
53.357538,-2.86316,robbery_biz
53.355003,-2.864356,shoplifting
53.359703,-2.855871,burglary_biz
53.359703,-2.855871,shoplifting
53.359703,-2.855871,shoplifting
53.359703,-2.855871,shoplifting
53.359703,-2.855871,shoplifting
53.359703,-2.855871,shoplifting
53.359703,-2.855871,shoplifting
53.359703,-2.855871,shoplifting
53.359703,-2.855871,shoplifting
53.359703,-2.855871,shoplifting
53.359703,-2.855871,shoplifting
53.359703,-2.855871,shoplifting
53.359703,-2.855871,shoplifting
53.36613,-2.924544,burglary_biz
53.362846,-2.916704,burglary_biz
53.366213,-2.920683,robbery_biz
53.36011,-2.914827,burglary_biz
53.35452,-2.908802,burglary_biz
53.36041,-2.920243,burglary_biz
53.359892,-2.913996,burglary_biz
53.361049,-2.913059,shoplifting
53.358458,-2.909946,shoplifting
53.353452,-2.899029,shoplifting
53.353452,-2.899029,shoplifting
53.353452,-2.899029,shoplifting
53.354209,-2.897648,shoplifting
53.346853,-2.889712,burglary_biz
53.346638,-2.860191,burglary_biz
53.346638,-2.860191,burglary_biz
53.349113,-2.862193,shoplifting
53.349626,-2.854557,shoplifting
53.348447,-2.859761,shoplifting
53.337309,-2.854927,burglary_biz
53.341781,-2.856758,burglary_biz
53.353221,-2.846163,robbery_biz
53.34572,-2.855275,robbery_biz
53.349558,-2.883684,burglary_biz
53.351157,-2.882606,shoplifting
53.35482,-2.891636,shoplifting
53.350869,-2.88263,shoplifting
53.350869,-2.88263,shoplifting
53.350869,-2.88263,shoplifting
53.349558,-2.883684,shoplifting
53.350869,-2.88263,shoplifting
53.350869,-2.88263,shoplifting
53.350869,-2.88263,shoplifting
53.345092,-2.838648,shoplifting
53.3462,-2.838251,shoplifting
53.3462,-2.838251,shoplifting
53.3462,-2.838251,shoplifting
53.3462,-2.838251,shoplifting
53.345354,-2.839676,shoplifting
53.3462,-2.838251,shoplifting
53.3462,-2.838251,shoplifting
53.345354,-2.839676,shoplifting
53.345354,-2.839676,shoplifting
53.3462,-2.838251,shoplifting
53.3462,-2.838251,shoplifting
53.345092,-2.838648,shoplifting
53.346684,-2.841099,shoplifting
53.409461,-2.970419,shoplifting
53.410282,-2.968963,shoplifting
53.409738,-2.973855,shoplifting
53.409461,-2.970419,shoplifting
53.409738,-2.973855,shoplifting
53.409461,-2.970419,shoplifting
53.409461,-2.970419,shoplifting
53.409929,-2.971423,shoplifting
53.409461,-2.970419,shoplifting
53.409461,-2.970419,shoplifting
53.409929,-2.971423,shoplifting
53.409461,-2.970419,shoplifting
53.409929,-2.971423,shoplifting
53.408925,-2.977643,burglary_biz
53.407217,-2.988555,burglary_biz
53.407062,-2.984535,burglary_biz
53.408777,-2.974871,burglary_biz
53.405998,-2.985999,burglary_biz
53.405998,-2.985999,burglary_biz
53.405998,-2.985999,robbery_biz
53.407123,-2.986958,robbery_biz
53.405173,-2.983574,robbery_biz
53.405928,-2.979199,robbery_biz
53.406404,-2.980398,robbery_biz
53.405998,-2.985999,robbery_biz
53.405173,-2.983574,shoplifting
53.406404,-2.980398,shoplifting
53.405173,-2.983574,shoplifting
53.405308,-2.987924,shoplifting
53.40734,-2.980284,shoplifting
53.405173,-2.983574,shoplifting
53.405928,-2.979199,shoplifting
53.405311,-2.982163,shoplifting
53.405308,-2.987924,shoplifting
53.405998,-2.985999,shoplifting
53.405928,-2.979199,shoplifting
53.405308,-2.987924,shoplifting
53.405928,-2.979199,shoplifting
53.406827,-2.985823,shoplifting
53.405308,-2.987924,shoplifting
53.405418,-2.981172,shoplifting
53.405311,-2.982163,shoplifting
53.407062,-2.984535,shoplifting
53.40734,-2.980284,shoplifting
53.405928,-2.979199,shoplifting
53.406827,-2.985823,shoplifting
53.406827,-2.985823,shoplifting
53.40642,-2.979541,shoplifting
53.405173,-2.983574,shoplifting
53.405928,-2.979199,shoplifting
53.40642,-2.979541,shoplifting
53.406404,-2.980398,shoplifting
53.407062,-2.984535,shoplifting
53.407707,-2.980368,shoplifting
53.405928,-2.979199,shoplifting
53.405173,-2.983574,shoplifting
53.406404,-2.980398,shoplifting
53.405418,-2.981172,shoplifting
53.405928,-2.979199,shoplifting
53.405998,-2.985999,shoplifting
53.405173,-2.983574,shoplifting
53.405418,-2.981172,shoplifting
53.405173,-2.983574,shoplifting
53.405308,-2.987924,shoplifting
53.405928,-2.979199,shoplifting
53.407062,-2.984535,shoplifting
53.407062,-2.984535,shoplifting
53.406827,-2.985823,shoplifting
53.405418,-2.981172,shoplifting
53.405311,-2.982163,shoplifting
53.405308,-2.987924,shoplifting
53.405173,-2.983574,shoplifting
53.405173,-2.983574,shoplifting
53.405173,-2.983574,shoplifting
53.405308,-2.987924,shoplifting
53.405173,-2.983574,shoplifting
53.405308,-2.987924,shoplifting
53.405173,-2.983574,shoplifting
53.405308,-2.987924,shoplifting
53.406061,-2.987582,shoplifting
53.405418,-2.981172,shoplifting
53.405308,-2.987924,shoplifting
53.405173,-2.983574,shoplifting
53.405928,-2.979199,shoplifting
53.405173,-2.983574,shoplifting
53.405311,-2.982163,shoplifting
53.405418,-2.981172,shoplifting
53.406404,-2.980398,shoplifting
53.405998,-2.985999,shoplifting
53.405173,-2.983574,shoplifting
53.405173,-2.983574,shoplifting
53.405418,-2.981172,shoplifting
53.405928,-2.979199,shoplifting
53.40734,-2.980284,shoplifting
53.405173,-2.983574,shoplifting
53.405173,-2.983574,shoplifting
53.405173,-2.983574,shoplifting
53.405418,-2.981172,shoplifting
53.405308,-2.987924,shoplifting
53.405173,-2.983574,shoplifting
53.405928,-2.979199,shoplifting
53.405173,-2.983574,shoplifting
53.405418,-2.981172,shoplifting
53.405998,-2.985999,shoplifting
53.405998,-2.985999,shoplifting
53.406404,-2.980398,shoplifting
53.406827,-2.985823,shoplifting
53.405173,-2.983574,shoplifting
53.405998,-2.985999,shoplifting
53.405311,-2.982163,shoplifting
53.405418,-2.981172,shoplifting
53.406404,-2.980398,shoplifting
53.405418,-2.981172,shoplifting
53.405418,-2.981172,shoplifting
53.405173,-2.983574,shoplifting
53.406403,-2.978247,shoplifting
53.406404,-2.980398,shoplifting
53.405173,-2.983574,shoplifting
53.405308,-2.987924,shoplifting
53.405173,-2.983574,shoplifting
53.405173,-2.983574,shoplifting
53.405928,-2.979199,shoplifting
53.405173,-2.983574,shoplifting
53.406418,-2.988431,theft_person
53.405311,-2.982163,theft_person
53.405311,-2.982163,theft_person
53.405173,-2.983574,theft_person
53.406061,-2.987582,theft_person
53.406359,-2.98694,theft_person
53.406748,-2.988315,theft_person
53.406418,-2.988431,theft_person
53.405998,-2.985999,theft_person
53.407707,-2.980368,theft_person
53.405173,-2.983574,theft_person
53.406534,-2.977648,theft_person
53.407062,-2.984535,theft_person
53.400136,-2.978494,burglary_biz
53.401332,-2.978105,burglary_biz
53.403277,-2.982417,shoplifting
53.40307,-2.980246,theft_person
53.401332,-2.978105,theft_person
53.403233,-2.980982,theft_person
53.403796,-2.981662,theft_person
53.401889,-2.977599,theft_person
53.40307,-2.980246,theft_person
53.40307,-2.980246,theft_person
53.403277,-2.982417,theft_person
53.403796,-2.981662,theft_person
53.403277,-2.982417,theft_person
53.403796,-2.981662,theft_person
53.401971,-2.980567,theft_person
53.40307,-2.980246,theft_person
53.40307,-2.980246,theft_person
53.410616,-2.986332,burglary_biz
53.409765,-2.984883,burglary_biz
53.40903,-2.985135,burglary_biz
53.410687,-2.988635,shoplifting
53.410616,-2.986332,shoplifting
53.410616,-2.986332,shoplifting
53.410616,-2.986332,shoplifting
53.411804,-2.987247,shoplifting
53.410616,-2.986332,shoplifting
53.410616,-2.986332,shoplifting
53.410616,-2.986332,shoplifting
53.410616,-2.986332,shoplifting
53.410616,-2.986332,shoplifting
53.410616,-2.986332,shoplifting
53.410616,-2.986332,shoplifting
53.410687,-2.988635,shoplifting
53.410616,-2.986332,shoplifting
53.410616,-2.986332,shoplifting
53.410616,-2.986332,shoplifting
53.410687,-2.988635,shoplifting
53.408882,-2.988368,shoplifting
53.410616,-2.986332,shoplifting
53.411804,-2.987247,shoplifting
53.410616,-2.986332,shoplifting
53.410616,-2.986332,shoplifting
53.410616,-2.986332,shoplifting
53.410616,-2.986332,shoplifting
53.410616,-2.986332,shoplifting
53.403089,-2.974636,burglary_biz
53.405826,-2.976338,burglary_biz
53.402459,-2.971463,burglary_biz
53.404686,-2.972852,burglary_biz
53.406028,-2.975846,burglary_biz
53.404574,-2.974459,robbery_biz
53.405373,-2.964595,shoplifting
53.405775,-2.966627,shoplifting
53.405775,-2.966627,theft_person
53.402093,-2.975561,theft_person
53.402093,-2.975561,theft_person
53.401412,-2.975229,burglary_biz
53.400302,-2.974678,burglary_biz
53.401933,-2.974158,robbery_biz
53.401933,-2.974158,shoplifting
53.401933,-2.974158,shoplifting
53.401933,-2.974158,shoplifting
53.401933,-2.974158,shoplifting
53.401933,-2.974158,shoplifting
53.401933,-2.974158,shoplifting
53.401933,-2.974158,shoplifting
53.40222,-2.976541,shoplifting
53.401933,-2.974158,shoplifting
53.40222,-2.976541,theft_person
53.400271,-2.976301,theft_person
53.401394,-2.977425,theft_person
53.403734,-2.97608,burglary_biz
53.403105,-2.979105,robbery_biz
53.403851,-2.984807,robbery_biz
53.402765,-2.983488,robbery_biz
53.403319,-2.986058,shoplifting
53.403319,-2.986058,shoplifting
53.403319,-2.986058,shoplifting
53.403319,-2.986058,shoplifting
53.403851,-2.984807,shoplifting
53.403319,-2.986058,shoplifting
53.403319,-2.986058,shoplifting
53.403319,-2.986058,shoplifting
53.404266,-2.97907,shoplifting
53.403319,-2.986058,shoplifting
53.403319,-2.986058,shoplifting
53.403319,-2.986058,shoplifting
53.403319,-2.986058,shoplifting
53.402232,-2.987893,shoplifting
53.403319,-2.986058,shoplifting
53.403319,-2.986058,shoplifting
53.403851,-2.984807,shoplifting
53.403319,-2.986058,shoplifting
53.403319,-2.986058,shoplifting
53.403319,-2.986058,shoplifting
53.403897,-2.979152,shoplifting
53.403851,-2.984807,shoplifting
53.403319,-2.986058,shoplifting
53.403319,-2.986058,shoplifting
53.403319,-2.986058,shoplifting
53.402283,-2.984199,shoplifting
53.403851,-2.984807,shoplifting
53.403319,-2.986058,shoplifting
53.403319,-2.986058,shoplifting
53.403851,-2.984807,shoplifting
53.403319,-2.986058,shoplifting
53.403851,-2.984807,shoplifting
53.403319,-2.986058,shoplifting
53.403319,-2.986058,shoplifting
53.403319,-2.986058,shoplifting
53.403319,-2.986058,shoplifting
53.404497,-2.983799,shoplifting
53.403851,-2.984807,shoplifting
53.403319,-2.986058,shoplifting
53.403319,-2.986058,shoplifting
53.403319,-2.986058,shoplifting
53.403319,-2.986058,shoplifting
53.403319,-2.986058,shoplifting
53.403319,-2.986058,shoplifting
53.403319,-2.986058,shoplifting
53.403319,-2.986058,shoplifting
53.403319,-2.986058,shoplifting
53.403156,-2.97745,shoplifting
53.403589,-2.980529,shoplifting
53.403319,-2.986058,shoplifting
53.403589,-2.980529,shoplifting
53.403319,-2.986058,shoplifting
53.403851,-2.984807,shoplifting
53.403319,-2.986058,shoplifting
53.404266,-2.97907,theft_person
53.402232,-2.987893,theft_person
53.403897,-2.979152,theft_person
53.401834,-2.9884,theft_person
53.401575,-2.99256,theft_person
53.404084,-2.977141,theft_person
53.40467,-2.97917,theft_person
53.403319,-2.986058,theft_person
53.401834,-2.9884,theft_person
53.389001,-2.978239,burglary_biz
53.390156,-2.980942,shoplifting
53.390156,-2.980942,shoplifting
53.390156,-2.980942,shoplifting
53.390156,-2.980942,shoplifting
53.399901,-2.986355,burglary_biz
53.399345,-2.986146,burglary_biz
53.399345,-2.986146,shoplifting
53.399345,-2.986146,shoplifting
53.401942,-2.985108,burglary_biz
53.401942,-2.985108,burglary_biz
53.397148,-2.983283,burglary_biz
53.402501,-2.986024,shoplifting
53.402501,-2.986024,shoplifting
53.402501,-2.986024,shoplifting
53.402501,-2.986024,shoplifting
53.402501,-2.986024,shoplifting
53.402501,-2.986024,shoplifting
53.402501,-2.986024,shoplifting
53.402501,-2.986024,shoplifting
53.402501,-2.986024,shoplifting
53.402501,-2.986024,shoplifting
53.402501,-2.986024,shoplifting
53.402501,-2.986024,shoplifting
53.402501,-2.986024,shoplifting
53.402501,-2.986024,shoplifting
53.402501,-2.986024,shoplifting
53.402501,-2.986024,shoplifting
53.402501,-2.986024,shoplifting
53.402501,-2.986024,shoplifting
53.402501,-2.986024,shoplifting
53.402501,-2.986024,shoplifting
53.402501,-2.986024,shoplifting
53.415781,-3.001889,burglary_biz
53.415781,-3.001889,burglary_biz
53.414805,-2.999233,shoplifting
53.414826,-2.990251,theft_person
53.410915,-2.994727,burglary_biz
53.411693,-2.99087,robbery_biz
53.409072,-2.99797,shoplifting
53.409655,-2.994824,burglary_biz
53.409116,-2.992721,burglary_biz
53.409116,-2.992721,burglary_biz
53.409655,-2.994824,burglary_biz
53.405654,-2.991103,burglary_biz
53.407195,-2.991232,robbery_biz
53.409655,-2.994824,shoplifting
53.405654,-2.991103,shoplifting
53.409655,-2.994824,shoplifting
53.409655,-2.994824,shoplifting
53.405839,-2.988929,robbery_biz
53.405839,-2.988929,shoplifting
53.405292,-2.993098,theft_person
53.565893,-3.058387,shoplifting
53.560862,-3.080153,shoplifting
53.563287,-3.063304,burglary_biz
53.557515,-3.061439,robbery_biz
53.556396,-3.060958,robbery_biz
53.55539,-3.061868,robbery_biz
53.557515,-3.061439,shoplifting
53.557515,-3.061439,shoplifting
53.556775,-3.057634,shoplifting
53.557515,-3.061439,shoplifting
53.554464,-3.083899,burglary_biz
53.550983,-3.074525,robbery_biz
53.550983,-3.074525,shoplifting
53.550983,-3.074525,shoplifting
53.554473,-3.056819,shoplifting
53.554473,-3.056819,shoplifting
53.554473,-3.056819,shoplifting
53.554473,-3.056819,shoplifting
53.552595,-3.068833,shoplifting
53.554473,-3.056819,shoplifting
53.554473,-3.056819,shoplifting
53.554473,-3.056819,shoplifting
53.554473,-3.056819,shoplifting
53.554473,-3.056819,shoplifting
53.554473,-3.056819,shoplifting
53.554473,-3.056819,shoplifting
53.553564,-3.043073,robbery_biz
53.552682,-3.040718,shoplifting
53.548471,-3.054435,shoplifting
53.546748,-3.051117,burglary_biz
53.51657,-2.943698,shoplifting
53.51657,-2.943698,shoplifting
53.51657,-2.943698,shoplifting
53.50692,-2.934074,burglary_biz
53.499231,-2.945936,shoplifting
53.503006,-2.943743,burglary_biz
53.513423,-2.94388,shoplifting
53.524214,-3.058102,burglary_biz
53.499304,-3.003043,shoplifting
53.499304,-3.003043,shoplifting
53.499304,-3.003043,shoplifting
53.499304,-3.003043,shoplifting
53.499304,-3.003043,shoplifting
53.499696,-3.005706,shoplifting
53.499304,-3.003043,shoplifting
53.499304,-3.003043,shoplifting
53.499304,-3.003043,shoplifting
53.499304,-3.003043,shoplifting
53.499304,-3.003043,shoplifting
53.491562,-2.950433,shoplifting
53.486004,-3.043632,burglary_biz
53.492344,-3.026755,shoplifting
53.492344,-3.026755,shoplifting
53.488288,-3.031058,shoplifting
53.492344,-3.026755,shoplifting
53.492344,-3.026755,theft_person
53.494768,-2.978803,burglary_biz
53.484262,-2.993842,robbery_biz
53.484262,-2.993842,shoplifting
53.484262,-2.993842,shoplifting
53.484262,-2.993842,shoplifting
53.484262,-2.993842,shoplifting
53.484262,-2.993842,shoplifting
53.484262,-2.993842,shoplifting
53.492711,-3.025829,shoplifting
53.493194,-3.0103,burglary_biz
53.49245,-3.023788,shoplifting
53.49245,-3.023788,shoplifting
53.49245,-3.023788,shoplifting
53.49245,-3.023788,shoplifting
53.49245,-3.023788,shoplifting
53.49245,-3.023788,shoplifting
53.49245,-3.023788,shoplifting
53.49245,-3.023788,shoplifting
53.483219,-3.013107,burglary_biz
53.513623,-2.90397,burglary_biz
53.513623,-2.90397,burglary_biz
53.486947,-2.951133,burglary_biz
53.483566,-2.947847,burglary_biz
53.481151,-2.949768,robbery_biz
53.480843,-2.950122,robbery_biz
53.479456,-2.948178,shoplifting
53.479119,-2.954363,shoplifting
53.479188,-2.950236,shoplifting
53.481151,-2.949768,shoplifting
53.48561,-2.953122,shoplifting
53.475347,-2.961722,burglary_biz
53.478054,-2.966077,burglary_biz
53.488238,-2.973845,robbery_biz
53.485661,-2.964439,shoplifting
53.488238,-2.973845,shoplifting
53.485661,-2.964439,shoplifting
53.482396,-2.96604,shoplifting
53.485661,-2.964439,shoplifting
53.485661,-2.964439,shoplifting
53.479392,-3.018154,burglary_biz
53.480883,-3.02363,shoplifting
53.475896,-2.992456,burglary_biz
53.476498,-2.99461,burglary_biz
53.474771,-2.99585,shoplifting
53.466317,-3.016741,burglary_biz
53.474729,-3.026329,burglary_biz
53.473047,-3.020172,burglary_biz
53.473537,-3.000447,burglary_biz
53.469333,-3.000107,burglary_biz
53.470347,-2.999287,robbery_biz
53.470347,-2.999287,shoplifting
53.470347,-2.999287,shoplifting
53.470566,-2.977146,burglary_biz
53.465962,-3.007635,shoplifting
53.46595,-3.003703,shoplifting
53.46595,-3.003703,shoplifting
53.46595,-3.003703,shoplifting
53.46595,-3.003703,shoplifting
53.463996,-2.992374,robbery_biz
53.461198,-2.982895,shoplifting
53.461198,-2.982895,shoplifting
53.461198,-2.982895,shoplifting
53.461198,-2.982895,shoplifting
53.461198,-2.982895,shoplifting
53.467531,-2.972376,robbery_biz
53.467531,-2.972376,shoplifting
53.467531,-2.972376,shoplifting
53.460959,-2.979124,shoplifting
53.454099,-2.990455,shoplifting
53.458148,-2.996214,shoplifting
53.451637,-2.990098,robbery_biz
53.451637,-2.990098,shoplifting
53.451637,-2.990098,theft_person
53.455004,-2.993836,shoplifting
53.453984,-2.995379,shoplifting
53.455004,-2.993836,shoplifting
53.453984,-2.995379,shoplifting
53.455004,-2.993836,shoplifting
53.455004,-2.993836,shoplifting
53.45452,-3.005451,shoplifting
53.445072,-2.989404,burglary_biz
53.453795,-2.992151,burglary_biz
53.447096,-3.001201,shoplifting
53.447096,-3.001201,shoplifting
53.451725,-2.992525,shoplifting
53.451725,-2.992525,shoplifting
53.447096,-3.001201,shoplifting
53.4526,-2.993337,shoplifting
53.451725,-2.992525,shoplifting
53.4526,-2.993337,shoplifting
53.452052,-2.99309,shoplifting
53.451725,-2.992525,shoplifting
53.451725,-2.992525,shoplifting
53.452052,-2.99309,shoplifting
53.4526,-2.993337,shoplifting
53.451725,-2.992525,shoplifting
53.451725,-2.992525,shoplifting
53.451725,-2.992525,shoplifting
53.447096,-3.001201,shoplifting
53.443681,-2.991298,burglary_biz
53.442991,-2.998569,burglary_biz
53.443734,-2.981574,burglary_biz
53.444499,-2.98413,burglary_biz
53.443734,-2.981574,robbery_biz
53.50106,-2.787935,shoplifting
53.509703,-2.793961,burglary_biz
53.47312,-2.731929,burglary_biz
53.469306,-2.771001,burglary_biz
53.468903,-2.76652,shoplifting
53.468702,-2.748695,burglary_biz
53.462652,-2.78647,burglary_biz
53.461181,-2.776366,burglary_biz
53.449723,-2.739191,burglary_biz
53.452088,-2.738991,robbery_biz
53.449584,-2.738435,shoplifting
53.451621,-2.744765,shoplifting
53.451888,-2.743716,shoplifting
53.451621,-2.744765,shoplifting
53.451243,-2.733194,shoplifting
53.452855,-2.738582,shoplifting
53.451621,-2.744765,shoplifting
53.449584,-2.738435,shoplifting
53.451621,-2.744765,shoplifting
53.451621,-2.744765,shoplifting
53.451621,-2.744765,shoplifting
53.449584,-2.738435,shoplifting
53.451621,-2.744765,shoplifting
53.450553,-2.74297,shoplifting
53.449584,-2.738435,shoplifting
53.449584,-2.738435,shoplifting
53.451621,-2.744765,shoplifting
53.449584,-2.738435,shoplifting
53.449914,-2.750352,burglary_biz
53.450213,-2.754182,burglary_biz
53.450213,-2.754182,burglary_biz
53.449914,-2.750352,robbery_biz
53.449624,-2.752139,shoplifting
53.449624,-2.752139,shoplifting
53.450394,-2.752574,shoplifting
53.450394,-2.752574,shoplifting
53.450394,-2.752574,shoplifting
53.450394,-2.752574,shoplifting
53.450394,-2.752574,shoplifting
53.450322,-2.755433,theft_person
53.450773,-2.746693,theft_person
53.455713,-2.743014,burglary_biz
53.45477,-2.748585,burglary_biz
53.454441,-2.739303,robbery_biz
53.455098,-2.740715,shoplifting
53.454616,-2.744781,shoplifting
53.454441,-2.739303,shoplifting
53.456441,-2.740075,theft_person
53.452631,-2.737012,burglary_biz
53.452631,-2.737012,shoplifting
53.452631,-2.737012,shoplifting
53.452631,-2.737012,shoplifting
53.452631,-2.737012,theft_person
53.452477,-2.734224,theft_person
53.443785,-2.761505,shoplifting
53.443785,-2.761505,shoplifting
53.443785,-2.761505,shoplifting
53.443785,-2.761505,shoplifting
53.443785,-2.761505,shoplifting
53.440179,-2.771572,burglary_biz
53.452139,-2.769305,shoplifting
53.452139,-2.769305,shoplifting
53.452139,-2.769305,shoplifting
53.407508,-2.749816,burglary_biz
53.418193,-2.775583,shoplifting
53.433359,-2.74288,burglary_biz
53.431592,-2.746492,shoplifting
53.446193,-2.732911,shoplifting
53.446193,-2.732911,shoplifting
53.446193,-2.732911,shoplifting
53.444846,-2.734192,shoplifting
53.446193,-2.732911,shoplifting
53.446193,-2.732911,shoplifting
53.444527,-2.73636,shoplifting
53.446193,-2.732911,shoplifting
53.446193,-2.732911,shoplifting
53.444846,-2.734192,shoplifting
53.446193,-2.732911,shoplifting
53.444846,-2.734192,shoplifting
53.446193,-2.732911,shoplifting
53.444846,-2.734192,shoplifting
53.446193,-2.732911,shoplifting
53.444527,-2.73636,shoplifting
53.444846,-2.734192,shoplifting
53.446193,-2.732911,shoplifting
53.446193,-2.732911,shoplifting
53.446193,-2.732911,shoplifting
53.446193,-2.732911,shoplifting
53.446193,-2.732911,shoplifting
53.439367,-3.036722,robbery_biz
53.439367,-3.036722,robbery_biz
53.440214,-3.046415,shoplifting
53.440214,-3.046415,shoplifting
53.440214,-3.046415,shoplifting
53.440214,-3.046415,shoplifting
53.440214,-3.046415,shoplifting
53.440214,-3.046415,shoplifting
53.42245,-3.03458,burglary_biz
53.429712,-3.040897,burglary_biz
53.428876,-3.069398,robbery_biz
53.424884,-3.061427,burglary_biz
53.427579,-3.067665,burglary_biz
53.424346,-3.061353,burglary_biz
53.427823,-3.051356,shoplifting
53.424564,-3.050391,shoplifting
53.420123,-3.056042,burglary_biz
53.421278,-3.032956,burglary_biz
53.421674,-3.028707,burglary_biz
53.422023,-3.031966,robbery_biz
53.419359,-3.043047,burglary_biz
53.419711,-3.040563,burglary_biz
53.421663,-3.041393,burglary_biz
53.418366,-3.040169,robbery_biz
53.419359,-3.043047,shoplifting
53.415017,-3.030412,burglary_biz
53.418364,-3.042411,shoplifting
53.420233,-3.043495,shoplifting
53.420233,-3.043495,shoplifting
53.420233,-3.043495,shoplifting
53.409796,-3.019755,robbery_biz
53.411353,-3.022606,burglary_biz
53.410316,-3.016729,burglary_biz
53.410383,-3.02153,shoplifting
53.410383,-3.02153,shoplifting
53.4186,-3.025564,burglary_biz
53.4186,-3.025564,burglary_biz
53.412373,-3.028438,burglary_biz
53.41363,-3.026542,burglary_biz
53.412734,-3.027168,shoplifting
53.41192,-3.023643,shoplifting
53.412734,-3.027168,shoplifting
53.40795,-3.099125,robbery_biz
53.398024,-3.099335,burglary_biz
53.405275,-3.055809,theft_person
53.411966,-3.072584,shoplifting
53.4122,-3.072545,shoplifting
53.408035,-3.07036,shoplifting
53.408035,-3.07036,shoplifting
53.408035,-3.07036,shoplifting
53.408035,-3.07036,shoplifting
53.408035,-3.07036,shoplifting
53.408035,-3.07036,shoplifting
53.408035,-3.07036,shoplifting
53.408035,-3.07036,shoplifting
53.401591,-3.058741,burglary_biz
53.403295,-3.060137,shoplifting
53.403295,-3.060137,shoplifting
53.403295,-3.060137,shoplifting
53.40848,-3.076393,burglary_biz
53.401583,-3.111084,robbery_biz
53.401583,-3.111084,shoplifting
53.401376,-3.113921,shoplifting
53.394385,-3.106941,burglary_biz
53.400591,-3.112306,burglary_biz
53.400879,-3.128543,burglary_biz
53.400676,-3.131004,burglary_biz
53.399538,-3.058134,burglary_biz
53.396824,-3.052983,burglary_biz
53.394965,-3.054742,shoplifting
53.394932,-3.057538,shoplifting
53.394932,-3.057538,shoplifting
53.394932,-3.057538,shoplifting
53.394932,-3.057538,shoplifting
53.394932,-3.057538,shoplifting
53.394932,-3.057538,shoplifting
53.394932,-3.057538,shoplifting
53.394932,-3.057538,shoplifting
53.394932,-3.057538,shoplifting
53.394932,-3.057538,shoplifting
53.394932,-3.057538,shoplifting
53.394932,-3.057538,shoplifting
53.394932,-3.057538,shoplifting
53.394932,-3.057538,shoplifting
53.394932,-3.057538,shoplifting
53.394932,-3.057538,shoplifting
53.394932,-3.057538,shoplifting
53.394932,-3.057538,shoplifting
53.394932,-3.057538,shoplifting
53.394932,-3.057538,shoplifting
53.394932,-3.057538,shoplifting
53.394932,-3.057538,shoplifting
53.394932,-3.057538,shoplifting
53.394932,-3.057538,shoplifting
53.393743,-3.027898,burglary_biz
53.389926,-3.028633,burglary_biz
53.388939,-3.028429,robbery_biz
53.388939,-3.028429,shoplifting
53.388939,-3.028429,shoplifting
53.389926,-3.028633,shoplifting
53.388939,-3.028429,shoplifting
53.389466,-3.02772,shoplifting
53.388939,-3.028429,shoplifting
53.388939,-3.028429,shoplifting
53.388939,-3.028429,shoplifting
53.389211,-3.02391,shoplifting
53.388939,-3.028429,shoplifting
53.389926,-3.028633,shoplifting
53.388939,-3.028429,shoplifting
53.389926,-3.028633,shoplifting
53.389211,-3.02391,shoplifting
53.389466,-3.02772,shoplifting
53.388939,-3.028429,shoplifting
53.388939,-3.028429,shoplifting
53.389926,-3.028633,shoplifting
53.388056,-3.025461,shoplifting
53.390458,-3.027398,shoplifting
53.388056,-3.025461,shoplifting
53.388939,-3.028429,shoplifting
53.389926,-3.028633,shoplifting
53.390458,-3.027398,shoplifting
53.388939,-3.028429,shoplifting
53.389926,-3.028633,shoplifting
53.388939,-3.028429,shoplifting
53.389211,-3.02391,shoplifting
53.389926,-3.028633,shoplifting
53.388939,-3.028429,shoplifting
53.390059,-3.027704,shoplifting
53.389211,-3.02391,shoplifting
53.388056,-3.025461,shoplifting
53.390059,-3.027704,shoplifting
53.388939,-3.028429,shoplifting
53.388939,-3.028429,shoplifting
53.388939,-3.028429,shoplifting
53.388939,-3.028429,shoplifting
53.388939,-3.028429,shoplifting
53.388939,-3.028429,shoplifting
53.389926,-3.028633,shoplifting
53.389466,-3.02772,shoplifting
53.388056,-3.025461,shoplifting
53.389211,-3.02391,shoplifting
53.388939,-3.028429,shoplifting
53.388939,-3.028429,shoplifting
53.390059,-3.027704,shoplifting
53.388939,-3.028429,shoplifting
53.388939,-3.028429,shoplifting
53.390059,-3.027704,shoplifting
53.388939,-3.028429,shoplifting
53.388939,-3.028429,shoplifting
53.386973,-3.030201,burglary_biz
53.389586,-3.03667,robbery_biz
53.397568,-3.032562,burglary_biz
53.396466,-3.031167,robbery_biz
53.396931,-3.030321,shoplifting
53.392905,-3.017682,burglary_biz
53.392385,-3.014317,burglary_biz
53.391397,-3.020639,burglary_biz
53.392398,-3.012768,burglary_biz
53.392437,-3.018754,shoplifting
53.390063,-3.019975,shoplifting
53.391397,-3.020639,shoplifting
53.390063,-3.019975,shoplifting
53.379956,-3.102858,shoplifting
53.379956,-3.102858,shoplifting
53.379956,-3.102858,shoplifting
53.379956,-3.102858,shoplifting
53.38648,-3.083603,shoplifting
53.38648,-3.083603,shoplifting
53.38648,-3.083603,shoplifting
53.382612,-3.087061,burglary_biz
53.379397,-3.094646,shoplifting
53.38713,-3.048278,burglary_biz
53.382402,-3.053379,burglary_biz
53.382563,-3.046317,burglary_biz
53.377827,-3.049192,burglary_biz
53.386851,-3.028679,burglary_biz
53.383874,-3.033013,shoplifting
53.383874,-3.033013,shoplifting
53.382044,-3.027421,shoplifting
53.384005,-3.02413,theft_person
53.380434,-3.031697,robbery_biz
53.383845,-3.017526,burglary_biz
53.38282,-3.017637,shoplifting
53.38786,-3.01687,shoplifting
53.380513,-3.024558,burglary_biz
53.381064,-3.024123,shoplifting
53.381064,-3.024123,shoplifting
53.381064,-3.024123,shoplifting
53.377265,-3.034341,burglary_biz
53.376215,-3.025837,burglary_biz
53.375653,-3.032633,shoplifting
53.385413,-3.034899,robbery_biz
53.384322,-3.038406,robbery_biz
53.385413,-3.034899,robbery_biz
53.385413,-3.034899,robbery_biz
53.385413,-3.034899,shoplifting
53.385413,-3.034899,shoplifting
53.385413,-3.034899,shoplifting
53.385413,-3.034899,shoplifting
53.383589,-3.037892,shoplifting
53.382265,-3.035094,burglary_biz
53.38065,-3.033701,robbery_biz
53.377844,-3.113848,burglary_biz
53.373744,-3.047438,robbery_biz
53.37103,-3.089531,burglary_biz
53.369247,-3.095723,theft_person
53.376094,-3.084723,shoplifting
53.376094,-3.084723,shoplifting
53.368816,-3.0005,burglary_biz
53.379076,-3.016045,shoplifting
53.374842,-3.015042,shoplifting
53.374496,-3.017679,shoplifting
53.372099,-3.019351,robbery_biz
53.369401,-3.014251,burglary_biz
53.369626,-3.028971,robbery_biz
53.36685,-3.021404,burglary_biz
53.372497,-3.044056,burglary_biz
53.364368,-2.993889,burglary_biz
53.364205,-3.000392,robbery_biz
53.361958,-2.997259,robbery_biz
53.35596,-2.995271,burglary_biz
53.367741,-3.006517,burglary_biz
53.367531,-3.006903,robbery_biz
53.360917,-3.008715,shoplifting
53.356173,-3.025326,shoplifting
53.356173,-3.025326,shoplifting
53.356173,-3.025326,shoplifting
53.34983,-3.096818,burglary_biz
53.354225,-3.098793,burglary_biz
53.34756,-2.984981,shoplifting
53.340546,-2.978517,shoplifting
53.340546,-2.978517,shoplifting
53.341075,-2.977456,shoplifting
53.340546,-2.978517,shoplifting
53.341733,-2.979785,shoplifting
53.340546,-2.978517,shoplifting
53.340546,-2.978517,shoplifting
53.340546,-2.978517,shoplifting
53.340546,-2.978517,shoplifting
53.340546,-2.978517,shoplifting
53.340546,-2.978517,shoplifting
53.341075,-2.977456,shoplifting
53.350361,-3.002667,shoplifting
53.352027,-2.987262,burglary_biz
53.328531,-3.099184,shoplifting
53.328703,-3.098062,shoplifting
53.340199,-2.976532,burglary_biz
53.332234,-2.972914,shoplifting
53.323871,-2.986387,burglary_biz
53.321178,-3.092239,burglary_biz
53.326326,-3.094578,shoplifting
53.319109,-2.965305,shoplifting
53.319109,-2.965305,shoplifting
53.319109,-2.965305,shoplifting
53.319109,-2.965305,shoplifting
53.316626,-2.962202,burglary_biz
53.311824,-2.975737,burglary_biz
53.308032,-2.963434,burglary_biz
53.308032,-2.963434,burglary_biz
53.496584,-2.88793,robbery_biz
53.490368,-2.867785,burglary_biz
53.470747,-2.876137,burglary_biz
53.481422,-2.881586,robbery_biz
53.482641,-2.88571,robbery_biz
53.482641,-2.88571,shoplifting
53.483087,-2.884951,shoplifting
53.482689,-2.888846,shoplifting
53.482282,-2.886788,shoplifting
53.482641,-2.88571,shoplifting
53.482641,-2.88571,shoplifting
53.482641,-2.88571,shoplifting
53.482641,-2.88571,shoplifting
53.468373,-2.872699,shoplifting
53.452603,-2.85447,burglary_biz
53.452603,-2.85447,burglary_biz
53.479851,-2.860352,burglary_biz
53.430379,-2.85124,burglary_biz
53.42241,-2.802701,shoplifting
53.42241,-2.802701,shoplifting
53.42241,-2.802701,shoplifting
53.42241,-2.802701,shoplifting
53.421798,-2.810755,robbery_biz
53.428276,-2.812429,shoplifting
53.422608,-2.805248,shoplifting
53.42865,-2.802337,burglary_biz
53.426798,-2.801023,shoplifting
53.426798,-2.801023,shoplifting
53.426798,-2.801023,shoplifting
53.427797,-2.799492,shoplifting
53.427073,-2.8016,shoplifting
53.429197,-2.805237,shoplifting
53.426798,-2.801023,shoplifting
53.427363,-2.797286,shoplifting
53.427363,-2.797286,shoplifting
53.426798,-2.801023,shoplifting
53.426798,-2.801023,shoplifting
53.426798,-2.801023,shoplifting
53.42782,-2.801539,shoplifting
53.426798,-2.801023,shoplifting
53.426798,-2.801023,shoplifting
53.427073,-2.8016,shoplifting
53.427073,-2.8016,shoplifting
53.425473,-2.798906,burglary_biz
53.426521,-2.808768,robbery_biz
53.426584,-2.803457,shoplifting
53.425473,-2.798906,shoplifting
53.426584,-2.803457,shoplifting
53.425473,-2.798906,shoplifting
53.425473,-2.798906,shoplifting
53.425473,-2.798906,shoplifting
53.425473,-2.798906,shoplifting
53.426115,-2.805013,shoplifting
53.428272,-2.805174,theft_person
53.421043,-2.85957,burglary_biz
53.420099,-2.863313,shoplifting
53.420099,-2.863313,shoplifting
53.427188,-2.863803,burglary_biz
53.427427,-2.856764,burglary_biz
53.42521,-2.855049,burglary_biz
53.422271,-2.862469,shoplifting
53.423057,-2.789185,shoplifting
53.419028,-2.845882,burglary_biz
53.418053,-2.843952,shoplifting
53.418461,-2.824204,robbery_biz
53.414798,-2.85302,burglary_biz
53.417119,-2.850178,burglary_biz
53.411993,-2.802565,shoplifting
53.411993,-2.802565,shoplifting
53.411993,-2.802565,shoplifting
53.411993,-2.802565,shoplifting
53.411993,-2.802565,shoplifting
53.411993,-2.802565,shoplifting
53.411993,-2.802565,shoplifting
53.410039,-2.836978,shoplifting
53.412356,-2.838649,shoplifting
53.413255,-2.848731,burglary_biz
53.412668,-2.840234,robbery_biz
53.411443,-2.839338,shoplifting
53.410921,-2.839433,shoplifting
53.412668,-2.840234,theft_person
53.398243,-2.818035,shoplifting
53.398243,-2.818035,shoplifting
53.398243,-2.818035,shoplifting
53.36691,-2.821525,robbery_biz
53.36691,-2.821525,shoplifting
53.361684,-2.83881,burglary_biz
53.360157,-2.829764,shoplifting
53.361507,-2.82943,shoplifting
53.360157,-2.829764,shoplifting
53.360157,-2.829764,shoplifting
53.469791,-2.93121,burglary_biz
53.469697,-2.93297,burglary_biz
53.467801,-2.928274,burglary_biz
53.471644,-2.955024,theft_person
53.471644,-2.955024,theft_person
53.46691,-2.955361,burglary_biz
53.463793,-2.959954,shoplifting
53.462805,-2.960956,shoplifting
53.462923,-2.969755,burglary_biz
53.459612,-2.9612,theft_person
53.456933,-2.96239,robbery_biz
53.456933,-2.96239,shoplifting
53.455741,-2.915823,shoplifting
53.455741,-2.915823,shoplifting
53.465716,-2.90003,shoplifting
53.449932,-2.901096,burglary_biz
53.464364,-2.944663,burglary_biz
53.457427,-2.946738,shoplifting
53.454365,-2.932619,burglary_biz
53.453082,-2.930001,robbery_biz
53.452713,-2.919632,burglary_biz
53.454823,-2.960941,burglary_biz
53.447957,-2.968616,burglary_biz
53.448985,-2.969242,robbery_biz
53.448985,-2.969242,shoplifting
53.452686,-2.967354,shoplifting
53.452686,-2.967354,shoplifting
53.452686,-2.967354,shoplifting
53.453877,-2.962351,shoplifting
53.453877,-2.962351,shoplifting
53.45178,-2.963809,shoplifting
53.45178,-2.963809,shoplifting
53.45178,-2.963809,shoplifting
53.45178,-2.963809,shoplifting
53.45178,-2.963809,shoplifting
53.45178,-2.963809,shoplifting
53.451248,-2.961749,shoplifting
53.45178,-2.963809,shoplifting
53.45178,-2.963809,shoplifting
53.451248,-2.961749,shoplifting
53.45178,-2.963809,shoplifting
53.45178,-2.963809,shoplifting
53.45178,-2.963809,shoplifting
53.451248,-2.961749,shoplifting
53.451248,-2.961749,shoplifting
53.45178,-2.963809,shoplifting
53.45178,-2.963809,shoplifting
53.45178,-2.963809,shoplifting
53.45178,-2.963809,shoplifting
53.441799,-2.939345,shoplifting
53.453986,-2.952143,robbery_biz
53.443765,-2.959006,burglary_biz
53.443765,-2.959006,burglary_biz
53.44436,-2.963235,robbery_biz
53.441559,-2.953747,robbery_biz
53.445851,-2.972182,robbery_biz
53.446465,-2.968567,shoplifting
53.446465,-2.968567,shoplifting
53.446465,-2.968567,shoplifting
53.446465,-2.968567,theft_person
53.447398,-2.911748,robbery_biz
53.447398,-2.911748,shoplifting
53.440431,-2.924666,burglary_biz
53.440467,-2.929319,shoplifting
53.440467,-2.929319,shoplifting
53.440467,-2.929319,shoplifting
53.440467,-2.929319,shoplifting
53.440467,-2.929319,shoplifting
53.440467,-2.929319,shoplifting
53.441692,-2.930068,shoplifting
53.441692,-2.930068,shoplifting
53.441692,-2.930068,shoplifting
53.441144,-2.930086,shoplifting
53.440467,-2.929319,shoplifting
53.446798,-2.91967,robbery_biz
53.446798,-2.91967,shoplifting
53.440824,-2.969146,burglary_biz
53.441823,-2.967859,robbery_biz
53.440187,-2.969087,theft_person
53.440905,-2.966965,burglary_biz
53.437082,-2.971681,robbery_biz
53.439203,-2.971819,robbery_biz
53.439203,-2.971819,shoplifting
53.438867,-2.971619,shoplifting
53.438867,-2.971619,shoplifting
53.437082,-2.971681,shoplifting
53.439827,-2.972451,shoplifting
53.438867,-2.971619,shoplifting
53.439827,-2.972451,shoplifting
53.438867,-2.971619,shoplifting
53.438867,-2.971619,shoplifting
53.438867,-2.971619,shoplifting
53.438867,-2.971619,shoplifting
53.438867,-2.971619,shoplifting
53.438867,-2.971619,shoplifting
53.438867,-2.971619,shoplifting
53.439049,-2.885164,burglary_biz
53.434017,-2.973884,burglary_biz
53.43762,-2.982848,burglary_biz
53.433952,-2.985081,burglary_biz
53.436055,-2.970935,shoplifting
53.436055,-2.970935,shoplifting
53.436055,-2.970935,shoplifting
53.436055,-2.970935,shoplifting
53.436055,-2.970935,shoplifting
53.435266,-2.971684,shoplifting
53.435266,-2.971684,shoplifting
53.436055,-2.970935,shoplifting
53.436055,-2.970935,shoplifting
53.436055,-2.970935,shoplifting
53.431824,-2.971651,theft_person
53.436943,-2.952108,robbery_biz
53.437919,-2.944663,burglary_biz
53.432529,-2.945417,burglary_biz
53.428356,-2.884746,burglary_biz
53.434525,-2.881894,burglary_biz
53.426069,-2.958592,burglary_biz
53.424936,-2.955256,theft_person
53.429782,-2.951812,burglary_biz
53.428852,-2.958956,shoplifting
53.428852,-2.958956,shoplifting
53.428852,-2.958956,theft_person
53.428635,-2.951305,robbery_biz
53.425661,-2.930561,robbery_biz
53.425661,-2.930561,shoplifting
53.425661,-2.930561,shoplifting
53.425661,-2.930561,shoplifting
53.425661,-2.930561,shoplifting
53.424076,-2.91942,burglary_biz
53.428658,-2.9197,robbery_biz
53.428658,-2.9197,shoplifting
53.428622,-2.901521,shoplifting
53.42609,-2.915792,burglary_biz
53.42609,-2.915792,shoplifting
53.425564,-2.889023,burglary_biz
53.433042,-2.891602,burglary_biz
53.418272,-2.989819,shoplifting
53.418272,-2.989819,shoplifting
53.418272,-2.989819,shoplifting
53.418272,-2.989819,shoplifting
53.418272,-2.989819,shoplifting
53.418272,-2.989819,shoplifting
53.418272,-2.989819,shoplifting
53.418272,-2.989819,shoplifting
53.418837,-2.992165,shoplifting
53.418272,-2.989819,shoplifting
53.418272,-2.989819,shoplifting
53.418837,-2.992165,shoplifting
53.418272,-2.989819,shoplifting
53.425771,-2.979775,shoplifting
53.425771,-2.979775,shoplifting
53.422943,-2.979349,burglary_biz
53.422943,-2.979349,shoplifting
53.422943,-2.979349,shoplifting
53.422943,-2.979349,shoplifting
53.422943,-2.979349,shoplifting
53.422943,-2.979349,shoplifting
53.422943,-2.979349,shoplifting
53.422943,-2.979349,shoplifting
53.422943,-2.979349,shoplifting
53.422943,-2.979349,shoplifting
53.422943,-2.979349,shoplifting
53.422943,-2.979349,shoplifting
53.424611,-2.980952,shoplifting
53.420944,-2.978626,theft_person
53.424981,-2.964241,burglary_biz
53.416697,-2.976963,burglary_biz
53.413145,-2.976115,burglary_biz
53.42197,-2.977461,shoplifting
53.42197,-2.977461,shoplifting
53.42197,-2.977461,shoplifting
53.42197,-2.977461,shoplifting
53.42197,-2.977461,shoplifting
53.42197,-2.977461,shoplifting
53.42197,-2.977461,shoplifting
53.423659,-2.947432,burglary_biz
53.423902,-2.948506,burglary_biz
53.422246,-2.945429,burglary_biz
53.423783,-2.953259,burglary_biz
53.423075,-2.958675,robbery_biz
53.42177,-2.953229,robbery_biz
53.42177,-2.953229,shoplifting
53.423075,-2.958675,shoplifting
53.417366,-2.956531,burglary_biz
53.41445,-2.963762,burglary_biz
53.417201,-2.958092,robbery_biz
53.420342,-2.955303,burglary_biz
53.417693,-2.866575,shoplifting
53.416347,-2.895556,robbery_biz
53.416525,-2.898118,theft_person
53.425147,-2.879849,robbery_biz
53.419593,-2.890659,burglary_biz
53.421011,-2.888551,burglary_biz
53.419608,-2.894556,burglary_biz
53.418462,-2.896905,robbery_biz
53.418462,-2.896905,shoplifting
53.418462,-2.896905,shoplifting
53.417337,-2.894132,shoplifting
53.418866,-2.882022,burglary_biz
53.418308,-2.882085,robbery_biz
53.423312,-2.915867,shoplifting
53.41992,-2.913883,shoplifting
53.413827,-2.917243,robbery_biz
53.412563,-2.912794,robbery_biz
53.411068,-2.921893,shoplifting
53.414051,-2.920919,burglary_biz
53.410848,-2.925935,robbery_biz
53.408939,-2.923983,shoplifting
53.410848,-2.925935,shoplifting
53.408939,-2.923983,shoplifting
53.408939,-2.923983,shoplifting
53.408939,-2.923983,shoplifting
53.408939,-2.923983,shoplifting
53.408939,-2.923983,shoplifting
53.408939,-2.923983,shoplifting
53.407713,-2.92428,shoplifting
53.408939,-2.923983,shoplifting
53.407713,-2.92428,shoplifting
53.407713,-2.92428,shoplifting
53.408939,-2.923983,shoplifting
53.409112,-2.939858,robbery_biz
53.409112,-2.939858,shoplifting
53.4087,-2.935095,shoplifting
53.409112,-2.939858,shoplifting
53.409112,-2.939858,shoplifting
53.409112,-2.939858,shoplifting
53.410803,-2.935171,burglary_biz
53.415497,-2.939472,burglary_biz
53.424045,-2.940623,burglary_biz
53.423071,-2.939985,burglary_biz
53.419212,-2.945964,robbery_biz
53.423707,-2.937997,shoplifting
53.41341,-2.91063,shoplifting
53.412719,-2.911653,shoplifting
53.41341,-2.91063,shoplifting
53.41341,-2.91063,shoplifting
53.41341,-2.91063,shoplifting
53.41341,-2.91063,shoplifting
53.41341,-2.91063,shoplifting
53.41341,-2.91063,shoplifting
53.413241,-2.909227,shoplifting
53.41341,-2.91063,shoplifting
53.41341,-2.91063,shoplifting
53.416138,-2.949341,robbery_biz
53.416725,-2.950167,shoplifting
53.414243,-2.950217,burglary_biz
53.413637,-2.946276,burglary_biz
53.412562,-2.944582,robbery_biz
53.412574,-2.94538,shoplifting
53.400872,-2.965395,shoplifting
53.411091,-2.967793,burglary_biz
53.409506,-2.964809,shoplifting
53.408694,-2.973004,theft_person
53.40233,-2.95508,burglary_biz
53.404278,-2.945271,burglary_biz
53.40581,-2.954978,robbery_biz
53.404448,-2.909581,shoplifting
53.402307,-2.919146,robbery_biz
53.406612,-2.899187,burglary_biz
53.404915,-2.922407,theft_person
53.397459,-2.934608,burglary_biz
53.401166,-2.940931,burglary_biz
53.401166,-2.940931,burglary_biz
53.401166,-2.940931,burglary_biz
53.393265,-2.891748,shoplifting
53.405856,-2.885979,robbery_biz
53.399534,-2.969712,burglary_biz
53.400851,-2.968012,robbery_biz
53.400851,-2.968012,shoplifting
53.400851,-2.968012,shoplifting
53.39672,-2.963121,burglary_biz
53.394142,-2.966175,theft_person
53.400262,-2.965276,burglary_biz
53.400656,-2.964383,robbery_biz
53.400656,-2.964383,shoplifting
53.395394,-2.976851,burglary_biz
53.398823,-2.977441,burglary_biz
53.396161,-2.980899,shoplifting
53.396161,-2.980899,shoplifting
53.390285,-2.926541,burglary_biz
53.389269,-2.925466,burglary_biz
53.389269,-2.925466,robbery_biz
53.389269,-2.925466,robbery_biz
53.394256,-2.937184,shoplifting
53.396875,-2.931076,burglary_biz
53.399937,-2.927999,shoplifting
53.396074,-2.936953,burglary_biz
53.397337,-2.935691,shoplifting
53.397337,-2.935691,shoplifting
53.397337,-2.935691,shoplifting
53.397337,-2.935691,shoplifting
53.397337,-2.935691,shoplifting
53.397337,-2.935691,shoplifting
53.393528,-2.930341,burglary_biz
53.396429,-2.945443,burglary_biz
53.396429,-2.945443,burglary_biz
53.396429,-2.945443,theft_person
53.391977,-2.950382,robbery_biz
53.392665,-2.950834,theft_person
53.392665,-2.950834,theft_person
53.394626,-2.962998,burglary_biz
53.396036,-2.955345,robbery_biz
53.39616,-2.949949,theft_person
53.396895,-2.87128,burglary_biz
53.396119,-2.872889,shoplifting
53.390863,-2.858932,robbery_biz
53.389532,-2.858995,shoplifting
53.390883,-2.859468,shoplifting
53.390863,-2.858932,shoplifting
53.390883,-2.859468,shoplifting
53.390883,-2.859468,shoplifting
53.390883,-2.859468,shoplifting
53.390883,-2.859468,shoplifting
53.388614,-2.917107,burglary_biz
53.398715,-2.922152,burglary_biz
53.389113,-2.912998,shoplifting
53.389113,-2.912998,shoplifting
53.389113,-2.912998,shoplifting
53.389113,-2.912998,shoplifting
53.389113,-2.912998,shoplifting
53.389696,-2.915506,burglary_biz
53.380465,-2.9522,burglary_biz
53.380465,-2.9522,shoplifting
53.381444,-2.954613,shoplifting
53.391242,-2.952306,theft_person
53.391227,-2.972079,theft_person
53.385417,-2.975661,burglary_biz
53.38405,-2.969239,robbery_biz
53.384794,-2.963949,robbery_biz
53.384794,-2.963949,robbery_biz
53.386794,-2.962175,shoplifting
53.385432,-2.963858,shoplifting
53.385432,-2.963858,shoplifting
53.385432,-2.963858,shoplifting
53.384794,-2.963949,shoplifting
53.384794,-2.963949,shoplifting
53.384794,-2.963949,shoplifting
53.385432,-2.963858,shoplifting
53.384794,-2.963949,theft_person
53.391104,-2.872339,shoplifting
53.37763,-2.884897,burglary_biz
53.380971,-2.880441,burglary_biz
53.382069,-2.945015,shoplifting
53.381768,-2.943179,theft_person
53.381328,-2.926016,burglary_biz
53.390606,-2.932683,burglary_biz
53.384614,-2.907745,burglary_biz
53.383535,-2.912457,burglary_biz
53.386,-2.909879,robbery_biz
53.384614,-2.907745,robbery_biz
53.386,-2.909879,shoplifting
53.386,-2.909879,shoplifting
53.386,-2.909879,shoplifting
53.381294,-2.909313,shoplifting
53.382407,-2.962241,shoplifting
53.378659,-2.965554,burglary_biz
53.377105,-2.942986,shoplifting
53.380694,-2.945997,shoplifting
53.377407,-2.947938,robbery_biz
53.378435,-2.948637,shoplifting
53.378435,-2.948637,shoplifting
53.378435,-2.948637,shoplifting
53.378435,-2.948637,shoplifting
53.378435,-2.948637,shoplifting
53.378435,-2.948637,shoplifting
53.378435,-2.948637,shoplifting
53.378435,-2.948637,shoplifting
53.378396,-2.95023,shoplifting
53.378435,-2.948637,shoplifting
53.378435,-2.948637,shoplifting
53.378435,-2.948637,shoplifting
53.378435,-2.948637,shoplifting
53.378435,-2.948637,shoplifting
53.377407,-2.947938,shoplifting
53.378435,-2.948637,shoplifting
53.378435,-2.948637,shoplifting
53.378435,-2.948637,shoplifting
53.378435,-2.948637,shoplifting
53.374013,-2.942902,burglary_biz
53.374013,-2.942902,burglary_biz
53.370316,-2.920216,burglary_biz
53.371794,-2.903263,burglary_biz
53.371794,-2.903263,shoplifting
53.369928,-2.909807,shoplifting
53.367642,-2.901898,burglary_biz
53.370841,-2.902026,robbery_biz
53.357538,-2.86316,shoplifting
53.357538,-2.86316,shoplifting
53.359703,-2.855871,shoplifting
53.359703,-2.855871,shoplifting
53.359703,-2.855871,shoplifting
53.359703,-2.855871,shoplifting
53.359703,-2.855871,shoplifting
53.359703,-2.855871,shoplifting
53.359703,-2.855871,shoplifting
53.366273,-2.926921,burglary_biz
53.364291,-2.930228,robbery_biz
53.364291,-2.930228,robbery_biz
53.363848,-2.913825,burglary_biz
53.353476,-2.897077,shoplifting
53.347794,-2.894839,burglary_biz
53.346638,-2.860191,burglary_biz
53.349113,-2.862193,shoplifting
53.349626,-2.854557,shoplifting
53.337309,-2.854927,shoplifting
53.337309,-2.854927,shoplifting
53.354274,-2.893833,burglary_biz
53.354274,-2.893833,shoplifting
53.351157,-2.882606,shoplifting
53.35482,-2.891636,shoplifting
53.351157,-2.882606,shoplifting
53.35482,-2.891636,shoplifting
53.351157,-2.882606,shoplifting
53.350869,-2.88263,shoplifting
53.350869,-2.88263,shoplifting
53.351157,-2.882606,shoplifting
53.351157,-2.882606,shoplifting
53.351157,-2.882606,shoplifting
53.350869,-2.88263,shoplifting
53.351157,-2.882606,shoplifting
53.35482,-2.891636,shoplifting
53.350869,-2.88263,shoplifting
53.350869,-2.88263,shoplifting
53.343295,-2.82433,burglary_biz
53.34226,-2.827104,burglary_biz
53.345092,-2.838648,robbery_biz
53.345092,-2.838648,robbery_biz
53.345354,-2.839676,shoplifting
53.3462,-2.838251,shoplifting
53.345092,-2.838648,shoplifting
53.345092,-2.838648,shoplifting
53.345354,-2.839676,shoplifting
53.345354,-2.839676,shoplifting
53.3462,-2.838251,shoplifting
53.345092,-2.838648,shoplifting
53.345354,-2.839676,shoplifting
53.34242,-2.832574,robbery_biz
53.412119,-2.969637,burglary_biz
53.410531,-2.974746,burglary_biz
53.409672,-2.97423,robbery_biz
53.409461,-2.970419,shoplifting
53.409461,-2.970419,shoplifting
53.409461,-2.970419,shoplifting
53.405173,-2.983574,burglary_biz
53.405998,-2.985999,burglary_biz
53.409355,-2.977863,burglary_biz
53.407062,-2.984535,burglary_biz
53.40734,-2.980284,burglary_biz
53.409292,-2.983398,robbery_biz
53.409319,-2.981112,robbery_biz
53.40642,-2.979541,robbery_biz
53.406404,-2.980398,robbery_biz
53.405173,-2.983574,robbery_biz
53.406404,-2.980398,shoplifting
53.406404,-2.980398,shoplifting
53.405311,-2.982163,shoplifting
53.405998,-2.985999,shoplifting
53.405173,-2.983574,shoplifting
53.40734,-2.980284,shoplifting
53.405173,-2.983574,shoplifting
53.405173,-2.983574,shoplifting
53.405173,-2.983574,shoplifting
53.405998,-2.985999,shoplifting
53.405173,-2.983574,shoplifting
53.405173,-2.983574,shoplifting
53.405418,-2.981172,shoplifting
53.405311,-2.982163,shoplifting
53.405173,-2.983574,shoplifting
53.405308,-2.987924,shoplifting
53.405311,-2.982163,shoplifting
53.405418,-2.981172,shoplifting
53.405418,-2.981172,shoplifting
53.406404,-2.980398,shoplifting
53.405998,-2.985999,shoplifting
53.406404,-2.980398,shoplifting
53.40734,-2.980284,shoplifting
53.405173,-2.983574,shoplifting
53.405928,-2.979199,shoplifting
53.405173,-2.983574,shoplifting
53.405308,-2.987924,shoplifting
53.408978,-2.984308,shoplifting
53.405173,-2.983574,shoplifting
53.405418,-2.981172,shoplifting
53.407062,-2.984535,shoplifting
53.405308,-2.987924,shoplifting
53.405308,-2.987924,shoplifting
53.405173,-2.983574,shoplifting
53.405173,-2.983574,shoplifting
53.405998,-2.985999,shoplifting
53.405173,-2.983574,shoplifting
53.406404,-2.980398,shoplifting
53.405173,-2.983574,shoplifting
53.405308,-2.987924,shoplifting
53.405418,-2.981172,shoplifting
53.405173,-2.983574,shoplifting
53.405173,-2.983574,shoplifting
53.405173,-2.983574,shoplifting
53.405173,-2.983574,shoplifting
53.405311,-2.982163,shoplifting
53.409943,-2.977395,shoplifting
53.406404,-2.980398,shoplifting
53.405173,-2.983574,shoplifting
53.405311,-2.982163,shoplifting
53.405173,-2.983574,shoplifting
53.405418,-2.981172,shoplifting
53.405173,-2.983574,shoplifting
53.405173,-2.983574,shoplifting
53.406404,-2.980398,shoplifting
53.405308,-2.987924,shoplifting
53.405173,-2.983574,shoplifting
53.405418,-2.981172,shoplifting
53.405308,-2.987924,shoplifting
53.405998,-2.985999,shoplifting
53.40734,-2.980284,shoplifting
53.405998,-2.985999,shoplifting
53.405173,-2.983574,shoplifting
53.405308,-2.987924,shoplifting
53.405173,-2.983574,shoplifting
53.405308,-2.987924,shoplifting
53.405173,-2.983574,shoplifting
53.405418,-2.981172,shoplifting
53.405308,-2.987924,shoplifting
53.406827,-2.985823,shoplifting
53.405308,-2.987924,shoplifting
53.405311,-2.982163,shoplifting
53.405308,-2.987924,shoplifting
53.406827,-2.985823,shoplifting
53.405173,-2.983574,shoplifting
53.405173,-2.983574,shoplifting
53.406404,-2.980398,shoplifting
53.405418,-2.981172,shoplifting
53.405173,-2.983574,shoplifting
53.405173,-2.983574,shoplifting
53.405173,-2.983574,shoplifting
53.405173,-2.983574,shoplifting
53.406928,-2.977808,shoplifting
53.405998,-2.985999,shoplifting
53.406827,-2.985823,shoplifting
53.405173,-2.983574,shoplifting
53.405998,-2.985999,shoplifting
53.406827,-2.985823,shoplifting
53.405173,-2.983574,shoplifting
53.405311,-2.982163,shoplifting
53.407062,-2.984535,shoplifting
53.405173,-2.983574,shoplifting
53.405418,-2.981172,shoplifting
53.405308,-2.987924,shoplifting
53.405308,-2.987924,shoplifting
53.405173,-2.983574,shoplifting
53.405311,-2.982163,shoplifting
53.405311,-2.982163,shoplifting
53.405928,-2.979199,theft_person
53.406316,-2.986744,theft_person
53.406404,-2.980398,theft_person
53.40642,-2.979541,theft_person
53.406827,-2.985823,theft_person
53.405311,-2.982163,theft_person
53.406359,-2.98694,theft_person
53.40642,-2.979541,theft_person
53.405928,-2.979199,theft_person
53.406435,-2.987505,theft_person
53.406435,-2.987505,theft_person
53.405418,-2.981172,theft_person
53.402999,-2.979056,burglary_biz
53.403061,-2.981404,burglary_biz
53.403061,-2.981404,burglary_biz
53.401329,-2.982086,burglary_biz
53.403277,-2.982417,shoplifting
53.401332,-2.978105,shoplifting
53.402999,-2.979056,shoplifting
53.40307,-2.980246,theft_person
53.401605,-2.978016,theft_person
53.401681,-2.978635,theft_person
53.411418,-2.986004,burglary_biz
53.409765,-2.984883,burglary_biz
53.410616,-2.986332,shoplifting
53.410616,-2.986332,shoplifting
53.410616,-2.986332,shoplifting
53.410616,-2.986332,shoplifting
53.410616,-2.986332,shoplifting
53.403089,-2.974636,burglary_biz
53.402199,-2.972435,burglary_biz
53.402199,-2.972435,burglary_biz
53.402199,-2.972435,burglary_biz
53.402199,-2.972435,burglary_biz
53.402199,-2.972435,burglary_biz
53.405826,-2.976338,burglary_biz
53.404686,-2.972852,burglary_biz
53.405826,-2.976338,burglary_biz
53.402459,-2.971463,burglary_biz
53.405775,-2.966627,shoplifting
53.40209,-2.971455,shoplifting
53.402093,-2.975561,shoplifting
53.402093,-2.975561,theft_person
53.402093,-2.975561,theft_person
53.405775,-2.966627,theft_person
53.400271,-2.976301,burglary_biz
53.40222,-2.976541,burglary_biz
53.401933,-2.974158,shoplifting
53.401933,-2.974158,shoplifting
53.40222,-2.976541,shoplifting
53.401933,-2.974158,shoplifting
53.401055,-2.976003,theft_person
53.400271,-2.976301,theft_person
53.403156,-2.97745,burglary_biz
53.403854,-2.981132,burglary_biz
53.403319,-2.986058,burglary_biz
53.403105,-2.979105,burglary_biz
53.403319,-2.986058,robbery_biz
53.401834,-2.9884,robbery_biz
53.40467,-2.97917,robbery_biz
53.403319,-2.986058,shoplifting
53.404266,-2.97907,shoplifting
53.403319,-2.986058,shoplifting
53.403851,-2.984807,shoplifting
53.403319,-2.986058,shoplifting
53.403851,-2.984807,shoplifting
53.404266,-2.97907,shoplifting
53.403319,-2.986058,shoplifting
53.403319,-2.986058,shoplifting
53.403319,-2.986058,shoplifting
53.403319,-2.986058,shoplifting
53.403319,-2.986058,shoplifting
53.403319,-2.986058,shoplifting
53.403319,-2.986058,shoplifting
53.403319,-2.986058,shoplifting
53.403851,-2.984807,shoplifting
53.404266,-2.97907,shoplifting
53.404266,-2.97907,shoplifting
53.403263,-2.978686,shoplifting
53.403319,-2.986058,shoplifting
53.403319,-2.986058,shoplifting
53.403319,-2.986058,shoplifting
53.403319,-2.986058,shoplifting
53.403851,-2.984807,shoplifting
53.403319,-2.986058,shoplifting
53.403851,-2.984807,shoplifting
53.404266,-2.97907,shoplifting
53.403319,-2.986058,shoplifting
53.403263,-2.978686,shoplifting
53.403319,-2.986058,shoplifting
53.403319,-2.986058,shoplifting
53.403319,-2.986058,shoplifting
53.402232,-2.987893,shoplifting
53.403319,-2.986058,shoplifting
53.40467,-2.97917,shoplifting
53.402232,-2.987893,shoplifting
53.403319,-2.986058,shoplifting
53.404266,-2.97907,shoplifting
53.403319,-2.986058,shoplifting
53.403319,-2.986058,shoplifting
53.403319,-2.986058,theft_person
53.403854,-2.981132,theft_person
53.40467,-2.97917,theft_person
53.390187,-2.979394,burglary_biz
53.390156,-2.980942,burglary_biz
53.392786,-2.978175,shoplifting
53.398267,-2.986031,burglary_biz
53.398267,-2.986031,burglary_biz
53.398267,-2.986031,burglary_biz
53.398267,-2.986031,burglary_biz
53.399345,-2.986146,burglary_biz
53.399345,-2.986146,shoplifting
53.399345,-2.986146,shoplifting
53.398244,-2.986692,burglary_biz
53.401942,-2.985108,robbery_biz
53.402501,-2.986024,shoplifting
53.402501,-2.986024,shoplifting
53.402501,-2.986024,shoplifting
53.402501,-2.986024,shoplifting
53.402501,-2.986024,shoplifting
53.402501,-2.986024,shoplifting
53.402434,-2.985406,theft_person
53.415474,-2.983676,burglary_biz
53.416227,-2.997942,burglary_biz
53.416227,-2.997942,burglary_biz
53.412599,-2.998579,robbery_biz
53.412599,-2.998579,shoplifting
53.411693,-2.99087,burglary_biz
53.409941,-2.989686,burglary_biz
53.409072,-2.99797,shoplifting
53.409569,-2.998749,shoplifting
53.408747,-2.993765,burglary_biz
53.40587,-2.991682,burglary_biz
53.404133,-2.990905,burglary_biz
53.40613,-2.990756,burglary_biz
53.405839,-2.988929,burglary_biz
53.40578,-2.988491,burglary_biz
53.405839,-2.988929,burglary_biz
53.404133,-2.990905,burglary_biz
53.404298,-2.995918,shoplifting
53.404298,-2.995918,shoplifting
53.598393,-3.037168,burglary_biz
53.59344,-3.040325,shoplifting
53.569966,-3.071385,burglary_biz
53.565893,-3.058387,shoplifting
53.567797,-3.042127,burglary_biz
53.562407,-3.083272,burglary_biz
53.560404,-3.052875,burglary_biz
53.556396,-3.060958,robbery_biz
53.557515,-3.061439,shoplifting
53.557515,-3.061439,shoplifting
53.557515,-3.061439,shoplifting
53.556775,-3.057634,shoplifting
53.556775,-3.057634,shoplifting
53.556396,-3.060958,shoplifting
53.553303,-3.071115,robbery_biz
53.550983,-3.074525,shoplifting
53.550983,-3.074525,shoplifting
53.550983,-3.074525,shoplifting
53.554473,-3.056819,burglary_biz
53.554473,-3.056819,shoplifting
53.554473,-3.056819,shoplifting
53.554473,-3.056819,shoplifting
53.554473,-3.056819,shoplifting
53.552595,-3.068833,shoplifting
53.523232,-2.946983,robbery_biz
53.51657,-2.943698,shoplifting
53.515769,-2.932435,shoplifting
53.519561,-2.915032,burglary_biz
53.509478,-2.928808,robbery_biz
53.500929,-2.944888,burglary_biz
53.515052,-2.943009,robbery_biz
53.515052,-2.943009,shoplifting
53.515052,-2.943009,shoplifting
53.515052,-2.943009,shoplifting
53.508672,-2.947804,burglary_biz
53.519161,-3.057297,burglary_biz
53.499304,-3.003043,shoplifting
53.499304,-3.003043,shoplifting
53.499304,-3.003043,shoplifting
53.499304,-3.003043,shoplifting
53.499304,-3.003043,shoplifting
53.499304,-3.003043,shoplifting
53.499304,-3.003043,shoplifting
53.499304,-3.003043,shoplifting
53.499304,-3.003043,shoplifting
53.499304,-3.003043,shoplifting
53.499304,-3.003043,shoplifting
53.492344,-3.026755,shoplifting
53.492344,-3.026755,shoplifting
53.492344,-3.026755,shoplifting
53.492344,-3.026755,shoplifting
53.492344,-3.026755,shoplifting
53.492344,-3.026755,shoplifting
53.492344,-3.026755,shoplifting
53.492344,-3.026755,shoplifting
53.492344,-3.026755,shoplifting
53.492344,-3.026755,shoplifting
53.492344,-3.026755,shoplifting
53.492344,-3.026755,shoplifting
53.491975,-3.026761,shoplifting
53.492344,-3.026755,shoplifting
53.488815,-2.978108,burglary_biz
53.484262,-2.993842,burglary_biz
53.484262,-2.993842,robbery_biz
53.484262,-2.993842,shoplifting
53.484262,-2.993842,shoplifting
53.484262,-2.993842,shoplifting
53.484262,-2.993842,shoplifting
53.484262,-2.993842,shoplifting
53.484262,-2.993842,shoplifting
53.491168,-3.017095,burglary_biz
53.494942,-3.019265,burglary_biz
53.493717,-3.014322,burglary_biz
53.493717,-3.014322,burglary_biz
53.489905,-3.016507,robbery_biz
53.49245,-3.023788,shoplifting
53.49245,-3.023788,shoplifting
53.480843,-2.950122,burglary_biz
53.481151,-2.949768,burglary_biz
53.481151,-2.949768,shoplifting
53.481151,-2.949768,shoplifting
53.480843,-2.950122,shoplifting
53.483566,-2.947847,shoplifting
53.483566,-2.947847,shoplifting
53.480843,-2.950122,shoplifting
53.480843,-2.950122,shoplifting
53.481151,-2.949768,shoplifting
53.481151,-2.949768,shoplifting
53.483566,-2.947847,shoplifting
53.479188,-2.950236,shoplifting
53.485733,-2.948936,shoplifting
53.481151,-2.949768,shoplifting
53.483566,-2.947847,shoplifting
53.480843,-2.950122,shoplifting
53.481151,-2.949768,shoplifting
53.483566,-2.947847,shoplifting
53.481151,-2.949768,shoplifting
53.475546,-2.953786,theft_person
53.475546,-2.953786,theft_person
53.47682,-2.952956,theft_person
53.490396,-3.026361,shoplifting
53.490396,-3.026361,shoplifting
53.47778,-2.969989,robbery_biz
53.478835,-2.965131,shoplifting
53.483067,-2.969561,burglary_biz
53.486399,-2.97231,burglary_biz
53.485661,-2.964439,shoplifting
53.483067,-2.969561,shoplifting
53.483067,-2.969561,shoplifting
53.486399,-2.97231,theft_person
53.486028,-2.98249,robbery_biz
53.47672,-3.028954,shoplifting
53.480883,-3.02363,shoplifting
53.4833,-3.026792,shoplifting
53.478157,-2.997301,burglary_biz
53.476431,-3.001599,burglary_biz
53.474771,-2.99585,robbery_biz
53.474771,-2.99585,shoplifting
53.474771,-2.99585,shoplifting
53.474771,-2.99585,shoplifting
53.474771,-2.99585,shoplifting
53.46545,-3.011931,burglary_biz
53.466576,-3.011596,burglary_biz
53.466576,-3.011596,burglary_biz
53.469278,-3.018319,burglary_biz
53.469278,-3.018319,burglary_biz
53.474729,-3.026329,shoplifting
53.474729,-3.026329,shoplifting
53.469333,-3.000107,shoplifting
53.463578,-3.006885,robbery_biz
53.46595,-3.003703,burglary_biz
53.466033,-2.998116,shoplifting
53.46595,-3.003703,shoplifting
53.46595,-3.003703,shoplifting
53.466033,-2.998116,shoplifting
53.466033,-2.998116,shoplifting
53.466033,-2.998116,shoplifting
53.461488,-2.98361,burglary_biz
53.461198,-2.982895,shoplifting
53.461198,-2.982895,shoplifting
53.461198,-2.982895,shoplifting
53.461198,-2.982895,shoplifting
53.465489,-2.97477,burglary_biz
53.467531,-2.972376,robbery_biz
53.454099,-2.990455,robbery_biz
53.454099,-2.990455,shoplifting
53.458589,-3.004704,burglary_biz
53.460392,-3.003044,robbery_biz
53.461124,-2.991735,robbery_biz
53.450548,-2.9881,burglary_biz
53.451401,-3.000062,burglary_biz
53.455004,-2.993836,shoplifting
53.45097,-2.993546,shoplifting
53.455004,-2.993836,shoplifting
53.456075,-3.001105,burglary_biz
53.456075,-3.001105,burglary_biz
53.45452,-3.005451,shoplifting
53.45452,-3.005451,shoplifting
53.45452,-3.005451,shoplifting
53.45452,-3.005451,shoplifting
53.44983,-2.991186,robbery_biz
53.44983,-2.991186,robbery_biz
53.451725,-2.992525,shoplifting
53.451725,-2.992525,shoplifting
53.451725,-2.992525,shoplifting
53.451725,-2.992525,shoplifting
53.4526,-2.993337,shoplifting
53.451725,-2.992525,shoplifting
53.451725,-2.992525,shoplifting
53.452052,-2.99309,shoplifting
53.447096,-3.001201,shoplifting
53.451725,-2.992525,shoplifting
53.452052,-2.99309,shoplifting
53.452052,-2.99309,shoplifting
53.451725,-2.992525,shoplifting
53.4526,-2.993337,shoplifting
53.447096,-3.001201,shoplifting
53.451725,-2.992525,shoplifting
53.451725,-2.992525,shoplifting
53.451725,-2.992525,shoplifting
53.452052,-2.99309,shoplifting
53.452052,-2.99309,shoplifting
53.442528,-2.988245,burglary_biz
53.443734,-2.981574,robbery_biz
53.444499,-2.98413,shoplifting
53.444499,-2.98413,shoplifting
53.442148,-2.985346,burglary_biz
53.50106,-2.787935,shoplifting
53.494344,-2.753427,burglary_biz
53.467282,-2.745808,burglary_biz
53.468945,-2.750055,burglary_biz
53.44401,-2.791892,burglary_biz
53.447418,-2.742749,burglary_biz
53.451206,-2.733174,robbery_biz
53.451621,-2.744765,shoplifting
53.449584,-2.738435,shoplifting
53.451888,-2.743716,shoplifting
53.451621,-2.744765,shoplifting
53.451888,-2.743716,shoplifting
53.451888,-2.743716,shoplifting
53.451621,-2.744765,shoplifting
53.451206,-2.733174,shoplifting
53.451137,-2.738673,shoplifting
53.451621,-2.744765,shoplifting
53.449584,-2.738435,shoplifting
53.449584,-2.738435,shoplifting
53.449584,-2.738435,shoplifting
53.450553,-2.74297,shoplifting
53.451888,-2.743716,shoplifting
53.449624,-2.752139,shoplifting
53.450394,-2.752574,shoplifting
53.450394,-2.752574,shoplifting
53.45328,-2.74386,robbery_biz
53.454441,-2.739303,robbery_biz
53.454616,-2.744781,shoplifting
53.452978,-2.749126,burglary_biz
53.453543,-2.749332,burglary_biz
53.453487,-2.736666,burglary_biz
53.452477,-2.734224,burglary_biz
53.452631,-2.737012,shoplifting
53.452631,-2.737012,shoplifting
53.452631,-2.737012,shoplifting
53.418435,-2.771645,shoplifting
53.414359,-2.730874,burglary_biz
53.41167,-2.75696,shoplifting
53.437249,-2.76029,robbery_biz
53.435636,-2.757246,shoplifting
53.431592,-2.746492,burglary_biz
53.433359,-2.74288,burglary_biz
53.444846,-2.734192,shoplifting
53.446193,-2.732911,shoplifting
53.444527,-2.73636,shoplifting
53.444846,-2.734192,shoplifting
53.444846,-2.734192,shoplifting
53.444846,-2.734192,shoplifting
53.446193,-2.732911,shoplifting
53.444846,-2.734192,shoplifting
53.446193,-2.732911,shoplifting
53.444846,-2.734192,shoplifting
53.444527,-2.73636,shoplifting
53.444846,-2.734192,shoplifting
53.446193,-2.732911,shoplifting
53.444846,-2.734192,shoplifting
53.446193,-2.732911,shoplifting
53.444846,-2.734192,shoplifting
53.424705,-2.765273,burglary_biz
53.424705,-2.765273,robbery_biz
53.424705,-2.765273,robbery_biz
53.43615,-3.042801,theft_person
53.440214,-3.046415,shoplifting
53.440214,-3.046415,shoplifting
53.440214,-3.046415,shoplifting
53.440214,-3.046415,shoplifting
53.440214,-3.046415,shoplifting
53.440214,-3.046415,shoplifting
53.427032,-3.042066,burglary_biz
53.42027,-3.039237,burglary_biz
53.418869,-3.045357,shoplifting
53.422275,-3.042311,burglary_biz
53.419908,-3.045714,robbery_biz
53.407535,-3.02444,theft_person
53.411885,-3.023521,burglary_biz
53.412734,-3.027168,shoplifting
53.41192,-3.023643,shoplifting
53.416686,-3.090443,burglary_biz
53.404048,-3.099296,shoplifting
53.41086,-3.044288,burglary_biz
53.39865,-3.049704,burglary_biz
53.3986,-3.048629,shoplifting
53.407245,-3.078859,burglary_biz
53.40224,-3.080642,burglary_biz
53.406502,-3.071454,burglary_biz
53.401796,-3.068989,burglary_biz
53.408035,-3.07036,shoplifting
53.408035,-3.07036,shoplifting
53.408035,-3.07036,shoplifting
53.408035,-3.07036,shoplifting
53.408035,-3.07036,shoplifting
53.408035,-3.07036,shoplifting
53.408035,-3.07036,shoplifting
53.403295,-3.060137,shoplifting
53.403295,-3.060137,shoplifting
53.403342,-3.061988,burglary_biz
53.400616,-3.083278,burglary_biz
53.401583,-3.111084,shoplifting
53.401376,-3.113921,shoplifting
53.399626,-3.11562,shoplifting
53.389439,-3.056545,burglary_biz
53.394932,-3.057538,shoplifting
53.394932,-3.057538,shoplifting
53.394932,-3.057538,shoplifting
53.394932,-3.057538,shoplifting
53.394932,-3.057538,shoplifting
53.394932,-3.057538,shoplifting
53.394932,-3.057538,shoplifting
53.394932,-3.057538,shoplifting
53.39816,-3.078433,robbery_biz
53.392876,-3.031532,burglary_biz
53.388128,-3.02647,burglary_biz
53.386945,-3.023991,burglary_biz
53.388056,-3.025461,burglary_biz
53.386945,-3.023991,burglary_biz
53.389398,-3.030455,robbery_biz
53.388939,-3.028429,shoplifting
53.389926,-3.028633,shoplifting
53.389211,-3.02391,shoplifting
53.388939,-3.028429,shoplifting
53.389211,-3.02391,shoplifting
53.389926,-3.028633,shoplifting
53.388939,-3.028429,shoplifting
53.390059,-3.027704,shoplifting
53.388939,-3.028429,shoplifting
53.389211,-3.02391,shoplifting
53.388939,-3.028429,shoplifting
53.389926,-3.028633,shoplifting
53.389211,-3.02391,shoplifting
53.388939,-3.028429,shoplifting
53.388939,-3.028429,shoplifting
53.389211,-3.02391,shoplifting
53.388939,-3.028429,shoplifting
53.389926,-3.028633,shoplifting
53.388939,-3.028429,shoplifting
53.389926,-3.028633,shoplifting
53.389926,-3.028633,shoplifting
53.388939,-3.028429,shoplifting
53.389926,-3.028633,shoplifting
53.388939,-3.028429,shoplifting
53.388939,-3.028429,shoplifting
53.389926,-3.028633,shoplifting
53.389926,-3.028633,shoplifting
53.388939,-3.028429,shoplifting
53.388939,-3.028429,shoplifting
53.388939,-3.028429,shoplifting
53.388939,-3.028429,shoplifting
53.388939,-3.028429,shoplifting
53.388939,-3.028429,shoplifting
53.388939,-3.028429,shoplifting
53.388939,-3.028429,shoplifting
53.388939,-3.028429,shoplifting
53.389211,-3.02391,shoplifting
53.388939,-3.028429,shoplifting
53.388939,-3.028429,shoplifting
53.389926,-3.028633,shoplifting
53.388939,-3.028429,shoplifting
53.390059,-3.027704,shoplifting
53.389926,-3.028633,shoplifting
53.388939,-3.028429,shoplifting
53.389211,-3.02391,shoplifting
53.388939,-3.028429,shoplifting
53.387802,-3.033033,burglary_biz
53.387802,-3.033033,robbery_biz
53.387916,-3.032314,robbery_biz
53.387316,-3.033171,robbery_biz
53.387316,-3.033171,shoplifting
53.387316,-3.033171,shoplifting
53.396466,-3.031167,burglary_biz
53.393083,-3.022093,shoplifting
53.393083,-3.022093,shoplifting
53.394507,-3.015284,burglary_biz
53.391974,-3.018656,burglary_biz
53.391397,-3.020639,robbery_biz
53.392437,-3.018754,robbery_biz
53.391397,-3.020639,shoplifting
53.390063,-3.019975,shoplifting
53.395606,-3.12723,burglary_biz
53.381304,-3.113938,burglary_biz
53.377334,-3.100786,burglary_biz
53.387041,-3.038908,burglary_biz
53.389384,-3.041371,burglary_biz
53.395387,-3.038638,theft_person
53.386615,-3.026824,burglary_biz
53.382139,-3.030956,burglary_biz
53.38706,-3.022189,burglary_biz
53.383845,-3.017526,shoplifting
53.38786,-3.01687,shoplifting
53.37393,-3.038409,burglary_biz
53.383589,-3.037892,shoplifting
53.383589,-3.037892,shoplifting
53.385413,-3.034899,shoplifting
53.385413,-3.034899,shoplifting
53.385413,-3.034899,shoplifting
53.383589,-3.037892,shoplifting
53.385413,-3.034899,shoplifting
53.37848,-3.041361,burglary_biz
53.380021,-3.115952,shoplifting
53.378492,-3.065474,robbery_biz
53.373486,-3.04913,shoplifting
53.372184,-3.060206,shoplifting
53.369052,-3.088594,burglary_biz
53.369098,-3.09333,theft_person
53.376094,-3.084723,shoplifting
53.372671,-3.006047,burglary_biz
53.375736,-3.013485,burglary_biz
53.375839,-3.016163,burglary_biz
53.374785,-3.02905,burglary_biz
53.366963,-3.056935,burglary_biz
53.35596,-2.995271,burglary_biz
53.35596,-2.995271,burglary_biz
53.359573,-2.997549,burglary_biz
53.35596,-2.995271,burglary_biz
53.35596,-2.995271,burglary_biz
53.360904,-2.998587,shoplifting
53.360904,-2.998587,shoplifting
53.354441,-3.023947,robbery_biz
53.354441,-3.023947,shoplifting
53.356173,-3.025326,shoplifting
53.356173,-3.025326,shoplifting
53.356173,-3.025326,shoplifting
53.354441,-3.023947,shoplifting
53.354441,-3.023947,shoplifting
53.356996,-3.117917,burglary_biz
53.344448,-3.094546,shoplifting
53.341164,-2.992088,burglary_biz
53.352982,-2.992437,burglary_biz
53.34756,-2.984981,shoplifting
53.340546,-2.978517,robbery_biz
53.340546,-2.978517,shoplifting
53.340546,-2.978517,shoplifting
53.340546,-2.978517,shoplifting
53.340546,-2.978517,shoplifting
53.340546,-2.978517,shoplifting
53.340546,-2.978517,shoplifting
53.341075,-2.977456,shoplifting
53.341075,-2.977456,shoplifting
53.340546,-2.978517,shoplifting
53.340546,-2.978517,shoplifting
53.340546,-2.978517,shoplifting
53.340546,-2.978517,shoplifting
53.340546,-2.978517,shoplifting
53.340546,-2.978517,shoplifting
53.340546,-2.978517,shoplifting
53.345823,-3.003642,burglary_biz
53.347798,-3.00818,robbery_biz
53.345623,-3.010202,theft_person
53.327972,-3.102248,shoplifting
53.328703,-3.098062,shoplifting
53.329864,-3.096846,shoplifting
53.334733,-3.098217,shoplifting
53.341069,-3.00347,burglary_biz
53.329948,-2.977667,shoplifting
53.329948,-2.977667,shoplifting
53.337938,-2.975643,shoplifting
53.340199,-2.976532,shoplifting
53.337938,-2.975643,shoplifting
53.331864,-2.978537,burglary_biz
53.331864,-2.978537,burglary_biz
53.331864,-2.978537,burglary_biz
53.322704,-2.982944,shoplifting
53.329409,-3.077794,burglary_biz
53.309421,-2.983772,burglary_biz
53.319109,-2.965305,shoplifting
53.323405,-2.976482,shoplifting
53.319109,-2.965305,shoplifting
53.315654,-3.074956,burglary_biz
53.487541,-2.872097,burglary_biz
53.487222,-2.905323,burglary_biz
53.481422,-2.881586,burglary_biz
53.477043,-2.872018,shoplifting
53.482282,-2.886788,burglary_biz
53.480108,-2.8818,burglary_biz
53.482641,-2.88571,shoplifting
53.482641,-2.88571,shoplifting
53.482641,-2.88571,shoplifting
53.482641,-2.88571,shoplifting
53.482641,-2.88571,shoplifting
53.480344,-2.886355,theft_person
53.482641,-2.88571,theft_person
53.477465,-2.898711,shoplifting
53.469361,-2.915926,shoplifting
53.468132,-2.914497,shoplifting
53.476675,-2.875611,burglary_biz
53.472774,-2.869414,shoplifting
53.457633,-2.853773,burglary_biz
53.449986,-2.854659,shoplifting
53.477579,-2.857534,burglary_biz
53.428658,-2.853132,robbery_biz
53.42241,-2.802701,shoplifting
53.42241,-2.802701,shoplifting
53.42241,-2.802701,shoplifting
53.42241,-2.802701,shoplifting
53.418063,-2.804846,robbery_biz
53.427797,-2.799492,shoplifting
53.42984,-2.799123,shoplifting
53.42984,-2.799123,shoplifting
53.426798,-2.801023,shoplifting
53.426798,-2.801023,shoplifting
53.426798,-2.801023,shoplifting
53.426798,-2.801023,shoplifting
53.427797,-2.799492,shoplifting
53.426798,-2.801023,shoplifting
53.426798,-2.801023,shoplifting
53.427073,-2.8016,shoplifting
53.426798,-2.801023,shoplifting
53.42984,-2.799123,shoplifting
53.430428,-2.801227,theft_person
53.425473,-2.798906,robbery_biz
53.426584,-2.803457,shoplifting
53.425473,-2.798906,shoplifting
53.426584,-2.803457,shoplifting
53.425473,-2.798906,shoplifting
53.425473,-2.798906,shoplifting
53.426584,-2.803457,shoplifting
53.426584,-2.803457,shoplifting
53.425473,-2.798906,shoplifting
53.426584,-2.803457,shoplifting
53.426584,-2.803457,shoplifting
53.425473,-2.798906,shoplifting
53.425473,-2.798906,shoplifting
53.426584,-2.803457,shoplifting
53.426584,-2.803457,shoplifting
53.425473,-2.798906,shoplifting
53.426584,-2.803457,shoplifting
53.424777,-2.803588,shoplifting
53.426584,-2.803457,shoplifting
53.426584,-2.803457,shoplifting
53.420099,-2.863313,shoplifting
53.420099,-2.863313,shoplifting
53.422062,-2.859064,theft_person
53.422271,-2.862469,robbery_biz
53.426812,-2.84849,burglary_biz
53.423775,-2.84712,burglary_biz
53.419767,-2.845716,burglary_biz
53.421465,-2.847089,robbery_biz
53.419811,-2.822574,burglary_biz
53.418175,-2.825206,burglary_biz
53.419027,-2.839713,burglary_biz
53.418372,-2.858478,burglary_biz
53.414798,-2.85302,burglary_biz
53.419703,-2.849582,shoplifting
53.411993,-2.802565,robbery_biz
53.413575,-2.797133,shoplifting
53.411993,-2.802565,shoplifting
53.411993,-2.802565,shoplifting
53.408685,-2.88148,theft_person
53.404129,-2.83247,burglary_biz
53.404625,-2.833503,shoplifting
53.411037,-2.838247,burglary_biz
53.412554,-2.836822,shoplifting
53.412554,-2.836822,shoplifting
53.412554,-2.836822,shoplifting
53.412668,-2.840234,shoplifting
53.412668,-2.840234,shoplifting
53.411443,-2.839338,shoplifting
53.412668,-2.840234,shoplifting
53.411443,-2.839338,shoplifting
53.412668,-2.840234,shoplifting
53.361981,-2.822046,burglary_biz
53.398243,-2.818035,burglary_biz
53.384798,-2.771683,burglary_biz
53.36691,-2.821525,shoplifting
53.358004,-2.834215,burglary_biz
53.360321,-2.841022,shoplifting
53.358004,-2.834215,shoplifting
53.360157,-2.829764,shoplifting
53.360157,-2.829764,shoplifting
53.362751,-2.825081,burglary_biz
53.355661,-2.829872,burglary_biz
53.468224,-2.933993,theft_person
53.468658,-2.920911,burglary_biz
53.456818,-2.922266,burglary_biz
53.456818,-2.922266,theft_person
53.470175,-2.956573,burglary_biz
53.468225,-2.956529,robbery_biz
53.46691,-2.955361,shoplifting
53.46691,-2.955361,shoplifting
53.463793,-2.959954,shoplifting
53.463793,-2.959954,shoplifting
53.461528,-2.972149,burglary_biz
53.457338,-2.962293,theft_person
53.460826,-2.892787,shoplifting
53.452871,-2.898854,burglary_biz
53.455741,-2.915823,shoplifting
53.455741,-2.915823,shoplifting
53.45709,-2.914923,theft_person
53.465238,-2.935373,shoplifting
53.468428,-2.940038,shoplifting
53.457427,-2.946738,robbery_biz
53.466321,-2.931102,theft_person
53.449063,-2.919704,burglary_biz
53.454365,-2.932619,burglary_biz
53.452686,-2.967354,burglary_biz
53.450561,-2.970016,burglary_biz
53.452686,-2.967354,shoplifting
53.452686,-2.967354,shoplifting
53.451248,-2.961749,shoplifting
53.45178,-2.963809,shoplifting
53.451248,-2.961749,shoplifting
53.451248,-2.961749,shoplifting
53.451248,-2.961749,shoplifting
53.453312,-2.963287,theft_person
53.441799,-2.939345,shoplifting
53.442395,-2.939976,shoplifting
53.451172,-2.947623,burglary_biz
53.447173,-2.962094,burglary_biz
53.443639,-2.960072,burglary_biz
53.444469,-2.959684,burglary_biz
53.444465,-2.969064,shoplifting
53.441739,-2.952622,shoplifting
53.446465,-2.968567,robbery_biz
53.446465,-2.968567,shoplifting
53.44219,-2.923846,burglary_biz
53.442228,-2.927242,shoplifting
53.439714,-2.912682,shoplifting
53.441692,-2.930068,shoplifting
53.440467,-2.929319,shoplifting
53.440467,-2.929319,shoplifting
53.441692,-2.930068,shoplifting
53.440467,-2.929319,shoplifting
53.441692,-2.930068,shoplifting
53.442987,-2.970656,robbery_biz
53.442101,-2.969085,shoplifting
53.441904,-2.970165,shoplifting
53.441171,-2.964036,burglary_biz
53.44044,-2.964441,burglary_biz
53.438867,-2.971619,shoplifting
53.438867,-2.971619,shoplifting
53.439203,-2.971819,shoplifting
53.438867,-2.971619,shoplifting
53.44017,-2.891631,burglary_biz
53.44017,-2.891631,burglary_biz
53.433333,-2.982824,theft_person
53.436055,-2.970935,shoplifting
53.436055,-2.970935,shoplifting
53.436055,-2.970935,shoplifting
53.436055,-2.970935,shoplifting
53.436055,-2.970935,shoplifting
53.436055,-2.970935,shoplifting
53.436055,-2.970935,shoplifting
53.436055,-2.970935,shoplifting
53.434176,-2.989602,shoplifting
53.425623,-2.998749,theft_person
53.425623,-2.998749,theft_person
53.434398,-2.952232,shoplifting
53.439781,-2.939499,robbery_biz
53.43092,-2.945426,burglary_biz
53.43449,-2.924552,burglary_biz
53.433574,-2.930267,burglary_biz
53.429071,-2.873022,robbery_biz
53.424373,-2.876312,burglary_biz
53.434861,-2.889969,shoplifting
53.432115,-2.966811,burglary_biz
53.427883,-2.95905,theft_person
53.42872,-2.955235,burglary_biz
53.429782,-2.951812,shoplifting
53.425481,-2.953477,burglary_biz
53.428705,-2.94929,robbery_biz
53.425649,-2.932156,burglary_biz
53.429148,-2.912004,shoplifting
53.42609,-2.915792,shoplifting
53.421322,-2.991711,burglary_biz
53.421322,-2.991711,robbery_biz
53.418837,-2.992165,shoplifting
53.418272,-2.989819,shoplifting
53.422973,-2.986663,shoplifting
53.422973,-2.986663,shoplifting
53.425208,-2.987001,theft_person
53.428337,-2.97702,robbery_biz
53.425771,-2.979775,shoplifting
53.422943,-2.979349,shoplifting
53.422943,-2.979349,shoplifting
53.422943,-2.979349,shoplifting
53.422943,-2.979349,shoplifting
53.424611,-2.980952,shoplifting
53.422943,-2.979349,shoplifting
53.422943,-2.979349,shoplifting
53.422943,-2.979349,shoplifting
53.422943,-2.979349,shoplifting
53.422943,-2.979349,shoplifting
53.422943,-2.979349,shoplifting
53.422943,-2.979349,shoplifting
53.422943,-2.979349,shoplifting
53.422943,-2.979349,shoplifting
53.422943,-2.979349,shoplifting
53.422943,-2.979349,shoplifting
53.422943,-2.979349,shoplifting
53.422943,-2.979349,shoplifting
53.422943,-2.979349,shoplifting
53.422943,-2.979349,shoplifting
53.422943,-2.979349,shoplifting
53.422943,-2.979349,shoplifting
53.422943,-2.979349,shoplifting
53.422943,-2.979349,theft_person
53.424907,-2.96892,theft_person
53.415997,-2.965768,burglary_biz
53.411812,-2.979635,burglary_biz
53.415266,-2.973952,burglary_biz
53.418899,-2.971522,robbery_biz
53.416055,-2.973052,theft_person
53.414384,-2.979021,theft_person
53.422903,-2.946392,burglary_biz
53.422141,-2.95745,burglary_biz
53.421967,-2.954527,burglary_biz
53.423493,-2.96028,robbery_biz
53.422141,-2.95745,shoplifting
53.423075,-2.958675,shoplifting
53.421934,-2.958544,shoplifting
53.421934,-2.958544,shoplifting
53.422141,-2.95745,shoplifting
53.422141,-2.95745,shoplifting
53.425142,-2.958707,theft_person
53.41818,-2.959317,shoplifting
53.41818,-2.959317,shoplifting
53.421113,-2.947736,burglary_biz
53.421113,-2.947736,burglary_biz
53.42007,-2.952212,burglary_biz
53.421001,-2.875264,theft_person
53.413984,-2.890541,burglary_biz
53.415853,-2.896674,robbery_biz
53.415026,-2.897951,shoplifting
53.415026,-2.897951,shoplifting
53.415835,-2.922703,burglary_biz
53.415903,-2.920854,shoplifting
53.411068,-2.921893,shoplifting
53.415646,-2.919329,shoplifting
53.414933,-2.921886,burglary_biz
53.408939,-2.923983,burglary_biz
53.408939,-2.923983,robbery_biz
53.408939,-2.923983,shoplifting
53.408939,-2.923983,shoplifting
53.408939,-2.923983,shoplifting
53.411069,-2.923999,shoplifting
53.408939,-2.923983,shoplifting
53.408939,-2.923983,shoplifting
53.408939,-2.923983,shoplifting
53.410848,-2.925935,shoplifting
53.408939,-2.923983,shoplifting
53.408939,-2.923983,shoplifting
53.408939,-2.923983,shoplifting
53.408939,-2.923983,shoplifting
53.407713,-2.92428,shoplifting
53.411069,-2.923999,shoplifting
53.408939,-2.923983,shoplifting
53.408939,-2.923983,shoplifting
53.410848,-2.925935,shoplifting
53.410848,-2.925935,shoplifting
53.408939,-2.923983,shoplifting
53.4087,-2.935095,robbery_biz
53.409233,-2.937017,robbery_biz
53.408298,-2.943856,robbery_biz
53.4087,-2.935095,shoplifting
53.4087,-2.935095,shoplifting
53.4087,-2.935095,shoplifting
53.409112,-2.939858,shoplifting
53.4087,-2.935095,shoplifting
53.411496,-2.944941,shoplifting
53.409233,-2.937017,theft_person
53.412219,-2.929891,burglary_biz
53.412793,-2.93693,burglary_biz
53.414685,-2.94329,burglary_biz
53.414962,-2.944651,robbery_biz
53.4212,-2.936678,robbery_biz
53.413355,-2.939786,robbery_biz
53.413355,-2.939786,robbery_biz
53.421994,-2.94431,burglary_biz
53.419212,-2.945964,burglary_biz
53.421994,-2.94431,burglary_biz
53.421994,-2.94431,burglary_biz
53.42442,-2.941008,burglary_biz
53.414558,-2.907419,shoplifting
53.41341,-2.91063,shoplifting
53.41341,-2.91063,shoplifting
53.41341,-2.91063,shoplifting
53.41341,-2.91063,shoplifting
53.415275,-2.913694,shoplifting
53.414243,-2.950217,robbery_biz
53.414243,-2.950217,shoplifting
53.412322,-2.947646,burglary_biz
53.412322,-2.947646,shoplifting
53.412678,-2.943577,shoplifting
53.412574,-2.94538,shoplifting
53.412574,-2.94538,shoplifting
53.412574,-2.94538,shoplifting
53.412322,-2.947646,shoplifting
53.412562,-2.944582,theft_person
53.412299,-2.944923,theft_person
53.412562,-2.944582,theft_person
53.411957,-2.9585,shoplifting
53.411796,-2.95958,theft_person
53.403073,-2.95997,burglary_biz
53.400872,-2.965395,shoplifting
53.408635,-2.972431,burglary_biz
53.406008,-2.968006,robbery_biz
53.411227,-2.963178,shoplifting
53.412629,-2.964368,shoplifting
53.409506,-2.964809,shoplifting
53.4105,-2.960799,theft_person
53.408747,-2.956367,burglary_biz
53.40233,-2.95508,robbery_biz
53.407303,-2.94928,burglary_biz
53.404278,-2.945271,shoplifting
53.399894,-2.911379,burglary_biz
53.401082,-2.91715,burglary_biz
53.410024,-2.920907,shoplifting
53.40836,-2.917442,shoplifting
53.405224,-2.907928,shoplifting
53.405224,-2.907928,shoplifting
53.404852,-2.892968,burglary_biz
53.404852,-2.892968,burglary_biz
53.406612,-2.899187,burglary_biz
53.399537,-2.936653,robbery_biz
53.399778,-2.924205,shoplifting
53.399882,-2.933939,burglary_biz
53.398446,-2.932448,theft_person
53.398237,-2.947604,burglary_biz
53.399123,-2.940149,burglary_biz
53.402769,-2.947434,robbery_biz
53.396961,-2.886682,burglary_biz
53.397099,-2.891091,burglary_biz
53.397288,-2.976188,burglary_biz
53.400851,-2.968012,shoplifting
53.400656,-2.964383,burglary_biz
53.400656,-2.964383,robbery_biz
53.400656,-2.964383,shoplifting
53.400656,-2.964383,shoplifting
53.400656,-2.964383,shoplifting
53.397747,-2.963866,burglary_biz
53.397709,-2.966377,robbery_biz
53.393494,-2.979485,burglary_biz
53.394852,-2.978373,shoplifting
53.392147,-2.928702,robbery_biz
53.394256,-2.937184,shoplifting
53.392093,-2.935663,shoplifting
53.397337,-2.935691,robbery_biz
53.397337,-2.935691,shoplifting
53.397337,-2.935691,shoplifting
53.397337,-2.935691,shoplifting
53.396554,-2.933024,robbery_biz
53.394478,-2.935249,robbery_biz
53.394478,-2.935249,shoplifting
53.396554,-2.933024,shoplifting
53.395671,-2.930959,theft_person
53.39484,-2.933828,theft_person
53.395337,-2.950532,burglary_biz
53.398395,-2.95033,burglary_biz
53.399096,-2.877537,robbery_biz
53.390883,-2.859468,shoplifting
53.390883,-2.859468,shoplifting
53.390883,-2.859468,shoplifting
53.390883,-2.859468,shoplifting
53.390883,-2.859468,shoplifting
53.390863,-2.858932,shoplifting
53.390883,-2.859468,shoplifting
53.387493,-2.910963,shoplifting
53.387493,-2.910963,shoplifting
53.387493,-2.910963,shoplifting
53.387493,-2.910963,shoplifting
53.39081,-2.906162,burglary_biz
53.393364,-2.910773,shoplifting
53.398715,-2.922152,theft_person
53.389113,-2.912998,shoplifting
53.389113,-2.912998,shoplifting
53.389113,-2.912998,shoplifting
53.387731,-2.912713,burglary_biz
53.390449,-2.917043,robbery_biz
53.390969,-2.974976,robbery_biz
53.388138,-2.971663,burglary_biz
53.385432,-2.963858,shoplifting
53.384794,-2.963949,shoplifting
53.385432,-2.963858,shoplifting
53.385432,-2.963858,shoplifting
53.384794,-2.963949,shoplifting
53.384794,-2.963949,shoplifting
53.385432,-2.963858,shoplifting
53.385432,-2.963858,shoplifting
53.384794,-2.963949,shoplifting
53.385432,-2.963858,shoplifting
53.384794,-2.963949,shoplifting
53.385432,-2.963858,shoplifting
53.385432,-2.963858,shoplifting
53.384794,-2.963949,shoplifting
53.384794,-2.963949,shoplifting
53.385432,-2.963858,shoplifting
53.388641,-2.842768,robbery_biz
53.3922,-2.874147,burglary_biz
53.383867,-2.894814,burglary_biz
53.378174,-2.897521,robbery_biz
53.382389,-2.888033,robbery_biz
53.382389,-2.888033,robbery_biz
53.382069,-2.945015,burglary_biz
53.381768,-2.943179,burglary_biz
53.384078,-2.946628,burglary_biz
53.382069,-2.945015,burglary_biz
53.387806,-2.942395,robbery_biz
53.382069,-2.945015,shoplifting
53.379968,-2.926317,burglary_biz
53.378507,-2.926932,burglary_biz
53.380047,-2.913751,shoplifting
53.384166,-2.906322,burglary_biz
53.386,-2.909879,shoplifting
53.386,-2.909879,shoplifting
53.38537,-2.909926,shoplifting
53.38537,-2.909926,shoplifting
53.386,-2.909879,shoplifting
53.382407,-2.962241,shoplifting
53.381876,-2.960155,shoplifting
53.380411,-2.969037,shoplifting
53.380119,-2.859197,robbery_biz
53.375445,-2.865476,shoplifting
53.377536,-2.931571,burglary_biz
53.372742,-2.935344,robbery_biz
53.378397,-2.93864,theft_person
53.380845,-2.946301,burglary_biz
53.377407,-2.947938,shoplifting
53.378435,-2.948637,shoplifting
53.378435,-2.948637,shoplifting
53.378435,-2.948637,shoplifting
53.378435,-2.948637,shoplifting
53.378435,-2.948637,shoplifting
53.378435,-2.948637,shoplifting
53.378435,-2.948637,shoplifting
53.378435,-2.948637,shoplifting
53.378435,-2.948637,shoplifting
53.378435,-2.948637,shoplifting
53.377407,-2.947938,shoplifting
53.378435,-2.948637,shoplifting
53.378435,-2.948637,shoplifting
53.378435,-2.948637,shoplifting
53.378435,-2.948637,shoplifting
53.378435,-2.948637,shoplifting
53.378435,-2.948637,shoplifting
53.378435,-2.948637,shoplifting
53.377147,-2.94443,burglary_biz
53.370316,-2.920216,burglary_biz
53.371436,-2.904203,burglary_biz
53.366819,-2.893029,burglary_biz
53.36525,-2.90323,burglary_biz
53.370841,-2.902026,shoplifting
53.365554,-2.865922,burglary_biz
53.370303,-2.865507,robbery_biz
53.371793,-2.873203,shoplifting
53.368173,-2.866621,theft_person
53.35525,-2.856262,burglary_biz
53.357538,-2.86316,shoplifting
53.357538,-2.86316,shoplifting
53.357538,-2.86316,shoplifting
53.359703,-2.855871,shoplifting
53.359703,-2.855871,shoplifting
53.359703,-2.855871,shoplifting
53.359703,-2.855871,shoplifting
53.359703,-2.855871,shoplifting
53.359703,-2.855871,shoplifting
53.359703,-2.855871,shoplifting
53.360847,-2.919546,burglary_biz
53.348447,-2.859761,shoplifting
53.349626,-2.854557,shoplifting
53.349626,-2.854557,shoplifting
53.348491,-2.861204,shoplifting
53.349574,-2.848081,burglary_biz
53.337309,-2.854927,shoplifting
53.350869,-2.88263,burglary_biz
53.350869,-2.88263,burglary_biz
53.351157,-2.882606,shoplifting
53.349558,-2.883684,shoplifting
53.351157,-2.882606,shoplifting
53.350869,-2.88263,shoplifting
53.35482,-2.891636,shoplifting
53.351157,-2.882606,shoplifting
53.349558,-2.883684,shoplifting
53.351157,-2.882606,shoplifting
53.35482,-2.891636,shoplifting
53.351157,-2.882606,shoplifting
53.351157,-2.882606,shoplifting
53.354274,-2.893833,shoplifting
53.349558,-2.883684,shoplifting
53.343637,-2.823045,robbery_biz
53.3462,-2.838251,robbery_biz
53.345092,-2.838648,shoplifting
53.3462,-2.838251,shoplifting
53.3462,-2.838251,shoplifting
53.3462,-2.838251,shoplifting
53.3462,-2.838251,shoplifting
53.345354,-2.839676,shoplifting
53.3462,-2.838251,shoplifting
53.3462,-2.838251,shoplifting
53.345354,-2.839676,theft_person
53.409963,-2.970581,burglary_biz
53.412119,-2.969637,burglary_biz
53.409423,-2.975067,burglary_biz
53.411297,-2.973379,shoplifting
53.409738,-2.973855,shoplifting
53.411438,-2.970688,shoplifting
53.409461,-2.970419,shoplifting
53.405311,-2.982163,burglary_biz
53.405998,-2.985999,burglary_biz
53.406316,-2.986744,burglary_biz
53.408454,-2.984702,burglary_biz
53.406316,-2.986744,burglary_biz
53.405418,-2.981172,burglary_biz
53.407841,-2.987095,burglary_biz
53.407841,-2.987095,burglary_biz
53.408714,-2.976609,robbery_biz
53.406404,-2.980398,robbery_biz
53.406827,-2.985823,robbery_biz
53.405998,-2.985999,robbery_biz
53.408454,-2.984702,robbery_biz
53.405173,-2.983574,robbery_biz
53.405173,-2.983574,shoplifting
53.405173,-2.983574,shoplifting
53.405308,-2.987924,shoplifting
53.40734,-2.980284,shoplifting
53.406404,-2.980398,shoplifting
53.405998,-2.985999,shoplifting
53.405418,-2.981172,shoplifting
53.405173,-2.983574,shoplifting
53.405311,-2.982163,shoplifting
53.405173,-2.983574,shoplifting
53.405311,-2.982163,shoplifting
53.405173,-2.983574,shoplifting
53.405308,-2.987924,shoplifting
53.405173,-2.983574,shoplifting
53.405173,-2.983574,shoplifting
53.405173,-2.983574,shoplifting
53.407062,-2.984535,shoplifting
53.406403,-2.978247,shoplifting
53.405173,-2.983574,shoplifting
53.405418,-2.981172,shoplifting
53.405173,-2.983574,shoplifting
53.405173,-2.983574,shoplifting
53.405998,-2.985999,shoplifting
53.405308,-2.987924,shoplifting
53.405173,-2.983574,shoplifting
53.405173,-2.983574,shoplifting
53.407972,-2.988648,shoplifting
53.405998,-2.985999,shoplifting
53.40734,-2.980284,shoplifting
53.405998,-2.985999,shoplifting
53.40734,-2.980284,shoplifting
53.405173,-2.983574,shoplifting
53.405173,-2.983574,shoplifting
53.405173,-2.983574,shoplifting
53.405998,-2.985999,shoplifting
53.405173,-2.983574,shoplifting
53.406827,-2.985823,shoplifting
53.407062,-2.984535,shoplifting
53.407062,-2.984535,shoplifting
53.405173,-2.983574,shoplifting
53.405173,-2.983574,shoplifting
53.40734,-2.980284,shoplifting
53.405311,-2.982163,shoplifting
53.405173,-2.983574,shoplifting
53.405311,-2.982163,shoplifting
53.405311,-2.982163,shoplifting
53.405998,-2.985999,shoplifting
53.405173,-2.983574,shoplifting
53.407381,-2.979653,shoplifting
53.405418,-2.981172,shoplifting
53.405311,-2.982163,shoplifting
53.406404,-2.980398,shoplifting
53.40734,-2.980284,shoplifting
53.405418,-2.981172,shoplifting
53.405998,-2.985999,shoplifting
53.405998,-2.985999,shoplifting
53.405418,-2.981172,shoplifting
53.405308,-2.987924,shoplifting
53.405173,-2.983574,shoplifting
53.405311,-2.982163,shoplifting
53.405173,-2.983574,shoplifting
53.405173,-2.983574,shoplifting
53.405173,-2.983574,shoplifting
53.405173,-2.983574,shoplifting
53.40734,-2.980284,shoplifting
53.405311,-2.982163,shoplifting
53.405173,-2.983574,shoplifting
53.405418,-2.981172,shoplifting
53.405311,-2.982163,shoplifting
53.406404,-2.980398,shoplifting
53.405173,-2.983574,shoplifting
53.405928,-2.979199,shoplifting
53.405173,-2.983574,shoplifting
53.405311,-2.982163,shoplifting
53.405308,-2.987924,shoplifting
53.405311,-2.982163,shoplifting
53.405998,-2.985999,theft_person
53.406435,-2.987505,theft_person
53.405928,-2.979199,theft_person
53.405928,-2.979199,theft_person
53.405311,-2.982163,theft_person
53.401971,-2.980567,robbery_biz
53.401332,-2.978105,shoplifting
53.403796,-2.981662,shoplifting
53.402999,-2.979056,theft_person
53.403277,-2.982417,theft_person
53.40307,-2.980246,theft_person
53.410616,-2.986332,shoplifting
53.410616,-2.986332,shoplifting
53.411804,-2.987247,shoplifting
53.408882,-2.988368,shoplifting
53.410616,-2.986332,shoplifting
53.410616,-2.986332,shoplifting
53.410616,-2.986332,shoplifting
53.408882,-2.988368,shoplifting
53.410616,-2.986332,shoplifting
53.410616,-2.986332,shoplifting
53.410616,-2.986332,shoplifting
53.408882,-2.988368,shoplifting
53.410616,-2.986332,shoplifting
53.408882,-2.988368,shoplifting
53.410616,-2.986332,shoplifting
53.410616,-2.986332,shoplifting
53.410616,-2.986332,shoplifting
53.410616,-2.986332,shoplifting
53.410687,-2.988635,theft_person
53.405826,-2.976338,burglary_biz
53.405775,-2.966627,shoplifting
53.401055,-2.976003,robbery_biz
53.401394,-2.977425,robbery_biz
53.401933,-2.974158,shoplifting
53.399373,-2.989336,burglary_biz
53.394691,-2.987421,robbery_biz
53.404497,-2.983799,burglary_biz
53.403156,-2.97745,burglary_biz
53.404497,-2.983799,burglary_biz
53.403156,-2.97745,burglary_biz
53.403851,-2.984807,shoplifting
53.403851,-2.984807,shoplifting
53.403319,-2.986058,shoplifting
53.404266,-2.97907,shoplifting
53.403851,-2.984807,shoplifting
53.403851,-2.984807,shoplifting
53.403897,-2.979152,shoplifting
53.403851,-2.984807,shoplifting
53.403319,-2.986058,shoplifting
53.403851,-2.984807,shoplifting
53.403319,-2.986058,shoplifting
53.403851,-2.984807,shoplifting
53.403319,-2.986058,shoplifting
53.403851,-2.984807,shoplifting
53.403851,-2.984807,shoplifting
53.403319,-2.986058,shoplifting
53.403851,-2.984807,shoplifting
53.403851,-2.984807,shoplifting
53.403319,-2.986058,shoplifting
53.403319,-2.986058,shoplifting
53.403319,-2.986058,shoplifting
53.402765,-2.983488,shoplifting
53.403851,-2.984807,shoplifting
53.403851,-2.984807,shoplifting
53.403851,-2.984807,shoplifting
53.403851,-2.984807,shoplifting
53.403851,-2.984807,shoplifting
53.403851,-2.984807,shoplifting
53.403851,-2.984807,shoplifting
53.403897,-2.979152,shoplifting
53.404266,-2.97907,shoplifting
53.403319,-2.986058,shoplifting
53.403851,-2.984807,shoplifting
53.403319,-2.986058,shoplifting
53.403319,-2.986058,shoplifting
53.403851,-2.984807,shoplifting
53.404266,-2.97907,shoplifting
53.403851,-2.984807,shoplifting
53.403319,-2.986058,shoplifting
53.403319,-2.986058,shoplifting
53.403319,-2.986058,shoplifting
53.403851,-2.984807,shoplifting
53.404266,-2.97907,shoplifting
53.403319,-2.986058,shoplifting
53.403319,-2.986058,shoplifting
53.403319,-2.986058,theft_person
53.403589,-2.980529,theft_person
53.40467,-2.97917,theft_person
53.39122,-2.977237,burglary_biz
53.387855,-2.978784,burglary_biz
53.390156,-2.980942,shoplifting
53.392786,-2.978175,shoplifting
53.392786,-2.978175,shoplifting
53.399345,-2.986146,shoplifting
53.402501,-2.986024,shoplifting
53.402501,-2.986024,shoplifting
53.402501,-2.986024,shoplifting
53.402501,-2.986024,shoplifting
53.402501,-2.986024,shoplifting
53.402501,-2.986024,shoplifting
53.402501,-2.986024,shoplifting
53.402501,-2.986024,shoplifting
53.402501,-2.986024,shoplifting
53.402501,-2.986024,shoplifting
53.402501,-2.986024,shoplifting
53.402501,-2.986024,shoplifting
53.402501,-2.986024,shoplifting
53.402501,-2.986024,shoplifting
53.402501,-2.986024,shoplifting
53.402501,-2.986024,shoplifting
53.416227,-2.997942,shoplifting
53.408848,-2.996806,robbery_biz
53.411235,-2.998306,shoplifting
53.40984,-2.996348,shoplifting
53.40984,-2.996348,shoplifting
53.409569,-2.998749,shoplifting
53.409072,-2.99797,shoplifting
53.40807,-2.996277,shoplifting
53.411235,-2.998306,shoplifting
53.411235,-2.998306,shoplifting
53.40807,-2.996277,shoplifting
53.409569,-2.998749,shoplifting
53.411235,-2.998306,shoplifting
53.411235,-2.998306,shoplifting
53.409072,-2.99797,shoplifting
53.408848,-2.996806,theft_person
53.407182,-2.992826,burglary_biz
53.408747,-2.993765,burglary_biz
53.408668,-2.990288,burglary_biz
53.407195,-2.991232,burglary_biz
53.40587,-2.991682,robbery_biz
53.405437,-2.99086,burglary_biz
53.404133,-2.990905,burglary_biz
53.405437,-2.99086,robbery_biz
53.404298,-2.995918,shoplifting
53.404298,-2.995918,shoplifting
53.404298,-2.995918,shoplifting
53.405839,-2.988929,shoplifting
53.405437,-2.99086,theft_person
53.555975,-3.055679,burglary_biz
53.557515,-3.061439,shoplifting
53.557515,-3.061439,shoplifting
53.557515,-3.061439,shoplifting
53.557515,-3.061439,shoplifting
53.557515,-3.061439,shoplifting
53.556396,-3.060958,shoplifting
53.556396,-3.060958,shoplifting
53.556396,-3.060958,shoplifting
53.558436,-3.060918,shoplifting
53.557515,-3.061439,shoplifting
53.55539,-3.061868,shoplifting
53.558436,-3.060918,shoplifting
53.557515,-3.061439,shoplifting
53.550983,-3.074525,shoplifting
53.550983,-3.074525,shoplifting
53.550264,-3.092094,theft_person
53.538795,-3.087981,theft_person
53.538795,-3.087981,theft_person
53.554473,-3.056819,shoplifting
53.554473,-3.056819,shoplifting
53.547192,-3.052683,burglary_biz
53.51657,-2.943698,shoplifting
53.515769,-2.932435,shoplifting
53.514629,-2.928724,burglary_biz
53.515529,-2.913435,shoplifting
53.507201,-2.932528,shoplifting
53.499231,-2.945936,shoplifting
53.50603,-2.945454,burglary_biz
53.515052,-2.943009,shoplifting
53.515052,-2.943009,shoplifting
53.493351,-3.005556,burglary_biz
53.493351,-3.005556,burglary_biz
53.525215,-3.059816,shoplifting
53.499304,-3.003043,shoplifting
53.499304,-3.003043,shoplifting
53.499304,-3.003043,shoplifting
53.499304,-3.003043,shoplifting
53.499696,-3.005706,shoplifting
53.492344,-3.026755,shoplifting
53.492344,-3.026755,shoplifting
53.492344,-3.026755,shoplifting
53.491975,-3.026761,shoplifting
53.487898,-3.03667,burglary_biz
53.495517,-3.038092,burglary_biz
53.489389,-2.99351,shoplifting
53.488109,-2.992771,shoplifting
53.488109,-2.992771,shoplifting
53.487379,-2.98974,shoplifting
53.487399,-2.991655,shoplifting
53.491273,-3.012138,robbery_biz
53.49245,-3.023788,shoplifting
53.49245,-3.023788,shoplifting
53.49245,-3.023788,shoplifting
53.49245,-3.023788,shoplifting
53.49245,-3.023788,shoplifting
53.49245,-3.023788,shoplifting
53.49245,-3.023788,shoplifting
53.49245,-3.023788,shoplifting
53.486432,-3.012686,burglary_biz
53.486772,-2.944905,burglary_biz
53.478504,-2.925072,burglary_biz
53.481151,-2.949768,shoplifting
53.480973,-2.948468,shoplifting
53.475546,-2.953786,shoplifting
53.481151,-2.949768,shoplifting
53.481151,-2.949768,shoplifting
53.481151,-2.949768,shoplifting
53.481151,-2.949768,shoplifting
53.479188,-2.950236,shoplifting
53.481151,-2.949768,shoplifting
53.481151,-2.949768,shoplifting
53.481151,-2.949768,shoplifting
53.481151,-2.949768,shoplifting
53.482308,-2.956846,shoplifting
53.482154,-3.041894,burglary_biz
53.490396,-3.026361,shoplifting
53.490396,-3.026361,shoplifting
53.490396,-3.026361,shoplifting
53.490396,-3.026361,shoplifting
53.484723,-3.031716,robbery_biz
53.487049,-3.034027,robbery_biz
53.484723,-3.031716,shoplifting
53.487714,-2.965302,shoplifting
53.488238,-2.973845,robbery_biz
53.488238,-2.973845,robbery_biz
53.485661,-2.964439,robbery_biz
53.485661,-2.964439,shoplifting
53.485661,-2.964439,shoplifting
53.485661,-2.964439,shoplifting
53.474472,-3.024877,shoplifting
53.474472,-3.024877,shoplifting
53.475521,-3.026258,theft_person
53.479074,-2.995152,burglary_biz
53.478157,-2.997301,burglary_biz
53.466375,-3.009889,burglary_biz
53.469278,-3.018319,robbery_biz
53.474366,-3.026697,shoplifting
53.474729,-3.026329,shoplifting
53.469333,-3.000107,shoplifting
53.470566,-2.977146,burglary_biz
53.466033,-2.998116,robbery_biz
53.46595,-3.003703,shoplifting
53.466033,-2.998116,shoplifting
53.466033,-2.998116,shoplifting
53.466033,-2.998116,shoplifting
53.461198,-2.982895,shoplifting
53.459331,-2.986843,shoplifting
53.465018,-2.971912,burglary_biz
53.467351,-2.976831,burglary_biz
53.467425,-2.971048,burglary_biz
53.467425,-2.971048,burglary_biz
53.46726,-2.973665,shoplifting
53.467499,-2.985044,burglary_biz
53.467732,-2.982926,burglary_biz
53.467178,-2.985865,shoplifting
53.46054,-2.979777,robbery_biz
53.455841,-2.994729,shoplifting
53.462191,-2.993206,robbery_biz
53.449003,-2.987929,robbery_biz
53.453395,-2.995982,robbery_biz
53.455004,-2.993836,robbery_biz
53.452187,-2.99599,shoplifting
53.455004,-2.993836,shoplifting
53.452187,-2.99599,shoplifting
53.455004,-2.993836,shoplifting
53.455004,-2.993836,shoplifting
53.452187,-2.99599,shoplifting
53.455004,-2.993836,shoplifting
53.452187,-2.99599,shoplifting
53.452187,-2.99599,shoplifting
53.455004,-2.993836,shoplifting
53.453984,-2.995379,shoplifting
53.455004,-2.993836,shoplifting
53.453438,-2.999387,burglary_biz
53.456536,-3.003044,burglary_biz
53.453438,-2.999387,burglary_biz
53.45452,-3.005451,shoplifting
53.45452,-3.005451,shoplifting
53.444475,-2.993109,burglary_biz
53.451725,-2.992525,burglary_biz
53.452052,-2.99309,robbery_biz
53.445072,-2.989404,robbery_biz
53.452052,-2.99309,shoplifting
53.4526,-2.993337,shoplifting
53.452052,-2.99309,shoplifting
53.452052,-2.99309,shoplifting
53.452052,-2.99309,shoplifting
53.452052,-2.99309,shoplifting
53.451725,-2.992525,shoplifting
53.451725,-2.992525,shoplifting
53.44653,-3.001046,shoplifting
53.451725,-2.992525,shoplifting
53.4526,-2.993337,shoplifting
53.451725,-2.992525,shoplifting
53.446607,-2.990719,shoplifting
53.451725,-2.992525,theft_person
53.443153,-2.991,burglary_biz
53.446784,-2.986673,burglary_biz
53.444499,-2.98413,burglary_biz
53.444499,-2.98413,burglary_biz
53.444499,-2.98413,robbery_biz
53.444499,-2.98413,shoplifting
53.444499,-2.98413,shoplifting
53.455625,-2.978444,burglary_biz
53.497802,-2.785809,burglary_biz
53.468903,-2.76652,shoplifting
53.469335,-2.773502,shoplifting
53.469887,-2.793383,burglary_biz
53.469887,-2.793383,burglary_biz
53.449723,-2.739191,burglary_biz
53.447676,-2.744636,robbery_biz
53.451621,-2.744765,shoplifting
53.451206,-2.733174,shoplifting
53.451243,-2.733194,shoplifting
53.451621,-2.744765,shoplifting
53.451621,-2.744765,shoplifting
53.451621,-2.744765,shoplifting
53.451888,-2.743716,shoplifting
53.451621,-2.744765,shoplifting
53.451206,-2.733174,shoplifting
53.449624,-2.752139,shoplifting
53.450394,-2.752574,shoplifting
53.450394,-2.752574,shoplifting
53.449624,-2.752139,shoplifting
53.449624,-2.752139,shoplifting
53.454616,-2.744781,shoplifting
53.454616,-2.744781,shoplifting
53.454441,-2.739303,shoplifting
53.455478,-2.74173,shoplifting
53.454616,-2.744781,shoplifting
53.454616,-2.744781,shoplifting
53.454616,-2.744781,shoplifting
53.454616,-2.744781,shoplifting
53.454616,-2.744781,shoplifting
53.454616,-2.744781,shoplifting
53.455478,-2.74173,shoplifting
53.454441,-2.739303,shoplifting
53.454616,-2.744781,shoplifting
53.452978,-2.749126,burglary_biz
53.452631,-2.737012,shoplifting
53.452631,-2.737012,shoplifting
53.452631,-2.737012,shoplifting
53.452631,-2.737012,shoplifting
53.452631,-2.737012,shoplifting
53.452631,-2.737012,shoplifting
53.452631,-2.737012,theft_person
53.443785,-2.761505,burglary_biz
53.444829,-2.74561,robbery_biz
53.443785,-2.761505,shoplifting
53.450902,-2.768861,theft_person
53.438353,-2.75909,robbery_biz
53.427191,-2.744564,burglary_biz
53.446193,-2.732911,shoplifting
53.446193,-2.732911,shoplifting
53.444846,-2.734192,shoplifting
53.44765,-2.734186,shoplifting
53.446193,-2.732911,shoplifting
53.444527,-2.73636,shoplifting
53.444527,-2.73636,shoplifting
53.446193,-2.732911,shoplifting
53.444527,-2.73636,shoplifting
53.446193,-2.732911,shoplifting
53.446193,-2.732911,shoplifting
53.444846,-2.734192,shoplifting
53.446193,-2.732911,shoplifting
53.444846,-2.734192,shoplifting
53.428674,-2.747359,burglary_biz
53.43615,-3.042801,burglary_biz
53.440214,-3.046415,robbery_biz
53.440214,-3.046415,shoplifting
53.440214,-3.046415,shoplifting
53.440214,-3.046415,shoplifting
53.440214,-3.046415,shoplifting
53.440214,-3.046415,shoplifting
53.440214,-3.046415,shoplifting
53.440214,-3.046415,shoplifting
53.439561,-3.038142,theft_person
53.429216,-3.044226,burglary_biz
53.424947,-3.03899,burglary_biz
53.434829,-3.05603,burglary_biz
53.429658,-3.065354,burglary_biz
53.419359,-3.043047,shoplifting
53.417798,-3.036197,burglary_biz
53.414817,-3.031611,burglary_biz
53.415236,-3.032073,robbery_biz
53.415754,-3.047929,burglary_biz
53.418742,-3.047506,burglary_biz
53.419908,-3.045714,burglary_biz
53.421217,-3.04409,robbery_biz
53.419908,-3.045714,shoplifting
53.421217,-3.04409,shoplifting
53.421217,-3.04409,shoplifting
53.411898,-3.042794,burglary_biz
53.410752,-3.030881,burglary_biz
53.410752,-3.030881,burglary_biz
53.40877,-3.024048,burglary_biz
53.410383,-3.02153,shoplifting
53.410383,-3.02153,shoplifting
53.410383,-3.02153,shoplifting
53.410383,-3.02153,shoplifting
53.410383,-3.02153,shoplifting
53.410383,-3.02153,shoplifting
53.412734,-3.027168,robbery_biz
53.406161,-3.106916,burglary_biz
53.397242,-3.10127,burglary_biz
53.406596,-3.042634,burglary_biz
53.410014,-3.044343,burglary_biz
53.41122,-3.046283,burglary_biz
53.411021,-3.045345,burglary_biz
53.4106,-3.047321,burglary_biz
53.411942,-3.045924,shoplifting
53.401215,-3.041119,robbery_biz
53.4122,-3.072545,robbery_biz
53.408035,-3.07036,shoplifting
53.408035,-3.07036,shoplifting
53.411751,-3.073557,shoplifting
53.411966,-3.072584,shoplifting
53.411751,-3.073557,shoplifting
53.41259,-3.07343,shoplifting
53.411751,-3.073557,shoplifting
53.411966,-3.072584,shoplifting
53.411966,-3.072584,shoplifting
53.411751,-3.073557,shoplifting
53.408035,-3.07036,shoplifting
53.408035,-3.07036,shoplifting
53.408035,-3.07036,shoplifting
53.399419,-3.050219,burglary_biz
53.400882,-3.056512,burglary_biz
53.403295,-3.060137,shoplifting
53.403295,-3.060137,shoplifting
53.403295,-3.060137,shoplifting
53.403295,-3.060137,shoplifting
53.403295,-3.060137,shoplifting
53.403295,-3.060137,shoplifting
53.403295,-3.060137,shoplifting
53.401583,-3.111084,shoplifting
53.400338,-3.114375,shoplifting
53.401376,-3.113921,shoplifting
53.398689,-3.110933,burglary_biz
53.404329,-3.119218,burglary_biz
53.410721,-3.118212,burglary_biz
53.410721,-3.118212,shoplifting
53.403153,-3.124798,burglary_biz
53.403153,-3.124798,burglary_biz
53.402304,-3.128129,burglary_biz
53.394932,-3.057538,shoplifting
53.394932,-3.057538,shoplifting
53.392103,-3.027347,burglary_biz
53.389926,-3.028633,robbery_biz
53.389926,-3.028633,robbery_biz
53.388939,-3.028429,shoplifting
53.389466,-3.02772,shoplifting
53.389211,-3.02391,shoplifting
53.388939,-3.028429,shoplifting
53.388939,-3.028429,shoplifting
53.389398,-3.030455,shoplifting
53.388939,-3.028429,shoplifting
53.388939,-3.028429,shoplifting
53.389211,-3.02391,shoplifting
53.388939,-3.028429,shoplifting
53.389926,-3.028633,shoplifting
53.389926,-3.028633,shoplifting
53.388541,-3.03075,shoplifting
53.388939,-3.028429,shoplifting
53.38918,-3.027593,shoplifting
53.38892,-3.031601,shoplifting
53.389926,-3.028633,shoplifting
53.389926,-3.028633,shoplifting
53.389926,-3.028633,shoplifting
53.388939,-3.028429,shoplifting
53.389211,-3.02391,shoplifting
53.389926,-3.028633,shoplifting
53.388939,-3.028429,shoplifting
53.389926,-3.028633,shoplifting
53.389211,-3.02391,shoplifting
53.389926,-3.028633,shoplifting
53.389466,-3.02772,shoplifting
53.389926,-3.028633,shoplifting
53.388939,-3.028429,shoplifting
53.389926,-3.028633,shoplifting
53.389926,-3.028633,shoplifting
53.389926,-3.028633,shoplifting
53.388939,-3.028429,shoplifting
53.389926,-3.028633,shoplifting
53.388939,-3.028429,shoplifting
53.389926,-3.028633,shoplifting
53.388939,-3.028429,shoplifting
53.388939,-3.028429,shoplifting
53.389926,-3.028633,shoplifting
53.389926,-3.028633,shoplifting
53.389926,-3.028633,shoplifting
53.388939,-3.028429,shoplifting
53.388939,-3.028429,shoplifting
53.388939,-3.028429,shoplifting
53.389926,-3.028633,shoplifting
53.389926,-3.028633,shoplifting
53.389926,-3.028633,shoplifting
53.389466,-3.02772,shoplifting
53.388939,-3.028429,shoplifting
53.38892,-3.031601,shoplifting
53.388939,-3.028429,shoplifting
53.389926,-3.028633,shoplifting
53.389926,-3.028633,shoplifting
53.38918,-3.027593,shoplifting
53.389466,-3.02772,shoplifting
53.388939,-3.028429,shoplifting
53.388939,-3.028429,shoplifting
53.389926,-3.028633,shoplifting
53.388939,-3.028429,theft_person
53.389586,-3.03667,robbery_biz
53.396234,-3.027838,burglary_biz
53.398393,-3.019257,burglary_biz
53.393083,-3.022093,shoplifting
53.393083,-3.022093,shoplifting
53.393083,-3.022093,shoplifting
53.396123,-3.016661,theft_person
53.392905,-3.017682,burglary_biz
53.392574,-3.016486,burglary_biz
53.39104,-3.018194,burglary_biz
53.391397,-3.020639,shoplifting
53.391397,-3.020639,shoplifting
53.391397,-3.020639,shoplifting
53.391974,-3.018656,shoplifting
53.391397,-3.020639,shoplifting
53.392453,-3.021115,shoplifting
53.391397,-3.020639,shoplifting
53.391397,-3.020639,theft_person
53.386171,-3.110607,burglary_biz
53.382887,-3.078513,burglary_biz
53.387027,-3.041584,burglary_biz
53.38438,-3.05227,robbery_biz
53.382402,-3.053379,burglary_biz
53.383993,-3.027558,burglary_biz
53.383874,-3.033013,shoplifting
53.383874,-3.033013,shoplifting
53.383874,-3.033013,shoplifting
53.38342,-3.021064,burglary_biz
53.38786,-3.01687,robbery_biz
53.381064,-3.024123,shoplifting
53.381064,-3.024123,shoplifting
53.375653,-3.032633,shoplifting
53.375653,-3.032633,shoplifting
53.375653,-3.032633,shoplifting
53.385413,-3.034899,robbery_biz
53.383589,-3.037892,shoplifting
53.383589,-3.037892,shoplifting
53.383589,-3.037892,shoplifting
53.385413,-3.034899,shoplifting
53.383589,-3.037892,shoplifting
53.383589,-3.037892,shoplifting
53.383589,-3.037892,shoplifting
53.37873,-3.063946,shoplifting
53.375151,-3.059107,burglary_biz
53.371994,-3.059254,burglary_biz
53.373744,-3.047438,shoplifting
53.378733,-3.060669,burglary_biz
53.372645,-3.082899,burglary_biz
53.370195,-3.015007,burglary_biz
53.3719,-3.002602,burglary_biz
53.37781,-3.018014,robbery_biz
53.379076,-3.016045,robbery_biz
53.376082,-3.014996,shoplifting
53.377048,-3.011442,shoplifting
53.373544,-3.012275,theft_person
53.375489,-3.016079,burglary_biz
53.373508,-3.024946,shoplifting
53.367829,-3.030926,burglary_biz
53.357117,-3.004208,shoplifting
53.362845,-2.995356,burglary_biz
53.366493,-2.997756,burglary_biz
53.362845,-2.995356,burglary_biz
53.357778,-3.001549,shoplifting
53.365465,-3.002451,burglary_biz
53.367741,-3.006517,theft_person
53.356173,-3.025326,shoplifting
53.356173,-3.025326,shoplifting
53.356173,-3.025326,shoplifting
53.34639,-3.101311,burglary_biz
53.34639,-3.101311,burglary_biz
53.349046,-3.013693,theft_person
53.341124,-3.007542,shoplifting
53.340546,-2.978517,shoplifting
53.340546,-2.978517,shoplifting
53.341075,-2.977456,shoplifting
53.340546,-2.978517,shoplifting
53.341075,-2.977456,shoplifting
53.340546,-2.978517,shoplifting
53.340546,-2.978517,shoplifting
53.340546,-2.978517,shoplifting
53.349446,-2.999281,burglary_biz
53.350361,-3.002667,robbery_biz
53.350361,-3.002667,shoplifting
53.350361,-3.002667,theft_person
53.328531,-3.099184,shoplifting
53.327972,-3.102248,shoplifting
53.339831,-3.105888,burglary_biz
53.340573,-2.976604,shoplifting
53.332234,-2.972914,shoplifting
53.332234,-2.972914,shoplifting
53.337938,-2.975643,shoplifting
53.332234,-2.972914,shoplifting
53.332234,-2.972914,shoplifting
53.330005,-2.982699,burglary_biz
53.331864,-2.978537,shoplifting
53.331864,-2.978537,shoplifting
53.322704,-2.982944,shoplifting
53.322704,-2.982944,shoplifting
53.326326,-3.094578,shoplifting
53.326326,-3.094578,shoplifting
53.317015,-3.086489,burglary_biz
53.305316,-2.982327,burglary_biz
53.319109,-2.965305,shoplifting
53.319109,-2.965305,shoplifting
53.311884,-2.965022,shoplifting
53.49272,-2.886599,burglary_biz
53.498496,-2.878518,robbery_biz
53.48997,-2.882803,burglary_biz
53.492955,-2.892422,shoplifting
53.480839,-2.878937,burglary_biz
53.479457,-2.875021,robbery_biz
53.482641,-2.88571,shoplifting
53.482641,-2.88571,shoplifting
53.482641,-2.88571,shoplifting
53.483087,-2.884951,shoplifting
53.482641,-2.88571,shoplifting
53.482641,-2.88571,shoplifting
53.482282,-2.886788,shoplifting
53.482282,-2.886788,shoplifting
53.474053,-2.876416,burglary_biz
53.472374,-2.879907,burglary_biz
53.479851,-2.860352,burglary_biz
53.480456,-2.873625,burglary_biz
53.468026,-2.844597,burglary_biz
53.43513,-2.869278,burglary_biz
53.43513,-2.869278,burglary_biz
53.433035,-2.866917,robbery_biz
53.42241,-2.802701,shoplifting
53.42241,-2.802701,shoplifting
53.42241,-2.802701,shoplifting
53.42241,-2.802701,shoplifting
53.42241,-2.802701,shoplifting
53.42241,-2.802701,shoplifting
53.42241,-2.802701,shoplifting
53.42241,-2.802701,shoplifting
53.42241,-2.802701,shoplifting
53.42241,-2.802701,shoplifting
53.42241,-2.802701,shoplifting
53.42241,-2.802701,shoplifting
53.42241,-2.802701,shoplifting
53.42241,-2.802701,shoplifting
53.426798,-2.801023,shoplifting
53.427073,-2.8016,shoplifting
53.426798,-2.801023,shoplifting
53.427797,-2.799492,shoplifting
53.426798,-2.801023,shoplifting
53.426798,-2.801023,shoplifting
53.426798,-2.801023,shoplifting
53.426798,-2.801023,shoplifting
53.426798,-2.801023,shoplifting
53.426798,-2.801023,shoplifting
53.429563,-2.804251,shoplifting
53.427073,-2.8016,shoplifting
53.427073,-2.8016,shoplifting
53.426798,-2.801023,shoplifting
53.426798,-2.801023,shoplifting
53.426798,-2.801023,shoplifting
53.426798,-2.801023,shoplifting
53.426798,-2.801023,shoplifting
53.426798,-2.801023,shoplifting
53.426798,-2.801023,shoplifting
53.42984,-2.799123,shoplifting
53.427363,-2.797286,shoplifting
53.426798,-2.801023,shoplifting
53.426798,-2.801023,shoplifting
53.428272,-2.805174,robbery_biz
53.425604,-2.80091,shoplifting
53.426584,-2.803457,shoplifting
53.426584,-2.803457,shoplifting
53.425604,-2.80091,shoplifting
53.426584,-2.803457,shoplifting
53.425473,-2.798906,shoplifting
53.426584,-2.803457,shoplifting
53.425473,-2.798906,shoplifting
53.426584,-2.803457,shoplifting
53.425473,-2.798906,shoplifting
53.426115,-2.805013,shoplifting
53.425473,-2.798906,shoplifting
53.426584,-2.803457,shoplifting
53.426584,-2.803457,shoplifting
53.425473,-2.798906,shoplifting
53.420099,-2.863313,shoplifting
53.42785,-2.859166,robbery_biz
53.427427,-2.856764,burglary_biz
53.421867,-2.784302,shoplifting
53.421867,-2.784302,shoplifting
53.421867,-2.784302,shoplifting
53.421867,-2.784302,shoplifting
53.423057,-2.789185,shoplifting
53.421867,-2.784302,shoplifting
53.427142,-2.827126,shoplifting
53.423023,-2.842861,robbery_biz
53.42407,-2.837119,shoplifting
53.418461,-2.824204,robbery_biz
53.409343,-2.791503,burglary_biz
53.410405,-2.82316,burglary_biz
53.402424,-2.821652,burglary_biz
53.406879,-2.835096,robbery_biz
53.415284,-2.82339,robbery_biz
53.415284,-2.82339,robbery_biz
53.415625,-2.826135,shoplifting
53.411443,-2.839338,robbery_biz
53.412668,-2.840234,shoplifting
53.410921,-2.839433,shoplifting
53.411443,-2.839338,shoplifting
53.407587,-2.84573,shoplifting
53.389117,-2.765506,burglary_biz
53.365113,-2.844678,robbery_biz
53.368082,-2.846841,theft_person
53.361507,-2.82943,shoplifting
53.360157,-2.829764,shoplifting
53.360157,-2.829764,shoplifting
53.360157,-2.829764,shoplifting
53.360157,-2.829764,shoplifting
53.361886,-2.824028,burglary_biz
53.360269,-2.848354,burglary_biz
53.472443,-2.946078,burglary_biz
53.468632,-2.92769,shoplifting
53.455109,-2.921295,burglary_biz
53.464736,-2.953348,shoplifting
53.46691,-2.955361,shoplifting
53.46517,-2.969761,shoplifting
53.463793,-2.959954,burglary_biz
53.462923,-2.969755,robbery_biz
53.462877,-2.959903,burglary_biz
53.456933,-2.96239,shoplifting
53.457338,-2.962293,shoplifting
53.462082,-2.89682,shoplifting
53.451329,-2.906592,burglary_biz
53.45709,-2.914923,shoplifting
53.455476,-2.909677,burglary_biz
53.469223,-2.941758,robbery_biz
53.453912,-2.931917,burglary_biz
53.448481,-2.967168,burglary_biz
53.452686,-2.967354,shoplifting
53.448985,-2.969242,shoplifting
53.449962,-2.965153,burglary_biz
53.453877,-2.962351,burglary_biz
53.453312,-2.963287,burglary_biz
53.451248,-2.961749,shoplifting
53.451248,-2.961749,shoplifting
53.451248,-2.961749,shoplifting
53.451248,-2.961749,shoplifting
53.446832,-2.947526,theft_person
53.441799,-2.939345,robbery_biz
53.441799,-2.939345,shoplifting
53.441799,-2.939345,shoplifting
53.441799,-2.939345,shoplifting
53.453637,-2.935946,theft_person
53.450583,-2.946013,burglary_biz
53.450583,-2.946013,burglary_biz
53.442814,-2.956485,robbery_biz
53.441739,-2.952622,shoplifting
53.446465,-2.968567,shoplifting
53.446465,-2.968567,shoplifting
53.446465,-2.968567,shoplifting
53.445295,-2.914052,robbery_biz
53.444281,-2.9126,burglary_biz
53.447398,-2.911748,shoplifting
53.442228,-2.927242,shoplifting
53.440467,-2.929319,shoplifting
53.440467,-2.929319,shoplifting
53.440467,-2.929319,shoplifting
53.441692,-2.930068,shoplifting
53.440467,-2.929319,shoplifting
53.441692,-2.930068,shoplifting
53.440467,-2.929319,shoplifting
53.441692,-2.930068,theft_person
53.446798,-2.91967,burglary_biz
53.441904,-2.970165,burglary_biz
53.442101,-2.969085,shoplifting
53.442101,-2.969085,shoplifting
53.441904,-2.970165,theft_person
53.442152,-2.964976,burglary_biz
53.441885,-2.965753,burglary_biz
53.442515,-2.975629,burglary_biz
53.444193,-2.9738,burglary_biz
53.438867,-2.971619,shoplifting
53.438867,-2.971619,shoplifting
53.438867,-2.971619,shoplifting
53.438867,-2.971619,shoplifting
53.438867,-2.971619,shoplifting
53.438867,-2.971619,shoplifting
53.438867,-2.971619,shoplifting
53.438867,-2.971619,shoplifting
53.439203,-2.971819,shoplifting
53.438867,-2.971619,shoplifting
53.438867,-2.971619,shoplifting
53.44161,-2.980802,shoplifting
53.440695,-2.97506,shoplifting
53.434017,-2.973884,burglary_biz
53.438009,-2.974893,shoplifting
53.434867,-2.98313,burglary_biz
53.433327,-2.983501,robbery_biz
53.435266,-2.971684,burglary_biz
53.432689,-2.972484,burglary_biz
53.431824,-2.971651,burglary_biz
53.431162,-2.974586,robbery_biz
53.431162,-2.974586,robbery_biz
53.432696,-2.973793,shoplifting
53.435961,-2.950174,robbery_biz
53.439227,-2.945279,theft_person
53.437732,-2.924984,robbery_biz
53.432145,-2.963154,burglary_biz
53.429577,-2.957166,burglary_biz
53.437493,-2.965337,robbery_biz
53.431267,-2.961588,theft_person
53.431836,-2.966895,burglary_biz
53.431284,-2.967364,burglary_biz
53.431284,-2.967364,shoplifting
53.425423,-2.960609,burglary_biz
53.426127,-2.964764,burglary_biz
53.43085,-2.953071,theft_person
53.428852,-2.958956,shoplifting
53.428195,-2.947909,robbery_biz
53.426276,-2.939288,robbery_biz
53.427385,-2.938921,robbery_biz
53.422433,-2.929603,burglary_biz
53.423117,-2.932973,burglary_biz
53.42158,-2.929479,robbery_biz
53.424302,-2.929689,shoplifting
53.425661,-2.930561,shoplifting
53.425661,-2.930561,shoplifting
53.425661,-2.930561,shoplifting
53.425661,-2.930561,shoplifting
53.425661,-2.930561,shoplifting
53.425661,-2.930561,shoplifting
53.425661,-2.930561,shoplifting
53.425661,-2.930561,shoplifting
53.425661,-2.930561,shoplifting
53.424076,-2.91942,burglary_biz
53.427475,-2.903977,burglary_biz
53.428622,-2.901521,shoplifting
53.426799,-2.902924,shoplifting
53.424556,-2.903599,robbery_biz
53.42609,-2.915792,shoplifting
53.42609,-2.915792,shoplifting
53.42609,-2.915792,shoplifting
53.42609,-2.915792,shoplifting
53.420244,-2.998036,burglary_biz
53.42194,-2.986519,burglary_biz
53.425771,-2.979775,burglary_biz
53.425771,-2.979775,shoplifting
53.425771,-2.979775,shoplifting
53.425771,-2.979775,shoplifting
53.422528,-2.978451,burglary_biz
53.422528,-2.978451,burglary_biz
53.416281,-2.979497,robbery_biz
53.421326,-2.982502,robbery_biz
53.416281,-2.979497,robbery_biz
53.422943,-2.979349,shoplifting
53.422943,-2.979349,shoplifting
53.422943,-2.979349,shoplifting
53.422943,-2.979349,shoplifting
53.424611,-2.980952,shoplifting
53.422943,-2.979349,shoplifting
53.422943,-2.979349,shoplifting
53.424611,-2.980952,shoplifting
53.422943,-2.979349,shoplifting
53.422943,-2.979349,shoplifting
53.422943,-2.979349,shoplifting
53.422943,-2.979349,shoplifting
53.422943,-2.979349,shoplifting
53.422943,-2.979349,shoplifting
53.422943,-2.979349,shoplifting
53.422943,-2.979349,theft_person
53.420561,-2.961613,burglary_biz
53.415159,-2.96605,burglary_biz
53.417632,-2.97372,burglary_biz
53.409862,-2.978522,robbery_biz
53.42197,-2.977461,shoplifting
53.42197,-2.977461,shoplifting
53.42197,-2.977461,shoplifting
53.42197,-2.977461,shoplifting
53.422303,-2.942662,burglary_biz
53.422903,-2.946392,burglary_biz
53.424724,-2.949096,burglary_biz
53.423813,-2.949587,burglary_biz
53.423527,-2.958384,burglary_biz
53.423527,-2.958384,burglary_biz
53.424895,-2.959243,burglary_biz
53.421934,-2.958544,shoplifting
53.422141,-2.95745,shoplifting
53.422141,-2.95745,shoplifting
53.422141,-2.95745,shoplifting
53.415727,-2.959202,burglary_biz
53.421113,-2.947736,burglary_biz
53.421113,-2.947736,robbery_biz
53.418045,-2.876227,robbery_biz
53.425256,-2.871093,robbery_biz
53.418267,-2.868046,burglary_biz
53.417693,-2.866575,shoplifting
53.419448,-2.876165,shoplifting
53.415669,-2.893601,burglary_biz
53.416525,-2.898118,shoplifting
53.418799,-2.895803,robbery_biz
53.418799,-2.895803,robbery_biz
53.418462,-2.896905,shoplifting
53.421155,-2.885996,theft_person
53.419608,-2.894556,theft_person
53.415981,-2.880758,shoplifting
53.419437,-2.886216,shoplifting
53.414749,-2.924771,burglary_biz
53.412885,-2.924023,burglary_biz
53.414365,-2.927922,burglary_biz
53.415835,-2.922703,theft_person
53.423312,-2.915867,shoplifting
53.417761,-2.915297,burglary_biz
53.413827,-2.917243,burglary_biz
53.415646,-2.919329,robbery_biz
53.411068,-2.921893,shoplifting
53.415646,-2.919329,shoplifting
53.412563,-2.912794,shoplifting
53.410742,-2.915191,theft_person
53.408939,-2.923983,shoplifting
53.407713,-2.92428,shoplifting
53.410848,-2.925935,shoplifting
53.410848,-2.925935,shoplifting
53.408939,-2.923983,shoplifting
53.408939,-2.923983,shoplifting
53.410848,-2.925935,shoplifting
53.408939,-2.923983,shoplifting
53.408939,-2.923983,shoplifting
53.408939,-2.923983,shoplifting
53.408939,-2.923983,shoplifting
53.408939,-2.923983,shoplifting
53.408939,-2.923983,shoplifting
53.408939,-2.923983,shoplifting
53.407713,-2.92428,shoplifting
53.410848,-2.925935,shoplifting
53.407713,-2.92428,shoplifting
53.408939,-2.923983,shoplifting
53.408939,-2.923983,shoplifting
53.408939,-2.923983,shoplifting
53.408939,-2.923983,shoplifting
53.409233,-2.937017,burglary_biz
53.4087,-2.935095,shoplifting
53.410908,-2.933218,burglary_biz
53.410908,-2.933218,theft_person
53.415608,-2.94134,burglary_biz
53.414685,-2.94329,theft_person
53.419872,-2.944383,theft_person
53.422084,-2.941949,burglary_biz
53.421994,-2.94431,robbery_biz
53.41341,-2.91063,shoplifting
53.41341,-2.91063,shoplifting
53.41341,-2.91063,shoplifting
53.41341,-2.91063,shoplifting
53.413241,-2.909227,shoplifting
53.41341,-2.91063,shoplifting
53.41341,-2.91063,shoplifting
53.41341,-2.91063,shoplifting
53.415557,-2.910886,burglary_biz
53.415275,-2.913694,theft_person
53.416551,-2.945995,burglary_biz
53.416877,-2.946815,robbery_biz
53.415024,-2.954913,shoplifting
53.412299,-2.944923,burglary_biz
53.413831,-2.948899,robbery_biz
53.412574,-2.94538,shoplifting
53.412574,-2.94538,shoplifting
53.412574,-2.94538,shoplifting
53.412574,-2.94538,shoplifting
53.412574,-2.94538,shoplifting
53.414445,-2.946294,theft_person
53.412427,-2.957052,burglary_biz
53.411965,-2.957462,burglary_biz
53.402504,-2.966952,burglary_biz
53.398973,-2.957908,robbery_biz
53.400872,-2.965395,shoplifting
53.407848,-2.9642,burglary_biz
53.411227,-2.963178,burglary_biz
53.4105,-2.960799,burglary_biz
53.406008,-2.968006,robbery_biz
53.411091,-2.967793,robbery_biz
53.406008,-2.968006,shoplifting
53.406008,-2.968006,shoplifting
53.410621,-2.964774,shoplifting
53.406008,-2.968006,shoplifting
53.4105,-2.960799,theft_person
53.407848,-2.9642,theft_person
53.407848,-2.9642,theft_person
53.4086,-2.971212,theft_person
53.407158,-2.957249,burglary_biz
53.401511,-2.955212,robbery_biz
53.40482,-2.955166,shoplifting
53.406288,-2.955861,theft_person
53.404317,-2.911368,burglary_biz
53.401082,-2.91715,burglary_biz
53.400769,-2.92152,burglary_biz
53.40227,-2.914573,burglary_biz
53.410024,-2.920907,shoplifting
53.40836,-2.917442,shoplifting
53.40836,-2.917442,shoplifting
53.410024,-2.920907,shoplifting
53.410024,-2.920907,shoplifting
53.406696,-2.902258,burglary_biz
53.40421,-2.904206,burglary_biz
53.405027,-2.89589,burglary_biz
53.396756,-2.905627,burglary_biz
53.401184,-2.926041,burglary_biz
53.401538,-2.92668,burglary_biz
53.398644,-2.938243,burglary_biz
53.401819,-2.936854,burglary_biz
53.401346,-2.943161,burglary_biz
53.402668,-2.946544,burglary_biz
53.403838,-2.947483,shoplifting
53.403838,-2.947483,shoplifting
53.403838,-2.947483,shoplifting
53.402769,-2.947434,shoplifting
53.393265,-2.891748,shoplifting
53.402878,-2.881585,burglary_biz
53.404308,-2.880276,burglary_biz
53.400806,-2.969154,burglary_biz
53.400851,-2.968012,shoplifting
53.400851,-2.968012,shoplifting
53.400851,-2.968012,shoplifting
53.400851,-2.968012,shoplifting
53.400851,-2.968012,shoplifting
53.400851,-2.968012,shoplifting
53.39672,-2.963121,burglary_biz
53.400262,-2.965276,robbery_biz
53.400656,-2.964383,shoplifting
53.400656,-2.964383,shoplifting
53.400656,-2.964383,shoplifting
53.400656,-2.964383,shoplifting
53.396451,-2.967476,shoplifting
53.395832,-2.980546,burglary_biz
53.393494,-2.979485,burglary_biz
53.393612,-2.980465,burglary_biz
53.395832,-2.980546,burglary_biz
53.393494,-2.979485,burglary_biz
53.396161,-2.980899,shoplifting
53.394852,-2.978373,shoplifting
53.394671,-2.977331,shoplifting
53.394671,-2.977331,shoplifting
53.392093,-2.935663,robbery_biz
53.392093,-2.935663,shoplifting
53.392093,-2.935663,shoplifting
53.392093,-2.935663,shoplifting
53.399617,-2.926383,burglary_biz
53.396875,-2.931076,robbery_biz
53.397337,-2.935691,burglary_biz
53.397337,-2.935691,shoplifting
53.397337,-2.935691,shoplifting
53.397337,-2.935691,shoplifting
53.397337,-2.935691,shoplifting
53.398149,-2.937179,shoplifting
53.398304,-2.933453,robbery_biz
53.398304,-2.933453,robbery_biz
53.394478,-2.935249,shoplifting
53.394478,-2.935249,shoplifting
53.394478,-2.935249,shoplifting
53.394478,-2.935249,shoplifting
53.396554,-2.933024,shoplifting
53.394478,-2.935249,shoplifting
53.394478,-2.935249,shoplifting
53.394478,-2.935249,shoplifting
53.394478,-2.935249,shoplifting
53.396554,-2.933024,theft_person
53.392216,-2.945109,burglary_biz
53.393436,-2.948836,burglary_biz
53.396347,-2.943396,burglary_biz
53.396347,-2.943396,theft_person
53.394152,-2.954942,burglary_biz
53.384328,-2.853959,burglary_biz
53.393387,-2.856727,burglary_biz
53.390883,-2.859468,shoplifting
53.390883,-2.859468,shoplifting
53.390863,-2.858932,shoplifting
53.389532,-2.858995,shoplifting
53.390883,-2.859468,shoplifting
53.389173,-2.86389,burglary_biz
53.390521,-2.865241,robbery_biz
53.394301,-2.902191,burglary_biz
53.397867,-2.896536,shoplifting
53.394225,-2.913348,burglary_biz
53.389113,-2.912998,shoplifting
53.389113,-2.912998,shoplifting
53.389113,-2.912998,shoplifting
53.389113,-2.912998,shoplifting
53.389113,-2.912998,shoplifting
53.389271,-2.915873,burglary_biz
53.386321,-2.923147,burglary_biz
53.390245,-2.943156,burglary_biz
53.388373,-2.946919,burglary_biz
53.391461,-2.957558,burglary_biz
53.389818,-2.963957,burglary_biz
53.384794,-2.963949,shoplifting
53.384794,-2.963949,shoplifting
53.385432,-2.963858,shoplifting
53.384794,-2.963949,shoplifting
53.385432,-2.963858,shoplifting
53.385432,-2.963858,shoplifting
53.384794,-2.963949,shoplifting
53.385432,-2.963858,shoplifting
53.384794,-2.963949,shoplifting
53.384794,-2.963949,shoplifting
53.385432,-2.963858,shoplifting
53.384794,-2.963949,shoplifting
53.389466,-2.841807,robbery_biz
53.389394,-2.851895,robbery_biz
53.383335,-2.853218,robbery_biz
53.389394,-2.851895,shoplifting
53.385573,-2.871951,burglary_biz
53.380703,-2.860561,burglary_biz
53.395878,-2.877561,robbery_biz
53.386336,-2.864705,burglary_biz
53.386034,-2.870322,burglary_biz
53.387806,-2.942395,robbery_biz
53.382069,-2.945015,shoplifting
53.389607,-2.92824,burglary_biz
53.382436,-2.91517,burglary_biz
53.386,-2.909879,shoplifting
53.381294,-2.909313,shoplifting
53.382407,-2.962241,shoplifting
53.379225,-2.967807,burglary_biz
53.377491,-2.878175,burglary_biz
53.372742,-2.935344,robbery_biz
53.38093,-2.945761,burglary_biz
53.377951,-2.942794,burglary_biz
53.378435,-2.948637,shoplifting
53.378435,-2.948637,shoplifting
53.378435,-2.948637,shoplifting
53.378435,-2.948637,shoplifting
53.378435,-2.948637,shoplifting
53.378435,-2.948637,shoplifting
53.378435,-2.948637,shoplifting
53.377407,-2.947938,shoplifting
53.378435,-2.948637,shoplifting
53.378435,-2.948637,shoplifting
53.378435,-2.948637,shoplifting
53.378435,-2.948637,shoplifting
53.378435,-2.948637,shoplifting
53.378435,-2.948637,shoplifting
53.377407,-2.947938,shoplifting
53.378435,-2.948637,shoplifting
53.378435,-2.948637,shoplifting
53.378435,-2.948637,shoplifting
53.378435,-2.948637,shoplifting
53.372955,-2.92884,burglary_biz
53.362384,-2.906671,burglary_biz
53.362943,-2.89445,burglary_biz
53.36959,-2.902255,burglary_biz
53.370841,-2.902026,burglary_biz
53.371713,-2.854413,burglary_biz
53.357538,-2.86316,shoplifting
53.360696,-2.865192,shoplifting
53.357538,-2.86316,shoplifting
53.357538,-2.86316,shoplifting
53.357538,-2.86316,shoplifting
53.359703,-2.855871,shoplifting
53.359703,-2.855871,shoplifting
53.359703,-2.855871,shoplifting
53.359703,-2.855871,shoplifting
53.359703,-2.855871,shoplifting
53.359803,-2.854445,shoplifting
53.359703,-2.855871,shoplifting
53.359703,-2.855871,shoplifting
53.359703,-2.855871,shoplifting
53.359703,-2.855871,shoplifting
53.359703,-2.855871,shoplifting
53.359703,-2.855871,shoplifting
53.359703,-2.855871,shoplifting
53.364291,-2.930228,theft_person
53.358777,-2.911718,burglary_biz
53.355829,-2.903483,shoplifting
53.355829,-2.903483,shoplifting
53.355829,-2.903483,shoplifting
53.35327,-2.90532,burglary_biz
53.353452,-2.899029,robbery_biz
53.349113,-2.862193,burglary_biz
53.349113,-2.862193,burglary_biz
53.344921,-2.857632,robbery_biz
53.349626,-2.854557,shoplifting
53.348491,-2.861204,shoplifting
53.348447,-2.859761,shoplifting
53.337309,-2.854927,shoplifting
53.349558,-2.883684,robbery_biz
53.351157,-2.882606,shoplifting
53.351157,-2.882606,shoplifting
53.351157,-2.882606,shoplifting
53.35482,-2.891636,shoplifting
53.35482,-2.891636,shoplifting
53.351157,-2.882606,shoplifting
53.351157,-2.882606,shoplifting
53.350869,-2.88263,shoplifting
53.351157,-2.882606,shoplifting
53.350869,-2.88263,shoplifting
53.35482,-2.891636,shoplifting
53.350869,-2.88263,shoplifting
53.34018,-2.823684,burglary_biz
53.34445,-2.824983,robbery_biz
53.345354,-2.839676,robbery_biz
53.3462,-2.838251,shoplifting
53.3462,-2.838251,shoplifting
53.345354,-2.839676,shoplifting
53.3462,-2.838251,shoplifting
53.345092,-2.838648,shoplifting
53.3462,-2.838251,shoplifting
53.345092,-2.838648,shoplifting
53.3462,-2.838251,shoplifting
53.3462,-2.838251,shoplifting
53.33874,-2.825323,burglary_biz
53.341642,-2.82945,burglary_biz
53.410282,-2.968963,burglary_biz
53.410914,-2.968557,robbery_biz
53.410342,-2.970319,shoplifting
53.40938,-2.972614,shoplifting
53.409738,-2.973855,theft_person
53.405928,-2.979199,burglary_biz
53.406403,-2.978247,burglary_biz
53.405418,-2.981172,burglary_biz
53.407972,-2.988648,burglary_biz
53.408454,-2.984702,burglary_biz
53.407972,-2.988648,burglary_biz
53.4067,-2.987023,burglary_biz
53.408411,-2.976758,burglary_biz
53.405998,-2.985999,robbery_biz
53.405998,-2.985999,robbery_biz
53.406827,-2.985823,robbery_biz
53.407062,-2.984535,robbery_biz
53.405998,-2.985999,robbery_biz
53.406404,-2.980398,robbery_biz
53.405173,-2.983574,robbery_biz
53.405308,-2.987924,robbery_biz
53.405311,-2.982163,robbery_biz
53.405998,-2.985999,shoplifting
53.405173,-2.983574,shoplifting
53.40734,-2.980284,shoplifting
53.405311,-2.982163,shoplifting
53.406827,-2.985823,shoplifting
53.405173,-2.983574,shoplifting
53.405928,-2.979199,shoplifting
53.405173,-2.983574,shoplifting
53.405173,-2.983574,shoplifting
53.405928,-2.979199,shoplifting
53.405928,-2.979199,shoplifting
53.405311,-2.982163,shoplifting
53.405311,-2.982163,shoplifting
53.405308,-2.987924,shoplifting
53.405311,-2.982163,shoplifting
53.405173,-2.983574,shoplifting
53.405173,-2.983574,shoplifting
53.405173,-2.983574,shoplifting
53.405308,-2.987924,shoplifting
53.405418,-2.981172,shoplifting
53.405308,-2.987924,shoplifting
53.405308,-2.987924,shoplifting
53.405311,-2.982163,shoplifting
53.405173,-2.983574,shoplifting
53.405173,-2.983574,shoplifting
53.40734,-2.980284,shoplifting
53.405928,-2.979199,shoplifting
53.406404,-2.980398,shoplifting
53.405308,-2.987924,shoplifting
53.405173,-2.983574,shoplifting
53.40734,-2.980284,shoplifting
53.407062,-2.984535,shoplifting
53.405311,-2.982163,shoplifting
53.405173,-2.983574,shoplifting
53.405418,-2.981172,shoplifting
53.405308,-2.987924,shoplifting
53.405311,-2.982163,shoplifting
53.405173,-2.983574,shoplifting
53.405311,-2.982163,shoplifting
53.405173,-2.983574,shoplifting
53.405308,-2.987924,shoplifting
53.405928,-2.979199,shoplifting
53.405928,-2.979199,shoplifting
53.406928,-2.977808,shoplifting
53.405173,-2.983574,shoplifting
53.405311,-2.982163,shoplifting
53.405311,-2.982163,shoplifting
53.405311,-2.982163,shoplifting
53.405311,-2.982163,shoplifting
53.405173,-2.983574,shoplifting
53.40642,-2.979541,shoplifting
53.405173,-2.983574,shoplifting
53.405308,-2.987924,shoplifting
53.405308,-2.987924,shoplifting
53.405308,-2.987924,shoplifting
53.405308,-2.987924,shoplifting
53.40734,-2.980284,shoplifting
53.405173,-2.983574,shoplifting
53.405173,-2.983574,shoplifting
53.405311,-2.982163,shoplifting
53.405173,-2.983574,shoplifting
53.405173,-2.983574,shoplifting
53.405998,-2.985999,shoplifting
53.405308,-2.987924,shoplifting
53.405418,-2.981172,shoplifting
53.405173,-2.983574,shoplifting
53.405173,-2.983574,shoplifting
53.405311,-2.982163,shoplifting
53.405311,-2.982163,shoplifting
53.405308,-2.987924,shoplifting
53.406404,-2.980398,shoplifting
53.405311,-2.982163,shoplifting
53.405173,-2.983574,shoplifting
53.405308,-2.987924,shoplifting
53.405308,-2.987924,shoplifting
53.405173,-2.983574,shoplifting
53.406404,-2.980398,shoplifting
53.406928,-2.977808,shoplifting
53.405308,-2.987924,shoplifting
53.405418,-2.981172,theft_person
53.406404,-2.980398,theft_person
53.408411,-2.976758,theft_person
53.405928,-2.979199,theft_person
53.405418,-2.981172,theft_person
53.405308,-2.987924,theft_person
53.405998,-2.985999,theft_person
53.406404,-2.980398,theft_person
53.407062,-2.984535,theft_person
53.405418,-2.981172,theft_person
53.403277,-2.982417,shoplifting
53.401462,-2.980134,theft_person
53.401971,-2.980567,theft_person
53.401665,-2.978454,theft_person
53.409626,-2.989754,burglary_biz
53.410616,-2.986332,burglary_biz
53.409626,-2.989754,burglary_biz
53.410616,-2.986332,shoplifting
53.410616,-2.986332,shoplifting
53.410616,-2.986332,shoplifting
53.410616,-2.986332,shoplifting
53.410616,-2.986332,shoplifting
53.410616,-2.986332,shoplifting
53.410616,-2.986332,shoplifting
53.410616,-2.986332,shoplifting
53.410616,-2.986332,shoplifting
53.408882,-2.988368,shoplifting
53.410616,-2.986332,shoplifting
53.410616,-2.986332,shoplifting
53.407758,-2.987304,shoplifting
53.410616,-2.986332,shoplifting
53.410616,-2.986332,shoplifting
53.410687,-2.988635,theft_person
53.410687,-2.988635,theft_person
53.40209,-2.971455,burglary_biz
53.405826,-2.976338,robbery_biz
53.405373,-2.964595,shoplifting
53.405373,-2.964595,shoplifting
53.402093,-2.975561,shoplifting
53.405373,-2.964595,shoplifting
53.405775,-2.966627,shoplifting
53.40209,-2.971455,theft_person
53.40222,-2.976541,burglary_biz
53.400991,-2.975145,burglary_biz
53.40222,-2.976541,robbery_biz
53.401933,-2.974158,shoplifting
53.401933,-2.974158,shoplifting
53.401933,-2.974158,shoplifting
53.401933,-2.974158,shoplifting
53.401933,-2.974158,shoplifting
53.401933,-2.974158,shoplifting
53.401933,-2.974158,shoplifting
53.401933,-2.974158,shoplifting
53.401933,-2.974158,shoplifting
53.401933,-2.974158,shoplifting
53.401933,-2.974158,shoplifting
53.401933,-2.974158,shoplifting
53.40222,-2.976541,shoplifting
53.401933,-2.974158,shoplifting
53.401933,-2.974158,shoplifting
53.401933,-2.974158,shoplifting
53.401933,-2.974158,shoplifting
53.401933,-2.974158,shoplifting
53.401933,-2.974158,shoplifting
53.401933,-2.974158,shoplifting
53.401933,-2.974158,shoplifting
53.401933,-2.974158,shoplifting
53.401933,-2.974158,shoplifting
53.401933,-2.974158,shoplifting
53.401933,-2.974158,shoplifting
53.401412,-2.975229,theft_person
53.402484,-2.990295,burglary_biz
53.403897,-2.979152,burglary_biz
53.402232,-2.987893,burglary_biz
53.403263,-2.978686,burglary_biz
53.401583,-2.988334,burglary_biz
53.403854,-2.981132,burglary_biz
53.403851,-2.984807,burglary_biz
53.403897,-2.979152,burglary_biz
53.40467,-2.97917,burglary_biz
53.401575,-2.99256,burglary_biz
53.402156,-2.983143,burglary_biz
53.403263,-2.978686,robbery_biz
53.403589,-2.980529,shoplifting
53.403851,-2.984807,shoplifting
53.403851,-2.984807,shoplifting
53.403319,-2.986058,shoplifting
53.403589,-2.980529,shoplifting
53.403854,-2.981132,shoplifting
53.403319,-2.986058,shoplifting
53.403851,-2.984807,shoplifting
53.403319,-2.986058,shoplifting
53.403319,-2.986058,shoplifting
53.403851,-2.984807,shoplifting
53.402156,-2.983143,shoplifting
53.403851,-2.984807,shoplifting
53.403319,-2.986058,shoplifting
53.404497,-2.983799,shoplifting
53.403319,-2.986058,shoplifting
53.403319,-2.986058,shoplifting
53.403319,-2.986058,shoplifting
53.403319,-2.986058,shoplifting
53.403319,-2.986058,shoplifting
53.403156,-2.97745,shoplifting
53.403854,-2.981132,shoplifting
53.403319,-2.986058,shoplifting
53.403319,-2.986058,shoplifting
53.40467,-2.97917,shoplifting
53.403319,-2.986058,shoplifting
53.403319,-2.986058,shoplifting
53.403319,-2.986058,shoplifting
53.404266,-2.97907,shoplifting
53.403319,-2.986058,shoplifting
53.403319,-2.986058,shoplifting
53.404497,-2.983799,shoplifting
53.403319,-2.986058,shoplifting
53.403851,-2.984807,shoplifting
53.402232,-2.987893,shoplifting
53.403854,-2.981132,theft_person
53.403589,-2.980529,theft_person
53.402232,-2.987893,theft_person
53.392786,-2.978175,shoplifting
53.392786,-2.978175,shoplifting
53.392786,-2.978175,shoplifting
53.392786,-2.978175,shoplifting
53.399901,-2.986355,shoplifting
53.399345,-2.986146,shoplifting
53.399253,-2.985377,shoplifting
53.399253,-2.985377,shoplifting
53.402501,-2.986024,burglary_biz
53.397148,-2.983283,burglary_biz
53.397148,-2.983283,burglary_biz
53.400083,-2.979531,burglary_biz
53.402501,-2.986024,shoplifting
53.402501,-2.986024,shoplifting
53.402501,-2.986024,shoplifting
53.402501,-2.986024,shoplifting
53.402501,-2.986024,shoplifting
53.402501,-2.986024,shoplifting
53.402501,-2.986024,shoplifting
53.402501,-2.986024,shoplifting
53.402501,-2.986024,theft_person
53.41291,-2.999098,burglary_biz
53.412599,-2.998579,robbery_biz
53.412599,-2.998579,shoplifting
53.414805,-2.999233,shoplifting
53.412599,-2.998579,shoplifting
53.409941,-2.989686,burglary_biz
53.41018,-2.986818,burglary_biz
53.411299,-2.992832,burglary_biz
53.409072,-2.99797,shoplifting
53.409569,-2.998749,shoplifting
53.409569,-2.998749,shoplifting
53.409569,-2.998749,shoplifting
53.408848,-2.996806,shoplifting
53.40807,-2.996277,shoplifting
53.408039,-2.995734,burglary_biz
53.40587,-2.991682,burglary_biz
53.409655,-2.994824,shoplifting
53.409655,-2.994824,shoplifting
53.409655,-2.994824,shoplifting
53.409655,-2.994824,shoplifting
53.409655,-2.994824,shoplifting
53.406458,-2.99669,burglary_biz
53.404984,-2.991226,burglary_biz
53.404133,-2.990905,burglary_biz
53.405839,-2.988929,burglary_biz
53.59501,-3.03645,shoplifting
53.59344,-3.040325,shoplifting
53.59344,-3.040325,shoplifting
53.59344,-3.040325,shoplifting
53.564366,-3.082295,burglary_biz
53.564366,-3.082295,burglary_biz
53.564249,-3.06123,burglary_biz
53.556396,-3.060958,shoplifting
53.557515,-3.061439,shoplifting
53.555264,-3.062847,theft_person
53.550983,-3.074525,robbery_biz
53.550983,-3.074525,shoplifting
53.550983,-3.074525,shoplifting
53.550983,-3.074525,shoplifting
53.554473,-3.056819,shoplifting
53.554473,-3.056819,shoplifting
53.554473,-3.056819,shoplifting
53.553564,-3.043073,shoplifting
53.553564,-3.043073,shoplifting
53.553564,-3.043073,shoplifting
53.553564,-3.043073,shoplifting
53.527527,-3.031784,theft_person
53.515954,-2.945448,burglary_biz
53.515769,-2.932435,shoplifting
53.520955,-2.931246,burglary_biz
53.510828,-2.934266,burglary_biz
53.507201,-2.932528,shoplifting
53.507201,-2.932528,shoplifting
53.513073,-2.944422,burglary_biz
53.513285,-2.94643,burglary_biz
53.495577,-3.026034,burglary_biz
53.523471,-3.058807,burglary_biz
53.499304,-3.003043,shoplifting
53.499304,-3.003043,shoplifting
53.499304,-3.003043,shoplifting
53.499304,-3.003043,shoplifting
53.498344,-2.991021,burglary_biz
53.488265,-3.048194,burglary_biz
53.489961,-3.030978,burglary_biz
53.492344,-3.026755,shoplifting
53.492344,-3.026755,shoplifting
53.492344,-3.026755,shoplifting
53.494649,-3.029343,burglary_biz
53.491451,-2.985404,burglary_biz
53.487121,-2.990563,burglary_biz
53.484598,-2.994498,robbery_biz
53.484262,-2.993842,shoplifting
53.494232,-3.023499,burglary_biz
53.491383,-3.007544,robbery_biz
53.49245,-3.023788,shoplifting
53.49245,-3.023788,shoplifting
53.49245,-3.023788,shoplifting
53.48339,-3.016291,burglary_biz
53.48454,-3.021698,burglary_biz
53.489546,-2.914084,shoplifting
53.483901,-2.936145,robbery_biz
53.481151,-2.949768,burglary_biz
53.481151,-2.949768,burglary_biz
53.481151,-2.949768,robbery_biz
53.480843,-2.950122,shoplifting
53.479188,-2.950236,shoplifting
53.479188,-2.950236,shoplifting
53.480843,-2.950122,shoplifting
53.481151,-2.949768,shoplifting
53.481151,-2.949768,shoplifting
53.479188,-2.950236,shoplifting
53.481151,-2.949768,shoplifting
53.481151,-2.949768,shoplifting
53.480843,-2.950122,shoplifting
53.481151,-2.949768,shoplifting
53.481151,-2.949768,shoplifting
53.483566,-2.947847,shoplifting
53.47682,-2.952956,shoplifting
53.475546,-2.953786,shoplifting
53.479188,-2.950236,shoplifting
53.481151,-2.949768,shoplifting
53.480843,-2.950122,shoplifting
53.480843,-2.950122,shoplifting
53.479235,-2.962352,burglary_biz
53.48223,-3.03828,burglary_biz
53.490396,-3.026361,shoplifting
53.475347,-2.961722,robbery_biz
53.475347,-2.961722,shoplifting
53.485661,-2.964439,burglary_biz
53.488238,-2.973845,robbery_biz
53.488238,-2.973845,shoplifting
53.47672,-3.028954,shoplifting
53.475382,-2.998004,burglary_biz
53.474771,-2.99585,shoplifting
53.474771,-2.99585,shoplifting
53.474771,-2.99585,shoplifting
53.47072,-3.024214,burglary_biz
53.472154,-3.019518,burglary_biz
53.469333,-3.000107,robbery_biz
53.470347,-2.999287,shoplifting
53.472811,-2.998064,burglary_biz
53.47269,-2.981232,robbery_biz
53.465613,-3.006466,robbery_biz
53.466033,-2.998116,shoplifting
53.468003,-2.999096,shoplifting
53.466033,-2.998116,shoplifting
53.466033,-2.998116,shoplifting
53.463555,-2.99131,robbery_biz
53.461198,-2.982895,shoplifting
53.461198,-2.982895,shoplifting
53.461198,-2.982895,shoplifting
53.461198,-2.982895,shoplifting
53.461198,-2.982895,shoplifting
53.461198,-2.982895,shoplifting
53.461198,-2.982895,shoplifting
53.461198,-2.982895,shoplifting
53.467425,-2.971048,shoplifting
53.467425,-2.971048,shoplifting
53.467531,-2.972376,shoplifting
53.467531,-2.972376,shoplifting
53.467425,-2.971048,shoplifting
53.467351,-2.976831,shoplifting
53.467531,-2.972376,shoplifting
53.454099,-2.990455,robbery_biz
53.454099,-2.990455,shoplifting
53.454099,-2.990455,shoplifting
53.454099,-2.990455,shoplifting
53.46193,-3.0029,burglary_biz
53.460106,-3.003851,theft_person
53.462485,-2.993514,robbery_biz
53.447838,-2.986381,burglary_biz
53.449568,-2.985909,shoplifting
53.450469,-2.996456,burglary_biz
53.452187,-2.99599,burglary_biz
53.452187,-2.99599,robbery_biz
53.452187,-2.99599,shoplifting
53.452187,-2.99599,shoplifting
53.455004,-2.993836,shoplifting
53.455004,-2.993836,shoplifting
53.455004,-2.993836,shoplifting
53.455004,-2.993836,shoplifting
53.455004,-2.993836,shoplifting
53.452187,-2.99599,shoplifting
53.452187,-2.99599,shoplifting
53.452187,-2.99599,shoplifting
53.45452,-3.005451,shoplifting
53.45452,-3.005451,shoplifting
53.45452,-3.005451,shoplifting
53.444358,-2.990938,burglary_biz
53.446607,-2.990719,burglary_biz
53.447096,-3.001201,shoplifting
53.452052,-2.99309,shoplifting
53.452052,-2.99309,shoplifting
53.452052,-2.99309,shoplifting
53.447096,-3.001201,shoplifting
53.452052,-2.99309,theft_person
53.443125,-2.99115,burglary_biz
53.449967,-2.977817,burglary_biz
53.443734,-2.981574,robbery_biz
53.445499,-2.980109,burglary_biz
53.447016,-2.975958,robbery_biz
53.47312,-2.731929,burglary_biz
53.469887,-2.793383,burglary_biz
53.452855,-2.738582,burglary_biz
53.452307,-2.738593,burglary_biz
53.450553,-2.74297,burglary_biz
53.450817,-2.733759,robbery_biz
53.449584,-2.738435,shoplifting
53.451243,-2.733194,shoplifting
53.451621,-2.744765,shoplifting
53.451621,-2.744765,shoplifting
53.451206,-2.733174,shoplifting
53.451621,-2.744765,shoplifting
53.451888,-2.743716,shoplifting
53.449584,-2.738435,shoplifting
53.451621,-2.744765,shoplifting
53.449584,-2.738435,shoplifting
53.451621,-2.744765,shoplifting
53.449584,-2.738435,shoplifting
53.449584,-2.738435,shoplifting
53.451621,-2.744765,shoplifting
53.451206,-2.733174,shoplifting
53.451206,-2.733174,shoplifting
53.451888,-2.743716,shoplifting
53.451206,-2.733174,shoplifting
53.451888,-2.743716,shoplifting
53.451621,-2.744765,shoplifting
53.451621,-2.744765,shoplifting
53.450394,-2.752574,burglary_biz
53.449574,-2.747274,burglary_biz
53.452185,-2.75369,robbery_biz
53.450773,-2.746693,robbery_biz
53.449624,-2.752139,shoplifting
53.450394,-2.752574,shoplifting
53.450394,-2.752574,shoplifting
53.449624,-2.752139,shoplifting
53.450394,-2.752574,shoplifting
53.454616,-2.744781,robbery_biz
53.454441,-2.739303,robbery_biz
53.454616,-2.744781,shoplifting
53.454616,-2.744781,shoplifting
53.454616,-2.744781,shoplifting
53.454616,-2.744781,shoplifting
53.454616,-2.744781,shoplifting
53.454616,-2.744781,shoplifting
53.45328,-2.74386,shoplifting
53.451867,-2.747073,burglary_biz
53.453512,-2.751379,robbery_biz
53.454412,-2.738263,burglary_biz
53.454412,-2.738263,burglary_biz
53.452631,-2.737012,robbery_biz
53.452631,-2.737012,shoplifting
53.452631,-2.737012,shoplifting
53.452631,-2.737012,shoplifting
53.452631,-2.737012,shoplifting
53.452631,-2.737012,shoplifting
53.452477,-2.734224,shoplifting
53.452631,-2.737012,shoplifting
53.452631,-2.737012,shoplifting
53.453826,-2.737063,theft_person
53.454412,-2.738263,theft_person
53.44539,-2.755,robbery_biz
53.443785,-2.761505,shoplifting
53.443785,-2.761505,shoplifting
53.443785,-2.761505,shoplifting
53.443785,-2.761505,shoplifting
53.443785,-2.761505,shoplifting
53.443785,-2.761505,shoplifting
53.452159,-2.784198,shoplifting
53.43309,-2.766868,burglary_biz
53.440285,-2.77049,burglary_biz
53.41167,-2.75696,shoplifting
53.434131,-2.757284,burglary_biz
53.444846,-2.734192,shoplifting
53.445356,-2.733138,shoplifting
53.445356,-2.733138,shoplifting
53.446193,-2.732911,shoplifting
53.444846,-2.734192,shoplifting
53.444846,-2.734192,shoplifting
53.444846,-2.734192,shoplifting
53.444846,-2.734192,shoplifting
53.446193,-2.732911,shoplifting
53.446193,-2.732911,shoplifting
53.446193,-2.732911,shoplifting
53.446193,-2.732911,shoplifting
53.446193,-2.732911,shoplifting
53.444846,-2.734192,shoplifting
53.440214,-3.046415,shoplifting
53.440214,-3.046415,shoplifting
53.420945,-3.029615,burglary_biz
53.413774,-3.032714,burglary_biz
53.412654,-3.101744,burglary_biz
53.419761,-3.082381,burglary_biz
53.418869,-3.045357,shoplifting
53.418869,-3.045357,shoplifting
53.418869,-3.045357,shoplifting
53.409796,-3.019755,shoplifting
53.406567,-3.01682,burglary_biz
53.410383,-3.02153,shoplifting
53.410383,-3.02153,shoplifting
53.410383,-3.02153,shoplifting
53.410383,-3.02153,shoplifting
53.410383,-3.02153,shoplifting
53.41363,-3.026542,burglary_biz
53.41192,-3.023643,shoplifting
53.404868,-3.096052,burglary_biz
53.407119,-3.10822,burglary_biz
53.406889,-3.113614,burglary_biz
53.410851,-3.037036,burglary_biz
53.411193,-3.049306,burglary_biz
53.4004,-3.045927,burglary_biz
53.405338,-3.077953,burglary_biz
53.408035,-3.07036,shoplifting
53.408035,-3.07036,shoplifting
53.408035,-3.07036,shoplifting
53.4122,-3.072545,shoplifting
53.408035,-3.07036,shoplifting
53.4122,-3.072545,shoplifting
53.41259,-3.07343,shoplifting
53.408035,-3.07036,shoplifting
53.408035,-3.07036,shoplifting
53.411966,-3.072584,shoplifting
53.411751,-3.073557,shoplifting
53.408035,-3.07036,shoplifting
53.399419,-3.050219,burglary_biz
53.399419,-3.050219,burglary_biz
53.403295,-3.060137,shoplifting
53.403295,-3.060137,shoplifting
53.403295,-3.060137,shoplifting
53.403295,-3.060137,shoplifting
53.403295,-3.060137,shoplifting
53.403295,-3.060137,shoplifting
53.399419,-3.050219,shoplifting
53.403295,-3.060137,shoplifting
53.403295,-3.060137,shoplifting
53.403295,-3.060137,shoplifting
53.403295,-3.060137,shoplifting
53.403295,-3.060137,shoplifting
53.398862,-3.082407,burglary_biz
53.396127,-3.084563,burglary_biz
53.401583,-3.111084,shoplifting
53.400338,-3.114375,burglary_biz
53.400338,-3.114375,shoplifting
53.397687,-3.122022,shoplifting
53.400591,-3.112306,burglary_biz
53.400591,-3.112306,shoplifting
53.406013,-3.124663,burglary_biz
53.389211,-3.02391,burglary_biz
53.389211,-3.02391,robbery_biz
53.389926,-3.028633,robbery_biz
53.388939,-3.028429,shoplifting
53.388939,-3.028429,shoplifting
53.388939,-3.028429,shoplifting
53.388939,-3.028429,shoplifting
53.389926,-3.028633,shoplifting
53.388939,-3.028429,shoplifting
53.389926,-3.028633,shoplifting
53.388939,-3.028429,shoplifting
53.389466,-3.02772,shoplifting
53.388939,-3.028429,shoplifting
53.389926,-3.028633,shoplifting
53.388939,-3.028429,shoplifting
53.388939,-3.028429,shoplifting
53.388939,-3.028429,shoplifting
53.389211,-3.02391,shoplifting
53.389211,-3.02391,shoplifting
53.388939,-3.028429,shoplifting
53.389466,-3.02772,shoplifting
53.388939,-3.028429,shoplifting
53.388541,-3.03075,shoplifting
53.388939,-3.028429,shoplifting
53.388939,-3.028429,shoplifting
53.389926,-3.028633,shoplifting
53.389926,-3.028633,shoplifting
53.388939,-3.028429,shoplifting
53.388939,-3.028429,shoplifting
53.388939,-3.028429,shoplifting
53.389211,-3.02391,shoplifting
53.389926,-3.028633,shoplifting
53.388939,-3.028429,shoplifting
53.389211,-3.02391,shoplifting
53.388939,-3.028429,shoplifting
53.389926,-3.028633,shoplifting
53.389211,-3.02391,shoplifting
53.389466,-3.02772,shoplifting
53.389398,-3.030455,theft_person
53.389586,-3.03667,robbery_biz
53.397916,-3.025638,burglary_biz
53.393083,-3.022093,burglary_biz
53.395102,-3.014273,burglary_biz
53.395871,-3.022927,shoplifting
53.391974,-3.018656,burglary_biz
53.390063,-3.019975,robbery_biz
53.391397,-3.020639,shoplifting
53.391397,-3.020639,shoplifting
53.391397,-3.020639,shoplifting
53.391397,-3.020639,shoplifting
53.391397,-3.020639,shoplifting
53.391397,-3.020639,shoplifting
53.390063,-3.019975,shoplifting
53.392437,-3.018754,theft_person
53.391397,-3.020639,theft_person
53.393013,-3.119056,burglary_biz
53.382649,-3.097721,shoplifting
53.379956,-3.102858,shoplifting
53.382649,-3.097721,shoplifting
53.382649,-3.097721,shoplifting
53.382649,-3.097721,shoplifting
53.382649,-3.097721,shoplifting
53.382649,-3.097721,shoplifting
53.389837,-3.090267,burglary_biz
53.379346,-3.092345,burglary_biz
53.386851,-3.028679,robbery_biz
53.38282,-3.017637,robbery_biz
53.388574,-3.018571,robbery_biz
53.38786,-3.01687,shoplifting
53.384641,-3.023349,shoplifting
53.380982,-3.019142,burglary_biz
53.381064,-3.024123,shoplifting
53.381064,-3.024123,shoplifting
53.381064,-3.024123,shoplifting
53.381064,-3.024123,shoplifting
53.376273,-3.03567,burglary_biz
53.374919,-3.033202,burglary_biz
53.38309,-3.035354,burglary_biz
53.384712,-3.034867,burglary_biz
53.385413,-3.034899,robbery_biz
53.385413,-3.034899,robbery_biz
53.383589,-3.037892,shoplifting
53.383589,-3.037892,shoplifting
53.383589,-3.037892,shoplifting
53.385413,-3.034899,shoplifting
53.383589,-3.037892,shoplifting
53.383589,-3.037892,shoplifting
53.376934,-3.069764,burglary_biz
53.37873,-3.063946,shoplifting
53.37873,-3.063946,shoplifting
53.373486,-3.04913,shoplifting
53.369247,-3.095723,theft_person
53.377805,-3.089795,burglary_biz
53.377967,-3.090746,robbery_biz
53.375696,-3.083533,burglary_biz
53.376094,-3.084723,shoplifting
53.37017,-3.076298,shoplifting
53.37017,-3.076298,shoplifting
53.37017,-3.076298,shoplifting
53.3806,-3.015465,burglary_biz
53.372297,-3.014019,burglary_biz
53.371433,-3.014239,burglary_biz
53.364094,-3.014711,burglary_biz
53.36566,-3.011232,burglary_biz
53.362373,-2.99805,burglary_biz
53.364205,-3.000392,robbery_biz
53.360881,-2.998121,burglary_biz
53.357778,-3.001549,shoplifting
53.359163,-2.998261,shoplifting
53.357778,-3.001549,shoplifting
53.359163,-2.998261,shoplifting
53.360012,-2.996628,shoplifting
53.367536,-3.000861,burglary_biz
53.367536,-3.000861,burglary_biz
53.356173,-3.025326,shoplifting
53.356173,-3.025326,shoplifting
53.350196,-3.011557,burglary_biz
53.341124,-3.007542,shoplifting
53.341124,-3.007542,shoplifting
53.341124,-3.007542,shoplifting
53.352394,-2.995038,robbery_biz
53.340546,-2.978517,shoplifting
53.340546,-2.978517,shoplifting
53.340546,-2.978517,shoplifting
53.340546,-2.978517,shoplifting
53.340546,-2.978517,shoplifting
53.340546,-2.978517,shoplifting
53.352229,-3.00504,burglary_biz
53.332653,-2.975597,burglary_biz
53.340199,-2.976532,shoplifting
53.332234,-2.972914,shoplifting
53.332234,-2.972914,shoplifting
53.340199,-2.976532,shoplifting
53.332234,-2.972914,shoplifting
53.340573,-2.976604,shoplifting
53.328075,-2.975883,burglary_biz
53.322704,-2.982944,shoplifting
53.322704,-2.982944,shoplifting
53.322704,-2.982944,shoplifting
53.322704,-2.982944,shoplifting
53.322704,-2.982944,shoplifting
53.322704,-2.982944,shoplifting
53.322704,-2.982944,shoplifting
53.327561,-2.970571,shoplifting
53.322704,-2.982944,shoplifting
53.322704,-2.982944,shoplifting
53.326326,-3.094578,burglary_biz
53.326326,-3.094578,shoplifting
53.319109,-2.965305,shoplifting
53.319109,-2.965305,shoplifting
53.311884,-2.965022,shoplifting
53.311884,-2.965022,shoplifting
53.311884,-2.965022,shoplifting
53.314752,-2.963886,shoplifting
53.311884,-2.965022,shoplifting
53.311884,-2.965022,theft_person
53.486687,-2.869654,robbery_biz
53.484074,-2.87171,robbery_biz
53.497619,-2.882827,burglary_biz
53.494119,-2.879709,robbery_biz
53.490374,-2.880415,burglary_biz
53.495342,-2.896602,burglary_biz
53.471821,-2.877982,robbery_biz
53.482048,-2.881991,burglary_biz
53.482641,-2.88571,shoplifting
53.482689,-2.888846,shoplifting
53.482641,-2.88571,shoplifting
53.483087,-2.884951,shoplifting
53.482003,-2.900073,robbery_biz
53.467039,-2.904562,burglary_biz
53.483848,-2.905718,burglary_biz
53.468132,-2.914497,shoplifting
53.468132,-2.914497,shoplifting
53.470019,-2.91869,shoplifting
53.468132,-2.914497,shoplifting
53.465888,-2.876911,shoplifting
53.474842,-2.875468,burglary_biz
53.472774,-2.869414,burglary_biz
53.452369,-2.863245,burglary_biz
53.472301,-2.852666,burglary_biz
53.477579,-2.857534,burglary_biz
53.471201,-2.850641,burglary_biz
53.473116,-2.853195,robbery_biz
53.427957,-2.848016,robbery_biz
53.42241,-2.802701,shoplifting
53.42241,-2.802701,shoplifting
53.42241,-2.802701,shoplifting
53.42241,-2.802701,shoplifting
53.42241,-2.802701,shoplifting
53.42241,-2.802701,shoplifting
53.42241,-2.802701,shoplifting
53.42241,-2.802701,shoplifting
53.41843,-2.804958,burglary_biz
53.429197,-2.805237,burglary_biz
53.430656,-2.7995,burglary_biz
53.42984,-2.799123,robbery_biz
53.426798,-2.801023,shoplifting
53.426798,-2.801023,shoplifting
53.426798,-2.801023,shoplifting
53.427073,-2.8016,shoplifting
53.426798,-2.801023,shoplifting
53.426798,-2.801023,shoplifting
53.426798,-2.801023,shoplifting
53.427073,-2.8016,shoplifting
53.426798,-2.801023,shoplifting
53.427073,-2.8016,shoplifting
53.426798,-2.801023,shoplifting
53.426798,-2.801023,shoplifting
53.428092,-2.799798,shoplifting
53.429197,-2.805237,shoplifting
53.426584,-2.803457,robbery_biz
53.425473,-2.798906,shoplifting
53.426584,-2.803457,shoplifting
53.426584,-2.803457,shoplifting
53.425473,-2.798906,shoplifting
53.426584,-2.803457,shoplifting
53.426584,-2.803457,shoplifting
53.425604,-2.80091,shoplifting
53.426584,-2.803457,shoplifting
53.426584,-2.803457,shoplifting
53.425604,-2.80091,shoplifting
53.426584,-2.803457,shoplifting
53.426584,-2.803457,shoplifting
53.426584,-2.803457,shoplifting
53.426584,-2.803457,shoplifting
53.425473,-2.798906,shoplifting
53.422926,-2.867644,burglary_biz
53.422271,-2.862469,shoplifting
53.427142,-2.827126,shoplifting
53.421343,-2.847719,robbery_biz
53.423728,-2.834629,burglary_biz
53.42407,-2.837119,shoplifting
53.42407,-2.837119,shoplifting
53.412799,-2.802911,burglary_biz
53.416195,-2.797844,robbery_biz
53.412669,-2.872641,robbery_biz
53.41265,-2.867916,burglary_biz
53.412554,-2.836822,shoplifting
53.412554,-2.836822,shoplifting
53.412554,-2.836822,shoplifting
53.40993,-2.838739,shoplifting
53.40993,-2.838739,shoplifting
53.40993,-2.838739,shoplifting
53.412554,-2.836822,shoplifting
53.412356,-2.838649,shoplifting
53.412554,-2.836822,shoplifting
53.401317,-2.837379,burglary_biz
53.407792,-2.865937,burglary_biz
53.409035,-2.848091,burglary_biz
53.409035,-2.848091,robbery_biz
53.411443,-2.839338,shoplifting
53.410921,-2.839433,shoplifting
53.412668,-2.840234,shoplifting
53.409035,-2.848091,shoplifting
53.412668,-2.840234,shoplifting
53.407587,-2.84573,shoplifting
53.398243,-2.818035,shoplifting
53.398243,-2.818035,shoplifting
53.398243,-2.818035,shoplifting
53.398243,-2.818035,shoplifting
53.370519,-2.842861,theft_person
53.365959,-2.850887,burglary_biz
53.368052,-2.849771,burglary_biz
53.368935,-2.848165,robbery_biz
53.364965,-2.837627,robbery_biz
53.370163,-2.830816,robbery_biz
53.370163,-2.830816,robbery_biz
53.360321,-2.841022,shoplifting
53.363009,-2.829294,burglary_biz
53.357958,-2.822705,burglary_biz
53.359748,-2.850718,burglary_biz
53.359243,-2.842173,burglary_biz
53.356988,-2.840671,burglary_biz
53.457132,-2.91649,shoplifting
53.465355,-2.957971,burglary_biz
53.464643,-2.958241,theft_person
53.46601,-2.969329,shoplifting
53.463793,-2.959954,shoplifting
53.463793,-2.959954,shoplifting
53.456794,-2.961844,burglary_biz
53.457275,-2.963392,robbery_biz
53.452803,-2.905419,theft_person
53.465716,-2.90003,burglary_biz
53.465716,-2.90003,shoplifting
53.465716,-2.90003,shoplifting
53.451609,-2.901734,burglary_biz
53.445624,-2.901411,shoplifting
53.466321,-2.931102,theft_person
53.466321,-2.931102,theft_person
53.453503,-2.967523,burglary_biz
53.452686,-2.967354,shoplifting
53.452686,-2.967354,shoplifting
53.452686,-2.967354,shoplifting
53.453269,-2.965319,burglary_biz
53.451248,-2.961749,burglary_biz
53.451248,-2.961749,burglary_biz
53.451248,-2.961749,robbery_biz
53.45178,-2.963809,shoplifting
53.451248,-2.961749,shoplifting
53.451248,-2.961749,shoplifting
53.451248,-2.961749,shoplifting
53.451248,-2.961749,shoplifting
53.451248,-2.961749,shoplifting
53.451248,-2.961749,shoplifting
53.45178,-2.963809,shoplifting
53.451248,-2.961749,shoplifting
53.451248,-2.961749,shoplifting
53.451248,-2.961749,shoplifting
53.451248,-2.961749,shoplifting
53.451248,-2.961749,shoplifting
53.451248,-2.961749,shoplifting
53.451248,-2.961749,shoplifting
53.45178,-2.963809,shoplifting
53.451248,-2.961749,shoplifting
53.45178,-2.963809,shoplifting
53.451248,-2.961749,shoplifting
53.451248,-2.961749,shoplifting
53.451248,-2.961749,shoplifting
53.451248,-2.961749,shoplifting
53.442395,-2.939976,robbery_biz
53.442395,-2.939976,shoplifting
53.441799,-2.939345,shoplifting
53.441799,-2.939345,shoplifting
53.441799,-2.939345,shoplifting
53.441799,-2.939345,shoplifting
53.441799,-2.939345,shoplifting
53.449745,-2.942878,robbery_biz
53.443639,-2.960072,robbery_biz
53.446293,-2.965371,burglary_biz
53.446465,-2.968567,burglary_biz
53.446465,-2.968567,shoplifting
53.446465,-2.968567,shoplifting
53.446465,-2.968567,shoplifting
53.446465,-2.968567,shoplifting
53.446465,-2.968567,shoplifting
53.446465,-2.968567,shoplifting
53.446465,-2.968567,shoplifting
53.446465,-2.968567,shoplifting
53.446465,-2.968567,shoplifting
53.446465,-2.968567,shoplifting
53.442228,-2.927242,shoplifting
53.440431,-2.924666,shoplifting
53.440467,-2.929319,robbery_biz
53.440467,-2.929319,shoplifting
53.441692,-2.930068,shoplifting
53.441692,-2.930068,shoplifting
53.441692,-2.930068,shoplifting
53.440467,-2.929319,shoplifting
53.440467,-2.929319,shoplifting
53.440467,-2.929319,shoplifting
53.440467,-2.929319,shoplifting
53.440467,-2.929319,shoplifting
53.440467,-2.929319,shoplifting
53.440467,-2.929319,shoplifting
53.440467,-2.929319,shoplifting
53.440467,-2.929319,shoplifting
53.440467,-2.929319,shoplifting
53.440467,-2.929319,shoplifting
53.440467,-2.929319,shoplifting
53.440467,-2.929319,shoplifting
53.440467,-2.929319,shoplifting
53.440467,-2.929319,shoplifting
53.440467,-2.929319,shoplifting
53.440467,-2.929319,shoplifting
53.440467,-2.929319,shoplifting
53.440467,-2.929319,shoplifting
53.440467,-2.929319,shoplifting
53.440467,-2.929319,shoplifting
53.440467,-2.929319,shoplifting
53.445404,-2.922094,robbery_biz
53.441287,-2.938234,shoplifting
53.442101,-2.969085,shoplifting
53.442101,-2.969085,shoplifting
53.442101,-2.969085,shoplifting
53.442101,-2.969085,shoplifting
53.442101,-2.969085,shoplifting
53.442101,-2.969085,shoplifting
53.442101,-2.969085,shoplifting
53.442101,-2.969085,shoplifting
53.441885,-2.965753,burglary_biz
53.437836,-2.967362,robbery_biz
53.438867,-2.971619,robbery_biz
53.439203,-2.971819,robbery_biz
53.438867,-2.971619,shoplifting
53.438867,-2.971619,shoplifting
53.438867,-2.971619,shoplifting
53.438867,-2.971619,shoplifting
53.439203,-2.971819,shoplifting
53.44017,-2.891631,burglary_biz
53.432662,-2.896697,burglary_biz
53.44017,-2.891631,robbery_biz
53.439109,-2.977779,burglary_biz
53.442515,-2.977917,burglary_biz
53.436055,-2.970935,shoplifting
53.436055,-2.970935,shoplifting
53.436055,-2.970935,shoplifting
53.441241,-2.982991,burglary_biz
53.429652,-2.993079,shoplifting
53.438677,-2.950039,robbery_biz
53.438677,-2.950039,robbery_biz
53.438516,-2.941967,burglary_biz
53.43455,-2.943294,burglary_biz
53.437788,-2.913002,robbery_biz
53.430383,-2.873034,robbery_biz
53.430693,-2.878669,robbery_biz
53.424373,-2.876312,burglary_biz
53.424373,-2.876312,burglary_biz
53.434861,-2.889969,shoplifting
53.431259,-2.871366,burglary_biz
53.431267,-2.961588,theft_person
53.432378,-2.966531,robbery_biz
53.428852,-2.958956,shoplifting
53.428852,-2.958956,shoplifting
53.425481,-2.953477,burglary_biz
53.428195,-2.947909,burglary_biz
53.427375,-2.948071,burglary_biz
53.428705,-2.94929,shoplifting
53.427438,-2.935626,burglary_biz
53.424302,-2.929689,burglary_biz
53.424302,-2.929689,burglary_biz
53.424302,-2.929689,robbery_biz
53.424302,-2.929689,shoplifting
53.42158,-2.929479,shoplifting
53.423258,-2.932194,theft_person
53.429481,-2.934121,burglary_biz
53.425661,-2.930561,shoplifting
53.430245,-2.919042,burglary_biz
53.428658,-2.9197,robbery_biz
53.430962,-2.907528,robbery_biz
53.430962,-2.907528,robbery_biz
53.428658,-2.9197,theft_person
53.42609,-2.915792,shoplifting
53.42609,-2.915792,shoplifting
53.42609,-2.915792,shoplifting
53.42609,-2.915792,shoplifting
53.42609,-2.915792,shoplifting
53.42609,-2.915792,shoplifting
53.432132,-2.895527,theft_person
53.422557,-2.993395,burglary_biz
53.422557,-2.993395,burglary_biz
53.422557,-2.993395,burglary_biz
53.421633,-2.988844,shoplifting
53.428843,-2.982269,robbery_biz
53.430895,-2.978583,burglary_biz
53.425771,-2.979775,robbery_biz
53.425771,-2.979775,shoplifting
53.422943,-2.979349,robbery_biz
53.422943,-2.979349,shoplifting
53.422943,-2.979349,shoplifting
53.422943,-2.979349,shoplifting
53.422943,-2.979349,shoplifting
53.422943,-2.979349,shoplifting
53.422943,-2.979349,shoplifting
53.422943,-2.979349,shoplifting
53.422943,-2.979349,shoplifting
53.422943,-2.979349,shoplifting
53.422943,-2.979349,shoplifting
53.422943,-2.979349,shoplifting
53.422943,-2.979349,shoplifting
53.422943,-2.979349,shoplifting
53.424611,-2.980952,shoplifting
53.422943,-2.979349,shoplifting
53.422943,-2.979349,shoplifting
53.421302,-2.981027,shoplifting
53.422943,-2.979349,shoplifting
53.422943,-2.979349,shoplifting
53.424611,-2.980952,shoplifting
53.422943,-2.979349,shoplifting
53.422943,-2.979349,shoplifting
53.414776,-2.970119,theft_person
53.412863,-2.98518,robbery_biz
53.42197,-2.977461,shoplifting
53.42197,-2.977461,shoplifting
53.42197,-2.977461,shoplifting
53.42197,-2.977461,shoplifting
53.414384,-2.979021,theft_person
53.423641,-2.942932,burglary_biz
53.422303,-2.942662,robbery_biz
53.422903,-2.946392,theft_person
53.423075,-2.958675,shoplifting
53.422141,-2.95745,shoplifting
53.421934,-2.958544,shoplifting
53.422141,-2.95745,theft_person
53.413837,-2.963974,shoplifting
53.417453,-2.87,burglary_biz
53.422103,-2.878221,burglary_biz
53.415026,-2.897951,robbery_biz
53.415026,-2.897951,shoplifting
53.418462,-2.896905,robbery_biz
53.420332,-2.924636,burglary_biz
53.415835,-2.922703,shoplifting
53.423312,-2.915867,shoplifting
53.412563,-2.912794,robbery_biz
53.413827,-2.917243,shoplifting
53.410848,-2.925935,robbery_biz
53.410848,-2.925935,shoplifting
53.408939,-2.923983,shoplifting
53.414965,-2.921285,shoplifting
53.408939,-2.923983,shoplifting
53.407713,-2.92428,shoplifting
53.407713,-2.92428,shoplifting
53.408939,-2.923983,shoplifting
53.408939,-2.923983,shoplifting
53.408939,-2.923983,shoplifting
53.408939,-2.923983,shoplifting
53.408939,-2.923983,shoplifting
53.410864,-2.924957,shoplifting
53.408939,-2.923983,shoplifting
53.408939,-2.923983,shoplifting
53.408939,-2.923983,shoplifting
53.408955,-2.941509,burglary_biz
53.408955,-2.941509,burglary_biz
53.411281,-2.941801,robbery_biz
53.409112,-2.939858,shoplifting
53.411496,-2.944941,shoplifting
53.4087,-2.935095,shoplifting
53.410604,-2.928367,shoplifting
53.413039,-2.934227,theft_person
53.416815,-2.942134,burglary_biz
53.414073,-2.942254,burglary_biz
53.416581,-2.938849,burglary_biz
53.413355,-2.939786,burglary_biz
53.413355,-2.939786,robbery_biz
53.423707,-2.937997,burglary_biz
53.420078,-2.945562,burglary_biz
53.422429,-2.940392,robbery_biz
53.425226,-2.943614,shoplifting
53.418346,-2.903377,burglary_biz
53.415143,-2.903791,shoplifting
53.412968,-2.912034,shoplifting
53.412968,-2.912034,shoplifting
53.414204,-2.907893,shoplifting
53.409326,-2.946948,burglary_biz
53.414724,-2.948557,burglary_biz
53.412322,-2.947646,burglary_biz
53.41158,-2.940408,burglary_biz
53.414445,-2.946294,burglary_biz
53.412574,-2.94538,robbery_biz
53.412574,-2.94538,robbery_biz
53.412574,-2.94538,robbery_biz
53.412574,-2.94538,shoplifting
53.412574,-2.94538,shoplifting
53.412574,-2.94538,shoplifting
53.412574,-2.94538,shoplifting
53.412574,-2.94538,shoplifting
53.412574,-2.94538,shoplifting
53.412574,-2.94538,shoplifting
53.412574,-2.94538,shoplifting
53.412574,-2.94538,shoplifting
53.412562,-2.944582,theft_person
53.412562,-2.944582,theft_person
53.401952,-2.960727,robbery_biz
53.400872,-2.965395,shoplifting
53.400872,-2.965395,shoplifting
53.400872,-2.965395,theft_person
53.3973,-2.962442,theft_person
53.406216,-2.97036,burglary_biz
53.4086,-2.971212,burglary_biz
53.409954,-2.959403,burglary_biz
53.4105,-2.960799,shoplifting
53.411227,-2.963178,shoplifting
53.411091,-2.967793,theft_person
53.406866,-2.949947,robbery_biz
53.404278,-2.945271,shoplifting
53.406512,-2.908737,robbery_biz
53.400125,-2.917685,burglary_biz
53.407717,-2.92158,burglary_biz
53.40836,-2.917442,shoplifting
53.40836,-2.917442,shoplifting
53.410024,-2.920907,shoplifting
53.40836,-2.917442,shoplifting
53.410024,-2.920907,shoplifting
53.40836,-2.917442,shoplifting
53.40647,-2.891693,burglary_biz
53.401184,-2.926041,burglary_biz
53.399835,-2.936449,burglary_biz
53.398644,-2.938243,burglary_biz
53.403838,-2.947483,burglary_biz
53.399747,-2.948811,burglary_biz
53.399738,-2.939636,burglary_biz
53.403838,-2.947483,shoplifting
53.403838,-2.947483,shoplifting
53.400851,-2.968012,robbery_biz
53.400656,-2.964383,burglary_biz
53.400656,-2.964383,shoplifting
53.396451,-2.967476,burglary_biz
53.397947,-2.964758,burglary_biz
53.393612,-2.980465,burglary_biz
53.396161,-2.980899,burglary_biz
53.393494,-2.979485,burglary_biz
53.394852,-2.978373,shoplifting
53.394852,-2.978373,shoplifting
53.394852,-2.978373,shoplifting
53.394852,-2.978373,shoplifting
53.394852,-2.978373,shoplifting
53.396918,-2.979593,theft_person
53.392409,-2.934286,burglary_biz
53.392093,-2.935663,shoplifting
53.392093,-2.935663,shoplifting
53.397924,-2.92797,burglary_biz
53.398152,-2.927584,robbery_biz
53.398149,-2.937179,burglary_biz
53.397337,-2.935691,shoplifting
53.397337,-2.935691,shoplifting
53.397337,-2.935691,shoplifting
53.394478,-2.935249,shoplifting
53.394478,-2.935249,shoplifting
53.396554,-2.933024,shoplifting
53.396554,-2.933024,shoplifting
53.396554,-2.933024,shoplifting
53.393436,-2.948836,theft_person
53.397867,-2.948934,burglary_biz
53.39685,-2.946851,burglary_biz
53.391977,-2.950382,robbery_biz
53.397202,-2.955702,shoplifting
53.390863,-2.858932,robbery_biz
53.397379,-2.864011,burglary_biz
53.395322,-2.858916,robbery_biz
53.397867,-2.896536,shoplifting
53.396521,-2.915262,burglary_biz
53.390115,-2.899456,burglary_biz
53.391446,-2.907724,burglary_biz
53.387621,-2.909523,theft_person
53.385078,-2.896268,robbery_biz
53.388917,-2.91985,shoplifting
53.397806,-2.918854,burglary_biz
53.389113,-2.912998,burglary_biz
53.389113,-2.912998,shoplifting
53.389113,-2.912998,shoplifting
53.390449,-2.917043,shoplifting
53.380465,-2.9522,burglary_biz
53.385018,-2.950483,burglary_biz
53.380465,-2.9522,robbery_biz
53.386289,-2.946737,theft_person
53.389866,-2.946801,burglary_biz
53.386754,-2.951574,robbery_biz
53.391446,-2.959393,burglary_biz
53.388754,-2.967783,robbery_biz
53.387747,-2.96779,theft_person
53.384794,-2.963949,shoplifting
53.384794,-2.963949,shoplifting
53.384794,-2.963949,shoplifting
53.385432,-2.963858,shoplifting
53.385432,-2.963858,shoplifting
53.385432,-2.963858,shoplifting
53.384794,-2.963949,shoplifting
53.384794,-2.963949,shoplifting
53.382497,-2.955598,shoplifting
53.391487,-2.870749,robbery_biz
53.386034,-2.870322,burglary_biz
53.391475,-2.891936,burglary_biz
53.387746,-2.888174,burglary_biz
53.382389,-2.888033,burglary_biz
53.382069,-2.945015,burglary_biz
53.382069,-2.945015,burglary_biz
53.382069,-2.945015,robbery_biz
53.382069,-2.945015,robbery_biz
53.382069,-2.945015,shoplifting
53.377395,-2.928907,burglary_biz
53.391091,-2.932694,burglary_biz
53.386199,-2.915657,burglary_biz
53.386,-2.909879,shoplifting
53.38537,-2.909926,shoplifting
53.384166,-2.906322,shoplifting
53.381516,-2.960147,burglary_biz
53.381104,-2.961054,burglary_biz
53.382407,-2.962241,robbery_biz
53.382407,-2.962241,shoplifting
53.380404,-2.969803,robbery_biz
53.375445,-2.865476,shoplifting
53.375445,-2.865476,shoplifting
53.372742,-2.935344,robbery_biz
53.377407,-2.947938,robbery_biz
53.378435,-2.948637,shoplifting
53.378435,-2.948637,shoplifting
53.378435,-2.948637,shoplifting
53.378435,-2.948637,shoplifting
53.378435,-2.948637,shoplifting
53.378435,-2.948637,shoplifting
53.377407,-2.947938,shoplifting
53.378435,-2.948637,shoplifting
53.378435,-2.948637,shoplifting
53.378435,-2.948637,shoplifting
53.378435,-2.948637,shoplifting
53.377407,-2.947938,shoplifting
53.378435,-2.948637,shoplifting
53.378435,-2.948637,shoplifting
53.378435,-2.948637,shoplifting
53.378435,-2.948637,shoplifting
53.369928,-2.909807,robbery_biz
53.371794,-2.903263,shoplifting
53.369928,-2.909807,shoplifting
53.369294,-2.898596,burglary_biz
53.354723,-2.862096,burglary_biz
53.357538,-2.86316,shoplifting
53.357538,-2.86316,shoplifting
53.357538,-2.86316,shoplifting
53.360696,-2.865192,shoplifting
53.357538,-2.86316,shoplifting
53.357538,-2.86316,shoplifting
53.359703,-2.855871,shoplifting
53.359703,-2.855871,shoplifting
53.359703,-2.855871,shoplifting
53.359703,-2.855871,shoplifting
53.359703,-2.855871,shoplifting
53.348233,-2.897432,shoplifting
53.353452,-2.899029,shoplifting
53.353452,-2.899029,shoplifting
53.348744,-2.895265,burglary_biz
53.344921,-2.857632,burglary_biz
53.348447,-2.859761,robbery_biz
53.349113,-2.862193,shoplifting
53.349113,-2.862193,shoplifting
53.349113,-2.862193,shoplifting
53.349113,-2.862193,shoplifting
53.349113,-2.862193,shoplifting
53.349113,-2.862193,shoplifting
53.351743,-2.8552,shoplifting
53.337309,-2.854927,shoplifting
53.337309,-2.854927,shoplifting
53.337309,-2.854927,shoplifting
53.350869,-2.88263,burglary_biz
53.351157,-2.882606,shoplifting
53.35482,-2.891636,shoplifting
53.350869,-2.88263,shoplifting
53.35482,-2.891636,shoplifting
53.351157,-2.882606,shoplifting
53.350869,-2.88263,shoplifting
53.351157,-2.882606,shoplifting
53.351157,-2.882606,shoplifting
53.351157,-2.882606,shoplifting
53.351157,-2.882606,shoplifting
53.350869,-2.88263,shoplifting
53.350869,-2.88263,shoplifting
53.350869,-2.88263,shoplifting
53.351157,-2.882606,shoplifting
53.351157,-2.882606,shoplifting
53.350869,-2.88263,shoplifting
53.343637,-2.823045,burglary_biz
53.340426,-2.837492,burglary_biz
53.340426,-2.837492,robbery_biz
53.346684,-2.841099,shoplifting
53.345092,-2.838648,shoplifting
53.345092,-2.838648,shoplifting
53.345092,-2.838648,shoplifting
53.3462,-2.838251,shoplifting
53.3462,-2.838251,shoplifting
53.3462,-2.838251,shoplifting
53.3462,-2.838251,shoplifting
53.345092,-2.838648,shoplifting
53.345354,-2.839676,shoplifting
53.345354,-2.839676,shoplifting
53.345354,-2.839676,shoplifting
53.3462,-2.838251,shoplifting
53.409963,-2.970581,burglary_biz
53.40938,-2.972614,burglary_biz
53.409246,-2.971377,burglary_biz
53.410282,-2.968963,burglary_biz
53.40938,-2.972614,burglary_biz
53.40938,-2.972614,robbery_biz
53.40938,-2.972614,robbery_biz
53.40938,-2.972614,shoplifting
53.40938,-2.972614,shoplifting
53.40938,-2.972614,shoplifting
53.409012,-2.976968,shoplifting
53.40938,-2.972614,shoplifting
53.40938,-2.972614,shoplifting
53.408965,-2.979359,burglary_biz
53.405998,-2.985999,burglary_biz
53.407972,-2.988648,burglary_biz
53.405308,-2.987924,robbery_biz
53.405418,-2.981172,robbery_biz
53.405311,-2.982163,robbery_biz
53.405311,-2.982163,robbery_biz
53.407062,-2.984535,robbery_biz
53.405311,-2.982163,robbery_biz
53.405418,-2.981172,robbery_biz
53.405173,-2.983574,shoplifting
53.406404,-2.980398,shoplifting
53.405173,-2.983574,shoplifting
53.405418,-2.981172,shoplifting
53.405173,-2.983574,shoplifting
53.407062,-2.984535,shoplifting
53.405173,-2.983574,shoplifting
53.405311,-2.982163,shoplifting
53.405998,-2.985999,shoplifting
53.405173,-2.983574,shoplifting
53.406061,-2.987582,shoplifting
53.405308,-2.987924,shoplifting
53.405308,-2.987924,shoplifting
53.405173,-2.983574,shoplifting
53.405173,-2.983574,shoplifting
53.405418,-2.981172,shoplifting
53.406827,-2.985823,shoplifting
53.405311,-2.982163,shoplifting
53.405173,-2.983574,shoplifting
53.405311,-2.982163,shoplifting
53.406404,-2.980398,shoplifting
53.405311,-2.982163,shoplifting
53.405311,-2.982163,shoplifting
53.405173,-2.983574,shoplifting
53.405418,-2.981172,shoplifting
53.405173,-2.983574,shoplifting
53.406061,-2.987582,shoplifting
53.405418,-2.981172,shoplifting
53.40734,-2.980284,shoplifting
53.405311,-2.982163,shoplifting
53.405311,-2.982163,shoplifting
53.405173,-2.983574,shoplifting
53.405173,-2.983574,shoplifting
53.405311,-2.982163,shoplifting
53.405418,-2.981172,shoplifting
53.405173,-2.983574,shoplifting
53.405308,-2.987924,shoplifting
53.405308,-2.987924,shoplifting
53.405173,-2.983574,shoplifting
53.405173,-2.983574,shoplifting
53.405311,-2.982163,shoplifting
53.405311,-2.982163,shoplifting
53.405311,-2.982163,shoplifting
53.405173,-2.983574,shoplifting
53.405311,-2.982163,shoplifting
53.405311,-2.982163,shoplifting
53.405311,-2.982163,shoplifting
53.405308,-2.987924,shoplifting
53.405173,-2.983574,shoplifting
53.405173,-2.983574,shoplifting
53.406827,-2.985823,shoplifting
53.405311,-2.982163,shoplifting
53.406827,-2.985823,shoplifting
53.405418,-2.981172,shoplifting
53.405173,-2.983574,shoplifting
53.405311,-2.982163,shoplifting
53.406827,-2.985823,shoplifting
53.405173,-2.983574,shoplifting
53.405173,-2.983574,shoplifting
53.406827,-2.985823,shoplifting
53.405998,-2.985999,shoplifting
53.405998,-2.985999,shoplifting
53.406928,-2.977808,shoplifting
53.405311,-2.982163,shoplifting
53.405311,-2.982163,shoplifting
53.405311,-2.982163,shoplifting
53.405308,-2.987924,shoplifting
53.405173,-2.983574,shoplifting
53.405173,-2.983574,shoplifting
53.405173,-2.983574,shoplifting
53.406928,-2.977808,shoplifting
53.405173,-2.983574,shoplifting
53.405311,-2.982163,shoplifting
53.406404,-2.980398,shoplifting
53.406928,-2.977808,shoplifting
53.405418,-2.981172,shoplifting
53.405173,-2.983574,shoplifting
53.407062,-2.984535,shoplifting
53.405173,-2.983574,shoplifting
53.405928,-2.979199,shoplifting
53.405308,-2.987924,shoplifting
53.405998,-2.985999,shoplifting
53.405998,-2.985999,shoplifting
53.405311,-2.982163,shoplifting
53.406435,-2.987505,theft_person
53.405928,-2.979199,theft_person
53.40642,-2.979541,theft_person
53.406418,-2.988431,theft_person
53.406359,-2.98694,theft_person
53.407062,-2.984535,theft_person
53.405173,-2.983574,theft_person
53.405308,-2.987924,theft_person
53.405998,-2.985999,theft_person
53.407062,-2.984535,theft_person
53.407062,-2.984535,theft_person
53.405308,-2.987924,theft_person
53.405418,-2.981172,theft_person
53.405173,-2.983574,theft_person
53.407062,-2.984535,theft_person
53.405998,-2.985999,theft_person
53.406404,-2.980398,theft_person
53.409319,-2.981112,theft_person
53.401889,-2.977599,burglary_biz
53.402999,-2.979056,robbery_biz
53.401605,-2.978016,shoplifting
53.403277,-2.982417,shoplifting
53.403277,-2.982417,shoplifting
53.40307,-2.980246,theft_person
53.401665,-2.978454,theft_person
53.403796,-2.981662,theft_person
53.401665,-2.978454,theft_person
53.402999,-2.979056,theft_person
53.40307,-2.980246,theft_person
53.411418,-2.986004,burglary_biz
53.411295,-2.983549,burglary_biz
53.410687,-2.988635,burglary_biz
53.408696,-2.989161,robbery_biz
53.407563,-2.9859,robbery_biz
53.408882,-2.988368,shoplifting
53.410616,-2.986332,shoplifting
53.410616,-2.986332,shoplifting
53.410616,-2.986332,shoplifting
53.411418,-2.986004,shoplifting
53.410616,-2.986332,shoplifting
53.411418,-2.986004,shoplifting
53.410616,-2.986332,shoplifting
53.410616,-2.986332,shoplifting
53.410616,-2.986332,shoplifting
53.410616,-2.986332,shoplifting
53.411804,-2.987247,shoplifting
53.410616,-2.986332,shoplifting
53.410616,-2.986332,shoplifting
53.410616,-2.986332,shoplifting
53.410616,-2.986332,shoplifting
53.410616,-2.986332,shoplifting
53.402459,-2.971463,burglary_biz
53.402093,-2.975561,robbery_biz
53.405373,-2.964595,shoplifting
53.404135,-2.972073,shoplifting
53.405373,-2.964595,shoplifting
53.402739,-2.969033,theft_person
53.402739,-2.969033,theft_person
53.401933,-2.974158,robbery_biz
53.401842,-2.973254,robbery_biz
53.401933,-2.974158,robbery_biz
53.401933,-2.974158,shoplifting
53.401933,-2.974158,shoplifting
53.401933,-2.974158,shoplifting
53.401933,-2.974158,shoplifting
53.401933,-2.974158,shoplifting
53.401933,-2.974158,shoplifting
53.401933,-2.974158,shoplifting
53.401933,-2.974158,shoplifting
53.401933,-2.974158,shoplifting
53.401933,-2.974158,shoplifting
53.401933,-2.974158,shoplifting
53.401933,-2.974158,shoplifting
53.401933,-2.974158,shoplifting
53.401933,-2.974158,shoplifting
53.401933,-2.974158,shoplifting
53.401933,-2.974158,shoplifting
53.401933,-2.974158,shoplifting
53.401933,-2.974158,shoplifting
53.401933,-2.974158,shoplifting
53.401933,-2.974158,shoplifting
53.401933,-2.974158,shoplifting
53.401933,-2.974158,shoplifting
53.401412,-2.975229,theft_person
53.400271,-2.976301,theft_person
53.392188,-2.985289,burglary_biz
53.398744,-2.992464,theft_person
53.401834,-2.9884,burglary_biz
53.404497,-2.983799,robbery_biz
53.404266,-2.97907,robbery_biz
53.404497,-2.983799,robbery_biz
53.403851,-2.984807,shoplifting
53.403319,-2.986058,shoplifting
53.403319,-2.986058,shoplifting
53.403319,-2.986058,shoplifting
53.403897,-2.979152,shoplifting
53.403897,-2.979152,shoplifting
53.403319,-2.986058,shoplifting
53.403319,-2.986058,shoplifting
53.403851,-2.984807,shoplifting
53.403319,-2.986058,shoplifting
53.403319,-2.986058,shoplifting
53.403319,-2.986058,shoplifting
53.40467,-2.97917,shoplifting
53.403897,-2.979152,shoplifting
53.403319,-2.986058,shoplifting
53.403319,-2.986058,shoplifting
53.403319,-2.986058,shoplifting
53.403851,-2.984807,shoplifting
53.403589,-2.980529,shoplifting
53.403851,-2.984807,shoplifting
53.403319,-2.986058,shoplifting
53.403851,-2.984807,shoplifting
53.403319,-2.986058,shoplifting
53.403319,-2.986058,shoplifting
53.403319,-2.986058,shoplifting
53.404497,-2.983799,shoplifting
53.403319,-2.986058,shoplifting
53.401575,-2.99256,theft_person
53.401575,-2.99256,theft_person
53.403105,-2.979105,theft_person
53.403319,-2.986058,theft_person
53.403263,-2.978686,theft_person
53.402232,-2.987893,theft_person
53.390156,-2.980942,shoplifting
53.399345,-2.986146,burglary_biz
53.398889,-2.984827,burglary_biz
53.399345,-2.986146,shoplifting
53.399345,-2.986146,shoplifting
53.397148,-2.983283,burglary_biz
53.400083,-2.979531,burglary_biz
53.402501,-2.986024,shoplifting
53.402501,-2.986024,shoplifting
53.401826,-2.986174,shoplifting
53.401826,-2.986174,shoplifting
53.401826,-2.986174,shoplifting
53.401826,-2.986174,shoplifting
53.395885,-2.98175,theft_person
53.416227,-2.997942,burglary_biz
53.415474,-2.983676,burglary_biz
53.414814,-3.003491,burglary_biz
53.415781,-3.001889,burglary_biz
53.416631,-2.987193,robbery_biz
53.411845,-2.989821,robbery_biz
53.412599,-2.998579,shoplifting
53.414826,-2.990251,shoplifting
53.412116,-2.998312,burglary_biz
53.410364,-2.992885,burglary_biz
53.411693,-2.99087,burglary_biz
53.410915,-2.994727,burglary_biz
53.409941,-2.989686,burglary_biz
53.411299,-2.992832,burglary_biz
53.409072,-2.99797,shoplifting
53.409072,-2.99797,shoplifting
53.408747,-2.993765,burglary_biz
53.40839,-2.994569,burglary_biz
53.407182,-2.992826,burglary_biz
53.409774,-2.993488,robbery_biz
53.409774,-2.993488,shoplifting
53.409655,-2.994824,shoplifting
53.409655,-2.994824,shoplifting
53.405839,-2.988929,burglary_biz
53.404133,-2.990905,burglary_biz
53.404984,-2.991226,burglary_biz
53.405839,-2.988929,shoplifting
53.59501,-3.03645,shoplifting
53.59344,-3.040325,shoplifting
53.569028,-3.067661,burglary_biz
53.562492,-3.05871,theft_person
53.556396,-3.060958,shoplifting
53.557515,-3.061439,shoplifting
53.556396,-3.060958,shoplifting
53.556396,-3.060958,shoplifting
53.550983,-3.074525,shoplifting
53.550983,-3.074525,shoplifting
53.550983,-3.074525,shoplifting
53.550983,-3.074525,shoplifting
53.550983,-3.074525,shoplifting
53.550983,-3.074525,shoplifting
53.550983,-3.074525,shoplifting
53.550983,-3.074525,shoplifting
53.550983,-3.074525,shoplifting
53.550983,-3.074525,shoplifting
53.550983,-3.074525,shoplifting
53.550983,-3.074525,shoplifting
53.550983,-3.074525,shoplifting
53.554473,-3.056819,shoplifting
53.554473,-3.056819,shoplifting
53.554473,-3.056819,shoplifting
53.554473,-3.056819,shoplifting
53.551764,-3.04697,burglary_biz
53.554164,-3.044871,shoplifting
53.549689,-3.053998,shoplifting
53.549689,-3.053998,shoplifting
53.515945,-2.954437,burglary_biz
53.51657,-2.943698,shoplifting
53.515769,-2.932435,shoplifting
53.525268,-2.939547,burglary_biz
53.503454,-2.937044,robbery_biz
53.506404,-2.934546,burglary_biz
53.506326,-2.935222,robbery_biz
53.513423,-2.94388,shoplifting
53.504809,-3.00159,burglary_biz
53.499304,-3.003043,shoplifting
53.499304,-3.003043,shoplifting
53.499304,-3.003043,shoplifting
53.499304,-3.003043,shoplifting
53.499304,-3.003043,shoplifting
53.499304,-3.003043,shoplifting
53.499304,-3.003043,shoplifting
53.491562,-2.950433,shoplifting
53.485089,-3.045463,burglary_biz
53.489072,-3.029796,robbery_biz
53.492344,-3.026755,shoplifting
53.491975,-3.026761,shoplifting
53.491975,-3.026761,shoplifting
53.492344,-3.026755,shoplifting
53.491975,-3.026761,shoplifting
53.492344,-3.026755,shoplifting
53.482999,-2.99975,burglary_biz
53.49245,-3.023788,shoplifting
53.49245,-3.023788,shoplifting
53.49245,-3.023788,shoplifting
53.49245,-3.023788,shoplifting
53.49245,-3.023788,shoplifting
53.49245,-3.023788,shoplifting
53.49245,-3.023788,shoplifting
53.49245,-3.023788,shoplifting
53.49245,-3.023788,shoplifting
53.487268,-3.012691,shoplifting
53.496721,-2.925559,robbery_biz
53.479119,-2.954363,burglary_biz
53.483566,-2.947847,shoplifting
53.480843,-2.950122,shoplifting
53.483566,-2.947847,shoplifting
53.483566,-2.947847,shoplifting
53.481151,-2.949768,shoplifting
53.485733,-2.948936,shoplifting
53.480843,-2.950122,shoplifting
53.483566,-2.947847,shoplifting
53.480843,-2.950122,shoplifting
53.485733,-2.948936,shoplifting
53.483566,-2.947847,shoplifting
53.480843,-2.950122,shoplifting
53.480843,-2.950122,shoplifting
53.479119,-2.954363,shoplifting
53.480394,-2.949971,shoplifting
53.481151,-2.949768,shoplifting
53.485501,-2.941832,burglary_biz
53.48561,-2.953122,shoplifting
53.490396,-3.026361,shoplifting
53.475861,-2.966012,burglary_biz
53.485661,-2.964439,shoplifting
53.483067,-2.969561,shoplifting
53.483067,-2.969561,shoplifting
53.482396,-2.96604,shoplifting
53.483067,-2.969561,shoplifting
53.485661,-2.964439,shoplifting
53.483777,-2.989536,shoplifting
53.479466,-3.015881,robbery_biz
53.477152,-2.980838,burglary_biz
53.474771,-2.99585,shoplifting
53.474771,-2.99585,shoplifting
53.473762,-3.027978,burglary_biz
53.473372,-3.028376,burglary_biz
53.474729,-3.026329,shoplifting
53.474729,-3.026329,theft_person
53.473386,-2.995938,burglary_biz
53.469333,-3.000107,robbery_biz
53.472655,-2.98768,burglary_biz
53.460042,-3.007208,shoplifting
53.460042,-3.007208,shoplifting
53.46449,-2.998863,burglary_biz
53.466033,-2.998116,robbery_biz
53.466033,-2.998116,shoplifting
53.466033,-2.998116,shoplifting
53.466033,-2.998116,shoplifting
53.468006,-3.000829,shoplifting
53.466033,-2.998116,shoplifting
53.466033,-2.998116,shoplifting
53.466033,-2.998116,shoplifting
53.466033,-2.998116,shoplifting
53.46595,-3.003703,theft_person
53.45971,-2.981234,burglary_biz
53.461198,-2.982895,robbery_biz
53.461198,-2.982895,robbery_biz
53.461198,-2.982895,shoplifting
53.461198,-2.982895,shoplifting
53.461198,-2.982895,shoplifting
53.461198,-2.982895,shoplifting
53.461198,-2.982895,shoplifting
53.459331,-2.986843,shoplifting
53.461198,-2.982895,shoplifting
53.467531,-2.972376,shoplifting
53.467732,-2.982926,burglary_biz
53.467192,-2.981934,burglary_biz
53.463015,-2.973885,burglary_biz
53.454099,-2.990455,robbery_biz
53.454099,-2.990455,shoplifting
53.454099,-2.990455,shoplifting
53.453555,-2.988532,theft_person
53.461152,-3.004568,burglary_biz
53.460303,-3.000738,burglary_biz
53.460799,-3.005961,burglary_biz
53.460303,-3.000738,burglary_biz
53.459338,-3.002266,burglary_biz
53.458615,-3.001602,robbery_biz
53.455841,-2.994729,shoplifting
53.458924,-2.991563,shoplifting
53.458924,-2.991563,shoplifting
53.460825,-2.998581,burglary_biz
53.46059,-2.997612,burglary_biz
53.459388,-2.994089,shoplifting
53.449568,-2.985909,burglary_biz
53.447838,-2.986381,burglary_biz
53.447838,-2.986381,burglary_biz
53.451637,-2.990098,shoplifting
53.450101,-2.988888,theft_person
53.449056,-2.994571,burglary_biz
53.450469,-2.996456,burglary_biz
53.455004,-2.993836,robbery_biz
53.45097,-2.993546,shoplifting
53.452187,-2.99599,shoplifting
53.45097,-2.993546,shoplifting
53.455004,-2.993836,shoplifting
53.452187,-2.99599,shoplifting
53.452187,-2.99599,shoplifting
53.455004,-2.993836,shoplifting
53.452187,-2.99599,shoplifting
53.452187,-2.99599,shoplifting
53.452187,-2.99599,shoplifting
53.455004,-2.993836,shoplifting
53.452187,-2.99599,shoplifting
53.455004,-2.993836,shoplifting
53.455004,-2.993836,shoplifting
53.45452,-3.005451,shoplifting
53.444475,-2.993109,burglary_biz
53.44983,-2.991186,burglary_biz
53.451725,-2.992525,burglary_biz
53.451286,-2.993433,burglary_biz
53.446607,-2.990719,burglary_biz
53.448724,-2.99128,burglary_biz
53.450514,-3.005025,burglary_biz
53.446607,-2.990719,burglary_biz
53.446607,-2.990719,burglary_biz
53.451725,-2.992525,robbery_biz
53.451725,-2.992525,shoplifting
53.451725,-2.992525,shoplifting
53.4526,-2.993337,shoplifting
53.451725,-2.992525,shoplifting
53.451725,-2.992525,shoplifting
53.4526,-2.993337,shoplifting
53.451725,-2.992525,shoplifting
53.4526,-2.993337,shoplifting
53.452052,-2.99309,shoplifting
53.451725,-2.992525,shoplifting
53.450862,-3.004326,theft_person
53.442991,-2.998569,burglary_biz
53.441452,-2.989048,theft_person
53.443734,-2.981574,burglary_biz
53.443734,-2.981574,robbery_biz
53.447817,-2.984574,robbery_biz
53.443734,-2.981574,robbery_biz
53.456748,-2.977386,burglary_biz
53.456181,-2.984105,theft_person
53.517567,-2.804906,burglary_biz
53.481028,-2.770927,burglary_biz
53.481028,-2.770927,burglary_biz
53.473056,-2.730647,burglary_biz
53.461202,-2.744963,burglary_biz
53.459027,-2.753495,burglary_biz
53.461181,-2.776366,shoplifting
53.452855,-2.738582,burglary_biz
53.451206,-2.733174,robbery_biz
53.45151,-2.738017,robbery_biz
53.451621,-2.744765,shoplifting
53.451621,-2.744765,shoplifting
53.451621,-2.744765,shoplifting
53.45151,-2.738017,shoplifting
53.451621,-2.744765,shoplifting
53.451206,-2.733174,shoplifting
53.451621,-2.744765,shoplifting
53.452855,-2.738582,shoplifting
53.451621,-2.744765,shoplifting
53.449584,-2.738435,shoplifting
53.451621,-2.744765,shoplifting
53.451621,-2.744765,shoplifting
53.451621,-2.744765,shoplifting
53.449584,-2.738435,shoplifting
53.451621,-2.744765,shoplifting
53.449584,-2.738435,shoplifting
53.451206,-2.733174,shoplifting
53.449584,-2.738435,shoplifting
53.451621,-2.744765,shoplifting
53.449584,-2.738435,shoplifting
53.449584,-2.738435,shoplifting
53.449584,-2.738435,shoplifting
53.451621,-2.744765,shoplifting
53.449881,-2.733998,theft_person
53.449624,-2.752139,burglary_biz
53.449624,-2.752139,shoplifting
53.450394,-2.752574,shoplifting
53.458159,-2.741325,burglary_biz
53.454616,-2.744781,shoplifting
53.454616,-2.744781,shoplifting
53.455478,-2.74173,shoplifting
53.454616,-2.744781,shoplifting
53.454441,-2.739303,theft_person
53.454441,-2.739303,theft_person
53.452887,-2.746474,burglary_biz
53.459455,-2.736679,burglary_biz
53.453796,-2.730301,burglary_biz
53.454412,-2.738263,burglary_biz
53.452473,-2.731935,burglary_biz
53.453498,-2.737705,burglary_biz
53.452631,-2.737012,shoplifting
53.452631,-2.737012,shoplifting
53.443785,-2.761505,shoplifting
53.443785,-2.761505,shoplifting
53.438694,-2.762031,burglary_biz
53.421348,-2.768688,burglary_biz
53.416518,-2.7649,shoplifting
53.435795,-2.762807,burglary_biz
53.436371,-2.758467,robbery_biz
53.43459,-2.745837,burglary_biz
53.445356,-2.733138,burglary_biz
53.438778,-2.737194,robbery_biz
53.444846,-2.734192,shoplifting
53.444846,-2.734192,shoplifting
53.444527,-2.73636,shoplifting
53.444846,-2.734192,shoplifting
53.44765,-2.734186,shoplifting
53.444846,-2.734192,shoplifting
53.444846,-2.734192,shoplifting
53.438994,-2.735632,shoplifting
53.444846,-2.734192,shoplifting
53.446193,-2.732911,shoplifting
53.446193,-2.732911,shoplifting
53.44765,-2.734186,shoplifting
53.44765,-2.734186,shoplifting
53.446193,-2.732911,shoplifting
53.438994,-2.735632,shoplifting
53.444846,-2.734192,shoplifting
53.446193,-2.732911,shoplifting
53.428524,-2.749915,shoplifting
53.436742,-3.040858,burglary_biz
53.438178,-3.051416,burglary_biz
53.438178,-3.051416,burglary_biz
53.440214,-3.046415,shoplifting
53.440214,-3.046415,shoplifting
53.440214,-3.046415,shoplifting
53.440214,-3.046415,theft_person
53.437613,-3.042054,robbery_biz
53.419634,-3.035941,burglary_biz
53.419702,-3.06193,burglary_biz
53.422023,-3.031966,shoplifting
53.415236,-3.032073,robbery_biz
53.41969,-3.048056,burglary_biz
53.420281,-3.047243,burglary_biz
53.420233,-3.043495,shoplifting
53.419908,-3.045714,shoplifting
53.411523,-3.031125,shoplifting
53.409823,-3.01762,burglary_biz
53.411841,-3.020226,robbery_biz
53.410383,-3.02153,shoplifting
53.412734,-3.027168,robbery_biz
53.405726,-3.111117,burglary_biz
53.4106,-3.047321,burglary_biz
53.411193,-3.049306,robbery_biz
53.411942,-3.045924,shoplifting
53.412031,-3.037832,robbery_biz
53.401215,-3.041119,burglary_biz
53.3986,-3.048629,shoplifting
53.411751,-3.073557,burglary_biz
53.408035,-3.07036,robbery_biz
53.4122,-3.072545,robbery_biz
53.408035,-3.07036,shoplifting
53.408035,-3.07036,shoplifting
53.411751,-3.073557,shoplifting
53.408035,-3.07036,shoplifting
53.4122,-3.072545,shoplifting
53.4122,-3.072545,shoplifting
53.411966,-3.072584,shoplifting
53.408035,-3.07036,shoplifting
53.411751,-3.073557,shoplifting
53.4122,-3.072545,shoplifting
53.400153,-3.05669,burglary_biz
53.403295,-3.060137,shoplifting
53.403295,-3.060137,shoplifting
53.403295,-3.060137,shoplifting
53.403295,-3.060137,shoplifting
53.403295,-3.060137,shoplifting
53.403295,-3.060137,shoplifting
53.403295,-3.060137,shoplifting
53.403295,-3.060137,shoplifting
53.403295,-3.060137,shoplifting
53.400338,-3.114375,shoplifting
53.401376,-3.113921,shoplifting
53.405361,-3.11553,burglary_biz
53.405361,-3.11553,burglary_biz
53.403399,-3.114907,burglary_biz
53.400591,-3.112306,shoplifting
53.395451,-3.056709,shoplifting
53.394932,-3.057538,theft_person
53.387693,-3.026986,burglary_biz
53.388541,-3.03075,burglary_biz
53.389398,-3.030455,burglary_biz
53.389211,-3.02391,burglary_biz
53.389926,-3.028633,robbery_biz
53.389926,-3.028633,robbery_biz
53.388939,-3.028429,robbery_biz
53.388939,-3.028429,shoplifting
53.389466,-3.02772,shoplifting
53.389211,-3.02391,shoplifting
53.389926,-3.028633,shoplifting
53.389466,-3.02772,shoplifting
53.38918,-3.027593,shoplifting
53.389926,-3.028633,shoplifting
53.389926,-3.028633,shoplifting
53.389211,-3.02391,shoplifting
53.389926,-3.028633,shoplifting
53.389466,-3.02772,shoplifting
53.389211,-3.02391,shoplifting
53.389211,-3.02391,shoplifting
53.389211,-3.02391,shoplifting
53.388939,-3.028429,shoplifting
53.389926,-3.028633,shoplifting
53.389926,-3.028633,shoplifting
53.388056,-3.025461,shoplifting
53.390059,-3.027704,shoplifting
53.389211,-3.02391,shoplifting
53.388939,-3.028429,shoplifting
53.388939,-3.028429,shoplifting
53.388939,-3.028429,shoplifting
53.389926,-3.028633,shoplifting
53.388541,-3.03075,shoplifting
53.390059,-3.027704,shoplifting
53.389211,-3.02391,shoplifting
53.389398,-3.030455,shoplifting
53.389211,-3.02391,shoplifting
53.389211,-3.02391,shoplifting
53.389211,-3.02391,shoplifting
53.388939,-3.028429,shoplifting
53.388939,-3.028429,shoplifting
53.389926,-3.028633,shoplifting
53.38655,-3.035438,burglary_biz
53.389586,-3.03667,robbery_biz
53.395551,-3.029837,burglary_biz
53.398963,-3.037559,burglary_biz
53.394971,-3.019912,robbery_biz
53.395871,-3.022927,shoplifting
53.392905,-3.017682,burglary_biz
53.391422,-3.017692,burglary_biz
53.390063,-3.019975,robbery_biz
53.390063,-3.019975,robbery_biz
53.391397,-3.020639,shoplifting
53.391397,-3.020639,shoplifting
53.391397,-3.020639,shoplifting
53.391397,-3.020639,shoplifting
53.391397,-3.020639,shoplifting
53.390063,-3.019975,shoplifting
53.391397,-3.020639,shoplifting
53.379956,-3.102858,shoplifting
53.382649,-3.097721,shoplifting
53.382649,-3.097721,shoplifting
53.38164,-3.09992,shoplifting
53.382649,-3.097721,shoplifting
53.379956,-3.102858,shoplifting
53.382649,-3.097721,shoplifting
53.390658,-3.047733,burglary_biz
53.38438,-3.05227,burglary_biz
53.383896,-3.021061,burglary_biz
53.383845,-3.017526,shoplifting
53.38786,-3.01687,shoplifting
53.381064,-3.024123,shoplifting
53.381064,-3.024123,shoplifting
53.381064,-3.024123,shoplifting
53.381064,-3.024123,shoplifting
53.381064,-3.024123,shoplifting
53.381064,-3.024123,shoplifting
53.381064,-3.024123,shoplifting
53.381064,-3.024123,shoplifting
53.381064,-3.024123,shoplifting
53.377265,-3.034341,shoplifting
53.375653,-3.032633,shoplifting
53.375653,-3.032633,shoplifting
53.375653,-3.032633,shoplifting
53.375653,-3.032633,shoplifting
53.382998,-3.041817,burglary_biz
53.383589,-3.037892,shoplifting
53.383589,-3.037892,shoplifting
53.383589,-3.037892,shoplifting
53.385413,-3.034899,shoplifting
53.385413,-3.034899,shoplifting
53.383589,-3.037892,shoplifting
53.381311,-3.040423,theft_person
53.379761,-3.037724,burglary_biz
53.37873,-3.063946,burglary_biz
53.373486,-3.04913,shoplifting
53.377573,-3.084633,robbery_biz
53.37017,-3.076298,theft_person
53.368816,-3.0005,theft_person
53.378964,-3.014388,shoplifting
53.378964,-3.014388,shoplifting
53.378964,-3.014388,shoplifting
53.373219,-3.010269,burglary_biz
53.372297,-3.014019,burglary_biz
53.372587,-3.019122,burglary_biz
53.373508,-3.024946,shoplifting
53.369626,-3.028971,shoplifting
53.365172,-3.017938,shoplifting
53.365172,-3.017938,shoplifting
53.365172,-3.017938,shoplifting
53.373021,-3.045737,burglary_biz
53.360506,-2.998863,robbery_biz
53.359163,-2.998261,shoplifting
53.360506,-2.998863,shoplifting
53.365465,-3.002451,burglary_biz
53.358358,-3.005184,robbery_biz
53.363317,-3.030817,burglary_biz
53.356173,-3.025326,shoplifting
53.356173,-3.025326,shoplifting
53.356173,-3.025326,shoplifting
53.356173,-3.025326,shoplifting
53.344448,-3.094546,shoplifting
53.349314,-3.027535,robbery_biz
53.349677,-2.99523,burglary_biz
53.34756,-2.984981,shoplifting
53.34756,-2.984981,shoplifting
53.34756,-2.984981,shoplifting
53.34756,-2.984981,shoplifting
53.340546,-2.978517,shoplifting
53.340546,-2.978517,shoplifting
53.340546,-2.978517,shoplifting
53.340546,-2.978517,shoplifting
53.349101,-3.001811,shoplifting
53.328703,-3.098062,shoplifting
53.327972,-3.102248,shoplifting
53.334733,-3.098217,shoplifting
53.332653,-2.975597,shoplifting
53.340199,-2.976532,shoplifting
53.340199,-2.976532,shoplifting
53.340199,-2.976532,shoplifting
53.329962,-2.986917,theft_person
53.331864,-2.978537,shoplifting
53.322704,-2.982944,shoplifting
53.322704,-2.982944,shoplifting
53.322704,-2.982944,shoplifting
53.322704,-2.982944,shoplifting
53.322704,-2.982944,shoplifting
53.326326,-3.094578,shoplifting
53.316804,-2.987785,robbery_biz
53.307371,-2.975065,burglary_biz
