lat,lng,cat
51.414948,-2.499162,shoplifting
51.413537,-2.498989,shoplifting
51.408184,-2.501791,burglary_biz
51.405375,-2.511062,shoplifting
51.412074,-2.49197,burglary_biz
51.408997,-2.488242,shoplifting
51.408997,-2.488242,shoplifting
51.408997,-2.488242,shoplifting
51.408997,-2.488242,shoplifting
51.409328,-2.473178,shoplifting
51.39768,-2.357619,burglary_biz
51.397161,-2.344708,burglary_biz
51.396723,-2.39267,burglary_biz
51.396723,-2.39267,burglary_biz
51.392611,-2.354102,shoplifting
51.391507,-2.350342,shoplifting
51.391507,-2.350342,shoplifting
51.391507,-2.350342,shoplifting
51.391507,-2.350342,shoplifting
51.391507,-2.350342,shoplifting
51.383494,-2.359535,robbery_biz
51.382537,-2.360921,shoplifting
51.380857,-2.360606,shoplifting
51.380857,-2.360606,shoplifting
51.380033,-2.359264,shoplifting
51.38306,-2.360609,shoplifting
51.380842,-2.362374,shoplifting
51.379472,-2.360595,shoplifting
51.382714,-2.359026,shoplifting
51.380842,-2.362374,shoplifting
51.379472,-2.360595,shoplifting
51.381578,-2.360052,shoplifting
51.380842,-2.362374,shoplifting
51.383494,-2.359535,shoplifting
51.380033,-2.359264,shoplifting
51.379049,-2.360592,shoplifting
51.382714,-2.359026,shoplifting
51.382714,-2.359026,shoplifting
51.382714,-2.359026,shoplifting
51.379049,-2.360592,shoplifting
51.379472,-2.360595,shoplifting
51.379049,-2.360592,shoplifting
51.378327,-2.359595,shoplifting
51.378235,-2.359264,shoplifting
51.378235,-2.359264,shoplifting
51.378327,-2.359595,shoplifting
51.378904,-2.358249,shoplifting
51.378235,-2.359264,shoplifting
51.378904,-2.358249,shoplifting
51.378235,-2.359264,shoplifting
51.378904,-2.358249,shoplifting
51.378327,-2.359595,shoplifting
51.378327,-2.359595,shoplifting
51.378904,-2.358249,shoplifting
51.378327,-2.359595,shoplifting
51.378637,-2.357112,shoplifting
51.378904,-2.358249,shoplifting
51.378327,-2.359595,shoplifting
51.378327,-2.359595,shoplifting
51.387964,-2.365017,burglary_biz
51.385985,-2.359713,burglary_biz
51.405941,-2.375683,burglary_biz
51.402721,-2.373184,burglary_biz
51.389009,-2.364608,burglary_biz
51.382808,-2.388699,shoplifting
51.385311,-2.382197,burglary_biz
51.382368,-2.363248,burglary_biz
51.381953,-2.363632,burglary_biz
51.381292,-2.365107,shoplifting
51.381317,-2.362923,shoplifting
51.381317,-2.362923,shoplifting
51.379844,-2.298541,theft_person
51.338623,-2.310102,burglary_biz
51.378595,-2.353404,burglary_biz
51.379559,-2.375697,shoplifting
51.375895,-2.385336,burglary_biz
51.374919,-2.375817,burglary_biz
51.377044,-2.377659,robbery_biz
51.377044,-2.377659,shoplifting
51.377044,-2.377659,shoplifting
51.377044,-2.377659,shoplifting
51.377044,-2.377659,shoplifting
51.374573,-2.371547,burglary_biz
51.370523,-2.392014,burglary_biz
51.370523,-2.392014,burglary_biz
51.369007,-2.393711,burglary_biz
51.37205,-2.396321,shoplifting
51.37205,-2.396321,shoplifting
51.37205,-2.396321,shoplifting
51.37205,-2.396321,shoplifting
51.373994,-2.391915,burglary_biz
51.375676,-2.389084,burglary_biz
51.375676,-2.389084,shoplifting
51.375676,-2.389084,shoplifting
51.375676,-2.389084,shoplifting
51.375676,-2.389084,shoplifting
51.375676,-2.389084,shoplifting
51.375676,-2.389084,shoplifting
51.375676,-2.389084,shoplifting
51.375676,-2.389084,shoplifting
51.375676,-2.389084,shoplifting
51.375676,-2.389084,shoplifting
51.375676,-2.389084,shoplifting
51.375676,-2.389084,shoplifting
51.375676,-2.389084,shoplifting
51.374093,-2.366264,shoplifting
51.374093,-2.366264,shoplifting
51.374093,-2.366264,shoplifting
51.374093,-2.366264,shoplifting
51.374093,-2.366264,shoplifting
51.374093,-2.366264,shoplifting
51.374093,-2.366264,shoplifting
51.374093,-2.366264,shoplifting
51.374093,-2.366264,shoplifting
51.374093,-2.366264,shoplifting
51.374093,-2.366264,shoplifting
51.374093,-2.366264,shoplifting
51.374093,-2.366264,shoplifting
51.374093,-2.366264,shoplifting
51.374093,-2.366264,shoplifting
51.374093,-2.366264,shoplifting
51.374093,-2.366264,shoplifting
51.374093,-2.366264,shoplifting
51.357331,-2.370187,shoplifting
51.357331,-2.370187,shoplifting
51.357331,-2.370187,shoplifting
51.369368,-2.365529,shoplifting
51.369368,-2.365529,shoplifting
51.369368,-2.365529,shoplifting
51.369368,-2.365529,shoplifting
51.369368,-2.365529,shoplifting
51.357165,-2.382651,burglary_biz
51.358306,-2.380277,shoplifting
51.358306,-2.380277,shoplifting
51.357027,-2.578453,burglary_biz
51.320786,-2.545724,burglary_biz
51.406398,-2.564383,burglary_biz
51.355184,-2.630747,burglary_biz
51.361209,-2.689588,shoplifting
51.338822,-2.583349,robbery_biz
51.300935,-2.624165,burglary_biz
51.318849,-2.414949,burglary_biz
51.316277,-2.42517,robbery_biz
51.316277,-2.42517,shoplifting
51.316277,-2.42517,shoplifting
51.313488,-2.427971,robbery_biz
51.324413,-2.510908,shoplifting
51.512714,-2.633123,robbery_biz
51.511061,-2.629512,shoplifting
51.511061,-2.629512,shoplifting
51.511061,-2.629512,shoplifting
51.511061,-2.629512,shoplifting
51.511061,-2.629512,shoplifting
51.511061,-2.629512,shoplifting
51.511061,-2.629512,shoplifting
51.511061,-2.629512,shoplifting
51.511061,-2.629512,shoplifting
51.511061,-2.629512,shoplifting
51.511061,-2.629512,shoplifting
51.507696,-2.607866,burglary_biz
51.509605,-2.62099,shoplifting
51.509605,-2.62099,shoplifting
51.509605,-2.62099,shoplifting
51.509605,-2.62099,shoplifting
51.509605,-2.62099,shoplifting
51.509605,-2.62099,shoplifting
51.508778,-2.636137,burglary_biz
51.507985,-2.623057,shoplifting
51.507985,-2.623057,shoplifting
51.507985,-2.623057,shoplifting
51.507985,-2.623057,shoplifting
51.507985,-2.623057,shoplifting
51.503793,-2.595755,burglary_biz
51.503883,-2.602715,robbery_biz
51.503265,-2.603361,robbery_biz
51.501819,-2.605469,robbery_biz
51.502582,-2.602223,shoplifting
51.502582,-2.602223,shoplifting
51.503265,-2.603361,shoplifting
51.503265,-2.603361,shoplifting
51.502582,-2.602223,shoplifting
51.502582,-2.602223,shoplifting
51.502582,-2.602223,shoplifting
51.502582,-2.602223,shoplifting
51.502582,-2.602223,shoplifting
51.502582,-2.602223,shoplifting
51.502582,-2.602223,shoplifting
51.502582,-2.602223,shoplifting
51.502582,-2.602223,shoplifting
51.502582,-2.602223,shoplifting
51.502582,-2.602223,shoplifting
51.502582,-2.602223,shoplifting
51.502582,-2.602223,shoplifting
51.502582,-2.602223,shoplifting
51.498715,-2.614359,burglary_biz
51.498715,-2.614359,robbery_biz
51.512047,-2.597549,robbery_biz
51.500615,-2.664995,burglary_biz
51.502675,-2.656914,robbery_biz
51.502675,-2.656914,shoplifting
51.502675,-2.656914,shoplifting
51.502675,-2.656914,shoplifting
51.502675,-2.656914,shoplifting
51.502675,-2.656914,shoplifting
51.502675,-2.656914,shoplifting
51.502675,-2.656914,shoplifting
51.502675,-2.656914,shoplifting
51.502675,-2.656914,shoplifting
51.502675,-2.656914,shoplifting
51.502675,-2.656914,shoplifting
51.502675,-2.656914,shoplifting
51.502675,-2.656914,shoplifting
51.502675,-2.656914,shoplifting
51.502675,-2.656914,shoplifting
51.502675,-2.656914,shoplifting
51.502675,-2.656914,shoplifting
51.502675,-2.656914,shoplifting
51.502675,-2.656914,shoplifting
51.502675,-2.656914,shoplifting
51.502675,-2.656914,shoplifting
51.502675,-2.656914,shoplifting
51.502675,-2.656914,shoplifting
51.501572,-2.657878,shoplifting
51.502675,-2.656914,shoplifting
51.502675,-2.656914,shoplifting
51.502675,-2.656914,shoplifting
51.502675,-2.656914,shoplifting
51.502675,-2.656914,shoplifting
51.502675,-2.656914,shoplifting
51.502675,-2.656914,shoplifting
51.502675,-2.656914,shoplifting
51.502675,-2.656914,shoplifting
51.502675,-2.656914,shoplifting
51.502675,-2.656914,shoplifting
51.502675,-2.656914,shoplifting
51.502675,-2.656914,shoplifting
51.502675,-2.656914,shoplifting
51.502675,-2.656914,shoplifting
51.502675,-2.656914,shoplifting
51.502675,-2.656914,shoplifting
51.502675,-2.656914,shoplifting
51.502675,-2.656914,shoplifting
51.502675,-2.656914,shoplifting
51.50332,-2.646002,burglary_biz
51.504637,-2.645257,theft_person
51.498892,-2.588676,burglary_biz
51.493059,-2.58814,burglary_biz
51.494998,-2.594229,burglary_biz
51.493021,-2.602759,robbery_biz
51.493021,-2.602759,shoplifting
51.494582,-2.578364,burglary_biz
51.495853,-2.570385,burglary_biz
51.498756,-2.57071,burglary_biz
51.497647,-2.57133,burglary_biz
51.495274,-2.573115,robbery_biz
51.488149,-2.614563,burglary_biz
51.485428,-2.612121,shoplifting
51.486228,-2.61049,shoplifting
51.486228,-2.61049,shoplifting
51.486228,-2.61049,shoplifting
51.486228,-2.61049,shoplifting
51.486228,-2.61049,shoplifting
51.486228,-2.61049,shoplifting
51.486228,-2.61049,shoplifting
51.486228,-2.61049,shoplifting
51.486228,-2.61049,shoplifting
51.486228,-2.61049,shoplifting
51.486228,-2.61049,shoplifting
51.486228,-2.61049,shoplifting
51.492827,-2.617507,shoplifting
51.492827,-2.617507,shoplifting
51.495553,-2.620741,shoplifting
51.495553,-2.620741,shoplifting
51.495553,-2.620741,shoplifting
51.481541,-2.650822,burglary_biz
51.482899,-2.649429,robbery_biz
51.488116,-2.644174,robbery_biz
51.487959,-2.670658,burglary_biz
51.49206,-2.681291,burglary_biz
51.486726,-2.673981,burglary_biz
51.505705,-2.697343,burglary_biz
51.52065,-2.689529,burglary_biz
51.500166,-2.700385,burglary_biz
51.49909,-2.695326,shoplifting
51.505705,-2.697343,shoplifting
51.49909,-2.695326,shoplifting
51.505705,-2.697343,shoplifting
51.505705,-2.697343,shoplifting
51.487971,-2.62487,shoplifting
51.487971,-2.62487,shoplifting
51.487971,-2.62487,shoplifting
51.487971,-2.62487,shoplifting
51.484833,-2.627854,burglary_biz
51.491661,-2.585515,burglary_biz
51.488243,-2.583843,burglary_biz
51.488292,-2.573935,burglary_biz
51.485471,-2.596813,shoplifting
51.485471,-2.596813,shoplifting
51.481924,-2.611613,burglary_biz
51.479148,-2.543681,burglary_biz
51.481712,-2.537563,shoplifting
51.479381,-2.536038,shoplifting
51.483194,-2.553421,robbery_biz
51.493296,-2.529057,burglary_biz
51.494458,-2.530439,burglary_biz
51.489372,-2.539626,burglary_biz
51.488173,-2.540433,burglary_biz
51.477634,-2.534592,burglary_biz
51.478716,-2.53207,robbery_biz
51.478303,-2.533822,shoplifting
51.478303,-2.533822,shoplifting
51.486693,-2.519561,shoplifting
51.479981,-2.530587,burglary_biz
51.481934,-2.528205,burglary_biz
51.485141,-2.516735,robbery_biz
51.482208,-2.519337,shoplifting
51.482077,-2.525515,shoplifting
51.482077,-2.525515,shoplifting
51.482077,-2.525515,shoplifting
51.482077,-2.525515,shoplifting
51.494993,-2.556762,burglary_biz
51.491805,-2.563349,shoplifting
51.482557,-2.571847,burglary_biz
51.481836,-2.576146,burglary_biz
51.484089,-2.571117,burglary_biz
51.481836,-2.576146,shoplifting
51.482455,-2.572508,shoplifting
51.481836,-2.576146,shoplifting
51.481836,-2.576146,shoplifting
51.481836,-2.576146,shoplifting
51.481836,-2.576146,theft_person
51.472616,-2.567403,burglary_biz
51.473961,-2.562481,shoplifting
51.473961,-2.562481,shoplifting
51.473961,-2.562481,shoplifting
51.473961,-2.562481,shoplifting
51.473961,-2.562481,shoplifting
51.473961,-2.562481,shoplifting
51.473961,-2.562481,shoplifting
51.473961,-2.562481,shoplifting
51.473629,-2.566033,shoplifting
51.473629,-2.566033,shoplifting
51.473629,-2.566033,shoplifting
51.472616,-2.567403,shoplifting
51.473835,-2.626263,burglary_biz
51.4732,-2.635685,burglary_biz
51.488692,-2.637456,burglary_biz
51.489038,-2.639938,burglary_biz
51.485704,-2.639704,shoplifting
51.485704,-2.639704,shoplifting
51.485704,-2.639704,shoplifting
51.485704,-2.639704,shoplifting
51.485704,-2.639704,shoplifting
51.485704,-2.639704,shoplifting
51.485704,-2.639704,shoplifting
51.485704,-2.639704,shoplifting
51.485704,-2.639704,shoplifting
51.485704,-2.639704,shoplifting
51.485704,-2.639704,shoplifting
51.485704,-2.639704,shoplifting
51.485704,-2.639704,shoplifting
51.485704,-2.639704,shoplifting
51.485704,-2.639704,shoplifting
51.483837,-2.632348,burglary_biz
51.485891,-2.631757,burglary_biz
51.475234,-2.641977,burglary_biz
51.483561,-2.585195,robbery_biz
51.479983,-2.588562,burglary_biz
51.478955,-2.580226,shoplifting
51.478955,-2.580226,shoplifting
51.478955,-2.580226,shoplifting
51.480393,-2.612227,shoplifting
51.478198,-2.610685,burglary_biz
51.476864,-2.611258,burglary_biz
51.481408,-2.601901,burglary_biz
51.4806,-2.601717,burglary_biz
51.476889,-2.606449,burglary_biz
51.476604,-2.519778,burglary_biz
51.474693,-2.518806,burglary_biz
51.479733,-2.517826,robbery_biz
51.479367,-2.515043,robbery_biz
51.480016,-2.518837,robbery_biz
51.474935,-2.542753,burglary_biz
51.476081,-2.53993,robbery_biz
51.474103,-2.549539,burglary_biz
51.474003,-2.557471,robbery_biz
51.466367,-2.550223,robbery_biz
51.473193,-2.59072,shoplifting
51.473193,-2.59072,shoplifting
51.470464,-2.531441,burglary_biz
51.467334,-2.535609,burglary_biz
51.467334,-2.535609,burglary_biz
51.470235,-2.536435,theft_person
51.468413,-2.52373,burglary_biz
51.471617,-2.523004,shoplifting
51.471617,-2.523004,shoplifting
51.471617,-2.523004,shoplifting
51.471617,-2.523004,shoplifting
51.471617,-2.523004,shoplifting
51.471617,-2.523004,shoplifting
51.471617,-2.523004,shoplifting
51.465428,-2.607607,burglary_biz
51.463598,-2.608345,burglary_biz
51.465005,-2.609762,shoplifting
51.46998,-2.610575,burglary_biz
51.468419,-2.613275,shoplifting
51.466229,-2.607358,burglary_biz
51.464997,-2.596948,shoplifting
51.460809,-2.592979,burglary_biz
51.459755,-2.593325,burglary_biz
51.459755,-2.593325,burglary_biz
51.460978,-2.593283,burglary_biz
51.456685,-2.586981,robbery_biz
51.458559,-2.58974,robbery_biz
51.459122,-2.594036,robbery_biz
51.456685,-2.586981,robbery_biz
51.45821,-2.587749,robbery_biz
51.45821,-2.587749,robbery_biz
51.459122,-2.594036,robbery_biz
51.45821,-2.587749,robbery_biz
51.45821,-2.587749,robbery_biz
51.459122,-2.594036,shoplifting
51.457668,-2.586303,shoplifting
51.459122,-2.594036,shoplifting
51.45821,-2.587749,shoplifting
51.458559,-2.58974,shoplifting
51.458559,-2.58974,shoplifting
51.459122,-2.594036,shoplifting
51.457668,-2.586303,shoplifting
51.45821,-2.587749,shoplifting
51.457668,-2.586303,shoplifting
51.459122,-2.594036,shoplifting
51.459122,-2.594036,shoplifting
51.459122,-2.594036,shoplifting
51.457668,-2.586303,shoplifting
51.459122,-2.594036,shoplifting
51.459122,-2.594036,shoplifting
51.459122,-2.594036,shoplifting
51.458559,-2.58974,shoplifting
51.459122,-2.594036,shoplifting
51.456685,-2.586981,shoplifting
51.458559,-2.58974,shoplifting
51.459122,-2.594036,shoplifting
51.456685,-2.586981,shoplifting
51.459122,-2.594036,shoplifting
51.459122,-2.594036,shoplifting
51.459122,-2.594036,shoplifting
51.457668,-2.586303,shoplifting
51.45821,-2.587749,shoplifting
51.45821,-2.587749,shoplifting
51.459122,-2.594036,shoplifting
51.457668,-2.586303,shoplifting
51.457668,-2.586303,shoplifting
51.459122,-2.594036,shoplifting
51.459122,-2.594036,shoplifting
51.45821,-2.587749,theft_person
51.45665,-2.607936,shoplifting
51.463871,-2.517862,burglary_biz
51.466398,-2.51386,shoplifting
51.466398,-2.51386,shoplifting
51.46475,-2.51423,shoplifting
51.46475,-2.51423,shoplifting
51.466398,-2.51386,shoplifting
51.46475,-2.51423,shoplifting
51.461681,-2.516988,burglary_biz
51.461117,-2.518609,burglary_biz
51.46107,-2.533002,burglary_biz
51.461513,-2.53449,shoplifting
51.460028,-2.540691,burglary_biz
51.463457,-2.541796,burglary_biz
51.46336,-2.545423,burglary_biz
51.461923,-2.526864,robbery_biz
51.460989,-2.531144,shoplifting
51.460989,-2.531144,shoplifting
51.460989,-2.531144,shoplifting
51.460989,-2.531144,shoplifting
51.460989,-2.531144,shoplifting
51.460989,-2.531144,shoplifting
51.460989,-2.531144,shoplifting
51.460989,-2.531144,shoplifting
51.460989,-2.531144,shoplifting
51.460989,-2.531144,shoplifting
51.459096,-2.555289,shoplifting
51.456903,-2.556961,burglary_biz
51.459436,-2.55381,shoplifting
51.459436,-2.55381,shoplifting
51.45903,-2.548336,shoplifting
51.464585,-2.622538,burglary_biz
51.464733,-2.620121,robbery_biz
51.459506,-2.617258,burglary_biz
51.454444,-2.620232,robbery_biz
51.454444,-2.620232,shoplifting
51.454619,-2.525947,burglary_biz
51.454619,-2.525947,robbery_biz
51.454619,-2.525947,shoplifting
51.454619,-2.525947,shoplifting
51.454619,-2.525947,shoplifting
51.454619,-2.525947,shoplifting
51.454619,-2.525947,shoplifting
51.454619,-2.525947,shoplifting
51.454619,-2.525947,shoplifting
51.454619,-2.525947,shoplifting
51.449781,-2.52402,burglary_biz
51.44945,-2.61446,burglary_biz
51.454828,-2.545206,shoplifting
51.454828,-2.545206,shoplifting
51.453064,-2.541587,burglary_biz
51.440886,-2.555787,burglary_biz
51.440886,-2.555787,robbery_biz
51.443407,-2.56635,shoplifting
51.440864,-2.556535,shoplifting
51.447077,-2.556683,burglary_biz
51.445664,-2.614424,burglary_biz
51.440716,-2.6206,shoplifting
51.442234,-2.630593,shoplifting
51.440733,-2.610027,burglary_biz
51.440729,-2.609106,robbery_biz
51.440733,-2.610027,robbery_biz
51.440733,-2.610027,shoplifting
51.44562,-2.609142,shoplifting
51.442396,-2.613517,shoplifting
51.442396,-2.613517,shoplifting
51.442396,-2.613517,shoplifting
51.44562,-2.609142,shoplifting
51.438265,-2.621158,burglary_biz
51.438012,-2.619558,burglary_biz
51.438012,-2.619558,robbery_biz
51.438012,-2.619558,robbery_biz
51.438265,-2.621158,shoplifting
51.445331,-2.602505,burglary_biz
51.445446,-2.601068,robbery_biz
51.442329,-2.578984,shoplifting
51.438339,-2.584055,burglary_biz
51.446862,-2.541053,burglary_biz
51.440574,-2.537928,robbery_biz
51.440574,-2.537928,shoplifting
51.43758,-2.531966,burglary_biz
51.432617,-2.539951,burglary_biz
51.432617,-2.539951,shoplifting
51.4328,-2.610554,burglary_biz
51.432599,-2.612752,theft_person
51.429671,-2.603579,burglary_biz
51.432965,-2.604558,shoplifting
51.444722,-2.585907,burglary_biz
51.444172,-2.593396,robbery_biz
51.443759,-2.595117,robbery_biz
51.443759,-2.595117,shoplifting
51.443759,-2.595117,shoplifting
51.443759,-2.595117,shoplifting
51.446148,-2.583162,shoplifting
51.443759,-2.595117,shoplifting
51.441578,-2.601319,burglary_biz
51.442789,-2.5985,burglary_biz
51.442789,-2.5985,burglary_biz
51.444391,-2.598075,burglary_biz
51.443537,-2.598021,robbery_biz
51.441518,-2.599088,robbery_biz
51.44087,-2.602734,shoplifting
51.44087,-2.602734,shoplifting
51.439345,-2.602009,theft_person
51.436433,-2.589311,robbery_biz
51.434803,-2.593289,shoplifting
51.434803,-2.593289,shoplifting
51.434782,-2.611444,burglary_biz
51.437721,-2.622014,robbery_biz
51.43556,-2.617396,robbery_biz
51.428518,-2.575213,robbery_biz
51.434927,-2.568446,shoplifting
51.43503,-2.565657,burglary_biz
51.436308,-2.554063,burglary_biz
51.43878,-2.561819,burglary_biz
51.443034,-2.559813,robbery_biz
51.443034,-2.559813,shoplifting
51.443034,-2.559813,shoplifting
51.433161,-2.554097,robbery_biz
51.433161,-2.554097,shoplifting
51.42676,-2.542383,burglary_biz
51.429289,-2.543837,robbery_biz
51.429289,-2.543837,shoplifting
51.429289,-2.543837,shoplifting
51.429289,-2.543837,shoplifting
51.429289,-2.543837,shoplifting
51.420509,-2.583957,burglary_biz
51.427229,-2.581339,robbery_biz
51.424949,-2.5734,robbery_biz
51.433431,-2.578339,robbery_biz
51.430567,-2.575484,robbery_biz
51.433431,-2.578339,shoplifting
51.41845,-2.592718,robbery_biz
51.418334,-2.589164,shoplifting
51.425729,-2.612905,robbery_biz
51.425729,-2.612905,robbery_biz
51.425729,-2.612905,shoplifting
51.425729,-2.612905,shoplifting
51.425729,-2.612905,shoplifting
51.425729,-2.612905,shoplifting
51.425729,-2.612905,shoplifting
51.425729,-2.612905,shoplifting
51.425729,-2.612905,shoplifting
51.425729,-2.612905,shoplifting
51.425729,-2.612905,shoplifting
51.420802,-2.629665,robbery_biz
51.417852,-2.619745,burglary_biz
51.414331,-2.585906,robbery_biz
51.413835,-2.570346,shoplifting
51.413835,-2.570346,shoplifting
51.413835,-2.570346,shoplifting
51.423014,-2.575533,robbery_biz
51.41045,-2.607999,robbery_biz
51.417131,-2.606304,burglary_biz
51.416344,-2.602009,robbery_biz
51.415331,-2.597955,shoplifting
51.416344,-2.602009,shoplifting
51.415331,-2.597955,shoplifting
51.418205,-2.615954,shoplifting
51.415848,-2.553111,burglary_biz
51.413796,-2.559183,shoplifting
51.411942,-2.551913,burglary_biz
51.412306,-2.547072,robbery_biz
51.412306,-2.547072,robbery_biz
51.412306,-2.547072,shoplifting
51.412306,-2.547072,shoplifting
51.412306,-2.547072,shoplifting
51.412306,-2.547072,shoplifting
51.412306,-2.547072,shoplifting
51.412306,-2.547072,shoplifting
51.412306,-2.547072,shoplifting
51.412306,-2.547072,shoplifting
51.412306,-2.547072,shoplifting
51.412306,-2.547072,shoplifting
51.412306,-2.547072,shoplifting
51.412306,-2.547072,shoplifting
51.412306,-2.547072,shoplifting
51.412306,-2.547072,shoplifting
51.412306,-2.547072,shoplifting
51.412306,-2.547072,shoplifting
51.412306,-2.547072,shoplifting
51.418657,-2.557933,burglary_biz
51.406108,-2.624978,burglary_biz
51.405239,-2.627784,burglary_biz
51.409391,-2.618049,robbery_biz
51.409391,-2.618049,robbery_biz
51.409391,-2.618049,robbery_biz
51.405104,-2.609006,robbery_biz
51.405638,-2.620328,robbery_biz
51.405104,-2.609006,shoplifting
51.405104,-2.609006,shoplifting
51.405104,-2.609006,shoplifting
51.405104,-2.609006,shoplifting
51.405104,-2.609006,shoplifting
51.405104,-2.609006,shoplifting
51.411573,-2.585325,burglary_biz
51.407081,-2.577259,shoplifting
51.407081,-2.577259,shoplifting
51.407081,-2.577259,shoplifting
51.407081,-2.577259,shoplifting
51.407081,-2.577259,shoplifting
51.407081,-2.577259,shoplifting
51.407081,-2.577259,shoplifting
51.404206,-2.600124,shoplifting
51.404235,-2.598026,burglary_biz
51.40514,-2.596873,robbery_biz
51.407491,-2.599477,burglary_biz
51.411661,-2.589352,burglary_biz
51.404014,-2.590001,shoplifting
51.404014,-2.590001,shoplifting
51.404014,-2.590001,shoplifting
51.404014,-2.590001,shoplifting
51.404014,-2.590001,shoplifting
51.404014,-2.590001,shoplifting
51.404014,-2.590001,shoplifting
51.404014,-2.590001,shoplifting
51.455179,-2.578744,burglary_biz
51.454741,-2.576479,burglary_biz
51.44773,-2.572232,shoplifting
51.45929,-2.576637,burglary_biz
51.458279,-2.584727,burglary_biz
51.460046,-2.581857,robbery_biz
51.460046,-2.581857,robbery_biz
51.460046,-2.581857,robbery_biz
51.45929,-2.576637,robbery_biz
51.458279,-2.584727,shoplifting
51.458279,-2.584727,shoplifting
51.458279,-2.584727,shoplifting
51.459476,-2.584368,shoplifting
51.458279,-2.584727,shoplifting
51.44732,-2.586069,robbery_biz
51.447319,-2.590277,robbery_biz
51.453117,-2.590288,burglary_biz
51.451687,-2.586744,burglary_biz
51.462109,-2.562767,burglary_biz
51.46182,-2.563052,burglary_biz
51.458516,-2.569373,burglary_biz
51.459241,-2.568331,burglary_biz
51.461527,-2.567769,robbery_biz
51.46326,-2.564552,robbery_biz
51.461527,-2.567769,robbery_biz
51.461527,-2.567769,robbery_biz
51.458611,-2.564639,shoplifting
51.466937,-2.566498,robbery_biz
51.462459,-2.575899,burglary_biz
51.465408,-2.57038,burglary_biz
51.460918,-2.572944,robbery_biz
51.465408,-2.57038,robbery_biz
51.46177,-2.573343,robbery_biz
51.46177,-2.573343,robbery_biz
51.461826,-2.57664,robbery_biz
51.44766,-2.560705,shoplifting
51.44766,-2.560705,shoplifting
51.457638,-2.57427,robbery_biz
51.467384,-2.559521,burglary_biz
51.468996,-2.566566,robbery_biz
51.469538,-2.564126,robbery_biz
51.468996,-2.566566,robbery_biz
51.469538,-2.564126,robbery_biz
51.468365,-2.563118,shoplifting
51.47359,-2.559151,burglary_biz
51.470344,-2.574213,burglary_biz
51.468917,-2.577248,burglary_biz
51.468917,-2.577248,burglary_biz
51.469136,-2.579221,shoplifting
51.467164,-2.577225,burglary_biz
51.465502,-2.580573,burglary_biz
51.463201,-2.578428,robbery_biz
51.465529,-2.589542,burglary_biz
51.465731,-2.583196,burglary_biz
51.464894,-2.5889,robbery_biz
51.464921,-2.585273,robbery_biz
51.461422,-2.589115,burglary_biz
51.463493,-2.588422,burglary_biz
51.463493,-2.588422,burglary_biz
51.460379,-2.583646,burglary_biz
51.461821,-2.584729,burglary_biz
51.460379,-2.583646,burglary_biz
51.459732,-2.588963,robbery_biz
51.459452,-2.587535,shoplifting
51.459566,-2.588069,shoplifting
51.459566,-2.588069,shoplifting
51.459566,-2.588069,shoplifting
51.459566,-2.588069,shoplifting
51.459452,-2.587535,shoplifting
51.459452,-2.587535,shoplifting
51.461429,-2.601839,shoplifting
51.456892,-2.595792,burglary_biz
51.459179,-2.596138,robbery_biz
51.455696,-2.594093,theft_person
51.455696,-2.594093,theft_person
51.455696,-2.594093,theft_person
51.454896,-2.602876,burglary_biz
51.454896,-2.602876,burglary_biz
51.454896,-2.602876,burglary_biz
51.456492,-2.604417,robbery_biz
51.455456,-2.605862,shoplifting
51.454429,-2.602683,shoplifting
51.455456,-2.605862,shoplifting
51.454896,-2.602876,shoplifting
51.456782,-2.606801,shoplifting
51.456782,-2.606801,shoplifting
51.454149,-2.603053,shoplifting
51.455363,-2.604753,theft_person
51.455153,-2.603613,theft_person
51.449942,-2.601098,burglary_biz
51.449755,-2.602477,burglary_biz
51.453065,-2.60396,burglary_biz
51.449942,-2.601098,burglary_biz
51.450879,-2.604118,burglary_biz
51.449755,-2.602477,robbery_biz
51.455178,-2.584738,burglary_biz
51.45385,-2.592874,burglary_biz
51.455178,-2.584738,burglary_biz
51.456071,-2.589175,robbery_biz
51.456137,-2.590414,robbery_biz
51.456137,-2.590414,robbery_biz
51.456677,-2.592162,robbery_biz
51.456137,-2.590414,robbery_biz
51.456071,-2.589175,robbery_biz
51.45385,-2.592874,robbery_biz
51.456677,-2.592162,robbery_biz
51.456137,-2.590414,robbery_biz
51.456677,-2.592162,shoplifting
51.456137,-2.590414,shoplifting
51.456677,-2.592162,shoplifting
51.456677,-2.592162,shoplifting
51.456137,-2.590414,shoplifting
51.456677,-2.592162,shoplifting
51.456677,-2.592162,shoplifting
51.456137,-2.590414,shoplifting
51.456137,-2.590414,shoplifting
51.456137,-2.590414,shoplifting
51.453861,-2.59594,shoplifting
51.456677,-2.592162,shoplifting
51.456677,-2.592162,shoplifting
51.456677,-2.592162,shoplifting
51.456677,-2.592162,shoplifting
51.456677,-2.592162,shoplifting
51.456677,-2.592162,shoplifting
51.456677,-2.592162,shoplifting
51.456677,-2.592162,shoplifting
51.456137,-2.590414,shoplifting
51.456677,-2.592162,shoplifting
51.456677,-2.592162,shoplifting
51.457175,-2.593248,theft_person
51.45385,-2.592874,theft_person
51.455763,-2.591503,theft_person
51.45385,-2.592874,theft_person
51.45267,-2.593319,burglary_biz
51.453382,-2.594753,burglary_biz
51.449848,-2.594794,burglary_biz
51.453046,-2.595411,burglary_biz
51.452961,-2.596173,robbery_biz
51.452961,-2.596173,robbery_biz
51.451403,-2.594886,robbery_biz
51.452961,-2.596173,shoplifting
51.453241,-2.599429,burglary_biz
51.450979,-2.598608,burglary_biz
51.452504,-2.598969,burglary_biz
51.452504,-2.598969,burglary_biz
51.453357,-2.597833,burglary_biz
51.452625,-2.598629,robbery_biz
51.453049,-2.598261,robbery_biz
51.45302,-2.598692,robbery_biz
51.453357,-2.597833,robbery_biz
51.452504,-2.598969,robbery_biz
51.453357,-2.597833,shoplifting
51.452504,-2.598969,shoplifting
51.452504,-2.598969,shoplifting
51.452504,-2.598969,shoplifting
51.453357,-2.597833,shoplifting
51.450979,-2.598608,shoplifting
51.453357,-2.597833,shoplifting
51.454306,-2.598651,shoplifting
51.453357,-2.597833,shoplifting
51.452504,-2.598969,shoplifting
51.452504,-2.598969,shoplifting
51.452504,-2.598969,theft_person
51.446863,-2.612181,burglary_biz
51.446533,-2.594175,burglary_biz
51.489625,-2.772971,burglary_biz
51.487168,-2.769994,burglary_biz
51.489329,-2.775086,burglary_biz
51.486481,-2.769306,burglary_biz
51.481841,-2.781526,shoplifting
51.481841,-2.781526,shoplifting
51.48242,-2.781003,shoplifting
51.491035,-2.756997,shoplifting
51.485629,-2.761975,shoplifting
51.485629,-2.761975,shoplifting
51.485629,-2.761975,shoplifting
51.485629,-2.761975,shoplifting
51.485629,-2.761975,shoplifting
51.482015,-2.770138,burglary_biz
51.485963,-2.765927,shoplifting
51.4839,-2.765555,shoplifting
51.4839,-2.765555,shoplifting
51.4839,-2.765555,shoplifting
51.4839,-2.765555,shoplifting
51.4839,-2.765555,shoplifting
51.4839,-2.765555,shoplifting
51.4839,-2.765555,shoplifting
51.484738,-2.764855,shoplifting
51.4839,-2.765555,shoplifting
51.4839,-2.765555,shoplifting
51.482988,-2.768484,shoplifting
51.4839,-2.765555,shoplifting
51.485963,-2.765927,shoplifting
51.484738,-2.764855,shoplifting
51.478417,-2.80252,shoplifting
51.477593,-2.701134,burglary_biz
51.476818,-2.687658,burglary_biz
51.479074,-2.684712,robbery_biz
51.439418,-2.839977,shoplifting
51.439612,-2.840599,shoplifting
51.441766,-2.857199,robbery_biz
51.439517,-2.851273,robbery_biz
51.441766,-2.857199,shoplifting
51.441766,-2.857199,shoplifting
51.441766,-2.857199,shoplifting
51.441766,-2.857199,shoplifting
51.441766,-2.857199,shoplifting
51.434615,-2.65398,burglary_biz
51.428649,-2.665963,shoplifting
51.428649,-2.665963,shoplifting
51.428649,-2.665963,shoplifting
51.472584,-2.720522,burglary_biz
51.436701,-2.851379,shoplifting
51.437042,-2.863772,burglary_biz
51.43388,-2.758193,burglary_biz
51.434743,-2.758179,shoplifting
51.434743,-2.758179,shoplifting
51.434743,-2.758179,shoplifting
51.43388,-2.758193,shoplifting
51.434743,-2.758179,shoplifting
51.432872,-2.761054,burglary_biz
51.431958,-2.774244,burglary_biz
51.431958,-2.774244,burglary_biz
51.434847,-2.753217,shoplifting
51.434315,-2.756187,shoplifting
51.429047,-2.864024,shoplifting
51.429047,-2.864024,shoplifting
51.429047,-2.864024,shoplifting
51.428459,-2.854663,robbery_biz
51.428459,-2.854663,shoplifting
51.408414,-2.749979,burglary_biz
51.387837,-2.79816,burglary_biz
51.391958,-2.796464,burglary_biz
51.386783,-2.783742,robbery_biz
51.386783,-2.783742,robbery_biz
51.386783,-2.783742,robbery_biz
51.386783,-2.783742,shoplifting
51.386783,-2.783742,shoplifting
51.391492,-2.797577,burglary_biz
51.367508,-2.77521,burglary_biz
51.372198,-2.805013,burglary_biz
51.375011,-2.805207,robbery_biz
51.314433,-2.832926,shoplifting
51.331957,-2.771998,burglary_biz
51.592798,-2.536333,burglary_biz
51.590479,-2.532307,burglary_biz
51.572672,-2.523268,burglary_biz
51.525605,-2.595396,burglary_biz
51.526833,-2.599214,robbery_biz
51.519346,-2.620344,shoplifting
51.525403,-2.598546,shoplifting
51.525403,-2.598546,shoplifting
51.5181,-2.623008,shoplifting
51.519346,-2.620344,shoplifting
51.527177,-2.597305,shoplifting
51.525595,-2.60489,shoplifting
51.519346,-2.620344,shoplifting
51.526857,-2.596317,shoplifting
51.525403,-2.598546,shoplifting
51.519346,-2.620344,shoplifting
51.525605,-2.595396,shoplifting
51.519346,-2.620344,shoplifting
51.528702,-2.598733,shoplifting
51.525605,-2.595396,shoplifting
51.52368,-2.594444,shoplifting
51.525403,-2.598546,shoplifting
51.527177,-2.597305,shoplifting
51.525403,-2.598546,shoplifting
51.525605,-2.595396,shoplifting
51.525605,-2.595396,shoplifting
51.528918,-2.600495,shoplifting
51.523046,-2.58805,shoplifting
51.525403,-2.598546,shoplifting
51.525403,-2.598546,shoplifting
51.525403,-2.598546,shoplifting
51.527868,-2.599721,shoplifting
51.525403,-2.598546,shoplifting
51.525605,-2.595396,shoplifting
51.527177,-2.597305,shoplifting
51.52368,-2.594444,shoplifting
51.525595,-2.60489,shoplifting
51.52368,-2.594444,shoplifting
51.52368,-2.594444,shoplifting
51.525403,-2.598546,shoplifting
51.525595,-2.60489,shoplifting
51.525064,-2.60164,shoplifting
51.525605,-2.595396,shoplifting
51.52368,-2.594444,shoplifting
51.525403,-2.598546,shoplifting
51.525403,-2.598546,shoplifting
51.528918,-2.600495,shoplifting
51.527868,-2.599721,shoplifting
51.519346,-2.620344,shoplifting
51.525403,-2.598546,shoplifting
51.525595,-2.60489,shoplifting
51.519346,-2.620344,shoplifting
51.525403,-2.598546,shoplifting
51.525403,-2.598546,shoplifting
51.52368,-2.594444,shoplifting
51.527868,-2.599721,shoplifting
51.528702,-2.598733,shoplifting
51.525064,-2.60164,shoplifting
51.528702,-2.598733,shoplifting
51.528918,-2.600495,shoplifting
51.525605,-2.595396,shoplifting
51.527177,-2.597305,shoplifting
51.525403,-2.598546,shoplifting
51.525595,-2.60489,shoplifting
51.527177,-2.597305,shoplifting
51.525403,-2.598546,shoplifting
51.525595,-2.60489,shoplifting
51.527177,-2.597305,shoplifting
51.528702,-2.598733,shoplifting
51.519346,-2.620344,shoplifting
51.519346,-2.620344,shoplifting
51.525605,-2.595396,shoplifting
51.527177,-2.597305,shoplifting
51.55001,-2.648236,burglary_biz
51.559441,-2.421766,burglary_biz
51.559052,-2.417161,burglary_biz
51.559052,-2.417161,burglary_biz
51.559052,-2.417161,shoplifting
51.559052,-2.417161,shoplifting
51.559052,-2.417161,shoplifting
51.551743,-2.411945,robbery_biz
51.551743,-2.411945,shoplifting
51.551743,-2.411945,shoplifting
51.540587,-2.413661,robbery_biz
51.539786,-2.408867,shoplifting
51.539786,-2.408867,shoplifting
51.539786,-2.408867,shoplifting
51.539636,-2.413066,shoplifting
51.539636,-2.413066,shoplifting
51.540587,-2.413661,theft_person
51.542031,-2.417467,robbery_biz
51.542031,-2.417467,shoplifting
51.540979,-2.422316,shoplifting
51.548937,-2.417198,shoplifting
51.548937,-2.417198,shoplifting
51.526312,-2.537022,burglary_biz
51.525019,-2.540725,burglary_biz
51.526312,-2.537022,burglary_biz
51.526312,-2.537022,burglary_biz
51.541689,-2.550267,burglary_biz
51.539428,-2.419604,burglary_biz
51.540506,-2.423754,shoplifting
51.537067,-2.422439,shoplifting
51.540506,-2.423754,shoplifting
51.540506,-2.423754,shoplifting
51.535424,-2.547884,burglary_biz
51.535361,-2.547956,shoplifting
51.52933,-2.549498,burglary_biz
51.528836,-2.423617,burglary_biz
51.521966,-2.543644,burglary_biz
51.530623,-2.564938,burglary_biz
51.522996,-2.55229,burglary_biz
51.52812,-2.504609,burglary_biz
51.528068,-2.501898,burglary_biz
51.52812,-2.504609,shoplifting
51.517144,-2.499631,burglary_biz
51.519633,-2.50855,burglary_biz
51.516313,-2.502734,burglary_biz
51.511592,-2.562282,burglary_biz
51.506218,-2.560201,robbery_biz
51.506313,-2.560603,shoplifting
51.506218,-2.560201,shoplifting
51.509414,-2.571967,burglary_biz
51.512232,-2.567405,burglary_biz
51.507515,-2.570546,burglary_biz
51.50019,-2.567918,burglary_biz
51.501237,-2.580004,burglary_biz
51.500977,-2.574368,robbery_biz
51.515602,-2.433005,burglary_biz
51.529311,-2.46668,burglary_biz
51.529311,-2.46668,robbery_biz
51.529311,-2.46668,robbery_biz
51.529311,-2.46668,shoplifting
51.500467,-2.466515,burglary_biz
51.50124,-2.490755,burglary_biz
51.504347,-2.489549,burglary_biz
51.496765,-2.482402,shoplifting
51.492367,-2.473631,shoplifting
51.485441,-2.499485,burglary_biz
51.487993,-2.501875,shoplifting
51.487993,-2.501875,shoplifting
51.487993,-2.501875,shoplifting
51.487993,-2.501875,shoplifting
51.487993,-2.501875,shoplifting
51.487993,-2.501875,shoplifting
51.487993,-2.501875,shoplifting
51.488289,-2.504212,shoplifting
51.489525,-2.496851,burglary_biz
51.491088,-2.493051,burglary_biz
51.491088,-2.493051,burglary_biz
51.484786,-2.4862,burglary_biz
51.482895,-2.484927,shoplifting
51.482895,-2.484927,shoplifting
51.482895,-2.484927,shoplifting
51.494822,-2.490326,burglary_biz
51.424254,-2.45964,shoplifting
51.452602,-2.41724,robbery_biz
51.556848,-2.345712,burglary_biz
51.581117,-2.319818,burglary_biz
51.483191,-2.50201,burglary_biz
51.480758,-2.497029,burglary_biz
51.480758,-2.497029,burglary_biz
51.482448,-2.507589,burglary_biz
51.480647,-2.504056,shoplifting
51.480647,-2.504056,shoplifting
51.480647,-2.504056,shoplifting
51.480647,-2.504056,shoplifting
51.480647,-2.504056,shoplifting
51.480647,-2.504056,shoplifting
51.463553,-2.508329,burglary_biz
51.463553,-2.508329,burglary_biz
51.463553,-2.508329,burglary_biz
51.463553,-2.508329,shoplifting
51.469306,-2.51077,shoplifting
51.480361,-2.513902,burglary_biz
51.480435,-2.509295,burglary_biz
51.476977,-2.512554,theft_person
51.460602,-2.480819,shoplifting
51.466862,-2.499959,burglary_biz
51.464291,-2.499801,burglary_biz
51.462167,-2.498296,robbery_biz
51.462951,-2.504105,robbery_biz
51.462167,-2.498296,shoplifting
51.462167,-2.498296,shoplifting
51.462434,-2.500976,shoplifting
51.462167,-2.498296,shoplifting
51.462167,-2.498296,shoplifting
51.470047,-2.495373,shoplifting
51.44932,-2.512474,robbery_biz
51.45767,-2.51097,theft_person
51.462599,-2.50852,robbery_biz
51.462599,-2.50852,shoplifting
51.462599,-2.50852,shoplifting
51.462599,-2.50852,shoplifting
51.462599,-2.50852,shoplifting
51.462599,-2.50852,shoplifting
51.440069,-2.471237,burglary_biz
51.447816,-2.478914,burglary_biz
51.445808,-2.484088,burglary_biz
51.449169,-2.516084,shoplifting
51.451358,-2.506812,shoplifting
51.451358,-2.506812,shoplifting
51.451358,-2.506812,shoplifting
51.451358,-2.506812,shoplifting
51.44566,-2.526606,burglary_biz
51.447337,-2.523676,burglary_biz
51.447177,-2.500535,shoplifting
51.447177,-2.500535,shoplifting
51.447177,-2.500535,shoplifting
51.437838,-2.493542,burglary_biz
51.437838,-2.493542,shoplifting
51.438002,-2.49517,shoplifting
51.437838,-2.493542,shoplifting
51.444491,-2.501182,shoplifting
51.444222,-2.499827,shoplifting
51.444491,-2.501182,shoplifting
51.44269,-2.474645,burglary_biz
51.443966,-2.477219,shoplifting
51.53844,-2.584356,burglary_biz
51.536469,-2.562776,burglary_biz
51.540698,-2.562198,shoplifting
51.540698,-2.562198,shoplifting
51.535806,-2.582534,burglary_biz
51.535563,-2.584333,burglary_biz
51.530424,-2.578011,shoplifting
51.530424,-2.578011,shoplifting
51.530424,-2.578011,shoplifting
51.509231,-2.552066,shoplifting
51.509231,-2.552066,shoplifting
51.509231,-2.552066,shoplifting
51.509231,-2.552066,shoplifting
51.509231,-2.552066,shoplifting
51.509231,-2.552066,shoplifting
51.509231,-2.552066,shoplifting
51.509231,-2.552066,shoplifting
51.509231,-2.552066,shoplifting
51.50113,-2.544274,shoplifting
51.50113,-2.544274,shoplifting
51.497913,-2.55906,burglary_biz
51.50655,-2.556082,burglary_biz
51.495706,-2.563714,burglary_biz
51.505519,-2.560287,robbery_biz
51.414443,-2.50163,burglary_biz
51.414948,-2.499162,shoplifting
51.415165,-2.498935,shoplifting
51.409594,-2.500802,robbery_biz
51.413799,-2.496691,shoplifting
51.413799,-2.496691,shoplifting
51.407635,-2.497774,robbery_biz
51.414756,-2.482696,shoplifting
51.414756,-2.482696,shoplifting
51.414756,-2.482696,shoplifting
51.414756,-2.482696,shoplifting
51.411928,-2.481645,burglary_biz
51.413172,-2.478854,robbery_biz
51.413172,-2.478854,shoplifting
51.393559,-2.352729,burglary_biz
51.393869,-2.345085,burglary_biz
51.393869,-2.345085,burglary_biz
51.391507,-2.350342,shoplifting
51.391507,-2.350342,shoplifting
51.391507,-2.350342,shoplifting
51.391507,-2.350342,shoplifting
51.391507,-2.350342,shoplifting
51.391507,-2.350342,shoplifting
51.383235,-2.362105,burglary_biz
51.380842,-2.362374,burglary_biz
51.38036,-2.361335,robbery_biz
51.379118,-2.361584,robbery_biz
51.380033,-2.359264,shoplifting
51.380842,-2.362374,shoplifting
51.382714,-2.359026,shoplifting
51.380033,-2.359264,shoplifting
51.382714,-2.359026,shoplifting
51.382714,-2.359026,shoplifting
51.380842,-2.362374,shoplifting
51.380033,-2.359264,shoplifting
51.379049,-2.360592,shoplifting
51.382174,-2.359108,shoplifting
51.379472,-2.360595,shoplifting
51.382714,-2.359026,shoplifting
51.379049,-2.360592,shoplifting
51.380033,-2.359264,shoplifting
51.379049,-2.360592,shoplifting
51.380391,-2.359956,shoplifting
51.380159,-2.359466,shoplifting
51.379472,-2.360595,shoplifting
51.382714,-2.359026,shoplifting
51.381429,-2.361617,shoplifting
51.382714,-2.359026,shoplifting
51.382714,-2.359026,shoplifting
51.380842,-2.362374,shoplifting
51.382537,-2.360921,shoplifting
51.380961,-2.358825,theft_person
51.383494,-2.359535,theft_person
51.378739,-2.362199,theft_person
51.380679,-2.356912,burglary_biz
51.378904,-2.358249,burglary_biz
51.388006,-2.354325,burglary_biz
51.378327,-2.359595,shoplifting
51.378327,-2.359595,shoplifting
51.378327,-2.359595,shoplifting
51.378327,-2.359595,shoplifting
51.378327,-2.359595,shoplifting
51.378327,-2.359595,shoplifting
51.378327,-2.359595,shoplifting
51.378904,-2.358249,shoplifting
51.378327,-2.359595,shoplifting
51.380679,-2.356912,shoplifting
51.378327,-2.359595,shoplifting
51.378327,-2.359595,shoplifting
51.384786,-2.363583,burglary_biz
51.387485,-2.359983,burglary_biz
51.386569,-2.362677,burglary_biz
51.38489,-2.36196,shoplifting
51.38489,-2.36196,shoplifting
51.38489,-2.36196,shoplifting
51.38489,-2.36196,shoplifting
51.386298,-2.366024,theft_person
51.38489,-2.36196,theft_person
51.402721,-2.373184,burglary_biz
51.402721,-2.373184,burglary_biz
51.389164,-2.363675,burglary_biz
51.389164,-2.363675,burglary_biz
51.389456,-2.387822,burglary_biz
51.388005,-2.401922,burglary_biz
51.380332,-2.364582,burglary_biz
51.381192,-2.368555,shoplifting
51.381292,-2.365107,shoplifting
51.381292,-2.365107,shoplifting
51.380991,-2.36374,shoplifting
51.381292,-2.365107,shoplifting
51.381292,-2.365107,shoplifting
51.381292,-2.365107,shoplifting
51.381317,-2.362923,shoplifting
51.382522,-2.365749,burglary_biz
51.38834,-2.365594,burglary_biz
51.382694,-2.365406,robbery_biz
51.379222,-2.40423,burglary_biz
51.382581,-2.405265,burglary_biz
51.379912,-2.399466,burglary_biz
51.379222,-2.40423,burglary_biz
51.379443,-2.394605,burglary_biz
51.380991,-2.396946,burglary_biz
51.379365,-2.39653,burglary_biz
51.378022,-2.402624,burglary_biz
51.379161,-2.393051,robbery_biz
51.379841,-2.393804,robbery_biz
51.376843,-2.355848,burglary_biz
51.380594,-2.352242,theft_person
51.378014,-2.383573,burglary_biz
51.378826,-2.38812,burglary_biz
51.378826,-2.38812,robbery_biz
51.380514,-2.38618,shoplifting
51.373652,-2.384053,burglary_biz
51.373652,-2.384053,burglary_biz
51.378734,-2.380777,shoplifting
51.377044,-2.377659,shoplifting
51.377044,-2.377659,shoplifting
51.377044,-2.377659,shoplifting
51.377044,-2.377659,shoplifting
51.377044,-2.377659,shoplifting
51.377044,-2.377659,shoplifting
51.377044,-2.377659,shoplifting
51.377044,-2.377659,shoplifting
51.37285,-2.373329,burglary_biz
51.370465,-2.385262,burglary_biz
51.369557,-2.385183,burglary_biz
51.37064,-2.397287,burglary_biz
51.37205,-2.396321,burglary_biz
51.37205,-2.396321,robbery_biz
51.37205,-2.396321,shoplifting
51.37205,-2.396321,shoplifting
51.37205,-2.396321,shoplifting
51.37205,-2.396321,shoplifting
51.37064,-2.397287,shoplifting
51.37205,-2.396321,shoplifting
51.37205,-2.396321,shoplifting
51.366688,-2.390818,burglary_biz
51.375689,-2.390607,burglary_biz
51.375676,-2.389084,shoplifting
51.375676,-2.389084,shoplifting
51.375676,-2.389084,shoplifting
51.375676,-2.389084,shoplifting
51.400025,-2.456536,shoplifting
51.327621,-2.473097,shoplifting
51.327621,-2.473097,shoplifting
51.327621,-2.473097,shoplifting
51.374093,-2.366264,burglary_biz
51.374093,-2.366264,burglary_biz
51.374093,-2.366264,burglary_biz
51.374093,-2.366264,shoplifting
51.374093,-2.366264,shoplifting
51.374093,-2.366264,shoplifting
51.374093,-2.366264,shoplifting
51.374093,-2.366264,shoplifting
51.374093,-2.366264,shoplifting
51.374093,-2.366264,shoplifting
51.374093,-2.366264,shoplifting
51.374093,-2.366264,shoplifting
51.357331,-2.370187,robbery_biz
51.361669,-2.354481,burglary_biz
51.364169,-2.360346,robbery_biz
51.364169,-2.360346,robbery_biz
51.361484,-2.362034,shoplifting
51.359037,-2.379551,burglary_biz
51.358306,-2.380277,shoplifting
51.358306,-2.380277,shoplifting
51.395656,-2.550467,burglary_biz
51.316277,-2.42517,burglary_biz
51.316277,-2.42517,shoplifting
51.305164,-2.504282,theft_person
51.305094,-2.499604,burglary_biz
51.510145,-2.627611,robbery_biz
51.511061,-2.629512,shoplifting
51.511061,-2.629512,shoplifting
51.511061,-2.629512,shoplifting
51.511061,-2.629512,shoplifting
51.511061,-2.629512,shoplifting
51.511061,-2.629512,shoplifting
51.511061,-2.629512,shoplifting
51.511061,-2.629512,shoplifting
51.511061,-2.629512,shoplifting
51.511061,-2.629512,shoplifting
51.511061,-2.629512,shoplifting
51.511061,-2.629512,shoplifting
51.511061,-2.629512,shoplifting
51.511061,-2.629512,shoplifting
51.511061,-2.629512,shoplifting
51.511061,-2.629512,shoplifting
51.511061,-2.629512,shoplifting
51.511871,-2.622649,burglary_biz
51.509605,-2.62099,shoplifting
51.509605,-2.62099,shoplifting
51.509605,-2.62099,shoplifting
51.509605,-2.62099,shoplifting
51.509605,-2.62099,shoplifting
51.509605,-2.62099,shoplifting
51.509605,-2.62099,shoplifting
51.507985,-2.623057,shoplifting
51.507985,-2.623057,shoplifting
51.507985,-2.623057,shoplifting
51.50239,-2.593979,burglary_biz
51.497231,-2.598781,shoplifting
51.502582,-2.602223,robbery_biz
51.504668,-2.602207,robbery_biz
51.502582,-2.602223,shoplifting
51.502582,-2.602223,shoplifting
51.502582,-2.602223,shoplifting
51.502582,-2.602223,shoplifting
51.502582,-2.602223,shoplifting
51.502582,-2.602223,shoplifting
51.502582,-2.602223,shoplifting
51.502582,-2.602223,shoplifting
51.502582,-2.602223,shoplifting
51.502582,-2.602223,shoplifting
51.502582,-2.602223,shoplifting
51.503883,-2.602715,shoplifting
51.502582,-2.602223,shoplifting
51.502582,-2.602223,shoplifting
51.502582,-2.602223,shoplifting
51.502582,-2.602223,shoplifting
51.504158,-2.594723,burglary_biz
51.512047,-2.597549,shoplifting
51.512047,-2.597549,shoplifting
51.512047,-2.597549,shoplifting
51.512877,-2.596854,shoplifting
51.506309,-2.60828,burglary_biz
51.508368,-2.604878,burglary_biz
51.493616,-2.66727,burglary_biz
51.502629,-2.683797,burglary_biz
51.503178,-2.657055,robbery_biz
51.502675,-2.656914,shoplifting
51.502675,-2.656914,shoplifting
51.502675,-2.656914,shoplifting
51.502675,-2.656914,shoplifting
51.502675,-2.656914,shoplifting
51.502675,-2.656914,shoplifting
51.502675,-2.656914,shoplifting
51.502675,-2.656914,shoplifting
51.502675,-2.656914,shoplifting
51.502675,-2.656914,shoplifting
51.502675,-2.656914,shoplifting
51.502675,-2.656914,shoplifting
51.502675,-2.656914,shoplifting
51.502675,-2.656914,shoplifting
51.502675,-2.656914,shoplifting
51.502675,-2.656914,shoplifting
51.502675,-2.656914,shoplifting
51.502675,-2.656914,shoplifting
51.502675,-2.656914,shoplifting
51.502675,-2.656914,shoplifting
51.502675,-2.656914,shoplifting
51.502675,-2.656914,shoplifting
51.502675,-2.656914,shoplifting
51.502675,-2.656914,shoplifting
51.502675,-2.656914,shoplifting
51.502675,-2.656914,shoplifting
51.504485,-2.646667,burglary_biz
51.500977,-2.592434,robbery_biz
51.496736,-2.580999,burglary_biz
51.494809,-2.59102,burglary_biz
51.493021,-2.602759,shoplifting
51.492099,-2.591411,burglary_biz
51.490795,-2.591423,burglary_biz
51.500631,-2.578988,burglary_biz
51.498326,-2.577821,burglary_biz
51.499782,-2.574123,robbery_biz
51.494818,-2.581695,burglary_biz
51.495274,-2.573115,shoplifting
51.495274,-2.573115,shoplifting
51.495274,-2.573115,shoplifting
51.495274,-2.573115,shoplifting
51.495274,-2.573115,shoplifting
51.495274,-2.573115,shoplifting
51.486228,-2.61049,shoplifting
51.486228,-2.61049,shoplifting
51.485428,-2.612121,shoplifting
51.485428,-2.612121,shoplifting
51.486228,-2.61049,shoplifting
51.486228,-2.61049,shoplifting
51.486228,-2.61049,shoplifting
51.485428,-2.612121,shoplifting
51.486228,-2.61049,shoplifting
51.486228,-2.61049,shoplifting
51.486228,-2.61049,shoplifting
51.486228,-2.61049,shoplifting
51.486228,-2.61049,shoplifting
51.486228,-2.61049,shoplifting
51.486228,-2.61049,shoplifting
51.486228,-2.61049,shoplifting
51.486228,-2.61049,shoplifting
51.486228,-2.61049,shoplifting
51.486228,-2.61049,shoplifting
51.486228,-2.61049,shoplifting
51.493328,-2.619746,burglary_biz
51.492827,-2.617507,burglary_biz
51.495076,-2.619093,burglary_biz
51.492827,-2.617507,shoplifting
51.492827,-2.617507,shoplifting
51.492827,-2.617507,shoplifting
51.495553,-2.620741,burglary_biz
51.498152,-2.617218,robbery_biz
51.498152,-2.617218,robbery_biz
51.495553,-2.620741,shoplifting
51.495553,-2.620741,shoplifting
51.495553,-2.620741,shoplifting
51.498152,-2.617218,shoplifting
51.495553,-2.620741,shoplifting
51.496502,-2.612889,shoplifting
51.495553,-2.620741,shoplifting
51.495553,-2.620741,shoplifting
51.495553,-2.620741,shoplifting
51.495553,-2.620741,shoplifting
51.489437,-2.647606,robbery_biz
51.494911,-2.647871,burglary_biz
51.495142,-2.64508,robbery_biz
51.48904,-2.651101,burglary_biz
51.48931,-2.678067,shoplifting
51.50445,-2.696662,burglary_biz
51.503279,-2.697018,burglary_biz
51.503195,-2.694481,burglary_biz
51.518458,-2.692262,burglary_biz
51.505705,-2.697343,shoplifting
51.505705,-2.697343,shoplifting
51.505705,-2.697343,shoplifting
51.49909,-2.695326,shoplifting
51.495606,-2.687247,robbery_biz
51.494363,-2.68883,robbery_biz
51.493355,-2.681368,robbery_biz
51.488057,-2.620006,burglary_biz
51.487971,-2.62487,shoplifting
51.487971,-2.62487,shoplifting
51.487971,-2.62487,shoplifting
51.485844,-2.583597,theft_person
51.486399,-2.574934,burglary_biz
51.485471,-2.596813,shoplifting
51.485471,-2.596813,shoplifting
51.485471,-2.596813,shoplifting
51.485471,-2.596813,shoplifting
51.485471,-2.596813,shoplifting
51.488568,-2.599604,burglary_biz
51.488151,-2.602133,burglary_biz
51.487609,-2.592016,burglary_biz
51.479884,-2.606186,burglary_biz
51.481712,-2.537563,burglary_biz
51.481712,-2.537563,burglary_biz
51.481532,-2.545423,burglary_biz
51.481712,-2.537563,robbery_biz
51.481712,-2.537563,robbery_biz
51.481712,-2.537563,shoplifting
51.483194,-2.553421,burglary_biz
51.495316,-2.531754,shoplifting
51.477234,-2.535566,burglary_biz
51.478303,-2.533822,shoplifting
51.477234,-2.535566,theft_person
51.487079,-2.519868,burglary_biz
51.486693,-2.519561,shoplifting
51.481058,-2.529016,robbery_biz
51.481058,-2.529016,robbery_biz
51.481058,-2.529016,robbery_biz
51.481058,-2.529016,shoplifting
51.485141,-2.516735,theft_person
51.486279,-2.523863,burglary_biz
51.482077,-2.525515,shoplifting
51.482077,-2.525515,shoplifting
51.482077,-2.525515,shoplifting
51.491805,-2.563349,burglary_biz
51.491805,-2.563349,shoplifting
51.489022,-2.566224,robbery_biz
51.476166,-2.573221,robbery_biz
51.481836,-2.576146,shoplifting
51.481836,-2.576146,shoplifting
51.481836,-2.576146,shoplifting
51.481836,-2.576146,shoplifting
51.481836,-2.576146,shoplifting
51.472616,-2.567403,burglary_biz
51.473464,-2.565702,burglary_biz
51.473662,-2.570411,burglary_biz
51.473961,-2.562481,robbery_biz
51.473629,-2.566033,robbery_biz
51.473629,-2.566033,robbery_biz
51.473629,-2.566033,robbery_biz
51.473629,-2.566033,robbery_biz
51.473629,-2.566033,robbery_biz
51.473629,-2.566033,robbery_biz
51.473629,-2.566033,shoplifting
51.473629,-2.566033,shoplifting
51.473464,-2.565702,shoplifting
51.473629,-2.566033,shoplifting
51.473629,-2.566033,shoplifting
51.473961,-2.562481,shoplifting
51.473629,-2.566033,shoplifting
51.473961,-2.562481,shoplifting
51.473961,-2.562481,shoplifting
51.473629,-2.566033,shoplifting
51.473961,-2.562481,shoplifting
51.473464,-2.565702,shoplifting
51.473629,-2.566033,shoplifting
51.473464,-2.565702,shoplifting
51.473961,-2.562481,shoplifting
51.473629,-2.566033,shoplifting
51.472616,-2.567403,shoplifting
51.473629,-2.566033,shoplifting
51.473464,-2.565702,shoplifting
51.473629,-2.566033,shoplifting
51.481098,-2.63352,burglary_biz
51.479983,-2.588562,shoplifting
51.478955,-2.580226,shoplifting
51.47811,-2.590885,burglary_biz
51.476111,-2.589779,burglary_biz
51.47492,-2.585084,shoplifting
51.47492,-2.585084,shoplifting
51.479541,-2.599529,burglary_biz
51.48413,-2.595283,burglary_biz
51.481924,-2.58706,shoplifting
51.481924,-2.58706,shoplifting
51.479442,-2.613452,burglary_biz
51.480393,-2.612227,shoplifting
51.480602,-2.608183,burglary_biz
51.477287,-2.523774,burglary_biz
51.481057,-2.517236,burglary_biz
51.474541,-2.544433,burglary_biz
51.476933,-2.542474,burglary_biz
51.478002,-2.536713,burglary_biz
51.478002,-2.536713,burglary_biz
51.478543,-2.53646,burglary_biz
51.480225,-2.548014,burglary_biz
51.474103,-2.549539,robbery_biz
51.473915,-2.581227,burglary_biz
51.472135,-2.580974,burglary_biz
51.473877,-2.577814,burglary_biz
51.47246,-2.591589,burglary_biz
51.473193,-2.59072,shoplifting
51.473193,-2.59072,shoplifting
51.473193,-2.59072,shoplifting
51.473193,-2.59072,shoplifting
51.474512,-2.598397,burglary_biz
51.471506,-2.593521,robbery_biz
51.471506,-2.593521,robbery_biz
51.471506,-2.593521,robbery_biz
51.471506,-2.593521,shoplifting
51.47585,-2.525572,burglary_biz
51.469547,-2.539349,burglary_biz
51.468903,-2.530776,robbery_biz
51.474759,-2.536534,shoplifting
51.468656,-2.519659,burglary_biz
51.469901,-2.520681,burglary_biz
51.471617,-2.523004,shoplifting
51.471617,-2.523004,shoplifting
51.471617,-2.523004,shoplifting
51.465764,-2.601738,burglary_biz
51.468419,-2.613275,shoplifting
51.468419,-2.613275,shoplifting
51.468419,-2.613275,shoplifting
51.469011,-2.605034,burglary_biz
51.462534,-2.593188,burglary_biz
51.461658,-2.595725,burglary_biz
51.461658,-2.595725,robbery_biz
51.464812,-2.59614,burglary_biz
51.469879,-2.595256,burglary_biz
51.45821,-2.587749,burglary_biz
51.460427,-2.592038,burglary_biz
51.458559,-2.58974,burglary_biz
51.45821,-2.587749,burglary_biz
51.461404,-2.592713,burglary_biz
51.45821,-2.587749,burglary_biz
51.458559,-2.58974,robbery_biz
51.459258,-2.592109,robbery_biz
51.45821,-2.587749,robbery_biz
51.459122,-2.594036,robbery_biz
51.45821,-2.587749,shoplifting
51.459122,-2.594036,shoplifting
51.459122,-2.594036,shoplifting
51.459122,-2.594036,shoplifting
51.457668,-2.586303,shoplifting
51.457668,-2.586303,shoplifting
51.45821,-2.587749,shoplifting
51.457668,-2.586303,shoplifting
51.459122,-2.594036,shoplifting
51.45821,-2.587749,shoplifting
51.458559,-2.58974,shoplifting
51.459755,-2.593325,shoplifting
51.458559,-2.58974,shoplifting
51.459122,-2.594036,shoplifting
51.457668,-2.586303,shoplifting
51.458559,-2.58974,shoplifting
51.458559,-2.58974,shoplifting
51.460809,-2.592979,shoplifting
51.457668,-2.586303,shoplifting
51.457668,-2.586303,shoplifting
51.458559,-2.58974,shoplifting
51.457668,-2.586303,shoplifting
51.457668,-2.586303,shoplifting
51.457668,-2.586303,shoplifting
51.457668,-2.586303,shoplifting
51.458559,-2.58974,shoplifting
51.459122,-2.594036,shoplifting
51.459258,-2.592109,shoplifting
51.458559,-2.58974,shoplifting
51.459258,-2.592109,shoplifting
51.45821,-2.587749,shoplifting
51.457668,-2.586303,shoplifting
51.457668,-2.586303,shoplifting
51.457668,-2.586303,shoplifting
51.459122,-2.594036,shoplifting
51.461023,-2.591542,theft_person
51.45821,-2.587749,theft_person
51.45821,-2.587749,theft_person
51.458559,-2.58974,theft_person
51.463483,-2.590566,burglary_biz
51.461976,-2.591554,robbery_biz
51.463483,-2.590566,robbery_biz
51.463483,-2.590566,robbery_biz
51.463961,-2.616339,burglary_biz
51.468288,-2.616095,burglary_biz
51.466677,-2.617945,burglary_biz
51.463871,-2.517862,burglary_biz
51.466398,-2.51386,shoplifting
51.466398,-2.51386,shoplifting
51.466398,-2.51386,shoplifting
51.466975,-2.527514,burglary_biz
51.466975,-2.527514,burglary_biz
51.464997,-2.519516,burglary_biz
51.462424,-2.519904,burglary_biz
51.462755,-2.518109,burglary_biz
51.462755,-2.518109,burglary_biz
51.459041,-2.520312,theft_person
51.461513,-2.53449,shoplifting
51.461513,-2.53449,shoplifting
51.461553,-2.535613,shoplifting
51.461513,-2.53449,shoplifting
51.460085,-2.538014,robbery_biz
51.460989,-2.531144,burglary_biz
51.460989,-2.531144,shoplifting
51.460989,-2.531144,shoplifting
51.461923,-2.526864,shoplifting
51.460989,-2.531144,shoplifting
51.460989,-2.531144,shoplifting
51.460989,-2.531144,shoplifting
51.459618,-2.55531,burglary_biz
51.457623,-2.560683,robbery_biz
51.461928,-2.555525,burglary_biz
51.458856,-2.556581,robbery_biz
51.459436,-2.55381,burglary_biz
51.459436,-2.55381,shoplifting
51.460097,-2.552782,shoplifting
51.45903,-2.548336,burglary_biz
51.45903,-2.548336,burglary_biz
51.45903,-2.548336,robbery_biz
51.45903,-2.548336,shoplifting
51.45903,-2.548336,shoplifting
51.455201,-2.618553,burglary_biz
51.454444,-2.620232,robbery_biz
51.454444,-2.620232,shoplifting
51.454444,-2.620232,shoplifting
51.4556,-2.621264,shoplifting
51.454444,-2.620232,shoplifting
51.454444,-2.620232,shoplifting
51.454444,-2.620232,shoplifting
51.454444,-2.620232,shoplifting
51.454444,-2.620232,shoplifting
51.448654,-2.618623,burglary_biz
51.450199,-2.615665,burglary_biz
51.450199,-2.615665,burglary_biz
51.452629,-2.544345,burglary_biz
51.454828,-2.545206,shoplifting
51.449661,-2.540626,burglary_biz
51.449661,-2.540626,burglary_biz
51.438266,-2.552605,burglary_biz
51.443407,-2.56635,burglary_biz
51.442944,-2.563467,burglary_biz
51.440886,-2.555787,shoplifting
51.44119,-2.552309,burglary_biz
51.444676,-2.627821,burglary_biz
51.440716,-2.6206,robbery_biz
51.440576,-2.610773,robbery_biz
51.440733,-2.610027,robbery_biz
51.440733,-2.610027,robbery_biz
51.440733,-2.610027,shoplifting
51.440733,-2.610027,shoplifting
51.440733,-2.610027,shoplifting
51.440733,-2.610027,shoplifting
51.440733,-2.610027,shoplifting
51.440733,-2.610027,shoplifting
51.440733,-2.610027,shoplifting
51.440733,-2.610027,shoplifting
51.440733,-2.610027,shoplifting
51.440733,-2.610027,shoplifting
51.440733,-2.610027,shoplifting
51.440733,-2.610027,shoplifting
51.440733,-2.610027,shoplifting
51.440733,-2.610027,shoplifting
51.440733,-2.610027,shoplifting
51.440733,-2.610027,shoplifting
51.443394,-2.610163,theft_person
51.441978,-2.603986,burglary_biz
51.44562,-2.609142,shoplifting
51.438012,-2.619558,burglary_biz
51.438012,-2.619558,robbery_biz
51.438012,-2.619558,robbery_biz
51.441431,-2.612381,shoplifting
51.438012,-2.619558,shoplifting
51.438012,-2.619558,shoplifting
51.442329,-2.578984,shoplifting
51.442329,-2.578984,shoplifting
51.442167,-2.573471,shoplifting
51.44053,-2.58286,robbery_biz
51.440574,-2.537928,shoplifting
51.440164,-2.550657,burglary_biz
51.437302,-2.533689,burglary_biz
51.434317,-2.53164,burglary_biz
51.432617,-2.539951,burglary_biz
51.432617,-2.539951,shoplifting
51.434337,-2.54676,burglary_biz
51.434267,-2.548261,shoplifting
51.433608,-2.612078,burglary_biz
51.432316,-2.608447,robbery_biz
51.433608,-2.612078,robbery_biz
51.440973,-2.596649,burglary_biz
51.443759,-2.595117,robbery_biz
51.443759,-2.595117,shoplifting
51.443759,-2.595117,shoplifting
51.443759,-2.595117,shoplifting
51.442598,-2.595318,shoplifting
51.443759,-2.595117,shoplifting
51.443759,-2.595117,shoplifting
51.443759,-2.595117,shoplifting
51.443759,-2.595117,shoplifting
51.443005,-2.596618,shoplifting
51.44439,-2.596464,robbery_biz
51.441857,-2.599625,robbery_biz
51.441518,-2.599088,robbery_biz
51.441695,-2.597867,robbery_biz
51.441695,-2.597867,robbery_biz
51.441695,-2.597867,shoplifting
51.444639,-2.597043,theft_person
51.439032,-2.601617,burglary_biz
51.437584,-2.603396,burglary_biz
51.439345,-2.602009,burglary_biz
51.438131,-2.600782,shoplifting
51.44032,-2.604612,burglary_biz
51.439707,-2.592691,robbery_biz
51.439653,-2.594388,robbery_biz
51.433552,-2.619656,shoplifting
51.433552,-2.619656,shoplifting
51.43556,-2.617396,shoplifting
51.429224,-2.565139,burglary_biz
51.427818,-2.563971,shoplifting
51.434927,-2.568446,robbery_biz
51.434927,-2.568446,shoplifting
51.434927,-2.568446,shoplifting
51.43883,-2.556956,shoplifting
51.43878,-2.561819,burglary_biz
51.443034,-2.559813,shoplifting
51.443034,-2.559813,shoplifting
51.431975,-2.546214,shoplifting
51.431975,-2.546214,shoplifting
51.431975,-2.546214,shoplifting
51.429289,-2.543837,burglary_biz
51.429819,-2.545013,shoplifting
51.429819,-2.545013,shoplifting
51.429289,-2.543837,shoplifting
51.429289,-2.543837,shoplifting
51.429289,-2.543837,shoplifting
51.429289,-2.543837,shoplifting
51.43188,-2.59,burglary_biz
51.4245,-2.580427,burglary_biz
51.422517,-2.583206,burglary_biz
51.426824,-2.586828,burglary_biz
51.428057,-2.579422,burglary_biz
51.433431,-2.578339,shoplifting
51.419256,-2.596971,burglary_biz
51.425844,-2.5887,burglary_biz
51.425844,-2.5887,burglary_biz
51.425729,-2.612905,shoplifting
51.425729,-2.612905,shoplifting
51.418177,-2.584517,burglary_biz
51.414331,-2.585906,robbery_biz
51.412714,-2.585612,shoplifting
51.423014,-2.575533,burglary_biz
51.413916,-2.560464,shoplifting
51.414416,-2.611388,shoplifting
51.422527,-2.60442,robbery_biz
51.415331,-2.597955,robbery_biz
51.416344,-2.602009,shoplifting
51.416344,-2.602009,shoplifting
51.415331,-2.597955,shoplifting
51.416138,-2.600036,shoplifting
51.416344,-2.602009,shoplifting
51.415331,-2.597955,shoplifting
51.412523,-2.619228,robbery_biz
51.412523,-2.619228,robbery_biz
51.412523,-2.619228,shoplifting
51.412523,-2.619228,shoplifting
51.412523,-2.619228,shoplifting
51.413796,-2.559183,shoplifting
51.41366,-2.54601,burglary_biz
51.411534,-2.554425,robbery_biz
51.412306,-2.547072,shoplifting
51.412107,-2.621278,robbery_biz
51.410589,-2.600251,burglary_biz
51.406651,-2.614174,shoplifting
51.406325,-2.604206,robbery_biz
51.408207,-2.605381,theft_person
51.407057,-2.62062,burglary_biz
51.405104,-2.609006,shoplifting
51.405104,-2.609006,shoplifting
51.405104,-2.609006,shoplifting
51.405104,-2.609006,shoplifting
51.409122,-2.566358,burglary_biz
51.407081,-2.577259,robbery_biz
51.407081,-2.577259,shoplifting
51.407081,-2.577259,shoplifting
51.407081,-2.577259,shoplifting
51.407081,-2.577259,shoplifting
51.404206,-2.600124,shoplifting
51.404206,-2.600124,shoplifting
51.404206,-2.600124,shoplifting
51.402123,-2.597711,burglary_biz
51.402123,-2.597711,burglary_biz
51.408353,-2.597907,burglary_biz
51.406336,-2.584266,burglary_biz
51.407281,-2.591193,robbery_biz
51.404014,-2.590001,shoplifting
51.45257,-2.579142,burglary_biz
51.453026,-2.575881,burglary_biz
51.455179,-2.578744,burglary_biz
51.453237,-2.580504,burglary_biz
51.447366,-2.584113,burglary_biz
51.455009,-2.580555,burglary_biz
51.45679,-2.580232,burglary_biz
51.456118,-2.581562,burglary_biz
51.456118,-2.581562,burglary_biz
51.454693,-2.578896,robbery_biz
51.456118,-2.581562,robbery_biz
51.453205,-2.581683,shoplifting
51.456776,-2.583197,burglary_biz
51.459668,-2.578383,burglary_biz
51.459066,-2.580088,burglary_biz
51.456972,-2.57809,burglary_biz
51.456776,-2.583197,burglary_biz
51.458279,-2.584727,robbery_biz
51.458279,-2.584727,robbery_biz
51.459476,-2.584368,shoplifting
51.459476,-2.584368,shoplifting
51.458279,-2.584727,shoplifting
51.458279,-2.584727,shoplifting
51.459476,-2.584368,shoplifting
51.459476,-2.584368,shoplifting
51.458279,-2.584727,shoplifting
51.459476,-2.584368,shoplifting
51.459476,-2.584368,shoplifting
51.459476,-2.584368,shoplifting
51.459476,-2.584368,shoplifting
51.459476,-2.584368,shoplifting
51.459476,-2.584368,shoplifting
51.458279,-2.584727,shoplifting
51.458279,-2.584727,shoplifting
51.459476,-2.584368,shoplifting
51.459476,-2.584368,shoplifting
51.459476,-2.584368,shoplifting
51.459476,-2.584368,shoplifting
51.458279,-2.584727,shoplifting
51.447236,-2.588486,robbery_biz
51.453561,-2.589488,burglary_biz
51.452201,-2.590018,burglary_biz
51.450733,-2.590402,robbery_biz
51.450733,-2.590402,robbery_biz
51.45216,-2.589125,shoplifting
51.453253,-2.588275,burglary_biz
51.453253,-2.588275,burglary_biz
51.45265,-2.586598,burglary_biz
51.461527,-2.567769,burglary_biz
51.460582,-2.566189,burglary_biz
51.457626,-2.56382,shoplifting
51.46491,-2.56915,burglary_biz
51.466184,-2.569857,theft_person
51.462459,-2.575899,burglary_biz
51.461882,-2.572495,shoplifting
51.447439,-2.560567,burglary_biz
51.454162,-2.56231,robbery_biz
51.447439,-2.560567,robbery_biz
51.465876,-2.564771,burglary_biz
51.468996,-2.566566,robbery_biz
51.468996,-2.566566,robbery_biz
51.471218,-2.562548,burglary_biz
51.468365,-2.563118,shoplifting
51.473179,-2.56047,burglary_biz
51.473179,-2.56047,burglary_biz
51.473121,-2.557705,robbery_biz
51.469136,-2.579221,burglary_biz
51.468065,-2.573062,burglary_biz
51.470122,-2.577234,burglary_biz
51.469336,-2.576202,burglary_biz
51.469136,-2.579221,shoplifting
51.469178,-2.575365,robbery_biz
51.465556,-2.5878,burglary_biz
51.46492,-2.588987,burglary_biz
51.465529,-2.589542,shoplifting
51.465529,-2.589542,shoplifting
51.465529,-2.589542,shoplifting
51.46352,-2.583139,burglary_biz
51.461422,-2.589115,burglary_biz
51.460967,-2.590217,burglary_biz
51.461821,-2.584729,robbery_biz
51.459566,-2.588069,shoplifting
51.456844,-2.594626,burglary_biz
51.460667,-2.59967,burglary_biz
51.457287,-2.594214,theft_person
51.455104,-2.604447,burglary_biz
51.454896,-2.602876,burglary_biz
51.45728,-2.607758,robbery_biz
51.455363,-2.604753,robbery_biz
51.456818,-2.606787,shoplifting
51.454485,-2.602338,shoplifting
51.456782,-2.606801,shoplifting
51.455363,-2.604753,shoplifting
51.456782,-2.606801,shoplifting
51.456818,-2.606787,shoplifting
51.456818,-2.606787,shoplifting
51.456782,-2.606801,shoplifting
51.455363,-2.604753,shoplifting
51.456782,-2.606801,shoplifting
51.456782,-2.606801,shoplifting
51.456782,-2.606801,shoplifting
51.456782,-2.606801,shoplifting
51.456782,-2.606801,shoplifting
51.456818,-2.606787,shoplifting
51.45728,-2.607758,theft_person
51.45728,-2.607758,theft_person
51.450975,-2.604796,burglary_biz
51.449755,-2.602477,burglary_biz
51.450975,-2.604796,burglary_biz
51.450666,-2.603583,robbery_biz
51.454535,-2.60657,robbery_biz
51.453066,-2.60206,theft_person
51.454044,-2.595309,burglary_biz
51.454931,-2.585361,burglary_biz
51.453866,-2.593263,burglary_biz
51.454044,-2.595309,burglary_biz
51.455474,-2.597126,burglary_biz
51.454404,-2.593529,burglary_biz
51.455907,-2.598571,burglary_biz
51.456187,-2.591192,robbery_biz
51.455583,-2.593415,robbery_biz
51.456703,-2.585081,robbery_biz
51.456677,-2.592162,robbery_biz
51.454994,-2.588802,robbery_biz
51.457175,-2.593248,robbery_biz
51.456071,-2.589175,robbery_biz
51.456677,-2.592162,robbery_biz
51.455583,-2.593415,robbery_biz
51.456677,-2.592162,robbery_biz
51.456137,-2.590414,shoplifting
51.456187,-2.591192,shoplifting
51.456677,-2.592162,shoplifting
51.456677,-2.592162,shoplifting
51.456677,-2.592162,shoplifting
51.456677,-2.592162,shoplifting
51.456677,-2.592162,shoplifting
51.456677,-2.592162,shoplifting
51.456137,-2.590414,shoplifting
51.456677,-2.592162,shoplifting
51.453861,-2.59594,shoplifting
51.456677,-2.592162,shoplifting
51.455583,-2.593415,shoplifting
51.457175,-2.593248,shoplifting
51.455763,-2.591503,shoplifting
51.456677,-2.592162,shoplifting
51.455583,-2.593415,shoplifting
51.456137,-2.590414,shoplifting
51.456677,-2.592162,shoplifting
51.456677,-2.592162,shoplifting
51.456677,-2.592162,shoplifting
51.455763,-2.591503,shoplifting
51.456677,-2.592162,shoplifting
51.456071,-2.589175,shoplifting
51.456677,-2.592162,shoplifting
51.456677,-2.592162,shoplifting
51.456677,-2.592162,shoplifting
51.456677,-2.592162,shoplifting
51.453861,-2.59594,theft_person
51.456677,-2.592162,theft_person
51.456677,-2.592162,theft_person
51.456677,-2.592162,theft_person
51.451608,-2.593392,burglary_biz
51.451608,-2.593392,burglary_biz
51.451403,-2.594886,robbery_biz
51.452961,-2.596173,robbery_biz
51.45303,-2.593194,shoplifting
51.453382,-2.594753,theft_person
51.452625,-2.598629,burglary_biz
51.450094,-2.599344,burglary_biz
51.450094,-2.599344,burglary_biz
51.453875,-2.600329,robbery_biz
51.453357,-2.597833,robbery_biz
51.453049,-2.598261,robbery_biz
51.453357,-2.597833,robbery_biz
51.454306,-2.598651,shoplifting
51.452504,-2.598969,shoplifting
51.450094,-2.599344,theft_person
51.450094,-2.599344,theft_person
51.450094,-2.599344,theft_person
51.450094,-2.599344,theft_person
51.450094,-2.599344,theft_person
51.450094,-2.599344,theft_person
51.450094,-2.599344,theft_person
51.447636,-2.622451,burglary_biz
51.44703,-2.621464,burglary_biz
51.44703,-2.621464,burglary_biz
51.447731,-2.61307,burglary_biz
51.449955,-2.596709,burglary_biz
51.446337,-2.593842,burglary_biz
51.446956,-2.597706,shoplifting
51.593942,-2.291282,burglary_biz
51.481841,-2.781526,shoplifting
51.485963,-2.765927,burglary_biz
51.485963,-2.765927,robbery_biz
51.485963,-2.765927,shoplifting
51.4839,-2.765555,shoplifting
51.485963,-2.765927,shoplifting
51.4839,-2.765555,shoplifting
51.4839,-2.765555,shoplifting
51.479242,-2.797609,burglary_biz
51.452053,-2.630412,robbery_biz
51.439612,-2.840599,shoplifting
51.439612,-2.840599,shoplifting
51.439418,-2.839977,shoplifting
51.439612,-2.840599,shoplifting
51.439612,-2.840599,shoplifting
51.441766,-2.857199,shoplifting
51.441766,-2.857199,shoplifting
51.441766,-2.857199,shoplifting
51.441766,-2.857199,shoplifting
51.441766,-2.857199,shoplifting
51.42439,-2.687274,burglary_biz
51.432454,-2.664091,burglary_biz
51.428649,-2.665963,shoplifting
51.428649,-2.665963,shoplifting
51.43843,-2.746889,shoplifting
51.475627,-2.709483,shoplifting
51.434671,-2.852434,shoplifting
51.433108,-2.845946,burglary_biz
51.434932,-2.847332,burglary_biz
51.434932,-2.847332,burglary_biz
51.436701,-2.851379,shoplifting
51.433416,-2.865387,burglary_biz
51.434743,-2.758179,shoplifting
51.432328,-2.758988,shoplifting
51.434743,-2.758179,shoplifting
51.434743,-2.758179,shoplifting
51.434743,-2.758179,shoplifting
51.435503,-2.767082,burglary_biz
51.426072,-2.849095,burglary_biz
51.426141,-2.867881,shoplifting
51.429047,-2.864024,shoplifting
51.428459,-2.854663,shoplifting
51.414089,-2.741344,burglary_biz
51.386783,-2.783742,robbery_biz
51.386783,-2.783742,shoplifting
51.386783,-2.783742,shoplifting
51.386783,-2.783742,shoplifting
51.387739,-2.823998,burglary_biz
51.386533,-2.819075,shoplifting
51.386729,-2.680156,burglary_biz
51.360974,-2.76101,burglary_biz
51.361925,-2.762606,burglary_biz
51.385858,-2.712842,shoplifting
51.385858,-2.712842,shoplifting
51.368984,-2.808261,burglary_biz
51.315095,-2.833873,burglary_biz
51.314433,-2.832926,burglary_biz
51.332019,-2.740177,burglary_biz
51.343894,-2.784761,burglary_biz
51.340185,-2.782789,shoplifting
51.340185,-2.782789,shoplifting
51.321608,-2.849791,burglary_biz
51.547678,-2.458259,burglary_biz
51.594788,-2.400555,burglary_biz
51.536708,-2.615476,burglary_biz
51.524619,-2.598824,burglary_biz
51.52396,-2.588682,robbery_biz
51.52368,-2.594444,shoplifting
51.52368,-2.594444,shoplifting
51.527177,-2.597305,shoplifting
51.52368,-2.594444,shoplifting
51.52368,-2.594444,shoplifting
51.52368,-2.594444,shoplifting
51.527177,-2.597305,shoplifting
51.525403,-2.598546,shoplifting
51.527177,-2.597305,shoplifting
51.525605,-2.595396,shoplifting
51.527177,-2.597305,shoplifting
51.52368,-2.594444,shoplifting
51.525403,-2.598546,shoplifting
51.527177,-2.597305,shoplifting
51.527177,-2.597305,shoplifting
51.523046,-2.58805,shoplifting
51.525403,-2.598546,shoplifting
51.528918,-2.600495,shoplifting
51.525605,-2.595396,shoplifting
51.525403,-2.598546,shoplifting
51.525605,-2.595396,shoplifting
51.525605,-2.595396,shoplifting
51.525605,-2.595396,shoplifting
51.527177,-2.597305,shoplifting
51.525605,-2.595396,shoplifting
51.527868,-2.599721,shoplifting
51.52368,-2.594444,shoplifting
51.525605,-2.595396,shoplifting
51.525403,-2.598546,shoplifting
51.525403,-2.598546,shoplifting
51.525403,-2.598546,shoplifting
51.522027,-2.611517,shoplifting
51.525595,-2.60489,shoplifting
51.528702,-2.598733,shoplifting
51.525605,-2.595396,shoplifting
51.525403,-2.598546,shoplifting
51.528918,-2.600495,shoplifting
51.525064,-2.60164,shoplifting
51.526857,-2.596317,shoplifting
51.525605,-2.595396,shoplifting
51.527177,-2.597305,shoplifting
51.525605,-2.595396,shoplifting
51.526961,-2.613673,shoplifting
51.525403,-2.598546,shoplifting
51.525064,-2.60164,shoplifting
51.527177,-2.597305,shoplifting
51.525403,-2.598546,shoplifting
51.525605,-2.595396,shoplifting
51.525064,-2.60164,shoplifting
51.525605,-2.595396,shoplifting
51.527177,-2.597305,shoplifting
51.525595,-2.60489,shoplifting
51.525403,-2.598546,shoplifting
51.527177,-2.597305,shoplifting
51.525605,-2.595396,shoplifting
51.525403,-2.598546,shoplifting
51.525605,-2.595396,shoplifting
51.525403,-2.598546,shoplifting
51.525403,-2.598546,shoplifting
51.528918,-2.600495,shoplifting
51.525605,-2.595396,shoplifting
51.52368,-2.594444,shoplifting
51.525605,-2.595396,shoplifting
51.527177,-2.597305,shoplifting
51.528702,-2.598733,shoplifting
51.525403,-2.598546,shoplifting
51.525605,-2.595396,shoplifting
51.54827,-2.580458,shoplifting
51.559052,-2.417161,shoplifting
51.559052,-2.417161,shoplifting
51.559052,-2.417161,shoplifting
51.559052,-2.417161,shoplifting
51.554523,-2.421519,burglary_biz
51.551743,-2.411945,shoplifting
51.551743,-2.411945,shoplifting
51.539636,-2.413066,shoplifting
51.539636,-2.413066,shoplifting
51.539636,-2.413066,shoplifting
51.542344,-2.425314,shoplifting
51.542344,-2.425314,shoplifting
51.542344,-2.425314,shoplifting
51.540979,-2.422316,shoplifting
51.540979,-2.422316,shoplifting
51.548937,-2.417198,shoplifting
51.548937,-2.417198,shoplifting
51.548937,-2.417198,shoplifting
51.543756,-2.389104,burglary_biz
51.544094,-2.551319,burglary_biz
51.539329,-2.423671,burglary_biz
51.537874,-2.420557,robbery_biz
51.535424,-2.547884,shoplifting
51.535361,-2.547956,shoplifting
51.5341,-2.550305,burglary_biz
51.529164,-2.482968,robbery_biz
51.527647,-2.471233,shoplifting
51.527183,-2.413165,burglary_biz
51.528222,-2.549801,burglary_biz
51.523032,-2.559728,robbery_biz
51.523032,-2.559728,shoplifting
51.525893,-2.503806,burglary_biz
51.52812,-2.504609,shoplifting
51.52812,-2.504609,shoplifting
51.522106,-2.500103,burglary_biz
51.506218,-2.560201,robbery_biz
51.509414,-2.571967,burglary_biz
51.508216,-2.574641,burglary_biz
51.504009,-2.575933,burglary_biz
51.508216,-2.574641,shoplifting
51.508293,-2.573221,shoplifting
51.508216,-2.574641,shoplifting
51.50461,-2.565106,burglary_biz
51.503218,-2.577681,burglary_biz
51.501948,-2.567105,shoplifting
51.515413,-2.571584,burglary_biz
51.514858,-2.442135,burglary_biz
51.529311,-2.46668,shoplifting
51.491051,-2.480289,burglary_biz
51.493916,-2.476618,robbery_biz
51.493938,-2.477885,robbery_biz
51.490037,-2.470816,burglary_biz
51.497575,-2.483398,burglary_biz
51.498625,-2.470732,shoplifting
51.498625,-2.470732,shoplifting
51.498625,-2.470732,shoplifting
51.498625,-2.470732,shoplifting
51.499118,-2.468734,robbery_biz
51.493677,-2.474998,robbery_biz
51.492367,-2.473631,robbery_biz
51.493835,-2.47012,robbery_biz
51.492367,-2.473631,shoplifting
51.492367,-2.473631,shoplifting
51.493677,-2.474998,shoplifting
51.492367,-2.473631,shoplifting
51.492367,-2.473631,shoplifting
51.491847,-2.508904,burglary_biz
51.495561,-2.512921,burglary_biz
51.487993,-2.501875,robbery_biz
51.487993,-2.501875,robbery_biz
51.487993,-2.501875,shoplifting
51.487993,-2.501875,shoplifting
51.487993,-2.501875,shoplifting
51.487993,-2.501875,shoplifting
51.487993,-2.501875,shoplifting
51.488289,-2.504212,robbery_biz
51.488289,-2.504212,shoplifting
51.488289,-2.504212,shoplifting
51.488289,-2.504212,shoplifting
51.488362,-2.493353,burglary_biz
51.486537,-2.486982,burglary_biz
51.484873,-2.489139,burglary_biz
51.482895,-2.484927,shoplifting
51.482895,-2.484927,shoplifting
51.482895,-2.484927,shoplifting
51.482895,-2.484927,shoplifting
51.482895,-2.484927,shoplifting
51.482895,-2.484927,shoplifting
51.492486,-2.48984,burglary_biz
51.437219,-2.45298,burglary_biz
51.463027,-2.311881,burglary_biz
51.478062,-2.408027,burglary_biz
51.475733,-2.490337,burglary_biz
51.480914,-2.504577,burglary_biz
51.480647,-2.504056,shoplifting
51.480647,-2.504056,shoplifting
51.463256,-2.510658,burglary_biz
51.469306,-2.51077,shoplifting
51.479748,-2.512311,burglary_biz
51.480435,-2.509295,burglary_biz
51.480592,-2.512594,burglary_biz
51.475717,-2.506737,burglary_biz
51.475949,-2.511289,burglary_biz
51.475972,-2.507992,burglary_biz
51.475972,-2.507992,burglary_biz
51.462167,-2.498296,shoplifting
51.468736,-2.497028,burglary_biz
51.469609,-2.496735,burglary_biz
51.468736,-2.497028,burglary_biz
51.469609,-2.496735,burglary_biz
51.468406,-2.498608,burglary_biz
51.469778,-2.497313,burglary_biz
51.449902,-2.515028,burglary_biz
51.455836,-2.508877,burglary_biz
51.462607,-2.511025,robbery_biz
51.462599,-2.50852,shoplifting
51.462599,-2.50852,shoplifting
51.462599,-2.50852,shoplifting
51.462599,-2.50852,shoplifting
51.462599,-2.50852,shoplifting
51.462599,-2.50852,shoplifting
51.462599,-2.50852,shoplifting
51.462599,-2.50852,shoplifting
51.458028,-2.496826,shoplifting
51.45084,-2.486976,burglary_biz
51.457282,-2.47507,burglary_biz
51.458998,-2.485948,burglary_biz
51.44476,-2.483142,burglary_biz
51.445808,-2.484088,shoplifting
51.448172,-2.513785,robbery_biz
51.451358,-2.506812,burglary_biz
51.451358,-2.506812,shoplifting
51.447177,-2.500535,shoplifting
51.447177,-2.500535,shoplifting
51.447177,-2.500535,shoplifting
51.447177,-2.500535,shoplifting
51.447177,-2.500535,shoplifting
51.447177,-2.500535,shoplifting
51.44098,-2.513417,burglary_biz
51.437838,-2.493542,burglary_biz
51.437838,-2.493542,shoplifting
51.437838,-2.493542,shoplifting
51.442378,-2.501994,shoplifting
51.442378,-2.501994,shoplifting
51.436189,-2.494344,burglary_biz
51.444222,-2.499827,burglary_biz
51.448096,-2.497083,robbery_biz
51.448096,-2.497083,shoplifting
51.444491,-2.501182,shoplifting
51.444491,-2.501182,shoplifting
51.448096,-2.497083,shoplifting
51.448096,-2.497083,shoplifting
51.444491,-2.501182,shoplifting
51.444491,-2.501182,shoplifting
51.444491,-2.501182,shoplifting
51.444491,-2.501182,shoplifting
51.440216,-2.46839,burglary_biz
51.534255,-2.575676,burglary_biz
51.53844,-2.584356,burglary_biz
51.540698,-2.562198,burglary_biz
51.540698,-2.562198,shoplifting
51.540698,-2.562198,shoplifting
51.540698,-2.562198,shoplifting
51.540698,-2.562198,shoplifting
51.533198,-2.584361,burglary_biz
51.531279,-2.578036,burglary_biz
51.530424,-2.578011,shoplifting
51.530424,-2.578011,shoplifting
51.530424,-2.578011,shoplifting
51.53355,-2.587782,burglary_biz
51.53543,-2.587677,theft_person
51.529787,-2.586869,burglary_biz
51.509231,-2.552066,shoplifting
51.509231,-2.552066,shoplifting
51.509231,-2.552066,shoplifting
51.509231,-2.552066,shoplifting
51.509231,-2.552066,shoplifting
51.509231,-2.552066,shoplifting
51.509231,-2.552066,shoplifting
51.509231,-2.552066,shoplifting
51.507249,-2.550874,shoplifting
51.509231,-2.552066,shoplifting
51.508147,-2.553104,shoplifting
51.509231,-2.552066,shoplifting
51.508147,-2.553104,shoplifting
51.509231,-2.552066,shoplifting
51.509231,-2.552066,shoplifting
51.509231,-2.552066,shoplifting
51.509231,-2.552066,shoplifting
51.509231,-2.552066,shoplifting
51.50113,-2.544274,burglary_biz
51.497251,-2.559551,burglary_biz
51.50655,-2.556082,burglary_biz
51.499527,-2.561802,burglary_biz
51.505519,-2.560287,robbery_biz
51.503016,-2.519012,burglary_biz
51.49498,-2.518316,burglary_biz
51.425008,-2.491146,burglary_biz
51.41741,-2.501619,burglary_biz
51.416533,-2.501567,robbery_biz
51.415165,-2.498935,shoplifting
51.415165,-2.498935,shoplifting
51.414948,-2.499162,shoplifting
51.409538,-2.50681,robbery_biz
51.413096,-2.486273,burglary_biz
51.414756,-2.482696,shoplifting
51.414756,-2.482696,shoplifting
51.408997,-2.488242,shoplifting
51.408997,-2.488242,shoplifting
51.414756,-2.482696,shoplifting
51.403375,-2.488743,burglary_biz
51.408268,-2.483993,burglary_biz
51.410038,-2.479871,burglary_biz
51.406488,-2.483831,burglary_biz
51.408268,-2.483993,burglary_biz
51.410038,-2.479871,burglary_biz
51.41216,-2.475508,shoplifting
51.399082,-2.349063,burglary_biz
51.395549,-2.357747,burglary_biz
51.400279,-2.339484,burglary_biz
51.395908,-2.341624,robbery_biz
51.397161,-2.344708,shoplifting
51.395409,-2.390387,shoplifting
51.390941,-2.35623,burglary_biz
51.391507,-2.350342,shoplifting
51.391507,-2.350342,shoplifting
51.380842,-2.362374,burglary_biz
51.38306,-2.360609,burglary_biz
51.384613,-2.361167,burglary_biz
51.38306,-2.360609,burglary_biz
51.384473,-2.360074,burglary_biz
51.383494,-2.359535,robbery_biz
51.382714,-2.359026,robbery_biz
51.381578,-2.360052,shoplifting
51.381578,-2.360052,shoplifting
51.380033,-2.359264,shoplifting
51.380159,-2.359466,shoplifting
51.378144,-2.35978,shoplifting
51.380159,-2.359466,shoplifting
51.382714,-2.359026,shoplifting
51.382714,-2.359026,shoplifting
51.382714,-2.359026,shoplifting
51.38306,-2.360609,shoplifting
51.379472,-2.360595,shoplifting
51.383494,-2.359535,shoplifting
51.379472,-2.360595,shoplifting
51.382714,-2.359026,shoplifting
51.382714,-2.359026,shoplifting
51.379472,-2.360595,shoplifting
51.380033,-2.359264,shoplifting
51.379472,-2.360595,shoplifting
51.382714,-2.359026,shoplifting
51.379472,-2.360595,shoplifting
51.382714,-2.359026,shoplifting
51.382714,-2.359026,shoplifting
51.38306,-2.360609,shoplifting
51.379472,-2.360595,shoplifting
51.381578,-2.360052,shoplifting
51.382714,-2.359026,shoplifting
51.380033,-2.359264,shoplifting
51.38306,-2.360609,shoplifting
51.379472,-2.360595,shoplifting
51.383741,-2.361276,theft_person
51.378327,-2.359595,robbery_biz
51.378327,-2.359595,shoplifting
51.378327,-2.359595,shoplifting
51.378327,-2.359595,shoplifting
51.378327,-2.359595,shoplifting
51.378904,-2.358249,shoplifting
51.378327,-2.359595,shoplifting
51.378327,-2.359595,shoplifting
51.378327,-2.359595,shoplifting
51.378904,-2.358249,shoplifting
51.378327,-2.359595,shoplifting
51.378904,-2.358249,shoplifting
51.378327,-2.359595,shoplifting
51.378327,-2.359595,shoplifting
51.378235,-2.359264,theft_person
51.380679,-2.356912,theft_person
51.380679,-2.356912,theft_person
51.385772,-2.364467,burglary_biz
51.38489,-2.36196,shoplifting
51.38489,-2.36196,shoplifting
51.388659,-2.361444,burglary_biz
51.387573,-2.360659,burglary_biz
51.387573,-2.360659,burglary_biz
51.396504,-2.365703,burglary_biz
51.384893,-2.391807,burglary_biz
51.388005,-2.401922,robbery_biz
51.38174,-2.365642,burglary_biz
51.381953,-2.363632,burglary_biz
51.381292,-2.365107,burglary_biz
51.381292,-2.365107,burglary_biz
51.38174,-2.365642,robbery_biz
51.380991,-2.36374,robbery_biz
51.381292,-2.365107,shoplifting
51.381292,-2.365107,shoplifting
51.381292,-2.365107,shoplifting
51.381292,-2.365107,shoplifting
51.381317,-2.362923,shoplifting
51.381292,-2.365107,shoplifting
51.381292,-2.365107,shoplifting
51.381292,-2.365107,shoplifting
51.380991,-2.36374,theft_person
51.383097,-2.368771,burglary_biz
51.383135,-2.368053,burglary_biz
51.388262,-2.367706,robbery_biz
51.403919,-2.323971,burglary_biz
51.415608,-2.34916,burglary_biz
51.399403,-2.298036,burglary_biz
51.322681,-2.374586,burglary_biz
51.381873,-2.407041,burglary_biz
51.379594,-2.392595,burglary_biz
51.379443,-2.394605,shoplifting
51.379443,-2.394605,shoplifting
51.37959,-2.342147,burglary_biz
51.376532,-2.354509,burglary_biz
51.38123,-2.373426,robbery_biz
51.375895,-2.385336,burglary_biz
51.378826,-2.38812,burglary_biz
51.380514,-2.38618,shoplifting
51.373295,-2.38576,burglary_biz
51.382306,-2.382703,burglary_biz
51.380931,-2.387979,burglary_biz
51.382306,-2.382703,burglary_biz
51.376083,-2.377378,burglary_biz
51.377044,-2.377659,burglary_biz
51.377044,-2.377659,shoplifting
51.377044,-2.377659,shoplifting
51.377044,-2.377659,shoplifting
51.377044,-2.377659,shoplifting
51.377044,-2.377659,shoplifting
51.377044,-2.377659,shoplifting
51.37285,-2.373329,burglary_biz
51.369498,-2.381145,burglary_biz
51.371423,-2.383517,burglary_biz
51.369498,-2.381145,robbery_biz
51.366688,-2.390818,burglary_biz
51.366688,-2.390818,burglary_biz
51.375676,-2.389084,shoplifting
51.375676,-2.389084,shoplifting
51.375676,-2.389084,shoplifting
51.375676,-2.389084,shoplifting
51.375676,-2.389084,shoplifting
51.386378,-2.444128,burglary_biz
51.327621,-2.473097,shoplifting
51.328682,-2.49046,theft_person
51.370253,-2.364215,burglary_biz
51.374093,-2.366264,burglary_biz
51.374093,-2.366264,shoplifting
51.374093,-2.366264,shoplifting
51.374093,-2.366264,shoplifting
51.358518,-2.373141,burglary_biz
51.356582,-2.368257,shoplifting
51.356582,-2.368257,shoplifting
51.356582,-2.368257,shoplifting
51.356582,-2.368257,shoplifting
51.356582,-2.368257,shoplifting
51.356582,-2.368257,shoplifting
51.356582,-2.368257,shoplifting
51.356582,-2.368257,shoplifting
51.357331,-2.370187,shoplifting
51.366812,-2.371887,burglary_biz
51.369368,-2.365529,robbery_biz
51.369368,-2.365529,shoplifting
51.36102,-2.357808,burglary_biz
51.36102,-2.357808,burglary_biz
51.359639,-2.359592,shoplifting
51.359639,-2.359592,shoplifting
51.359639,-2.359592,shoplifting
51.356579,-2.339664,shoplifting
51.357692,-2.355312,burglary_biz
51.363006,-2.361371,burglary_biz
51.361657,-2.361274,burglary_biz
51.361657,-2.361274,burglary_biz
51.358058,-2.38197,burglary_biz
51.353634,-2.376289,burglary_biz
51.357027,-2.578453,burglary_biz
51.373837,-2.551541,burglary_biz
51.331042,-2.60145,burglary_biz
51.335538,-2.578168,shoplifting
51.309885,-2.630297,burglary_biz
51.33314,-2.410134,burglary_biz
51.364905,-2.404678,burglary_biz
51.354194,-2.383905,burglary_biz
51.306371,-2.501741,burglary_biz
51.306679,-2.501228,shoplifting
51.306679,-2.501228,shoplifting
51.507612,-2.613499,burglary_biz
51.513972,-2.618095,robbery_biz
51.5142,-2.624295,burglary_biz
51.511061,-2.629512,shoplifting
51.511061,-2.629512,shoplifting
51.511061,-2.629512,shoplifting
51.511061,-2.629512,shoplifting
51.511061,-2.629512,shoplifting
51.511061,-2.629512,shoplifting
51.511061,-2.629512,shoplifting
51.511061,-2.629512,shoplifting
51.511061,-2.629512,shoplifting
51.511061,-2.629512,shoplifting
51.511061,-2.629512,shoplifting
51.507696,-2.607866,burglary_biz
51.509605,-2.62099,shoplifting
51.509605,-2.62099,shoplifting
51.509605,-2.62099,shoplifting
51.509605,-2.62099,shoplifting
51.509605,-2.62099,shoplifting
51.509183,-2.641013,burglary_biz
51.51122,-2.639975,burglary_biz
51.507985,-2.623057,shoplifting
51.507985,-2.623057,shoplifting
51.507985,-2.623057,shoplifting
51.507985,-2.623057,shoplifting
51.507985,-2.623057,shoplifting
51.507985,-2.623057,shoplifting
51.507985,-2.623057,shoplifting
51.507985,-2.623057,shoplifting
51.500044,-2.597406,burglary_biz
51.497231,-2.598781,shoplifting
51.503265,-2.603361,robbery_biz
51.503883,-2.602715,robbery_biz
51.503883,-2.602715,robbery_biz
51.503265,-2.603361,robbery_biz
51.503265,-2.603361,robbery_biz
51.502582,-2.602223,shoplifting
51.502582,-2.602223,shoplifting
51.502582,-2.602223,shoplifting
51.502582,-2.602223,shoplifting
51.503883,-2.602715,shoplifting
51.502582,-2.602223,shoplifting
51.502582,-2.602223,shoplifting
51.502582,-2.602223,shoplifting
51.503265,-2.603361,shoplifting
51.502582,-2.602223,shoplifting
51.502582,-2.602223,shoplifting
51.502582,-2.602223,shoplifting
51.502582,-2.602223,shoplifting
51.503265,-2.603361,shoplifting
51.502582,-2.602223,shoplifting
51.503533,-2.602524,shoplifting
51.502582,-2.602223,shoplifting
51.502582,-2.602223,shoplifting
51.503883,-2.602715,shoplifting
51.502582,-2.602223,shoplifting
51.502582,-2.602223,shoplifting
51.502582,-2.602223,shoplifting
51.503265,-2.603361,shoplifting
51.502582,-2.602223,shoplifting
51.502582,-2.602223,shoplifting
51.502582,-2.602223,shoplifting
51.502582,-2.602223,shoplifting
51.502582,-2.602223,shoplifting
51.502582,-2.602223,shoplifting
51.502582,-2.602223,shoplifting
51.502582,-2.602223,shoplifting
51.502582,-2.602223,shoplifting
51.502582,-2.602223,shoplifting
51.502582,-2.602223,shoplifting
51.502582,-2.602223,shoplifting
51.502582,-2.602223,shoplifting
51.502582,-2.602223,shoplifting
51.503883,-2.602715,shoplifting
51.503265,-2.603361,shoplifting
51.502582,-2.602223,shoplifting
51.502582,-2.602223,shoplifting
51.502582,-2.602223,shoplifting
51.502582,-2.602223,shoplifting
51.502582,-2.602223,shoplifting
51.503883,-2.602715,shoplifting
51.502582,-2.602223,shoplifting
51.502582,-2.602223,shoplifting
51.503883,-2.602715,shoplifting
51.502582,-2.602223,shoplifting
51.503265,-2.603361,shoplifting
51.503813,-2.589993,burglary_biz
51.512047,-2.597549,shoplifting
51.512047,-2.597549,shoplifting
51.507812,-2.604597,burglary_biz
51.505729,-2.677936,burglary_biz
51.505729,-2.677936,burglary_biz
51.505729,-2.677936,burglary_biz
51.514884,-2.68228,burglary_biz
51.529939,-2.677099,burglary_biz
51.4948,-2.677068,shoplifting
51.4948,-2.677068,shoplifting
51.4948,-2.677068,shoplifting
51.502675,-2.656914,shoplifting
51.502675,-2.656914,shoplifting
51.503178,-2.657055,shoplifting
51.502675,-2.656914,shoplifting
51.502675,-2.656914,shoplifting
51.502675,-2.656914,shoplifting
51.502675,-2.656914,shoplifting
51.501129,-2.658332,shoplifting
51.502675,-2.656914,shoplifting
51.502675,-2.656914,shoplifting
51.502675,-2.656914,shoplifting
51.502675,-2.656914,shoplifting
51.502675,-2.656914,shoplifting
51.502675,-2.656914,shoplifting
51.5041,-2.64306,burglary_biz
51.496736,-2.580999,robbery_biz
51.496736,-2.580999,shoplifting
51.492921,-2.590558,burglary_biz
51.493021,-2.602759,shoplifting
51.488409,-2.586553,burglary_biz
51.49229,-2.572833,burglary_biz
51.494353,-2.573838,robbery_biz
51.495274,-2.573115,shoplifting
51.495274,-2.573115,shoplifting
51.495274,-2.573115,shoplifting
51.495274,-2.573115,shoplifting
51.495274,-2.573115,shoplifting
51.495274,-2.573115,shoplifting
51.495274,-2.573115,shoplifting
51.486228,-2.61049,robbery_biz
51.486228,-2.61049,shoplifting
51.486228,-2.61049,shoplifting
51.486228,-2.61049,shoplifting
51.486228,-2.61049,shoplifting
51.486228,-2.61049,shoplifting
51.485428,-2.612121,shoplifting
51.485428,-2.612121,shoplifting
51.486228,-2.61049,shoplifting
51.486228,-2.61049,shoplifting
51.486228,-2.61049,shoplifting
51.485428,-2.612121,shoplifting
51.486228,-2.61049,shoplifting
51.486228,-2.61049,shoplifting
51.486889,-2.609548,shoplifting
51.486228,-2.61049,shoplifting
51.486228,-2.61049,shoplifting
51.486228,-2.61049,shoplifting
51.486228,-2.61049,shoplifting
51.495076,-2.619093,burglary_biz
51.493328,-2.619746,shoplifting
51.493328,-2.619746,shoplifting
51.493328,-2.619746,shoplifting
51.493328,-2.619746,shoplifting
51.492827,-2.617507,shoplifting
51.495553,-2.620741,shoplifting
51.495553,-2.620741,shoplifting
51.495553,-2.620741,shoplifting
51.492618,-2.679628,burglary_biz
51.491883,-2.676132,burglary_biz
51.492618,-2.679628,burglary_biz
51.490812,-2.676375,burglary_biz
51.490812,-2.676375,robbery_biz
51.489669,-2.676191,shoplifting
51.489736,-2.677483,robbery_biz
51.489736,-2.677483,shoplifting
51.489736,-2.677483,shoplifting
51.489736,-2.677483,shoplifting
51.489736,-2.677483,shoplifting
51.489736,-2.677483,shoplifting
51.489736,-2.677483,shoplifting
51.489736,-2.677483,shoplifting
51.489736,-2.677483,shoplifting
51.489736,-2.677483,shoplifting
51.489736,-2.677483,shoplifting
51.48931,-2.678067,robbery_biz
51.48931,-2.678067,shoplifting
51.497248,-2.69357,burglary_biz
51.498081,-2.694115,burglary_biz
51.505705,-2.697343,shoplifting
51.49909,-2.695326,shoplifting
51.500239,-2.694235,shoplifting
51.505705,-2.697343,shoplifting
51.49909,-2.695326,shoplifting
51.505705,-2.697343,shoplifting
51.505705,-2.697343,shoplifting
51.505705,-2.697343,shoplifting
51.505705,-2.697343,shoplifting
51.487971,-2.62487,shoplifting
51.487971,-2.62487,shoplifting
51.486696,-2.63076,burglary_biz
51.484887,-2.580603,burglary_biz
51.491661,-2.585515,burglary_biz
51.491166,-2.57835,burglary_biz
51.491166,-2.57835,burglary_biz
51.491166,-2.57835,burglary_biz
51.492866,-2.581785,shoplifting
51.489403,-2.574813,burglary_biz
51.485945,-2.577621,burglary_biz
51.485471,-2.596813,shoplifting
51.485471,-2.596813,shoplifting
51.485471,-2.596813,shoplifting
51.485471,-2.596813,shoplifting
51.491669,-2.599846,burglary_biz
51.485602,-2.608062,burglary_biz
51.479148,-2.543681,burglary_biz
51.481712,-2.537563,robbery_biz
51.481712,-2.537563,robbery_biz
51.479604,-2.534442,shoplifting
51.481712,-2.537563,shoplifting
51.481712,-2.537563,shoplifting
51.481712,-2.537563,shoplifting
51.481712,-2.537563,shoplifting
51.481712,-2.537563,shoplifting
51.481712,-2.537563,shoplifting
51.481712,-2.537563,shoplifting
51.481712,-2.537563,shoplifting
51.481712,-2.537563,shoplifting
51.481712,-2.537563,shoplifting
51.481712,-2.537563,shoplifting
51.481712,-2.537563,shoplifting
51.481712,-2.537563,shoplifting
51.481712,-2.537563,shoplifting
51.481712,-2.537563,shoplifting
51.485285,-2.552266,burglary_biz
51.485285,-2.552266,burglary_biz
51.486882,-2.551191,burglary_biz
51.483194,-2.553421,burglary_biz
51.486882,-2.551191,burglary_biz
51.486882,-2.551191,burglary_biz
51.493296,-2.529057,burglary_biz
51.490271,-2.539651,burglary_biz
51.483586,-2.534849,burglary_biz
51.483039,-2.536455,burglary_biz
51.478303,-2.533822,shoplifting
51.477634,-2.534592,shoplifting
51.477634,-2.534592,shoplifting
51.477634,-2.534592,shoplifting
51.478303,-2.533822,shoplifting
51.479472,-2.531892,shoplifting
51.478716,-2.53207,theft_person
51.481934,-2.528205,burglary_biz
51.481058,-2.529016,burglary_biz
51.480321,-2.525105,burglary_biz
51.481058,-2.529016,robbery_biz
51.481058,-2.529016,shoplifting
51.479981,-2.530587,shoplifting
51.481058,-2.529016,shoplifting
51.481058,-2.529016,shoplifting
51.481058,-2.529016,shoplifting
51.481058,-2.529016,shoplifting
51.482077,-2.525515,shoplifting
51.482077,-2.525515,shoplifting
51.482077,-2.525515,shoplifting
51.482077,-2.525515,shoplifting
51.482077,-2.525515,shoplifting
51.482077,-2.525515,shoplifting
51.482077,-2.525515,shoplifting
51.482077,-2.525515,shoplifting
51.482077,-2.525515,shoplifting
51.482077,-2.525515,shoplifting
51.482077,-2.525515,shoplifting
51.482077,-2.525515,shoplifting
51.481864,-2.525799,shoplifting
51.493937,-2.564974,burglary_biz
51.491805,-2.563349,burglary_biz
51.492605,-2.561616,burglary_biz
51.491805,-2.563349,shoplifting
51.491805,-2.563349,shoplifting
51.491805,-2.563349,shoplifting
51.484089,-2.571117,burglary_biz
51.476166,-2.573221,robbery_biz
51.481836,-2.576146,shoplifting
51.481836,-2.576146,shoplifting
51.481836,-2.576146,shoplifting
51.481836,-2.576146,shoplifting
51.477093,-2.565688,burglary_biz
51.473629,-2.566033,shoplifting
51.473961,-2.562481,shoplifting
51.473629,-2.566033,shoplifting
51.473629,-2.566033,shoplifting
51.473629,-2.566033,shoplifting
51.473961,-2.562481,shoplifting
51.473629,-2.566033,shoplifting
51.473629,-2.566033,shoplifting
51.473629,-2.566033,shoplifting
51.473464,-2.565702,shoplifting
51.473629,-2.566033,shoplifting
51.473464,-2.565702,shoplifting
51.473629,-2.566033,shoplifting
51.473629,-2.566033,shoplifting
51.473629,-2.566033,shoplifting
51.473629,-2.566033,shoplifting
51.473629,-2.566033,shoplifting
51.473961,-2.562481,shoplifting
51.473961,-2.562481,shoplifting
51.475989,-2.563385,shoplifting
51.473629,-2.566033,shoplifting
51.473464,-2.565702,shoplifting
51.473629,-2.566033,shoplifting
51.475658,-2.636871,burglary_biz
51.471447,-2.637244,burglary_biz
51.475658,-2.636871,burglary_biz
51.467803,-2.624453,robbery_biz
51.472324,-2.619735,theft_person
51.490585,-2.638361,burglary_biz
51.488055,-2.638873,burglary_biz
51.490585,-2.638361,burglary_biz
51.485704,-2.639704,robbery_biz
51.485704,-2.639704,shoplifting
51.485704,-2.639704,shoplifting
51.485704,-2.639704,shoplifting
51.485704,-2.639704,shoplifting
51.485704,-2.639704,shoplifting
51.485704,-2.639704,shoplifting
51.485704,-2.639704,shoplifting
51.485704,-2.639704,shoplifting
51.485704,-2.639704,shoplifting
51.480236,-2.644754,burglary_biz
51.480001,-2.640172,robbery_biz
51.476997,-2.623556,burglary_biz
51.480515,-2.582953,robbery_biz
51.485069,-2.593836,burglary_biz
51.477284,-2.597786,burglary_biz
51.481924,-2.58706,shoplifting
51.481924,-2.58706,shoplifting
51.480393,-2.612227,robbery_biz
51.480393,-2.612227,shoplifting
51.481408,-2.601901,shoplifting
51.470329,-2.519548,shoplifting
51.479271,-2.520528,burglary_biz
51.476081,-2.53993,burglary_biz
51.478002,-2.536713,shoplifting
51.473945,-2.544843,robbery_biz
51.472565,-2.553466,burglary_biz
51.478956,-2.55769,burglary_biz
51.474003,-2.557471,shoplifting
51.466283,-2.547099,burglary_biz
51.468305,-2.588181,burglary_biz
51.475275,-2.580755,burglary_biz
51.473877,-2.577814,burglary_biz
51.474552,-2.592235,burglary_biz
51.473193,-2.59072,robbery_biz
51.473193,-2.59072,shoplifting
51.473193,-2.59072,shoplifting
51.473193,-2.59072,shoplifting
51.473193,-2.59072,shoplifting
51.471955,-2.602482,robbery_biz
51.471245,-2.597073,burglary_biz
51.471506,-2.593521,shoplifting
51.472097,-2.524233,shoplifting
51.472097,-2.524233,shoplifting
51.4703,-2.528071,burglary_biz
51.472703,-2.531482,burglary_biz
51.472712,-2.529596,burglary_biz
51.467591,-2.536519,burglary_biz
51.468442,-2.535147,shoplifting
51.470544,-2.521739,burglary_biz
51.471617,-2.523004,shoplifting
51.471617,-2.523004,shoplifting
51.471617,-2.523004,shoplifting
51.471617,-2.523004,shoplifting
51.471617,-2.523004,shoplifting
51.471617,-2.523004,shoplifting
51.471617,-2.523004,shoplifting
51.471617,-2.523004,shoplifting
51.471617,-2.523004,shoplifting
51.471617,-2.523004,shoplifting
51.471617,-2.523004,shoplifting
51.471617,-2.523004,shoplifting
51.471617,-2.523004,shoplifting
51.471617,-2.523004,shoplifting
51.471617,-2.523004,shoplifting
51.471617,-2.523004,shoplifting
51.471617,-2.523004,shoplifting
51.471617,-2.523004,shoplifting
51.471617,-2.523004,shoplifting
51.465005,-2.609762,robbery_biz
51.468419,-2.613275,shoplifting
51.468419,-2.613275,shoplifting
51.468419,-2.613275,shoplifting
51.468419,-2.613275,shoplifting
51.468419,-2.613275,shoplifting
51.467765,-2.606025,burglary_biz
51.466929,-2.591906,burglary_biz
51.469201,-2.594138,burglary_biz
51.45821,-2.587749,burglary_biz
51.460321,-2.593534,burglary_biz
51.457668,-2.586303,burglary_biz
51.45821,-2.587749,robbery_biz
51.459122,-2.594036,robbery_biz
51.45821,-2.587749,robbery_biz
51.45821,-2.587749,robbery_biz
51.45821,-2.587749,robbery_biz
51.45821,-2.587749,robbery_biz
51.461023,-2.591542,robbery_biz
51.461023,-2.591542,robbery_biz
51.45821,-2.587749,robbery_biz
51.458559,-2.58974,shoplifting
51.458559,-2.58974,shoplifting
51.457668,-2.586303,shoplifting
51.459122,-2.594036,shoplifting
51.458559,-2.58974,shoplifting
51.458559,-2.58974,shoplifting
51.459122,-2.594036,shoplifting
51.457668,-2.586303,shoplifting
51.459667,-2.59115,shoplifting
51.457668,-2.586303,shoplifting
51.457668,-2.586303,shoplifting
51.459122,-2.594036,shoplifting
51.458559,-2.58974,shoplifting
51.45821,-2.587749,shoplifting
51.459122,-2.594036,shoplifting
51.45821,-2.587749,shoplifting
51.45821,-2.587749,shoplifting
51.458559,-2.58974,shoplifting
51.459122,-2.594036,shoplifting
51.457668,-2.586303,shoplifting
51.45821,-2.587749,shoplifting
51.456685,-2.586981,shoplifting
51.459122,-2.594036,shoplifting
51.459122,-2.594036,shoplifting
51.458559,-2.58974,shoplifting
51.458559,-2.58974,shoplifting
51.457668,-2.586303,shoplifting
51.459122,-2.594036,shoplifting
51.458559,-2.58974,shoplifting
51.456685,-2.586981,shoplifting
51.459122,-2.594036,shoplifting
51.458559,-2.58974,shoplifting
51.458559,-2.58974,shoplifting
51.459258,-2.592109,shoplifting
51.458559,-2.58974,shoplifting
51.458559,-2.58974,shoplifting
51.457668,-2.586303,shoplifting
51.457668,-2.586303,shoplifting
51.459122,-2.594036,shoplifting
51.457668,-2.586303,shoplifting
51.458559,-2.58974,shoplifting
51.459122,-2.594036,shoplifting
51.457668,-2.586303,shoplifting
51.457668,-2.586303,shoplifting
51.457668,-2.586303,shoplifting
51.458559,-2.58974,shoplifting
51.45821,-2.587749,shoplifting
51.459755,-2.593325,shoplifting
51.45821,-2.587749,shoplifting
51.45821,-2.587749,shoplifting
51.458559,-2.58974,theft_person
51.459258,-2.592109,theft_person
51.459258,-2.592109,theft_person
51.461976,-2.591554,burglary_biz
51.462213,-2.59101,burglary_biz
51.458876,-2.612198,burglary_biz
51.462152,-2.609838,shoplifting
51.462152,-2.609838,shoplifting
51.462152,-2.609838,shoplifting
51.46183,-2.616368,burglary_biz
51.463864,-2.610897,shoplifting
51.466362,-2.612931,burglary_biz
51.467646,-2.613193,burglary_biz
51.466362,-2.612931,burglary_biz
51.469607,-2.61476,shoplifting
51.45665,-2.607936,robbery_biz
51.465328,-2.616257,burglary_biz
51.46475,-2.51423,shoplifting
51.466398,-2.51386,shoplifting
51.458028,-2.525698,robbery_biz
51.461513,-2.53449,shoplifting
51.461923,-2.526864,burglary_biz
51.461923,-2.526864,burglary_biz
51.461923,-2.526864,robbery_biz
51.460989,-2.531144,shoplifting
51.461923,-2.526864,shoplifting
51.460989,-2.531144,shoplifting
51.460989,-2.531144,shoplifting
51.460989,-2.531144,shoplifting
51.460989,-2.531144,shoplifting
51.460989,-2.531144,shoplifting
51.460989,-2.531144,shoplifting
51.460989,-2.531144,shoplifting
51.460989,-2.531144,shoplifting
51.460989,-2.531144,shoplifting
51.460989,-2.531144,shoplifting
51.460989,-2.531144,shoplifting
51.460989,-2.531144,shoplifting
51.458735,-2.559415,burglary_biz
51.459618,-2.55531,robbery_biz
51.462421,-2.55946,robbery_biz
51.45856,-2.558377,shoplifting
51.456278,-2.552261,burglary_biz
51.459436,-2.55381,shoplifting
51.460097,-2.552782,shoplifting
51.460097,-2.552782,shoplifting
51.460097,-2.552782,shoplifting
51.460097,-2.552782,shoplifting
51.460097,-2.552782,shoplifting
51.460097,-2.552782,shoplifting
51.459436,-2.55381,shoplifting
51.460097,-2.552782,shoplifting
51.459436,-2.55381,shoplifting
51.45903,-2.548336,burglary_biz
51.45903,-2.548336,burglary_biz
51.461962,-2.546298,shoplifting
51.464585,-2.622538,burglary_biz
51.464733,-2.620121,burglary_biz
51.464733,-2.620121,burglary_biz
51.461069,-2.620964,burglary_biz
51.455201,-2.618553,robbery_biz
51.454619,-2.525947,robbery_biz
51.454619,-2.525947,shoplifting
51.454619,-2.525947,shoplifting
51.453171,-2.531874,burglary_biz
51.450498,-2.611726,burglary_biz
51.449121,-2.617147,burglary_biz
51.44983,-2.615703,shoplifting
51.450449,-2.547125,burglary_biz
51.452526,-2.549035,burglary_biz
51.454828,-2.545206,robbery_biz
51.453064,-2.541587,burglary_biz
51.450547,-2.539413,burglary_biz
51.442944,-2.563467,burglary_biz
51.440864,-2.556535,robbery_biz
51.440864,-2.556535,shoplifting
51.442706,-2.562529,shoplifting
51.447685,-2.555395,burglary_biz
51.440716,-2.6206,theft_person
51.442533,-2.607878,burglary_biz
51.440733,-2.610027,robbery_biz
51.440733,-2.610027,shoplifting
51.440733,-2.610027,shoplifting
51.440733,-2.610027,shoplifting
51.440733,-2.610027,shoplifting
51.440733,-2.610027,shoplifting
51.440733,-2.610027,shoplifting
51.440733,-2.610027,shoplifting
51.440733,-2.610027,shoplifting
51.444427,-2.603313,burglary_biz
51.44562,-2.609142,burglary_biz
51.442396,-2.613517,robbery_biz
51.44562,-2.609142,shoplifting
51.44562,-2.609142,shoplifting
51.442396,-2.613517,shoplifting
51.442396,-2.613517,shoplifting
51.44562,-2.609142,shoplifting
51.442396,-2.613517,shoplifting
51.438012,-2.619558,shoplifting
51.438012,-2.619558,shoplifting
51.438012,-2.619558,shoplifting
51.445446,-2.601068,robbery_biz
51.445109,-2.541061,burglary_biz
51.439718,-2.54012,burglary_biz
51.440574,-2.537928,shoplifting
51.440574,-2.537928,shoplifting
51.432617,-2.539951,burglary_biz
51.432617,-2.539951,burglary_biz
51.432617,-2.539951,shoplifting
51.434267,-2.548261,shoplifting
51.443759,-2.595117,robbery_biz
51.443759,-2.595117,robbery_biz
51.443759,-2.595117,shoplifting
51.442598,-2.595318,shoplifting
51.443759,-2.595117,shoplifting
51.443759,-2.595117,shoplifting
51.443005,-2.596618,shoplifting
51.443005,-2.596618,shoplifting
51.442289,-2.597775,shoplifting
51.443759,-2.595117,shoplifting
51.443759,-2.595117,shoplifting
51.444573,-2.592466,shoplifting
51.443005,-2.596618,shoplifting
51.442289,-2.597775,shoplifting
51.443759,-2.595117,theft_person
51.442598,-2.595318,theft_person
51.441695,-2.597867,robbery_biz
51.441695,-2.597867,robbery_biz
51.441695,-2.597867,shoplifting
51.441695,-2.597867,shoplifting
51.441695,-2.597867,shoplifting
51.441695,-2.597867,shoplifting
51.441695,-2.597867,shoplifting
51.441199,-2.599803,theft_person
51.440055,-2.603788,burglary_biz
51.438131,-2.600782,shoplifting
51.438131,-2.600782,shoplifting
51.44087,-2.602734,shoplifting
51.44087,-2.602734,shoplifting
51.435761,-2.604638,burglary_biz
51.432098,-2.598361,burglary_biz
51.439049,-2.593042,burglary_biz
51.437871,-2.608795,burglary_biz
51.431847,-2.563819,burglary_biz
51.431847,-2.563819,burglary_biz
51.434216,-2.574019,burglary_biz
51.434927,-2.568446,shoplifting
51.43878,-2.561819,burglary_biz
51.443034,-2.559813,robbery_biz
51.443034,-2.559813,robbery_biz
51.443034,-2.559813,shoplifting
51.443034,-2.559813,shoplifting
51.431975,-2.546214,burglary_biz
51.427892,-2.554177,burglary_biz
51.431674,-2.549001,burglary_biz
51.432668,-2.54802,burglary_biz
51.433161,-2.554097,robbery_biz
51.429578,-2.553176,robbery_biz
51.433161,-2.554097,shoplifting
51.433161,-2.554097,shoplifting
51.429289,-2.543837,robbery_biz
51.429289,-2.543837,shoplifting
51.429289,-2.543837,shoplifting
51.429289,-2.543837,shoplifting
51.429289,-2.543837,shoplifting
51.429819,-2.545013,shoplifting
51.428965,-2.586784,burglary_biz
51.433335,-2.588523,burglary_biz
51.421752,-2.583398,burglary_biz
51.427574,-2.57897,burglary_biz
51.428382,-2.584576,burglary_biz
51.426477,-2.578971,robbery_biz
51.425382,-2.592923,robbery_biz
51.418334,-2.589164,shoplifting
51.425414,-2.586479,burglary_biz
51.428076,-2.586398,robbery_biz
51.425729,-2.612905,robbery_biz
51.425729,-2.612905,robbery_biz
51.412714,-2.585612,burglary_biz
51.416532,-2.575307,burglary_biz
51.414331,-2.585906,robbery_biz
51.412714,-2.585612,shoplifting
51.412714,-2.585612,shoplifting
51.413835,-2.570346,shoplifting
51.413916,-2.560464,shoplifting
51.420498,-2.567793,burglary_biz
51.41045,-2.607999,robbery_biz
51.414416,-2.611388,robbery_biz
51.414416,-2.611388,shoplifting
51.414416,-2.611388,shoplifting
51.414416,-2.611388,shoplifting
51.414416,-2.611388,shoplifting
51.414416,-2.611388,shoplifting
51.414416,-2.611388,shoplifting
51.414416,-2.611388,shoplifting
51.414416,-2.611388,shoplifting
51.414416,-2.611388,shoplifting
51.414416,-2.611388,shoplifting
51.414416,-2.611388,shoplifting
51.414416,-2.611388,shoplifting
51.414416,-2.611388,shoplifting
51.423646,-2.607182,burglary_biz
51.415331,-2.597955,robbery_biz
51.415331,-2.597955,robbery_biz
51.41512,-2.599867,shoplifting
51.41512,-2.599867,shoplifting
51.415331,-2.597955,shoplifting
51.41512,-2.599867,shoplifting
51.41512,-2.599867,shoplifting
51.41512,-2.599867,shoplifting
51.41512,-2.599867,shoplifting
51.41512,-2.599867,shoplifting
51.41512,-2.599867,shoplifting
51.415331,-2.597955,shoplifting
51.417823,-2.544132,burglary_biz
51.42319,-2.555903,burglary_biz
51.413796,-2.559183,shoplifting
51.413796,-2.559183,shoplifting
51.413796,-2.559183,shoplifting
51.413796,-2.559183,shoplifting
51.413796,-2.559183,shoplifting
51.413796,-2.559183,shoplifting
51.413796,-2.559183,shoplifting
51.413796,-2.559183,shoplifting
51.412306,-2.547072,robbery_biz
51.412306,-2.547072,shoplifting
51.412306,-2.547072,shoplifting
51.412306,-2.547072,shoplifting
51.412306,-2.547072,shoplifting
51.42512,-2.562097,burglary_biz
51.422079,-2.558867,burglary_biz
51.406108,-2.624978,robbery_biz
51.405239,-2.627784,burglary_biz
51.405239,-2.627784,burglary_biz
51.409238,-2.616308,robbery_biz
51.409391,-2.618049,robbery_biz
51.407816,-2.606282,burglary_biz
51.407816,-2.606282,burglary_biz
51.407057,-2.62062,burglary_biz
51.405214,-2.617245,robbery_biz
51.405104,-2.609006,shoplifting
51.407732,-2.572825,burglary_biz
51.407081,-2.577259,robbery_biz
51.407081,-2.577259,shoplifting
51.407081,-2.577259,shoplifting
51.407081,-2.577259,shoplifting
51.407081,-2.577259,shoplifting
51.404206,-2.600124,shoplifting
51.404206,-2.600124,shoplifting
51.404206,-2.600124,shoplifting
51.404206,-2.600124,shoplifting
51.404206,-2.600124,shoplifting
51.404206,-2.600124,shoplifting
51.404206,-2.600124,shoplifting
51.404235,-2.598026,shoplifting
51.409554,-2.600539,robbery_biz
51.411774,-2.591927,robbery_biz
51.451106,-2.575023,burglary_biz
51.45257,-2.579142,burglary_biz
51.455179,-2.578744,burglary_biz
51.452363,-2.579068,robbery_biz
51.456118,-2.581562,burglary_biz
51.456118,-2.581562,theft_person
51.456786,-2.581211,theft_person
51.458279,-2.584727,robbery_biz
51.458279,-2.584727,robbery_biz
51.45929,-2.576637,robbery_biz
51.459476,-2.584368,shoplifting
51.458279,-2.584727,shoplifting
51.459476,-2.584368,shoplifting
51.459476,-2.584368,shoplifting
51.458279,-2.584727,shoplifting
51.459476,-2.584368,shoplifting
51.458279,-2.584727,shoplifting
51.458279,-2.584727,shoplifting
51.458279,-2.584727,shoplifting
51.459476,-2.584368,shoplifting
51.458279,-2.584727,shoplifting
51.459476,-2.584368,shoplifting
51.459476,-2.584368,shoplifting
51.458279,-2.584727,shoplifting
51.459476,-2.584368,shoplifting
51.459476,-2.584368,shoplifting
51.459476,-2.584368,shoplifting
51.459476,-2.584368,shoplifting
51.459476,-2.584368,shoplifting
51.459476,-2.584368,shoplifting
51.459476,-2.584368,shoplifting
51.459476,-2.584368,shoplifting
51.458279,-2.584727,shoplifting
51.459476,-2.584368,shoplifting
51.458279,-2.584727,shoplifting
51.459476,-2.584368,shoplifting
51.459476,-2.584368,shoplifting
51.458279,-2.584727,shoplifting
51.458279,-2.584727,shoplifting
51.459476,-2.584368,shoplifting
51.459476,-2.584368,shoplifting
51.459476,-2.584368,shoplifting
51.453561,-2.589488,burglary_biz
51.453561,-2.589488,burglary_biz
51.453561,-2.589488,burglary_biz
51.450638,-2.589695,burglary_biz
51.451687,-2.586744,robbery_biz
51.453253,-2.588275,robbery_biz
51.458158,-2.565353,burglary_biz
51.462473,-2.565607,burglary_biz
51.461431,-2.565436,robbery_biz
51.462473,-2.565607,robbery_biz
51.458611,-2.564639,robbery_biz
51.461094,-2.566181,shoplifting
51.461431,-2.565436,shoplifting
51.461431,-2.565436,shoplifting
51.461431,-2.565436,shoplifting
51.461431,-2.565436,shoplifting
51.461431,-2.565436,shoplifting
51.466022,-2.567998,robbery_biz
51.460572,-2.573702,burglary_biz
51.460572,-2.573702,burglary_biz
51.460572,-2.573702,burglary_biz
51.464691,-2.571796,burglary_biz
51.459839,-2.574629,shoplifting
51.44766,-2.560705,burglary_biz
51.447439,-2.560567,shoplifting
51.44766,-2.560705,shoplifting
51.44766,-2.560705,shoplifting
51.44766,-2.560705,shoplifting
51.447439,-2.560567,shoplifting
51.44766,-2.560705,shoplifting
51.44766,-2.560705,shoplifting
51.45493,-2.56537,burglary_biz
51.45493,-2.56537,burglary_biz
51.457742,-2.569608,robbery_biz
51.467436,-2.563826,robbery_biz
51.469538,-2.564126,shoplifting
51.468365,-2.563118,shoplifting
51.472483,-2.555639,burglary_biz
51.473121,-2.557705,robbery_biz
51.472067,-2.56001,shoplifting
51.472067,-2.56001,shoplifting
51.472067,-2.56001,shoplifting
51.472067,-2.56001,shoplifting
51.472067,-2.56001,shoplifting
51.469136,-2.579221,shoplifting
51.469283,-2.572271,theft_person
51.464885,-2.579845,burglary_biz
51.466546,-2.580284,burglary_biz
51.464885,-2.579845,burglary_biz
51.466546,-2.580284,burglary_biz
51.469178,-2.575365,robbery_biz
51.465731,-2.583196,robbery_biz
51.463493,-2.588422,burglary_biz
51.46351,-2.586925,robbery_biz
51.461624,-2.58965,theft_person
51.461729,-2.581605,burglary_biz
51.459972,-2.5878,robbery_biz
51.459452,-2.587535,robbery_biz
51.459452,-2.587535,shoplifting
51.460967,-2.590217,shoplifting
51.459452,-2.587535,shoplifting
51.459452,-2.587535,shoplifting
51.459566,-2.588069,shoplifting
51.459452,-2.587535,theft_person
51.459179,-2.596138,robbery_biz
51.459179,-2.596138,shoplifting
51.456619,-2.598322,theft_person
51.455104,-2.604447,burglary_biz
51.454429,-2.602683,burglary_biz
51.455945,-2.601652,burglary_biz
51.457902,-2.607521,burglary_biz
51.454149,-2.603053,robbery_biz
51.455153,-2.603613,robbery_biz
51.456818,-2.606787,shoplifting
51.456818,-2.606787,shoplifting
51.456818,-2.606787,shoplifting
51.454896,-2.602876,shoplifting
51.456782,-2.606801,shoplifting
51.456818,-2.606787,shoplifting
51.456818,-2.606787,shoplifting
51.456782,-2.606801,shoplifting
51.456546,-2.607215,shoplifting
51.45728,-2.607758,shoplifting
51.45728,-2.607758,shoplifting
51.456818,-2.606787,shoplifting
51.456818,-2.606787,shoplifting
51.456782,-2.606801,shoplifting
51.456818,-2.606787,shoplifting
51.456818,-2.606787,shoplifting
51.456782,-2.606801,shoplifting
51.456782,-2.606801,shoplifting
51.45728,-2.607758,shoplifting
51.456782,-2.606801,shoplifting
51.455153,-2.603613,theft_person
51.455363,-2.604753,theft_person
51.449755,-2.602477,burglary_biz
51.449942,-2.601098,burglary_biz
51.449755,-2.602477,robbery_biz
51.456194,-2.607427,shoplifting
51.453066,-2.60206,theft_person
51.455763,-2.591503,burglary_biz
51.455763,-2.591503,burglary_biz
51.455583,-2.593415,burglary_biz
51.45385,-2.592874,burglary_biz
51.456137,-2.590414,burglary_biz
51.454291,-2.594636,burglary_biz
51.454404,-2.593529,burglary_biz
51.456187,-2.591192,burglary_biz
51.453861,-2.59594,burglary_biz
51.454404,-2.593529,burglary_biz
51.455583,-2.593415,burglary_biz
51.454121,-2.596159,burglary_biz
51.456677,-2.592162,robbery_biz
51.456619,-2.593011,robbery_biz
51.456703,-2.585081,robbery_biz
51.457175,-2.593248,robbery_biz
51.456677,-2.592162,robbery_biz
51.456137,-2.590414,shoplifting
51.456677,-2.592162,shoplifting
51.456677,-2.592162,shoplifting
51.456677,-2.592162,shoplifting
51.456137,-2.590414,shoplifting
51.456677,-2.592162,shoplifting
51.456677,-2.592162,shoplifting
51.456137,-2.590414,shoplifting
51.456137,-2.590414,shoplifting
51.456677,-2.592162,shoplifting
51.456677,-2.592162,shoplifting
51.456137,-2.590414,shoplifting
51.456677,-2.592162,shoplifting
51.456677,-2.592162,shoplifting
51.456677,-2.592162,shoplifting
51.456677,-2.592162,shoplifting
51.456137,-2.590414,shoplifting
51.455583,-2.593415,shoplifting
51.456677,-2.592162,shoplifting
51.456677,-2.592162,shoplifting
51.456677,-2.592162,shoplifting
51.456071,-2.589175,shoplifting
51.456137,-2.590414,shoplifting
51.456071,-2.589175,theft_person
51.45547,-2.585368,theft_person
51.457175,-2.593248,theft_person
51.455474,-2.597126,theft_person
51.45385,-2.592874,theft_person
51.454404,-2.593529,theft_person
51.456677,-2.592162,theft_person
51.456071,-2.589175,theft_person
51.453226,-2.595541,burglary_biz
51.451608,-2.593392,burglary_biz
51.453382,-2.594753,burglary_biz
51.452961,-2.596173,shoplifting
51.453226,-2.595541,shoplifting
51.452961,-2.596173,shoplifting
51.447203,-2.602127,burglary_biz
51.452625,-2.598629,burglary_biz
51.450094,-2.599344,burglary_biz
51.453357,-2.597833,robbery_biz
51.453161,-2.600924,shoplifting
51.452504,-2.598969,shoplifting
51.453357,-2.597833,shoplifting
51.454306,-2.598651,shoplifting
51.453357,-2.597833,shoplifting
51.453357,-2.597833,shoplifting
51.453357,-2.597833,theft_person
51.453357,-2.597833,theft_person
51.450094,-2.599344,theft_person
51.453952,-2.601093,theft_person
51.450094,-2.599344,theft_person
51.450094,-2.599344,theft_person
51.447731,-2.61307,burglary_biz
51.447731,-2.61307,burglary_biz
51.448286,-2.592457,burglary_biz
51.448286,-2.592457,burglary_biz
51.446956,-2.597706,shoplifting
51.481841,-2.781526,shoplifting
51.481841,-2.781526,shoplifting
51.481841,-2.781526,shoplifting
51.491856,-2.758492,burglary_biz
51.491856,-2.758492,burglary_biz
51.489233,-2.756764,burglary_biz
51.491035,-2.756997,shoplifting
51.491035,-2.756997,shoplifting
51.491035,-2.756997,shoplifting
51.491035,-2.756997,shoplifting
51.48424,-2.769585,robbery_biz
51.484738,-2.764855,shoplifting
51.484738,-2.764855,shoplifting
51.4839,-2.765555,shoplifting
51.482988,-2.768484,shoplifting
51.484738,-2.764855,shoplifting
51.482988,-2.768484,shoplifting
51.4839,-2.765555,shoplifting
51.473743,-2.768818,burglary_biz
51.484077,-2.761445,shoplifting
51.487449,-2.751708,burglary_biz
51.485356,-2.752797,burglary_biz
51.439418,-2.839977,shoplifting
51.439612,-2.840599,shoplifting
51.439418,-2.839977,shoplifting
51.439418,-2.839977,shoplifting
51.439612,-2.840599,shoplifting
51.439418,-2.839977,shoplifting
51.439612,-2.840599,shoplifting
51.441766,-2.857199,burglary_biz
51.444235,-2.860166,burglary_biz
51.441766,-2.857199,robbery_biz
51.441766,-2.857199,shoplifting
51.447415,-2.853305,burglary_biz
51.434287,-2.666002,burglary_biz
51.434287,-2.666002,burglary_biz
51.441072,-2.68387,burglary_biz
51.433259,-2.666419,burglary_biz
51.434287,-2.666002,burglary_biz
51.432592,-2.650729,burglary_biz
51.428649,-2.665963,shoplifting
51.428649,-2.665963,shoplifting
51.428649,-2.665963,shoplifting
51.43843,-2.746889,shoplifting
51.43843,-2.746889,shoplifting
51.462893,-2.773717,burglary_biz
51.441176,-2.85926,burglary_biz
51.434743,-2.758179,shoplifting
51.434743,-2.758179,shoplifting
51.434743,-2.758179,shoplifting
51.434743,-2.758179,shoplifting
51.434847,-2.753217,shoplifting
51.434847,-2.753217,shoplifting
51.434847,-2.753217,shoplifting
51.431029,-2.853661,burglary_biz
51.428459,-2.854663,shoplifting
51.428459,-2.854663,shoplifting
51.409761,-2.741791,burglary_biz
51.414555,-2.738605,robbery_biz
51.399217,-2.728295,burglary_biz
51.389117,-2.778967,burglary_biz
51.386783,-2.783742,shoplifting
51.386783,-2.783742,shoplifting
51.386783,-2.783742,shoplifting
51.401,-2.843154,burglary_biz
51.394136,-2.833556,shoplifting
51.380542,-2.655077,burglary_biz
51.409772,-2.648638,burglary_biz
51.35796,-2.762554,burglary_biz
51.361925,-2.762606,burglary_biz
51.385858,-2.712842,theft_person
51.375011,-2.805207,robbery_biz
51.34574,-2.728682,burglary_biz
51.337366,-2.808566,burglary_biz
51.340185,-2.782789,shoplifting
51.340185,-2.782789,shoplifting
51.33487,-2.792187,burglary_biz
51.314502,-2.793701,burglary_biz
51.595315,-2.399116,burglary_biz
51.58711,-2.397658,robbery_biz
51.581286,-2.578613,burglary_biz
51.52396,-2.588682,burglary_biz
51.528918,-2.600495,burglary_biz
51.518069,-2.620543,burglary_biz
51.5181,-2.623008,robbery_biz
51.526833,-2.599214,shoplifting
51.530693,-2.596496,shoplifting
51.525605,-2.595396,shoplifting
51.525403,-2.598546,shoplifting
51.52368,-2.594444,shoplifting
51.525605,-2.595396,shoplifting
51.525403,-2.598546,shoplifting
51.525595,-2.60489,shoplifting
51.528702,-2.598733,shoplifting
51.525403,-2.598546,shoplifting
51.527177,-2.597305,shoplifting
51.525605,-2.595396,shoplifting
51.525605,-2.595396,shoplifting
51.528702,-2.598733,shoplifting
51.527177,-2.597305,shoplifting
51.526833,-2.599214,shoplifting
51.525605,-2.595396,shoplifting
51.525403,-2.598546,shoplifting
51.530693,-2.596496,shoplifting
51.52368,-2.594444,shoplifting
51.527868,-2.599721,shoplifting
51.527177,-2.597305,shoplifting
51.525403,-2.598546,shoplifting
51.525403,-2.598546,shoplifting
51.525605,-2.595396,shoplifting
51.525605,-2.595396,shoplifting
51.525403,-2.598546,shoplifting
51.519346,-2.620344,shoplifting
51.525403,-2.598546,shoplifting
51.527387,-2.595717,shoplifting
51.525605,-2.595396,shoplifting
51.525605,-2.595396,shoplifting
51.527177,-2.597305,shoplifting
51.519346,-2.620344,shoplifting
51.525403,-2.598546,shoplifting
51.527868,-2.599721,shoplifting
51.525403,-2.598546,shoplifting
51.525403,-2.598546,shoplifting
51.525064,-2.60164,shoplifting
51.525605,-2.595396,shoplifting
51.525605,-2.595396,shoplifting
51.525605,-2.595396,shoplifting
51.527177,-2.597305,shoplifting
51.525403,-2.598546,shoplifting
51.525403,-2.598546,shoplifting
51.525403,-2.598546,shoplifting
51.525403,-2.598546,shoplifting
51.525403,-2.598546,shoplifting
51.525605,-2.595396,shoplifting
51.52368,-2.594444,shoplifting
51.525605,-2.595396,shoplifting
51.519346,-2.620344,shoplifting
51.528702,-2.598733,shoplifting
51.519346,-2.620344,shoplifting
51.527177,-2.597305,shoplifting
51.525064,-2.60164,shoplifting
51.528702,-2.598733,shoplifting
51.52368,-2.594444,shoplifting
51.525605,-2.595396,shoplifting
51.527177,-2.597305,shoplifting
51.525403,-2.598546,shoplifting
51.519346,-2.620344,shoplifting
51.52368,-2.594444,shoplifting
51.525403,-2.598546,shoplifting
51.527387,-2.595717,shoplifting
51.519346,-2.620344,shoplifting
51.527177,-2.597305,shoplifting
51.525605,-2.595396,shoplifting
51.525403,-2.598546,shoplifting
51.525595,-2.60489,shoplifting
51.52368,-2.594444,shoplifting
51.525605,-2.595396,shoplifting
51.525403,-2.598546,shoplifting
51.528702,-2.598733,shoplifting
51.525403,-2.598546,shoplifting
51.530693,-2.596496,shoplifting
51.525605,-2.595396,shoplifting
51.525605,-2.595396,shoplifting
51.525595,-2.60489,shoplifting
51.519346,-2.620344,shoplifting
51.525605,-2.595396,shoplifting
51.526961,-2.613673,shoplifting
51.525064,-2.60164,theft_person
51.562252,-2.639191,burglary_biz
51.562751,-2.662655,burglary_biz
51.562751,-2.662655,burglary_biz
51.561186,-2.418883,burglary_biz
51.559418,-2.420583,burglary_biz
51.556452,-2.40756,shoplifting
51.559052,-2.417161,shoplifting
51.559052,-2.417161,shoplifting
51.559052,-2.417161,shoplifting
51.551743,-2.411945,shoplifting
51.551743,-2.411945,shoplifting
51.539636,-2.413066,burglary_biz
51.54121,-2.40787,burglary_biz
51.539636,-2.413066,shoplifting
51.539786,-2.408867,shoplifting
51.539135,-2.410029,shoplifting
51.539636,-2.413066,shoplifting
51.539786,-2.408867,shoplifting
51.539786,-2.408867,shoplifting
51.539786,-2.408867,shoplifting
51.542344,-2.425314,shoplifting
51.542344,-2.425314,shoplifting
51.542344,-2.425314,shoplifting
51.542344,-2.425314,shoplifting
51.542344,-2.425314,shoplifting
51.542344,-2.425314,shoplifting
51.543837,-2.420295,burglary_biz
51.548937,-2.417198,shoplifting
51.548937,-2.417198,shoplifting
51.548937,-2.417198,shoplifting
51.548937,-2.417198,shoplifting
51.538205,-2.395314,shoplifting
51.535829,-2.382347,burglary_biz
51.542162,-2.397728,shoplifting
51.531567,-2.404036,shoplifting
51.526312,-2.537022,burglary_biz
51.525019,-2.540725,burglary_biz
51.524427,-2.534405,burglary_biz
51.538699,-2.414431,robbery_biz
51.540506,-2.423754,robbery_biz
51.540537,-2.430214,shoplifting
51.540537,-2.430214,shoplifting
51.540537,-2.430214,shoplifting
51.543273,-2.557582,shoplifting
51.540584,-2.557867,shoplifting
51.533008,-2.551344,burglary_biz
51.535424,-2.547884,burglary_biz
51.535361,-2.547956,burglary_biz
51.535361,-2.547956,shoplifting
51.535361,-2.547956,shoplifting
51.534762,-2.549087,shoplifting
51.535361,-2.547956,shoplifting
51.535361,-2.547956,shoplifting
51.535424,-2.547884,shoplifting
51.535361,-2.547956,shoplifting
51.535361,-2.547956,shoplifting
51.530354,-2.545719,burglary_biz
51.534658,-2.483012,burglary_biz
51.535468,-2.484938,burglary_biz
51.528927,-2.475023,burglary_biz
51.529665,-2.474886,burglary_biz
51.529615,-2.434349,burglary_biz
51.528728,-2.411146,burglary_biz
51.529094,-2.416974,burglary_biz
51.519099,-2.541505,burglary_biz
51.530203,-2.556889,burglary_biz
51.528681,-2.551652,burglary_biz
51.523032,-2.559728,shoplifting
51.523032,-2.559728,shoplifting
51.523032,-2.559728,shoplifting
51.51842,-2.506116,burglary_biz
51.508293,-2.573221,robbery_biz
51.508216,-2.574641,shoplifting
51.508216,-2.574641,shoplifting
51.502849,-2.56654,burglary_biz
51.502849,-2.56654,burglary_biz
51.503404,-2.570898,burglary_biz
51.4883,-2.434071,burglary_biz
51.531183,-2.46161,burglary_biz
51.529311,-2.46668,shoplifting
51.494315,-2.446084,burglary_biz
51.48325,-2.466051,burglary_biz
51.490834,-2.448787,burglary_biz
51.495895,-2.460606,burglary_biz
51.48509,-2.475733,burglary_biz
51.484053,-2.476443,burglary_biz
51.484964,-2.478123,burglary_biz
51.497575,-2.483398,burglary_biz
51.498625,-2.470732,shoplifting
51.492367,-2.473631,robbery_biz
51.493677,-2.474998,shoplifting
51.487993,-2.501875,shoplifting
51.487993,-2.501875,shoplifting
51.488289,-2.504212,shoplifting
51.488289,-2.504212,shoplifting
51.488289,-2.504212,shoplifting
51.488289,-2.504212,shoplifting
51.483879,-2.481769,burglary_biz
51.482895,-2.484927,shoplifting
51.474719,-2.394491,burglary_biz
51.533245,-2.355106,burglary_biz
51.514645,-2.414118,burglary_biz
51.480927,-2.501697,burglary_biz
51.483523,-2.508379,burglary_biz
51.480927,-2.501697,burglary_biz
51.480914,-2.504577,burglary_biz
51.481935,-2.509643,robbery_biz
51.466819,-2.501758,shoplifting
51.472307,-2.507261,burglary_biz
51.463323,-2.511609,burglary_biz
51.480537,-2.502326,burglary_biz
51.468745,-2.49281,burglary_biz
51.460623,-2.484849,robbery_biz
51.463301,-2.502281,burglary_biz
51.462167,-2.498296,shoplifting
51.462167,-2.498296,shoplifting
51.468736,-2.497028,burglary_biz
51.4708,-2.498087,burglary_biz
51.453003,-2.517293,burglary_biz
51.453003,-2.517293,burglary_biz
51.462599,-2.50852,robbery_biz
51.462599,-2.50852,shoplifting
51.458914,-2.489308,robbery_biz
51.458914,-2.489308,robbery_biz
51.456754,-2.463219,burglary_biz
51.457439,-2.464925,burglary_biz
51.453107,-2.475746,shoplifting
51.45498,-2.494605,burglary_biz
51.45498,-2.494605,burglary_biz
51.45498,-2.494605,shoplifting
51.440753,-2.46628,burglary_biz
51.452293,-2.468053,burglary_biz
51.451238,-2.46207,burglary_biz
51.443723,-2.488123,burglary_biz
51.445808,-2.484088,shoplifting
51.448269,-2.48256,burglary_biz
51.449851,-2.482706,burglary_biz
51.451358,-2.506812,shoplifting
51.440106,-2.519477,shoplifting
51.447177,-2.500535,robbery_biz
51.447177,-2.500535,shoplifting
51.441245,-2.514484,burglary_biz
51.438002,-2.49517,robbery_biz
51.437838,-2.493542,shoplifting
51.442378,-2.501994,shoplifting
51.438002,-2.49517,shoplifting
51.442378,-2.501994,shoplifting
51.43849,-2.488096,burglary_biz
51.448096,-2.497083,robbery_biz
51.444491,-2.501182,shoplifting
51.444491,-2.501182,shoplifting
51.445754,-2.497009,shoplifting
51.448096,-2.497083,shoplifting
51.444491,-2.501182,shoplifting
51.444491,-2.501182,shoplifting
51.444491,-2.501182,shoplifting
51.44415,-2.495524,shoplifting
51.534255,-2.575676,burglary_biz
51.53844,-2.584356,burglary_biz
51.541223,-2.57995,burglary_biz
51.541223,-2.57995,shoplifting
51.540482,-2.569718,shoplifting
51.536856,-2.564641,burglary_biz
51.540698,-2.562198,shoplifting
51.540698,-2.562198,shoplifting
51.540698,-2.562198,shoplifting
51.540698,-2.562198,shoplifting
51.540698,-2.562198,shoplifting
51.540698,-2.562198,shoplifting
51.531279,-2.578036,robbery_biz
51.530424,-2.578011,shoplifting
51.530424,-2.578011,shoplifting
51.530424,-2.578011,shoplifting
51.530424,-2.578011,shoplifting
51.530424,-2.578011,shoplifting
51.530424,-2.578011,shoplifting
51.530424,-2.578011,shoplifting
51.530424,-2.578011,shoplifting
51.530424,-2.578011,shoplifting
51.530424,-2.578011,shoplifting
51.531134,-2.568952,shoplifting
51.52634,-2.570503,shoplifting
51.526008,-2.585494,shoplifting
51.526008,-2.585494,shoplifting
51.526008,-2.585494,shoplifting
51.528046,-2.58268,robbery_biz
51.524736,-2.579236,robbery_biz
51.508652,-2.547044,burglary_biz
51.509231,-2.552066,burglary_biz
51.508147,-2.553104,robbery_biz
51.508147,-2.553104,robbery_biz
51.509231,-2.552066,shoplifting
51.509231,-2.552066,shoplifting
51.509231,-2.552066,shoplifting
51.509231,-2.552066,shoplifting
51.509231,-2.552066,shoplifting
51.509231,-2.552066,shoplifting
51.509231,-2.552066,shoplifting
51.502687,-2.54193,burglary_biz
51.50113,-2.544274,shoplifting
51.50113,-2.544274,shoplifting
51.497894,-2.564807,robbery_biz
51.51581,-2.535111,burglary_biz
51.51581,-2.535111,burglary_biz
51.509332,-2.541793,burglary_biz
51.513379,-2.529866,burglary_biz
51.508622,-2.52592,burglary_biz
51.513379,-2.529866,burglary_biz
51.493383,-2.521611,burglary_biz
51.501801,-2.521145,burglary_biz
51.344508,-2.315396,robbery_biz
51.418814,-2.513901,burglary_biz
51.419104,-2.509173,burglary_biz
51.414948,-2.499162,shoplifting
51.402598,-2.491739,burglary_biz
51.408997,-2.488242,burglary_biz
51.414756,-2.482696,robbery_biz
51.412074,-2.49197,robbery_biz
51.414756,-2.482696,robbery_biz
51.414756,-2.482696,shoplifting
51.414756,-2.482696,shoplifting
51.412074,-2.49197,shoplifting
51.414756,-2.482696,shoplifting
51.403875,-2.487368,burglary_biz
51.411928,-2.481645,burglary_biz
51.413172,-2.478854,burglary_biz
51.410038,-2.479871,burglary_biz
51.397728,-2.344741,shoplifting
51.401839,-2.341048,burglary_biz
51.397807,-2.345388,burglary_biz
51.402803,-2.343399,burglary_biz
51.394964,-2.345884,burglary_biz
51.398962,-2.340711,robbery_biz
51.402848,-2.397452,burglary_biz
51.394502,-2.35597,burglary_biz
51.391507,-2.350342,robbery_biz
51.391507,-2.350342,robbery_biz
51.391507,-2.350342,shoplifting
51.391507,-2.350342,shoplifting
51.391507,-2.350342,shoplifting
51.391507,-2.350342,shoplifting
51.391507,-2.350342,shoplifting
51.391507,-2.350342,shoplifting
51.391507,-2.350342,shoplifting
51.391507,-2.350342,shoplifting
51.391507,-2.350342,shoplifting
51.381429,-2.361617,burglary_biz
51.381578,-2.360052,burglary_biz
51.380857,-2.360606,robbery_biz
51.383494,-2.359535,robbery_biz
51.379472,-2.360595,robbery_biz
51.382537,-2.360921,robbery_biz
51.380857,-2.360606,shoplifting
51.382078,-2.361061,shoplifting
51.38306,-2.360609,shoplifting
51.382537,-2.360921,shoplifting
51.382714,-2.359026,shoplifting
51.380033,-2.359264,shoplifting
51.382714,-2.359026,shoplifting
51.380033,-2.359264,shoplifting
51.38306,-2.360609,shoplifting
51.382714,-2.359026,shoplifting
51.379049,-2.360592,shoplifting
51.381429,-2.361617,shoplifting
51.382597,-2.361884,shoplifting
51.381429,-2.361617,shoplifting
51.380033,-2.359264,shoplifting
51.381578,-2.360052,shoplifting
51.382714,-2.359026,shoplifting
51.379049,-2.360592,shoplifting
51.380033,-2.359264,shoplifting
51.384015,-2.359884,theft_person
51.383406,-2.356071,burglary_biz
51.384744,-2.356771,burglary_biz
51.378904,-2.358249,shoplifting
51.378904,-2.358249,shoplifting
51.378327,-2.359595,shoplifting
51.378235,-2.359264,shoplifting
51.378327,-2.359595,shoplifting
51.378235,-2.359264,shoplifting
51.378235,-2.359264,shoplifting
51.378327,-2.359595,shoplifting
51.378904,-2.358249,shoplifting
51.377739,-2.359218,theft_person
51.380679,-2.356912,theft_person
51.38744,-2.363015,burglary_biz
51.389995,-2.356769,robbery_biz
51.387964,-2.365017,shoplifting
51.387964,-2.365017,shoplifting
51.387964,-2.365017,shoplifting
51.387964,-2.365017,shoplifting
51.387964,-2.365017,shoplifting
51.387964,-2.365017,shoplifting
51.387964,-2.365017,shoplifting
51.387964,-2.365017,shoplifting
51.387964,-2.365017,shoplifting
51.387964,-2.365017,shoplifting
51.387964,-2.365017,shoplifting
51.387964,-2.365017,shoplifting
51.387964,-2.365017,shoplifting
51.387964,-2.365017,shoplifting
51.387964,-2.365017,shoplifting
51.387964,-2.365017,shoplifting
51.387964,-2.365017,shoplifting
51.389861,-2.359513,robbery_biz
51.392086,-2.369735,burglary_biz
51.392086,-2.369735,burglary_biz
51.388367,-2.362835,burglary_biz
51.385038,-2.388776,shoplifting
51.392472,-2.399834,burglary_biz
51.390208,-2.38583,burglary_biz
51.380991,-2.36374,shoplifting
51.381292,-2.365107,shoplifting
51.381192,-2.368555,shoplifting
51.381292,-2.365107,shoplifting
51.383236,-2.37031,burglary_biz
51.383097,-2.368771,burglary_biz
51.40475,-2.312792,burglary_biz
51.40475,-2.312792,burglary_biz
51.406963,-2.312476,burglary_biz
51.391944,-2.326631,burglary_biz
51.37864,-2.392687,burglary_biz
51.377947,-2.408716,robbery_biz
51.380574,-2.395247,burglary_biz
51.379443,-2.394605,shoplifting
51.379443,-2.394605,shoplifting
51.379443,-2.394605,shoplifting
51.375577,-2.330494,burglary_biz
51.384029,-2.349337,shoplifting
51.376249,-2.364693,burglary_biz
51.378972,-2.368005,theft_person
51.377709,-2.348929,burglary_biz
51.379322,-2.353855,burglary_biz
51.377509,-2.349704,burglary_biz
51.377509,-2.349704,burglary_biz
51.377509,-2.349704,burglary_biz
51.378595,-2.353404,burglary_biz
51.372413,-2.351791,burglary_biz
51.376591,-2.352972,robbery_biz
51.374938,-2.386751,burglary_biz
51.378694,-2.38457,burglary_biz
51.380518,-2.387746,burglary_biz
51.3784,-2.389179,burglary_biz
51.3784,-2.389179,burglary_biz
51.381195,-2.384303,burglary_biz
51.380945,-2.3891,shoplifting
51.376666,-2.37507,burglary_biz
51.377,-2.380231,burglary_biz
51.376083,-2.377378,burglary_biz
51.377044,-2.377659,robbery_biz
51.377044,-2.377659,shoplifting
51.377044,-2.377659,shoplifting
51.377044,-2.377659,shoplifting
51.371423,-2.383517,burglary_biz
51.370234,-2.381539,theft_person
51.37205,-2.396321,burglary_biz
51.370257,-2.396164,burglary_biz
51.375676,-2.389084,shoplifting
51.375676,-2.389084,shoplifting
51.373056,-2.400814,burglary_biz
51.371692,-2.399868,burglary_biz
51.327621,-2.473097,shoplifting
51.374093,-2.366264,shoplifting
51.374093,-2.366264,shoplifting
51.374093,-2.366264,shoplifting
51.374093,-2.366264,shoplifting
51.374093,-2.366264,shoplifting
51.374093,-2.366264,shoplifting
51.374093,-2.366264,shoplifting
51.374093,-2.366264,shoplifting
51.359839,-2.364822,burglary_biz
51.358199,-2.371602,burglary_biz
51.359839,-2.364822,burglary_biz
51.362169,-2.364352,burglary_biz
51.358199,-2.371602,burglary_biz
51.362169,-2.364352,burglary_biz
51.356582,-2.368257,shoplifting
51.356582,-2.368257,shoplifting
51.356582,-2.368257,shoplifting
51.356582,-2.368257,shoplifting
51.356582,-2.368257,shoplifting
51.356582,-2.368257,shoplifting
51.356582,-2.368257,shoplifting
51.356582,-2.368257,shoplifting
51.356582,-2.368257,shoplifting
51.356582,-2.368257,shoplifting
51.356582,-2.368257,shoplifting
51.356582,-2.368257,shoplifting
51.356582,-2.368257,shoplifting
51.356582,-2.368257,shoplifting
51.356582,-2.368257,shoplifting
51.356582,-2.368257,shoplifting
51.356582,-2.368257,shoplifting
51.356582,-2.368257,shoplifting
51.356582,-2.368257,shoplifting
51.356582,-2.368257,shoplifting
51.356582,-2.368257,shoplifting
51.356582,-2.368257,shoplifting
51.356582,-2.368257,shoplifting
51.356582,-2.368257,shoplifting
51.356582,-2.368257,shoplifting
51.356582,-2.368257,shoplifting
51.356582,-2.368257,shoplifting
51.356582,-2.368257,shoplifting
51.356582,-2.368257,shoplifting
51.356582,-2.368257,shoplifting
51.356582,-2.368257,shoplifting
51.356582,-2.368257,shoplifting
51.356582,-2.368257,shoplifting
51.368662,-2.372649,burglary_biz
51.369368,-2.365529,robbery_biz
51.369368,-2.365529,shoplifting
51.369368,-2.365529,shoplifting
51.369368,-2.365529,shoplifting
51.369368,-2.365529,shoplifting
51.369368,-2.365529,shoplifting
51.369368,-2.365529,shoplifting
51.369368,-2.365529,shoplifting
51.369368,-2.365529,shoplifting
51.369368,-2.365529,shoplifting
51.369368,-2.365529,shoplifting
51.369368,-2.365529,shoplifting
51.359639,-2.359592,shoplifting
51.359639,-2.359592,shoplifting
51.359639,-2.359592,shoplifting
51.359639,-2.359592,shoplifting
51.359639,-2.359592,shoplifting
51.361482,-2.34161,burglary_biz
51.363907,-2.351984,burglary_biz
51.361657,-2.361274,burglary_biz
51.361655,-2.378969,burglary_biz
51.354902,-2.376256,burglary_biz
51.331289,-2.543609,robbery_biz
51.395656,-2.550467,shoplifting
51.353582,-2.632678,robbery_biz
51.353582,-2.632678,robbery_biz
51.365349,-2.614713,robbery_biz
51.318957,-2.680229,theft_person
51.322262,-2.682474,theft_person
51.316277,-2.42517,shoplifting
51.316277,-2.42517,shoplifting
51.321291,-2.507242,burglary_biz
51.325133,-2.512896,shoplifting
51.306371,-2.501741,burglary_biz
51.306679,-2.501228,shoplifting
51.509212,-2.613593,burglary_biz
51.51307,-2.616959,robbery_biz
51.51038,-2.617355,theft_person
51.511061,-2.629512,robbery_biz
51.511061,-2.629512,shoplifting
51.511061,-2.629512,shoplifting
51.511061,-2.629512,shoplifting
51.511061,-2.629512,shoplifting
51.511061,-2.629512,shoplifting
51.511061,-2.629512,shoplifting
51.507696,-2.607866,burglary_biz
51.507696,-2.607866,robbery_biz
51.512558,-2.622039,burglary_biz
51.511802,-2.622158,burglary_biz
51.509605,-2.62099,shoplifting
51.509605,-2.62099,shoplifting
51.509605,-2.62099,shoplifting
51.509605,-2.62099,shoplifting
51.509605,-2.62099,shoplifting
51.509605,-2.62099,shoplifting
51.509605,-2.62099,shoplifting
51.506778,-2.631801,robbery_biz
51.507985,-2.623057,shoplifting
51.507985,-2.623057,shoplifting
51.503533,-2.602524,burglary_biz
51.503533,-2.602524,burglary_biz
51.503883,-2.602715,robbery_biz
51.503265,-2.603361,robbery_biz
51.502582,-2.602223,shoplifting
51.503265,-2.603361,shoplifting
51.502582,-2.602223,shoplifting
51.502582,-2.602223,shoplifting
51.502582,-2.602223,shoplifting
51.502582,-2.602223,shoplifting
51.503265,-2.603361,shoplifting
51.503265,-2.603361,shoplifting
51.502582,-2.602223,shoplifting
51.502582,-2.602223,shoplifting
51.502582,-2.602223,shoplifting
51.502582,-2.602223,shoplifting
51.502582,-2.602223,shoplifting
51.502582,-2.602223,shoplifting
51.503265,-2.603361,shoplifting
51.502582,-2.602223,shoplifting
51.503265,-2.603361,shoplifting
51.502582,-2.602223,shoplifting
51.502582,-2.602223,shoplifting
51.502582,-2.602223,shoplifting
51.502582,-2.602223,shoplifting
51.503265,-2.603361,shoplifting
51.503265,-2.603361,shoplifting
51.503533,-2.602524,shoplifting
51.503265,-2.603361,shoplifting
51.503265,-2.603361,shoplifting
51.503883,-2.602715,shoplifting
51.502582,-2.602223,shoplifting
51.503265,-2.603361,shoplifting
51.502582,-2.602223,shoplifting
51.502582,-2.602223,shoplifting
51.502582,-2.602223,shoplifting
51.503265,-2.603361,shoplifting
51.502582,-2.602223,shoplifting
51.502582,-2.602223,shoplifting
51.503265,-2.603361,shoplifting
51.503265,-2.603361,shoplifting
51.499476,-2.602845,burglary_biz
51.512047,-2.597549,robbery_biz
51.512047,-2.597549,shoplifting
51.512047,-2.597549,shoplifting
51.512877,-2.596854,shoplifting
51.512047,-2.597549,shoplifting
51.512047,-2.597549,shoplifting
51.512047,-2.597549,shoplifting
51.512047,-2.597549,shoplifting
51.506138,-2.604762,burglary_biz
51.505729,-2.677936,burglary_biz
51.522908,-2.686392,burglary_biz
51.4948,-2.677068,shoplifting
51.500615,-2.664995,burglary_biz
51.500615,-2.664995,burglary_biz
51.502675,-2.656914,shoplifting
51.502675,-2.656914,shoplifting
51.502675,-2.656914,shoplifting
51.502675,-2.656914,shoplifting
51.502675,-2.656914,shoplifting
51.502675,-2.656914,shoplifting
51.502675,-2.656914,shoplifting
51.502675,-2.656914,shoplifting
51.502675,-2.656914,shoplifting
51.502675,-2.656914,shoplifting
51.502675,-2.656914,shoplifting
51.503178,-2.657055,shoplifting
51.502236,-2.661287,burglary_biz
51.499146,-2.584674,burglary_biz
51.492531,-2.589386,burglary_biz
51.496736,-2.580999,theft_person
51.489804,-2.589985,burglary_biz
51.492013,-2.577885,robbery_biz
51.495274,-2.573115,shoplifting
51.495274,-2.573115,shoplifting
51.495274,-2.573115,shoplifting
51.495274,-2.573115,shoplifting
51.495274,-2.573115,shoplifting
51.495274,-2.573115,shoplifting
51.495274,-2.573115,shoplifting
51.495274,-2.573115,shoplifting
51.495274,-2.573115,shoplifting
51.488149,-2.614563,burglary_biz
51.486228,-2.61049,shoplifting
51.486228,-2.61049,shoplifting
51.486228,-2.61049,shoplifting
51.486228,-2.61049,shoplifting
51.486228,-2.61049,shoplifting
51.485428,-2.612121,shoplifting
51.486228,-2.61049,shoplifting
51.485428,-2.612121,shoplifting
51.486228,-2.61049,shoplifting
51.486228,-2.61049,shoplifting
51.486228,-2.61049,shoplifting
51.486228,-2.61049,shoplifting
51.486228,-2.61049,shoplifting
51.485428,-2.612121,shoplifting
51.486228,-2.61049,shoplifting
51.486228,-2.61049,shoplifting
51.486228,-2.61049,shoplifting
51.486228,-2.61049,shoplifting
51.486228,-2.61049,shoplifting
51.486228,-2.61049,shoplifting
51.486228,-2.61049,shoplifting
51.485428,-2.612121,shoplifting
51.486228,-2.61049,shoplifting
51.486228,-2.61049,shoplifting
51.486228,-2.61049,shoplifting
51.489711,-2.618573,burglary_biz
51.493328,-2.619746,shoplifting
51.493328,-2.619746,shoplifting
51.49545,-2.623174,burglary_biz
51.4947,-2.638923,burglary_biz
51.482899,-2.649429,burglary_biz
51.491883,-2.676132,burglary_biz
51.490113,-2.679058,burglary_biz
51.489505,-2.683082,burglary_biz
51.489736,-2.677483,shoplifting
51.489736,-2.677483,shoplifting
51.489736,-2.677483,shoplifting
51.489736,-2.677483,shoplifting
51.489736,-2.677483,shoplifting
51.489736,-2.677483,shoplifting
51.489736,-2.677483,shoplifting
51.48931,-2.678067,shoplifting
51.48931,-2.678067,shoplifting
51.48931,-2.678067,shoplifting
51.48931,-2.678067,shoplifting
51.48931,-2.678067,shoplifting
51.48931,-2.678067,shoplifting
51.510356,-2.695397,burglary_biz
51.498081,-2.694115,burglary_biz
51.505705,-2.697343,robbery_biz
51.505705,-2.697343,shoplifting
51.49909,-2.695326,shoplifting
51.49909,-2.695326,shoplifting
51.505705,-2.697343,shoplifting
51.49909,-2.695326,shoplifting
51.505705,-2.697343,shoplifting
51.505705,-2.697343,shoplifting
51.505705,-2.697343,shoplifting
51.500239,-2.694235,shoplifting
51.49909,-2.695326,shoplifting
51.49909,-2.695326,shoplifting
51.505705,-2.697343,shoplifting
51.505705,-2.697343,shoplifting
51.505705,-2.697343,shoplifting
51.505705,-2.697343,shoplifting
51.505705,-2.697343,shoplifting
51.49909,-2.695326,shoplifting
51.505705,-2.697343,shoplifting
51.505705,-2.697343,shoplifting
51.505705,-2.697343,shoplifting
51.505705,-2.697343,shoplifting
51.49909,-2.695326,shoplifting
51.49909,-2.695326,shoplifting
51.505705,-2.697343,shoplifting
51.505705,-2.697343,shoplifting
51.49909,-2.695326,shoplifting
51.505705,-2.697343,shoplifting
51.489652,-2.624564,burglary_biz
51.487971,-2.62487,shoplifting
51.487971,-2.62487,shoplifting
51.487971,-2.62487,shoplifting
51.487971,-2.62487,shoplifting
51.487971,-2.62487,shoplifting
51.487971,-2.62487,shoplifting
51.487971,-2.62487,shoplifting
51.487971,-2.62487,shoplifting
51.494765,-2.628408,burglary_biz
51.494765,-2.628408,burglary_biz
51.494765,-2.628408,burglary_biz
51.494765,-2.628408,burglary_biz
51.48976,-2.582638,burglary_biz
51.485451,-2.58653,shoplifting
51.485451,-2.58653,theft_person
51.486508,-2.60168,burglary_biz
51.485471,-2.596813,shoplifting
51.485471,-2.596813,shoplifting
51.485471,-2.596813,shoplifting
51.485471,-2.596813,shoplifting
51.485471,-2.596813,shoplifting
51.488539,-2.596464,burglary_biz
51.491738,-2.605594,theft_person
51.479225,-2.606768,burglary_biz
51.480691,-2.606614,burglary_biz
51.481232,-2.609919,burglary_biz
51.481712,-2.537563,burglary_biz
51.482431,-2.543375,burglary_biz
51.481528,-2.544372,robbery_biz
51.479524,-2.535282,robbery_biz
51.481712,-2.537563,robbery_biz
51.481712,-2.537563,shoplifting
51.481712,-2.537563,shoplifting
51.481712,-2.537563,shoplifting
51.481712,-2.537563,shoplifting
51.481712,-2.537563,shoplifting
51.481712,-2.537563,shoplifting
51.481712,-2.537563,shoplifting
51.481712,-2.537563,shoplifting
51.481712,-2.537563,shoplifting
51.481712,-2.537563,shoplifting
51.481712,-2.537563,shoplifting
51.481712,-2.537563,shoplifting
51.481712,-2.537563,shoplifting
51.481712,-2.537563,shoplifting
51.481712,-2.537563,shoplifting
51.481712,-2.537563,shoplifting
51.481712,-2.537563,shoplifting
51.481712,-2.537563,shoplifting
51.486857,-2.546783,burglary_biz
51.483194,-2.553421,burglary_biz
51.486028,-2.547148,robbery_biz
51.484266,-2.527541,burglary_biz
51.493296,-2.529057,burglary_biz
51.484266,-2.527541,burglary_biz
51.484266,-2.527541,burglary_biz
51.495316,-2.531754,shoplifting
51.495316,-2.531754,shoplifting
51.490271,-2.539651,burglary_biz
51.483039,-2.536455,burglary_biz
51.482774,-2.533428,burglary_biz
51.483039,-2.536455,burglary_biz
51.483039,-2.536455,burglary_biz
51.477634,-2.534592,shoplifting
51.478303,-2.533822,shoplifting
51.478303,-2.533822,shoplifting
51.478303,-2.533822,shoplifting
51.478303,-2.533822,shoplifting
51.478303,-2.533822,shoplifting
51.478303,-2.533822,shoplifting
51.478303,-2.533822,shoplifting
51.478303,-2.533822,shoplifting
51.478303,-2.533822,shoplifting
51.478303,-2.533822,shoplifting
51.478303,-2.533822,shoplifting
51.478303,-2.533822,shoplifting
51.478303,-2.533822,shoplifting
51.478303,-2.533822,shoplifting
51.478303,-2.533822,shoplifting
51.484712,-2.532212,burglary_biz
51.485484,-2.530709,burglary_biz
51.479744,-2.529274,robbery_biz
51.481058,-2.529016,shoplifting
51.479744,-2.529274,shoplifting
51.481058,-2.529016,shoplifting
51.481058,-2.529016,shoplifting
51.481058,-2.529016,shoplifting
51.488235,-2.514668,burglary_biz
51.487933,-2.517761,burglary_biz
51.483371,-2.522533,burglary_biz
51.482077,-2.525515,robbery_biz
51.482077,-2.525515,shoplifting
51.482077,-2.525515,shoplifting
51.496073,-2.560204,burglary_biz
51.492458,-2.565907,burglary_biz
51.489522,-2.565107,burglary_biz
51.490588,-2.564083,robbery_biz
51.487724,-2.563097,robbery_biz
51.475608,-2.571529,robbery_biz
51.481836,-2.576146,robbery_biz
51.481836,-2.576146,shoplifting
51.481836,-2.576146,shoplifting
51.481836,-2.576146,shoplifting
51.481836,-2.576146,shoplifting
51.481836,-2.576146,shoplifting
51.481836,-2.576146,shoplifting
51.481836,-2.576146,shoplifting
51.481836,-2.576146,shoplifting
51.481836,-2.576146,shoplifting
51.478089,-2.560401,burglary_biz
51.473662,-2.570411,burglary_biz
51.473961,-2.562481,robbery_biz
51.473961,-2.562481,robbery_biz
51.473629,-2.566033,robbery_biz
51.473961,-2.562481,robbery_biz
51.469987,-2.566161,robbery_biz
51.473961,-2.562481,shoplifting
51.473629,-2.566033,shoplifting
51.473464,-2.565702,shoplifting
51.473961,-2.562481,shoplifting
51.472616,-2.567403,shoplifting
51.473961,-2.562481,shoplifting
51.473961,-2.562481,shoplifting
51.473961,-2.562481,shoplifting
51.473629,-2.566033,shoplifting
51.473629,-2.566033,shoplifting
51.473629,-2.566033,shoplifting
51.473629,-2.566033,shoplifting
51.473629,-2.566033,shoplifting
51.473629,-2.566033,shoplifting
51.473629,-2.566033,shoplifting
51.473961,-2.562481,shoplifting
51.473961,-2.562481,shoplifting
51.473961,-2.562481,shoplifting
51.473629,-2.566033,shoplifting
51.473961,-2.562481,shoplifting
51.473124,-2.636404,burglary_biz
51.478581,-2.634968,burglary_biz
51.473271,-2.64254,burglary_biz
51.473124,-2.636404,burglary_biz
51.473271,-2.64254,burglary_biz
51.472945,-2.639699,burglary_biz
51.473124,-2.636404,burglary_biz
51.472219,-2.639156,burglary_biz
51.47483,-2.631863,burglary_biz
51.472596,-2.632754,burglary_biz
51.47483,-2.631863,burglary_biz
51.472596,-2.632754,burglary_biz
51.471606,-2.629558,burglary_biz
51.47359,-2.630047,burglary_biz
51.471606,-2.629558,burglary_biz
51.471606,-2.629558,burglary_biz
51.47483,-2.631863,burglary_biz
51.47483,-2.631863,burglary_biz
51.471606,-2.629558,burglary_biz
51.491505,-2.639368,burglary_biz
51.489038,-2.639938,burglary_biz
51.474043,-2.642766,burglary_biz
51.479601,-2.594864,burglary_biz
51.482786,-2.589059,burglary_biz
51.480393,-2.612227,robbery_biz
51.480393,-2.612227,shoplifting
51.480393,-2.612227,shoplifting
51.480975,-2.600368,burglary_biz
51.477174,-2.605142,burglary_biz
51.480975,-2.600368,burglary_biz
51.480975,-2.600368,burglary_biz
51.476629,-2.607943,burglary_biz
51.476889,-2.606449,burglary_biz
51.475757,-2.608046,burglary_biz
51.472529,-2.606276,burglary_biz
51.47294,-2.512508,burglary_biz
51.473945,-2.513168,burglary_biz
51.478002,-2.536713,burglary_biz
51.477707,-2.540237,burglary_biz
51.477545,-2.538407,shoplifting
51.473488,-2.546436,burglary_biz
51.475182,-2.541892,robbery_biz
51.472893,-2.548776,burglary_biz
51.478646,-2.554907,burglary_biz
51.478621,-2.560134,burglary_biz
51.474003,-2.557471,shoplifting
51.473701,-2.554775,theft_person
51.464992,-2.546234,burglary_biz
51.466367,-2.550223,burglary_biz
51.473193,-2.59072,robbery_biz
51.473193,-2.59072,shoplifting
51.473193,-2.59072,shoplifting
51.47553,-2.599764,burglary_biz
51.471506,-2.593521,shoplifting
51.473334,-2.525212,burglary_biz
51.474913,-2.529953,burglary_biz
51.472605,-2.527349,burglary_biz
51.474907,-2.531263,robbery_biz
51.4703,-2.528071,robbery_biz
51.472734,-2.53655,burglary_biz
51.474759,-2.536534,shoplifting
51.470544,-2.521739,burglary_biz
51.471617,-2.523004,burglary_biz
51.469361,-2.520919,burglary_biz
51.471617,-2.523004,robbery_biz
51.471617,-2.523004,shoplifting
51.471617,-2.523004,shoplifting
51.471617,-2.523004,shoplifting
51.471617,-2.523004,shoplifting
51.471617,-2.523004,shoplifting
51.471617,-2.523004,shoplifting
51.471617,-2.523004,shoplifting
51.471617,-2.523004,shoplifting
51.471617,-2.523004,shoplifting
51.471617,-2.523004,shoplifting
51.471617,-2.523004,shoplifting
51.471617,-2.523004,shoplifting
51.471617,-2.523004,shoplifting
51.471617,-2.523004,shoplifting
51.471617,-2.523004,shoplifting
51.471617,-2.523004,shoplifting
51.471617,-2.523004,shoplifting
51.471617,-2.523004,shoplifting
51.471617,-2.523004,shoplifting
51.471617,-2.523004,shoplifting
51.471617,-2.523004,shoplifting
51.471617,-2.523004,shoplifting
51.471617,-2.523004,shoplifting
51.471617,-2.523004,shoplifting
51.465134,-2.605199,burglary_biz
51.468419,-2.613275,shoplifting
51.468419,-2.613275,shoplifting
51.468419,-2.613275,shoplifting
51.465708,-2.61072,theft_person
51.462534,-2.593188,burglary_biz
51.468308,-2.600029,burglary_biz
51.467466,-2.60117,burglary_biz
51.467593,-2.592188,burglary_biz
51.469201,-2.594138,burglary_biz
51.469201,-2.594138,burglary_biz
51.460354,-2.592253,burglary_biz
51.460321,-2.593534,burglary_biz
51.461372,-2.591741,robbery_biz
51.458559,-2.58974,robbery_biz
51.457668,-2.586303,robbery_biz
51.459122,-2.594036,robbery_biz
51.456685,-2.586981,robbery_biz
51.456685,-2.586981,robbery_biz
51.458559,-2.58974,robbery_biz
51.458559,-2.58974,robbery_biz
51.459667,-2.59115,robbery_biz
51.456685,-2.586981,shoplifting
51.459122,-2.594036,shoplifting
51.458559,-2.58974,shoplifting
51.459122,-2.594036,shoplifting
51.457668,-2.586303,shoplifting
51.457668,-2.586303,shoplifting
51.457668,-2.586303,shoplifting
51.459122,-2.594036,shoplifting
51.457668,-2.586303,shoplifting
51.458559,-2.58974,shoplifting
51.45821,-2.587749,shoplifting
51.458559,-2.58974,shoplifting
51.459122,-2.594036,shoplifting
51.458559,-2.58974,shoplifting
51.45821,-2.587749,shoplifting
51.458559,-2.58974,shoplifting
51.459122,-2.594036,shoplifting
51.458559,-2.58974,shoplifting
51.458559,-2.58974,shoplifting
51.458559,-2.58974,shoplifting
51.456685,-2.586981,shoplifting
51.457668,-2.586303,shoplifting
51.459122,-2.594036,shoplifting
51.457668,-2.586303,shoplifting
51.457668,-2.586303,shoplifting
51.457668,-2.586303,shoplifting
51.459258,-2.592109,shoplifting
51.457668,-2.586303,shoplifting
51.459258,-2.592109,shoplifting
51.459258,-2.592109,shoplifting
51.459122,-2.594036,shoplifting
51.459122,-2.594036,shoplifting
51.459122,-2.594036,shoplifting
51.45821,-2.587749,shoplifting
51.456685,-2.586981,shoplifting
51.457668,-2.586303,shoplifting
51.45821,-2.587749,shoplifting
51.458559,-2.58974,shoplifting
51.459122,-2.594036,shoplifting
51.458559,-2.58974,shoplifting
51.459122,-2.594036,shoplifting
51.456685,-2.586981,shoplifting
51.458559,-2.58974,shoplifting
51.456685,-2.586981,shoplifting
51.459122,-2.594036,shoplifting
51.458559,-2.58974,shoplifting
51.45821,-2.587749,theft_person
51.459667,-2.59115,theft_person
51.456685,-2.586981,theft_person
51.458559,-2.58974,theft_person
51.458559,-2.58974,theft_person
51.462213,-2.59101,robbery_biz
51.462667,-2.590023,robbery_biz
51.462635,-2.591102,shoplifting
51.464084,-2.590833,theft_person
51.458734,-2.611836,burglary_biz
51.458963,-2.610903,burglary_biz
51.463961,-2.616339,burglary_biz
51.46183,-2.616368,burglary_biz
51.463961,-2.616339,burglary_biz
51.463864,-2.610897,robbery_biz
51.463864,-2.610897,shoplifting
51.463864,-2.610897,shoplifting
51.463864,-2.610897,shoplifting
51.466362,-2.612931,burglary_biz
51.467646,-2.613193,burglary_biz
51.466362,-2.612931,burglary_biz
51.466677,-2.617945,burglary_biz
51.466398,-2.51386,burglary_biz
51.463393,-2.512128,burglary_biz
51.463393,-2.512128,burglary_biz
51.466398,-2.51386,robbery_biz
51.46475,-2.51423,robbery_biz
51.466398,-2.51386,robbery_biz
51.466398,-2.51386,shoplifting
51.466398,-2.51386,shoplifting
51.466398,-2.51386,shoplifting
51.466398,-2.51386,shoplifting
51.466398,-2.51386,shoplifting
51.466398,-2.51386,shoplifting
51.466398,-2.51386,shoplifting
51.466398,-2.51386,shoplifting
51.466398,-2.51386,shoplifting
51.466398,-2.51386,shoplifting
51.465923,-2.517511,burglary_biz
51.464997,-2.519516,theft_person
51.460166,-2.534157,burglary_biz
51.461513,-2.53449,burglary_biz
51.461513,-2.53449,shoplifting
51.46624,-2.531148,burglary_biz
51.465101,-2.530415,burglary_biz
51.461737,-2.528735,robbery_biz
51.460989,-2.531144,robbery_biz
51.460989,-2.531144,shoplifting
51.460989,-2.531144,shoplifting
51.460989,-2.531144,shoplifting
51.460989,-2.531144,shoplifting
51.460989,-2.531144,shoplifting
51.460989,-2.531144,shoplifting
51.461923,-2.526864,shoplifting
51.460989,-2.531144,shoplifting
51.460989,-2.531144,shoplifting
51.460989,-2.531144,shoplifting
51.460989,-2.531144,shoplifting
51.460989,-2.531144,shoplifting
51.460989,-2.531144,shoplifting
51.461923,-2.526864,shoplifting
51.460989,-2.531144,shoplifting
51.461923,-2.526864,shoplifting
51.457623,-2.560683,robbery_biz
51.459618,-2.55531,robbery_biz
51.455265,-2.561201,burglary_biz
51.455271,-2.559934,burglary_biz
51.455267,-2.560625,robbery_biz
51.455277,-2.558567,robbery_biz
51.460097,-2.552782,burglary_biz
51.460097,-2.552782,burglary_biz
51.459323,-2.553075,robbery_biz
51.460097,-2.552782,shoplifting
51.460097,-2.552782,shoplifting
51.460097,-2.552782,shoplifting
51.460097,-2.552782,shoplifting
51.460097,-2.552782,shoplifting
51.460097,-2.552782,shoplifting
51.460097,-2.552782,shoplifting
51.460097,-2.552782,shoplifting
51.460097,-2.552782,shoplifting
51.459436,-2.55381,shoplifting
51.460097,-2.552782,shoplifting
51.460097,-2.552782,shoplifting
51.460097,-2.552782,shoplifting
51.460097,-2.552782,shoplifting
51.460097,-2.552782,shoplifting
51.460097,-2.552782,shoplifting
51.460097,-2.552782,shoplifting
51.460097,-2.552782,shoplifting
51.45903,-2.548336,burglary_biz
51.455322,-2.549184,burglary_biz
51.45903,-2.548336,burglary_biz
51.45903,-2.548336,robbery_biz
51.459198,-2.5471,robbery_biz
51.45903,-2.548336,shoplifting
51.461961,-2.623941,burglary_biz
51.460299,-2.621892,burglary_biz
51.461961,-2.623941,burglary_biz
51.459832,-2.620184,burglary_biz
51.459163,-2.620766,burglary_biz
51.459163,-2.620766,burglary_biz
51.452876,-2.615989,burglary_biz
51.454444,-2.620232,shoplifting
51.454444,-2.620232,shoplifting
51.453261,-2.621491,burglary_biz
51.454619,-2.525947,shoplifting
51.454619,-2.525947,shoplifting
51.454619,-2.525947,shoplifting
51.454619,-2.525947,shoplifting
51.454619,-2.525947,shoplifting
51.454619,-2.525947,shoplifting
51.449826,-2.623143,burglary_biz
51.45056,-2.613612,burglary_biz
51.449551,-2.619153,burglary_biz
51.450215,-2.615881,burglary_biz
51.454828,-2.545206,shoplifting
51.454828,-2.545206,shoplifting
51.453923,-2.544403,burglary_biz
51.442706,-2.562529,burglary_biz
51.44207,-2.556449,burglary_biz
51.440864,-2.556535,shoplifting
51.440864,-2.556535,shoplifting
51.441879,-2.552979,burglary_biz
51.440729,-2.609106,robbery_biz
51.440733,-2.610027,robbery_biz
51.440733,-2.610027,shoplifting
51.440733,-2.610027,shoplifting
51.440733,-2.610027,shoplifting
51.440733,-2.610027,shoplifting
51.440733,-2.610027,shoplifting
51.440733,-2.610027,shoplifting
51.440733,-2.610027,shoplifting
51.442396,-2.613517,burglary_biz
51.444144,-2.612907,burglary_biz
51.442396,-2.613517,robbery_biz
51.44562,-2.609142,robbery_biz
51.44562,-2.609142,shoplifting
51.442396,-2.613517,shoplifting
51.442396,-2.613517,shoplifting
51.442396,-2.613517,shoplifting
51.44562,-2.609142,shoplifting
51.44562,-2.609142,shoplifting
51.442396,-2.613517,shoplifting
51.43981,-2.616273,burglary_biz
51.438012,-2.619558,shoplifting
51.438012,-2.619558,shoplifting
51.445664,-2.604078,burglary_biz
51.445446,-2.601068,robbery_biz
51.440213,-2.575878,burglary_biz
51.440283,-2.578196,robbery_biz
51.440283,-2.578196,robbery_biz
51.442329,-2.578984,shoplifting
51.439914,-2.572753,burglary_biz
51.439914,-2.572753,robbery_biz
51.439914,-2.572753,robbery_biz
51.437853,-2.584135,burglary_biz
51.441728,-2.542978,burglary_biz
51.446862,-2.541053,robbery_biz
51.440574,-2.537928,robbery_biz
51.440574,-2.537928,shoplifting
51.440574,-2.537928,shoplifting
51.439197,-2.551623,burglary_biz
51.428716,-2.525474,burglary_biz
51.432617,-2.539951,shoplifting
51.432617,-2.539951,shoplifting
51.432617,-2.539951,shoplifting
51.432617,-2.539951,shoplifting
51.434304,-2.603122,burglary_biz
51.443248,-2.591212,burglary_biz
51.443759,-2.595117,robbery_biz
51.442598,-2.595318,robbery_biz
51.443005,-2.596618,robbery_biz
51.443759,-2.595117,robbery_biz
51.443005,-2.596618,robbery_biz
51.443005,-2.596618,shoplifting
51.443759,-2.595117,shoplifting
51.442289,-2.597775,shoplifting
51.443759,-2.595117,shoplifting
51.443759,-2.595117,shoplifting
51.443759,-2.595117,shoplifting
51.443759,-2.595117,shoplifting
51.443759,-2.595117,shoplifting
51.443759,-2.595117,shoplifting
51.443759,-2.595117,shoplifting
51.443759,-2.595117,shoplifting
51.443759,-2.595117,theft_person
51.441578,-2.601319,burglary_biz
51.44439,-2.596464,burglary_biz
51.441578,-2.601319,burglary_biz
51.440895,-2.597857,burglary_biz
51.444391,-2.598075,robbery_biz
51.441695,-2.597867,robbery_biz
51.440996,-2.600952,burglary_biz
51.438514,-2.602602,shoplifting
51.439613,-2.60584,burglary_biz
51.438903,-2.605643,burglary_biz
51.438648,-2.595828,burglary_biz
51.43976,-2.59108,theft_person
51.428916,-2.632366,burglary_biz
51.428916,-2.632366,robbery_biz
51.433552,-2.619656,burglary_biz
51.433552,-2.619656,shoplifting
51.438132,-2.622297,shoplifting
51.438132,-2.622297,shoplifting
51.427818,-2.563971,burglary_biz
51.429771,-2.574726,burglary_biz
51.438696,-2.566292,burglary_biz
51.434927,-2.568446,burglary_biz
51.437659,-2.566783,robbery_biz
51.43503,-2.565657,shoplifting
51.43883,-2.556956,shoplifting
51.443034,-2.559813,shoplifting
51.426733,-2.55189,burglary_biz
51.431975,-2.546214,robbery_biz
51.433161,-2.554097,robbery_biz
51.433161,-2.554097,shoplifting
51.433161,-2.554097,shoplifting
51.433161,-2.554097,shoplifting
51.42548,-2.543015,burglary_biz
51.429819,-2.545013,burglary_biz
51.429289,-2.543837,burglary_biz
51.429289,-2.543837,robbery_biz
51.429819,-2.545013,robbery_biz
51.429289,-2.543837,shoplifting
51.429289,-2.543837,shoplifting
51.429289,-2.543837,shoplifting
51.429289,-2.543837,shoplifting
51.429289,-2.543837,shoplifting
51.429289,-2.543837,shoplifting
51.429289,-2.543837,shoplifting
51.434781,-2.585262,robbery_biz
51.422517,-2.583206,burglary_biz
51.426477,-2.578971,robbery_biz
51.426477,-2.578971,robbery_biz
51.433431,-2.578339,shoplifting
51.425382,-2.592923,shoplifting
51.427701,-2.598447,theft_person
51.418334,-2.589164,burglary_biz
51.425729,-2.612905,robbery_biz
51.425729,-2.612905,robbery_biz
51.425729,-2.612905,shoplifting
51.425729,-2.612905,shoplifting
51.411938,-2.586062,burglary_biz
51.414331,-2.585906,burglary_biz
51.412714,-2.585612,shoplifting
51.413835,-2.570346,robbery_biz
51.413835,-2.570346,robbery_biz
51.413835,-2.570346,robbery_biz
51.416554,-2.570907,shoplifting
51.413835,-2.570346,shoplifting
51.424996,-2.571085,burglary_biz
51.424996,-2.571085,burglary_biz
51.423105,-2.569824,shoplifting
51.414416,-2.611388,robbery_biz
51.414416,-2.611388,robbery_biz
51.414416,-2.611388,robbery_biz
51.414416,-2.611388,shoplifting
51.414416,-2.611388,shoplifting
51.414416,-2.611388,shoplifting
51.414416,-2.611388,shoplifting
51.414416,-2.611388,shoplifting
51.414416,-2.611388,shoplifting
51.414416,-2.611388,shoplifting
51.414416,-2.611388,shoplifting
51.414416,-2.611388,shoplifting
51.416344,-2.602009,robbery_biz
51.416344,-2.602009,robbery_biz
51.416344,-2.602009,shoplifting
51.416344,-2.602009,shoplifting
51.41512,-2.599867,shoplifting
51.416344,-2.602009,shoplifting
51.41512,-2.599867,shoplifting
51.416344,-2.602009,shoplifting
51.416344,-2.602009,shoplifting
51.416344,-2.602009,shoplifting
51.416344,-2.602009,shoplifting
51.416344,-2.602009,shoplifting
51.416344,-2.602009,shoplifting
51.41512,-2.599867,shoplifting
51.415331,-2.597955,shoplifting
51.416344,-2.602009,shoplifting
51.415331,-2.597955,shoplifting
51.41512,-2.599867,shoplifting
51.416138,-2.600036,shoplifting
51.416138,-2.600036,shoplifting
51.41512,-2.599867,shoplifting
51.412523,-2.619228,shoplifting
51.412523,-2.619228,shoplifting
51.412523,-2.619228,shoplifting
51.412523,-2.619228,shoplifting
51.412523,-2.619228,shoplifting
51.412523,-2.619228,shoplifting
51.413796,-2.559183,burglary_biz
51.415848,-2.553111,burglary_biz
51.413796,-2.559183,shoplifting
51.413796,-2.559183,shoplifting
51.413796,-2.559183,shoplifting
51.413796,-2.559183,shoplifting
51.413796,-2.559183,shoplifting
51.413796,-2.559183,shoplifting
51.413796,-2.559183,shoplifting
51.413796,-2.559183,shoplifting
51.413796,-2.559183,shoplifting
51.413796,-2.559183,shoplifting
51.413796,-2.559183,shoplifting
51.413796,-2.559183,shoplifting
51.413796,-2.559183,shoplifting
51.411534,-2.554425,burglary_biz
51.412916,-2.545512,burglary_biz
51.412306,-2.547072,burglary_biz
51.410802,-2.545688,burglary_biz
51.412306,-2.547072,robbery_biz
51.409721,-2.552002,robbery_biz
51.405731,-2.623176,burglary_biz
51.406108,-2.624978,shoplifting
51.405104,-2.609006,shoplifting
51.408648,-2.576776,burglary_biz
51.408648,-2.576776,shoplifting
51.402106,-2.577757,burglary_biz
51.407081,-2.577259,robbery_biz
51.407081,-2.577259,shoplifting
51.407081,-2.577259,shoplifting
51.407081,-2.577259,shoplifting
51.406587,-2.598689,burglary_biz
51.406587,-2.598689,shoplifting
51.404206,-2.600124,shoplifting
51.404206,-2.600124,shoplifting
51.404206,-2.600124,shoplifting
51.404206,-2.600124,shoplifting
51.404206,-2.600124,shoplifting
51.404206,-2.600124,shoplifting
51.404206,-2.600124,shoplifting
51.407706,-2.596173,robbery_biz
51.411661,-2.589352,burglary_biz
51.408251,-2.589638,burglary_biz
51.45467,-2.578176,burglary_biz
51.455117,-2.582197,burglary_biz
51.455009,-2.580555,burglary_biz
51.450479,-2.581908,shoplifting
51.458279,-2.584727,burglary_biz
51.457619,-2.580012,burglary_biz
51.45929,-2.576637,burglary_biz
51.458279,-2.584727,burglary_biz
51.458707,-2.578169,burglary_biz
51.458279,-2.584727,burglary_biz
51.458558,-2.581003,burglary_biz
51.45929,-2.576637,robbery_biz
51.45929,-2.576637,robbery_biz
51.458279,-2.584727,robbery_biz
51.458707,-2.578169,robbery_biz
51.458279,-2.584727,robbery_biz
51.457942,-2.578203,robbery_biz
51.458897,-2.581526,robbery_biz
51.458897,-2.581526,robbery_biz
51.45929,-2.576637,robbery_biz
51.458897,-2.581526,robbery_biz
51.456776,-2.583197,robbery_biz
51.458279,-2.584727,shoplifting
51.45848,-2.583938,shoplifting
51.458279,-2.584727,shoplifting
51.459476,-2.584368,shoplifting
51.458279,-2.584727,shoplifting
51.458279,-2.584727,shoplifting
51.459476,-2.584368,shoplifting
51.458707,-2.578169,shoplifting
51.458279,-2.584727,shoplifting
51.458279,-2.584727,shoplifting
51.458279,-2.584727,shoplifting
51.458279,-2.584727,shoplifting
51.459476,-2.584368,shoplifting
51.458279,-2.584727,shoplifting
51.458279,-2.584727,shoplifting
51.458279,-2.584727,shoplifting
51.458279,-2.584727,shoplifting
51.459476,-2.584368,shoplifting
51.459476,-2.584368,shoplifting
51.459476,-2.584368,shoplifting
51.459476,-2.584368,shoplifting
51.446085,-2.588615,burglary_biz
51.445746,-2.589733,robbery_biz
51.451111,-2.590335,burglary_biz
51.450733,-2.590402,shoplifting
51.450733,-2.590402,shoplifting
51.450733,-2.590402,shoplifting
51.450733,-2.590402,shoplifting
51.451227,-2.588681,burglary_biz
51.451687,-2.586744,burglary_biz
51.453443,-2.58622,burglary_biz
51.453253,-2.588275,robbery_biz
51.460611,-2.560144,burglary_biz
51.46182,-2.563052,burglary_biz
51.460611,-2.560144,burglary_biz
51.463604,-2.565981,burglary_biz
51.462904,-2.565699,robbery_biz
51.466552,-2.566263,robbery_biz
51.461094,-2.566181,robbery_biz
51.461431,-2.565436,shoplifting
51.461431,-2.565436,shoplifting
51.457626,-2.56382,shoplifting
51.463611,-2.569983,shoplifting
51.461252,-2.578115,burglary_biz
51.461252,-2.578115,burglary_biz
51.461252,-2.578115,burglary_biz
51.462459,-2.575899,burglary_biz
51.461252,-2.578115,burglary_biz
51.465408,-2.57038,burglary_biz
51.463145,-2.575203,robbery_biz
51.453128,-2.564341,burglary_biz
51.450103,-2.568678,robbery_biz
51.447439,-2.560567,robbery_biz
51.44766,-2.560705,robbery_biz
51.453128,-2.564341,robbery_biz
51.44766,-2.560705,shoplifting
51.44766,-2.560705,shoplifting
51.44766,-2.560705,shoplifting
51.447439,-2.560567,shoplifting
51.44766,-2.560705,shoplifting
51.447439,-2.560567,shoplifting
51.45493,-2.56537,burglary_biz
51.45493,-2.56537,burglary_biz
51.457903,-2.566748,burglary_biz
51.456163,-2.568797,robbery_biz
51.455847,-2.574593,burglary_biz
51.457638,-2.57427,robbery_biz
51.468996,-2.566566,burglary_biz
51.467543,-2.561999,robbery_biz
51.468996,-2.566566,robbery_biz
51.467436,-2.563826,robbery_biz
51.467436,-2.563826,robbery_biz
51.466949,-2.564065,shoplifting
51.469538,-2.564126,theft_person
51.46883,-2.563714,burglary_biz
51.470657,-2.563362,burglary_biz
51.468,-2.558651,robbery_biz
51.469848,-2.558165,burglary_biz
51.471112,-2.573259,burglary_biz
51.464894,-2.5889,robbery_biz
51.463493,-2.588422,burglary_biz
51.463508,-2.585543,burglary_biz
51.461624,-2.58965,burglary_biz
51.4635,-2.587169,burglary_biz
51.464348,-2.586633,robbery_biz
51.460967,-2.590217,burglary_biz
51.460355,-2.588525,burglary_biz
51.460379,-2.583646,burglary_biz
51.459452,-2.587535,robbery_biz
51.460967,-2.590217,robbery_biz
51.461,-2.58184,shoplifting
51.459452,-2.587535,shoplifting
51.459452,-2.587535,shoplifting
51.459452,-2.587535,shoplifting
51.459452,-2.587535,shoplifting
51.459452,-2.587535,shoplifting
51.459452,-2.587535,shoplifting
51.459452,-2.587535,shoplifting
51.459452,-2.587535,shoplifting
51.459566,-2.588069,shoplifting
51.459452,-2.587535,shoplifting
51.459452,-2.587535,shoplifting
51.459566,-2.588069,shoplifting
51.459452,-2.587535,shoplifting
51.461,-2.58184,shoplifting
51.459452,-2.587535,shoplifting
51.459452,-2.587535,shoplifting
51.459566,-2.588069,shoplifting
51.459452,-2.587535,shoplifting
51.461,-2.58184,shoplifting
51.459452,-2.587535,shoplifting
51.459452,-2.587535,shoplifting
51.459741,-2.587279,shoplifting
51.459452,-2.587535,shoplifting
51.459452,-2.587535,shoplifting
51.459452,-2.587535,shoplifting
51.459452,-2.587535,shoplifting
51.459452,-2.587535,shoplifting
51.459452,-2.587535,shoplifting
51.459452,-2.587535,shoplifting
51.459452,-2.587535,shoplifting
51.459452,-2.587535,shoplifting
51.461,-2.58184,shoplifting
51.459452,-2.587535,shoplifting
51.460967,-2.590217,theft_person
51.461601,-2.606937,burglary_biz
51.46124,-2.60188,shoplifting
51.456619,-2.598322,burglary_biz
51.455696,-2.594093,burglary_biz
51.456844,-2.594626,burglary_biz
51.455696,-2.594093,burglary_biz
51.455696,-2.594093,robbery_biz
51.456844,-2.594626,robbery_biz
51.456844,-2.594626,shoplifting
51.459179,-2.596138,theft_person
51.45835,-2.593839,theft_person
51.455886,-2.600975,burglary_biz
51.455886,-2.600975,burglary_biz
51.456546,-2.607215,burglary_biz
51.456546,-2.607215,burglary_biz
51.45728,-2.607758,robbery_biz
51.456818,-2.606787,robbery_biz
51.455456,-2.605862,robbery_biz
51.456818,-2.606787,shoplifting
51.456782,-2.606801,shoplifting
51.456782,-2.606801,shoplifting
51.456782,-2.606801,shoplifting
51.45728,-2.607758,shoplifting
51.456818,-2.606787,shoplifting
51.456818,-2.606787,shoplifting
51.456818,-2.606787,shoplifting
51.45728,-2.607758,shoplifting
51.456818,-2.606787,shoplifting
51.456818,-2.606787,shoplifting
51.45728,-2.607758,shoplifting
51.456782,-2.606801,shoplifting
51.456782,-2.606801,shoplifting
51.456818,-2.606787,shoplifting
51.456782,-2.606801,shoplifting
51.456782,-2.606801,shoplifting
51.456782,-2.606801,shoplifting
51.45728,-2.607758,shoplifting
51.45728,-2.607758,shoplifting
51.45728,-2.607758,shoplifting
51.456782,-2.606801,shoplifting
51.45728,-2.607758,shoplifting
51.456782,-2.606801,shoplifting
51.455104,-2.604447,shoplifting
51.449755,-2.602477,burglary_biz
51.455574,-2.609088,burglary_biz
51.453065,-2.60396,burglary_biz
51.449942,-2.601098,burglary_biz
51.449755,-2.602477,robbery_biz
51.454535,-2.60657,robbery_biz
51.449257,-2.601377,robbery_biz
51.449755,-2.602477,shoplifting
51.449755,-2.602477,shoplifting
51.449755,-2.602477,shoplifting
51.449755,-2.602477,shoplifting
51.449755,-2.602477,shoplifting
51.449942,-2.601098,theft_person
51.453066,-2.60206,theft_person
51.453066,-2.60206,theft_person
51.455178,-2.584738,burglary_biz
51.454044,-2.595309,burglary_biz
51.455763,-2.591503,burglary_biz
51.456071,-2.589175,burglary_biz
51.456071,-2.589175,burglary_biz
51.454985,-2.588801,burglary_biz
51.454125,-2.586344,burglary_biz
51.455178,-2.584738,burglary_biz
51.454404,-2.593529,burglary_biz
51.454404,-2.593529,burglary_biz
51.455583,-2.593415,burglary_biz
51.455178,-2.584738,burglary_biz
51.456187,-2.591192,burglary_biz
51.455178,-2.584738,burglary_biz
51.455178,-2.584738,burglary_biz
51.45547,-2.585368,burglary_biz
51.454985,-2.588801,robbery_biz
51.456137,-2.590414,robbery_biz
51.456677,-2.592162,robbery_biz
51.456703,-2.585081,robbery_biz
51.456703,-2.585081,robbery_biz
51.454044,-2.595309,robbery_biz
51.456677,-2.592162,robbery_biz
51.456677,-2.592162,shoplifting
51.454404,-2.593529,shoplifting
51.456137,-2.590414,shoplifting
51.457175,-2.593248,shoplifting
51.456137,-2.590414,shoplifting
51.456677,-2.592162,shoplifting
51.456187,-2.591192,shoplifting
51.456137,-2.590414,shoplifting
51.456677,-2.592162,shoplifting
51.456137,-2.590414,shoplifting
51.456677,-2.592162,shoplifting
51.456137,-2.590414,shoplifting
51.454404,-2.593529,shoplifting
51.456677,-2.592162,shoplifting
51.455618,-2.5953,shoplifting
51.456677,-2.592162,shoplifting
51.457175,-2.593248,shoplifting
51.454404,-2.593529,theft_person
51.455474,-2.597126,theft_person
51.456137,-2.590414,theft_person
51.454044,-2.595309,theft_person
51.453861,-2.59594,theft_person
51.457175,-2.593248,theft_person
51.45385,-2.592874,theft_person
51.45385,-2.592874,theft_person
51.452961,-2.596173,burglary_biz
51.453226,-2.595541,burglary_biz
51.452961,-2.596173,burglary_biz
51.452961,-2.596173,robbery_biz
51.450023,-2.597444,robbery_biz
51.454306,-2.598651,burglary_biz
51.453357,-2.597833,robbery_biz
51.453357,-2.597833,robbery_biz
51.454381,-2.600146,robbery_biz
51.452504,-2.598969,shoplifting
51.454306,-2.598651,shoplifting
51.452504,-2.598969,shoplifting
51.452504,-2.598969,shoplifting
51.452625,-2.598629,theft_person
51.450979,-2.598608,theft_person
51.450979,-2.598608,theft_person
51.450094,-2.599344,theft_person
51.453161,-2.600924,theft_person
51.452299,-2.602525,theft_person
51.446863,-2.612181,robbery_biz
51.446863,-2.612181,robbery_biz
51.446863,-2.612181,shoplifting
51.450083,-2.608468,theft_person
51.448312,-2.596313,burglary_biz
51.447278,-2.596242,burglary_biz
51.447531,-2.590662,robbery_biz
51.446956,-2.597706,shoplifting
51.301268,-2.327851,burglary_biz
51.491234,-2.771215,burglary_biz
51.481841,-2.781526,shoplifting
51.481841,-2.781526,shoplifting
51.48242,-2.781003,shoplifting
51.481841,-2.781526,shoplifting
51.481841,-2.781526,shoplifting
51.485629,-2.761975,burglary_biz
51.4839,-2.765555,shoplifting
51.4839,-2.765555,shoplifting
51.4839,-2.765555,shoplifting
51.4839,-2.765555,shoplifting
51.4839,-2.765555,shoplifting
51.485963,-2.765927,shoplifting
51.4839,-2.765555,shoplifting
51.485963,-2.765927,shoplifting
51.4839,-2.765555,shoplifting
51.484738,-2.764855,shoplifting
51.4839,-2.765555,shoplifting
51.483644,-2.758975,burglary_biz
51.484077,-2.761445,shoplifting
51.484077,-2.761445,shoplifting
51.476619,-2.698599,burglary_biz
51.480736,-2.685025,theft_person
51.439418,-2.839977,shoplifting
51.439418,-2.839977,shoplifting
51.432759,-2.646531,burglary_biz
51.434461,-2.647763,burglary_biz
51.434461,-2.647763,burglary_biz
51.432759,-2.646531,burglary_biz
51.432092,-2.653441,burglary_biz
51.432759,-2.646531,burglary_biz
51.427692,-2.672983,burglary_biz
51.428159,-2.67309,burglary_biz
51.428649,-2.665963,robbery_biz
51.428649,-2.665963,shoplifting
51.428649,-2.665963,shoplifting
51.428649,-2.665963,shoplifting
51.428649,-2.665963,shoplifting
51.43843,-2.746889,shoplifting
51.445277,-2.77398,burglary_biz
51.435756,-2.852857,shoplifting
51.435756,-2.852857,shoplifting
51.434932,-2.847332,burglary_biz
51.436701,-2.851379,shoplifting
51.435449,-2.755989,burglary_biz
51.434491,-2.759527,burglary_biz
51.434743,-2.758179,shoplifting
51.434743,-2.758179,shoplifting
51.43388,-2.758193,shoplifting
51.434743,-2.758179,shoplifting
51.435102,-2.767159,burglary_biz
51.415416,-2.744788,burglary_biz
51.412335,-2.741416,burglary_biz
51.409494,-2.744174,burglary_biz
51.386783,-2.783742,shoplifting
51.386783,-2.783742,shoplifting
51.386783,-2.783742,shoplifting
51.388368,-2.786112,burglary_biz
51.388368,-2.786112,burglary_biz
51.383478,-2.814796,burglary_biz
51.384704,-2.824662,burglary_biz
51.387847,-2.704043,robbery_biz
51.385858,-2.712842,shoplifting
51.385858,-2.712842,shoplifting
51.372198,-2.805013,burglary_biz
51.366355,-2.807425,burglary_biz
51.362919,-2.804923,burglary_biz
51.302445,-2.83743,burglary_biz
51.301494,-2.829581,shoplifting
51.332097,-2.830334,burglary_biz
51.315099,-2.798561,burglary_biz
51.591182,-2.477708,robbery_biz
51.547678,-2.458259,burglary_biz
51.547678,-2.458259,burglary_biz
51.547678,-2.458259,burglary_biz
51.547678,-2.458259,burglary_biz
51.547678,-2.458259,burglary_biz
51.547678,-2.458259,burglary_biz
51.547678,-2.458259,burglary_biz
51.582753,-2.448927,burglary_biz
51.551917,-2.434391,burglary_biz
51.547678,-2.458259,burglary_biz
51.547678,-2.458259,burglary_biz
51.589686,-2.414526,burglary_biz
51.58954,-2.397102,burglary_biz
51.587442,-2.537814,burglary_biz
51.528918,-2.600495,burglary_biz
51.528918,-2.600495,burglary_biz
51.525595,-2.60489,burglary_biz
51.527868,-2.599721,burglary_biz
51.526961,-2.613673,burglary_biz
51.514907,-2.624982,burglary_biz
51.5181,-2.623008,robbery_biz
51.523573,-2.616755,robbery_biz
51.525605,-2.595396,shoplifting
51.525605,-2.595396,shoplifting
51.525605,-2.595396,shoplifting
51.527868,-2.599721,shoplifting
51.527868,-2.599721,shoplifting
51.525403,-2.598546,shoplifting
51.525064,-2.60164,shoplifting
51.524619,-2.598824,shoplifting
51.524619,-2.598824,shoplifting
51.527868,-2.599721,shoplifting
51.525403,-2.598546,shoplifting
51.526833,-2.599214,shoplifting
51.525403,-2.598546,shoplifting
51.527868,-2.599721,shoplifting
51.525403,-2.598546,shoplifting
51.527177,-2.597305,shoplifting
51.527177,-2.597305,shoplifting
51.525403,-2.598546,shoplifting
51.525605,-2.595396,shoplifting
51.525403,-2.598546,shoplifting
51.525605,-2.595396,shoplifting
51.519346,-2.620344,shoplifting
51.525403,-2.598546,shoplifting
51.527868,-2.599721,shoplifting
51.519346,-2.620344,shoplifting
51.528702,-2.598733,shoplifting
51.528702,-2.598733,shoplifting
51.525403,-2.598546,shoplifting
51.525605,-2.595396,shoplifting
51.525403,-2.598546,shoplifting
51.525605,-2.595396,shoplifting
51.527868,-2.599721,shoplifting
51.525403,-2.598546,shoplifting
51.52368,-2.594444,shoplifting
51.530693,-2.596496,shoplifting
51.525605,-2.595396,shoplifting
51.52368,-2.594444,shoplifting
51.527177,-2.597305,shoplifting
51.527177,-2.597305,shoplifting
51.525403,-2.598546,shoplifting
51.525403,-2.598546,shoplifting
51.525403,-2.598546,shoplifting
51.526833,-2.599214,shoplifting
51.524619,-2.598824,shoplifting
51.519346,-2.620344,shoplifting
51.526833,-2.599214,shoplifting
51.525605,-2.595396,shoplifting
51.526857,-2.596317,shoplifting
51.5227,-2.615316,shoplifting
51.524619,-2.598824,shoplifting
51.525064,-2.60164,shoplifting
51.526833,-2.599214,shoplifting
51.525403,-2.598546,shoplifting
51.527177,-2.597305,shoplifting
51.519346,-2.620344,shoplifting
51.525403,-2.598546,shoplifting
51.52368,-2.594444,shoplifting
51.525595,-2.60489,shoplifting
51.525605,-2.595396,shoplifting
51.525605,-2.595396,shoplifting
51.525403,-2.598546,shoplifting
51.530693,-2.596496,shoplifting
51.525403,-2.598546,shoplifting
51.525605,-2.595396,shoplifting
51.525403,-2.598546,shoplifting
51.525403,-2.598546,shoplifting
51.525595,-2.60489,shoplifting
51.525403,-2.598546,shoplifting
51.525595,-2.60489,shoplifting
51.5227,-2.615316,shoplifting
51.525403,-2.598546,shoplifting
51.525605,-2.595396,shoplifting
51.525605,-2.595396,shoplifting
51.525403,-2.598546,shoplifting
51.525605,-2.595396,shoplifting
51.525605,-2.595396,shoplifting
51.526857,-2.596317,shoplifting
51.527868,-2.599721,shoplifting
51.525403,-2.598546,shoplifting
51.5227,-2.615316,shoplifting
51.56014,-2.664839,shoplifting
51.558461,-2.413939,burglary_biz
51.556452,-2.40756,burglary_biz
51.558591,-2.415527,burglary_biz
51.559052,-2.417161,shoplifting
51.559052,-2.417161,shoplifting
51.559052,-2.417161,shoplifting
51.559052,-2.417161,shoplifting
51.559052,-2.417161,shoplifting
51.555343,-2.418425,burglary_biz
51.548368,-2.407545,robbery_biz
51.543094,-2.426676,burglary_biz
51.543094,-2.426676,burglary_biz
51.542344,-2.425314,shoplifting
51.543837,-2.420295,burglary_biz
51.548937,-2.417198,shoplifting
51.548937,-2.417198,shoplifting
51.548937,-2.417198,shoplifting
51.548937,-2.417198,shoplifting
51.548937,-2.417198,shoplifting
51.548937,-2.417198,shoplifting
51.540233,-2.399254,burglary_biz
51.531567,-2.404036,shoplifting
51.526312,-2.537022,burglary_biz
51.523472,-2.528807,burglary_biz
51.544007,-2.562119,burglary_biz
51.545393,-2.552287,burglary_biz
51.537874,-2.420557,burglary_biz
51.524468,-2.545144,burglary_biz
51.539407,-2.555632,burglary_biz
51.543273,-2.557582,shoplifting
51.534762,-2.549087,burglary_biz
51.535361,-2.547956,shoplifting
51.535361,-2.547956,shoplifting
51.535424,-2.547884,shoplifting
51.535361,-2.547956,shoplifting
51.535361,-2.547956,shoplifting
51.534762,-2.549087,shoplifting
51.539752,-2.49463,burglary_biz
51.531641,-2.477574,burglary_biz
51.529232,-2.413472,burglary_biz
51.527183,-2.413165,burglary_biz
51.519385,-2.537805,burglary_biz
51.523032,-2.559728,burglary_biz
51.525893,-2.503806,burglary_biz
51.526263,-2.497193,burglary_biz
51.52812,-2.504609,shoplifting
51.519043,-2.507708,burglary_biz
51.522574,-2.508367,burglary_biz
51.513268,-2.520599,burglary_biz
51.511592,-2.562282,burglary_biz
51.511592,-2.562282,burglary_biz
51.508679,-2.565949,burglary_biz
51.509198,-2.564544,burglary_biz
51.506313,-2.560603,shoplifting
51.506313,-2.560603,shoplifting
51.506313,-2.560603,shoplifting
51.506313,-2.560603,shoplifting
51.508293,-2.573221,burglary_biz
51.508293,-2.573221,robbery_biz
51.508216,-2.574641,shoplifting
51.505116,-2.577606,shoplifting
51.505116,-2.577606,shoplifting
51.508216,-2.574641,theft_person
51.500802,-2.569741,burglary_biz
51.543256,-2.433946,burglary_biz
51.523988,-2.473458,burglary_biz
51.462788,-2.478582,burglary_biz
51.471438,-2.485266,burglary_biz
51.500467,-2.466515,robbery_biz
51.501292,-2.469275,shoplifting
51.497278,-2.500566,burglary_biz
51.500687,-2.502332,burglary_biz
51.496765,-2.482402,burglary_biz
51.496765,-2.482402,shoplifting
51.496765,-2.482402,shoplifting
51.494547,-2.469494,burglary_biz
51.492367,-2.473631,robbery_biz
51.493677,-2.474998,shoplifting
51.493677,-2.474998,shoplifting
51.493677,-2.474998,shoplifting
51.492367,-2.473631,shoplifting
51.492367,-2.473631,shoplifting
51.492367,-2.473631,shoplifting
51.492367,-2.473631,shoplifting
51.493677,-2.474998,shoplifting
51.493677,-2.474998,shoplifting
51.493677,-2.474998,shoplifting
51.486887,-2.502007,burglary_biz
51.492025,-2.501055,burglary_biz
51.487993,-2.501875,shoplifting
51.487993,-2.501875,shoplifting
51.487993,-2.501875,shoplifting
51.487993,-2.501875,shoplifting
51.487993,-2.501875,shoplifting
51.487993,-2.501875,shoplifting
51.486209,-2.506997,burglary_biz
51.488289,-2.504212,shoplifting
51.488289,-2.504212,shoplifting
51.48544,-2.51419,burglary_biz
51.486401,-2.510398,shoplifting
51.482231,-2.491012,burglary_biz
51.482895,-2.484927,shoplifting
51.482895,-2.484927,shoplifting
51.482895,-2.484927,shoplifting
51.482895,-2.484927,shoplifting
51.482895,-2.484927,shoplifting
51.482895,-2.484927,shoplifting
51.482895,-2.484927,shoplifting
51.485377,-2.495452,burglary_biz
51.424224,-2.458072,burglary_biz
51.440884,-2.34285,burglary_biz
51.462716,-2.320659,burglary_biz
51.45229,-2.359428,burglary_biz
51.451304,-2.420567,burglary_biz
51.560409,-2.35764,burglary_biz
51.473831,-2.491325,burglary_biz
51.480647,-2.504056,shoplifting
51.480647,-2.504056,shoplifting
51.46695,-2.502508,burglary_biz
51.469359,-2.509114,burglary_biz
51.47133,-2.504327,robbery_biz
51.463323,-2.511609,burglary_biz
51.463553,-2.508329,robbery_biz
51.469306,-2.51077,robbery_biz
51.463553,-2.508329,robbery_biz
51.469306,-2.51077,shoplifting
51.469306,-2.51077,shoplifting
51.469306,-2.51077,shoplifting
51.469306,-2.51077,shoplifting
51.469306,-2.51077,shoplifting
51.469306,-2.51077,shoplifting
51.469306,-2.51077,shoplifting
51.463256,-2.510658,theft_person
51.477286,-2.503658,shoplifting
51.479904,-2.505243,burglary_biz
51.479643,-2.509488,burglary_biz
51.479643,-2.509488,burglary_biz
51.479748,-2.512311,robbery_biz
51.474206,-2.508966,theft_person
51.461501,-2.48126,burglary_biz
51.46189,-2.487123,burglary_biz
51.460602,-2.480819,shoplifting
51.460602,-2.480819,shoplifting
51.463307,-2.505102,burglary_biz
51.463501,-2.495273,burglary_biz
51.462943,-2.497714,burglary_biz
51.462167,-2.498296,robbery_biz
51.462167,-2.498296,shoplifting
51.462167,-2.498296,shoplifting
51.462434,-2.500976,shoplifting
51.462167,-2.498296,shoplifting
51.464122,-2.486628,burglary_biz
51.464122,-2.486628,burglary_biz
51.464792,-2.492091,robbery_biz
51.468406,-2.498608,burglary_biz
51.468699,-2.499331,burglary_biz
51.468406,-2.498608,burglary_biz
51.45101,-2.514594,burglary_biz
51.460748,-2.508442,burglary_biz
51.462599,-2.50852,robbery_biz
51.462599,-2.50852,shoplifting
51.462599,-2.50852,shoplifting
51.462599,-2.50852,shoplifting
51.462599,-2.50852,shoplifting
51.462599,-2.50852,shoplifting
51.462599,-2.50852,shoplifting
51.462599,-2.50852,shoplifting
51.462599,-2.50852,shoplifting
51.460748,-2.508442,theft_person
51.449605,-2.487639,burglary_biz
51.457138,-2.468477,burglary_biz
51.457439,-2.464925,burglary_biz
51.45498,-2.494605,robbery_biz
51.45498,-2.494605,robbery_biz
51.45498,-2.494605,shoplifting
51.45498,-2.494605,shoplifting
51.448399,-2.468286,burglary_biz
51.446812,-2.488991,burglary_biz
51.448918,-2.486466,burglary_biz
51.451358,-2.506812,shoplifting
51.451358,-2.506812,shoplifting
51.451358,-2.506812,shoplifting
51.440106,-2.519477,burglary_biz
51.440106,-2.519477,shoplifting
51.447177,-2.500535,robbery_biz
51.447177,-2.500535,shoplifting
51.447177,-2.500535,shoplifting
51.447177,-2.500535,shoplifting
51.447177,-2.500535,shoplifting
51.437838,-2.493542,shoplifting
51.437838,-2.493542,shoplifting
51.438002,-2.49517,shoplifting
51.438002,-2.49517,shoplifting
51.444491,-2.501182,shoplifting
51.444491,-2.501182,shoplifting
51.444491,-2.501182,shoplifting
51.444491,-2.501182,shoplifting
51.444491,-2.501182,shoplifting
51.438331,-2.472025,burglary_biz
51.438331,-2.472025,burglary_biz
51.438331,-2.472025,burglary_biz
51.53844,-2.584356,burglary_biz
51.536292,-2.567748,burglary_biz
51.540698,-2.562198,shoplifting
51.540698,-2.562198,shoplifting
51.540698,-2.562198,shoplifting
51.540698,-2.562198,shoplifting
51.540698,-2.562198,shoplifting
51.540698,-2.562198,shoplifting
51.540698,-2.562198,shoplifting
51.540698,-2.562198,shoplifting
51.533198,-2.584361,shoplifting
51.530424,-2.578011,robbery_biz
51.530424,-2.578011,shoplifting
51.530424,-2.578011,shoplifting
51.530424,-2.578011,shoplifting
51.526008,-2.585494,robbery_biz
51.526008,-2.585494,robbery_biz
51.526008,-2.585494,shoplifting
51.526273,-2.57744,burglary_biz
51.529648,-2.578563,robbery_biz
51.529648,-2.578563,theft_person
51.523296,-2.584868,theft_person
51.504865,-2.545342,burglary_biz
51.509231,-2.552066,shoplifting
51.509231,-2.552066,shoplifting
51.509231,-2.552066,shoplifting
51.509231,-2.552066,shoplifting
51.508147,-2.553104,shoplifting
51.508147,-2.553104,shoplifting
51.509231,-2.552066,shoplifting
51.509231,-2.552066,shoplifting
51.507249,-2.550874,shoplifting
51.509231,-2.552066,shoplifting
51.509231,-2.552066,shoplifting
51.509231,-2.552066,shoplifting
51.509231,-2.552066,shoplifting
51.507249,-2.550874,shoplifting
51.509231,-2.552066,shoplifting
51.509231,-2.552066,shoplifting
51.509231,-2.552066,shoplifting
51.509231,-2.552066,shoplifting
51.508147,-2.553104,shoplifting
51.508147,-2.553104,shoplifting
51.508147,-2.553104,shoplifting
51.508147,-2.553104,shoplifting
51.509231,-2.552066,shoplifting
51.509231,-2.552066,shoplifting
51.509231,-2.552066,shoplifting
51.50113,-2.544274,burglary_biz
51.496559,-2.54108,burglary_biz
51.50113,-2.544274,burglary_biz
51.50113,-2.544274,shoplifting
51.50113,-2.544274,shoplifting
51.497251,-2.559551,burglary_biz
51.505519,-2.560287,robbery_biz
51.505519,-2.560287,shoplifting
51.519147,-2.530855,burglary_biz
51.518771,-2.532508,burglary_biz
51.518246,-2.53524,burglary_biz
51.516461,-2.530348,burglary_biz
51.516461,-2.530348,burglary_biz
51.513379,-2.529866,burglary_biz
51.496278,-2.529667,burglary_biz
51.497598,-2.526096,burglary_biz
51.496278,-2.529667,burglary_biz
51.4979,-2.540735,burglary_biz
51.496278,-2.529667,burglary_biz
51.493383,-2.521611,burglary_biz
51.505698,-2.534459,shoplifting
51.414488,-2.499474,burglary_biz
51.415165,-2.498935,shoplifting
51.415165,-2.498935,shoplifting
51.413917,-2.508958,burglary_biz
51.411346,-2.500374,burglary_biz
51.413799,-2.496691,shoplifting
51.413799,-2.496691,shoplifting
51.40742,-2.503825,robbery_biz
51.403933,-2.505526,burglary_biz
51.401018,-2.486863,burglary_biz
51.412074,-2.49197,burglary_biz
51.412074,-2.49197,burglary_biz
51.408997,-2.488242,shoplifting
51.404573,-2.483925,burglary_biz
51.397728,-2.344741,shoplifting
51.397264,-2.355431,burglary_biz
51.39768,-2.357619,burglary_biz
51.398077,-2.342041,burglary_biz
51.399614,-2.339364,burglary_biz
51.397161,-2.344708,robbery_biz
51.396859,-2.352783,burglary_biz
51.392085,-2.352617,theft_person
51.394027,-2.349585,burglary_biz
51.394027,-2.349585,burglary_biz
51.391507,-2.350342,robbery_biz
51.391507,-2.350342,robbery_biz
51.391507,-2.350342,shoplifting
51.391507,-2.350342,shoplifting
51.391507,-2.350342,shoplifting
51.391507,-2.350342,shoplifting
51.391507,-2.350342,shoplifting
51.391507,-2.350342,shoplifting
51.387426,-2.358962,burglary_biz
51.38306,-2.360609,burglary_biz
51.38036,-2.361335,burglary_biz
51.380961,-2.358825,burglary_biz
51.382597,-2.361884,robbery_biz
51.380033,-2.359264,robbery_biz
51.378739,-2.362199,robbery_biz
51.383494,-2.359535,robbery_biz
51.38036,-2.361335,robbery_biz
51.379049,-2.360592,robbery_biz
51.382714,-2.359026,shoplifting
51.380033,-2.359264,shoplifting
51.382537,-2.360921,shoplifting
51.381578,-2.360052,shoplifting
51.380457,-2.358922,shoplifting
51.382537,-2.360921,shoplifting
51.381578,-2.360052,shoplifting
51.380857,-2.360606,shoplifting
51.381578,-2.360052,shoplifting
51.383741,-2.361276,shoplifting
51.383494,-2.359535,shoplifting
51.381578,-2.360052,shoplifting
51.382078,-2.361061,shoplifting
51.38306,-2.360609,shoplifting
51.382597,-2.361884,shoplifting
51.380033,-2.359264,shoplifting
51.380842,-2.362374,shoplifting
51.380159,-2.359466,shoplifting
51.38306,-2.360609,shoplifting
51.380033,-2.359264,shoplifting
51.380842,-2.362374,shoplifting
51.379049,-2.360592,shoplifting
51.38306,-2.360609,shoplifting
51.381429,-2.361617,shoplifting
51.383741,-2.361276,shoplifting
51.381578,-2.360052,shoplifting
51.382714,-2.359026,shoplifting
51.382537,-2.360921,shoplifting
51.380857,-2.360606,shoplifting
51.38036,-2.361335,theft_person
51.379717,-2.362652,theft_person
51.378144,-2.35978,theft_person
51.379894,-2.360714,theft_person
51.378904,-2.358249,shoplifting
51.378904,-2.358249,shoplifting
51.386581,-2.352719,shoplifting
51.378904,-2.358249,shoplifting
51.378904,-2.358249,shoplifting
51.378327,-2.359595,shoplifting
51.378904,-2.358249,shoplifting
51.378327,-2.359595,shoplifting
51.378904,-2.358249,shoplifting
51.378904,-2.358249,shoplifting
51.378327,-2.359595,shoplifting
51.378904,-2.358249,shoplifting
51.389995,-2.356769,burglary_biz
51.385772,-2.364467,burglary_biz
51.387964,-2.365017,shoplifting
51.387964,-2.365017,shoplifting
51.387964,-2.365017,shoplifting
51.387964,-2.365017,shoplifting
51.387964,-2.365017,shoplifting
51.405941,-2.375683,burglary_biz
51.391779,-2.361511,burglary_biz
51.385038,-2.388776,burglary_biz
51.39059,-2.398251,burglary_biz
51.385364,-2.376866,burglary_biz
51.385311,-2.382197,shoplifting
51.380991,-2.36374,burglary_biz
51.381953,-2.363632,burglary_biz
51.381292,-2.365107,robbery_biz
51.381292,-2.365107,shoplifting
51.381292,-2.365107,shoplifting
51.381292,-2.365107,shoplifting
51.381192,-2.368555,shoplifting
51.381317,-2.362923,shoplifting
51.381317,-2.362923,shoplifting
51.380139,-2.363015,shoplifting
51.381192,-2.368555,theft_person
51.382694,-2.365406,burglary_biz
51.382522,-2.365749,robbery_biz
51.411965,-2.391533,burglary_biz
51.409726,-2.30788,burglary_biz
51.408201,-2.313434,burglary_biz
51.392742,-2.320888,burglary_biz
51.379443,-2.394605,burglary_biz
51.379443,-2.394605,burglary_biz
51.379443,-2.394605,shoplifting
51.379443,-2.394605,shoplifting
51.379443,-2.394605,shoplifting
51.379443,-2.394605,theft_person
51.382676,-2.344613,robbery_biz
51.378972,-2.368005,burglary_biz
51.376103,-2.347782,burglary_biz
51.377394,-2.352088,burglary_biz
51.379322,-2.353855,robbery_biz
51.379322,-2.353855,robbery_biz
51.374524,-2.352683,shoplifting
51.374524,-2.352683,shoplifting
51.38123,-2.373426,burglary_biz
51.380931,-2.387979,robbery_biz
51.377044,-2.377659,robbery_biz
51.377044,-2.377659,shoplifting
51.377044,-2.377659,shoplifting
51.377044,-2.377659,shoplifting
51.377044,-2.377659,shoplifting
51.36695,-2.384859,theft_person
51.366688,-2.390818,shoplifting
51.366688,-2.390818,shoplifting
51.375676,-2.389084,shoplifting
51.357645,-2.481736,shoplifting
51.327621,-2.473097,shoplifting
51.327621,-2.473097,shoplifting
51.374093,-2.366264,robbery_biz
51.374093,-2.366264,shoplifting
51.374093,-2.366264,shoplifting
51.374093,-2.366264,shoplifting
51.374093,-2.366264,shoplifting
51.362169,-2.364352,burglary_biz
51.356582,-2.368257,robbery_biz
51.356582,-2.368257,shoplifting
51.356582,-2.368257,shoplifting
51.357331,-2.370187,shoplifting
51.356582,-2.368257,shoplifting
51.356582,-2.368257,shoplifting
51.356582,-2.368257,shoplifting
51.356582,-2.368257,shoplifting
51.356582,-2.368257,shoplifting
51.357331,-2.370187,shoplifting
51.356582,-2.368257,shoplifting
51.357331,-2.370187,shoplifting
51.357331,-2.370187,shoplifting
51.356582,-2.368257,shoplifting
51.357331,-2.370187,shoplifting
51.357331,-2.370187,shoplifting
51.356582,-2.368257,shoplifting
51.357331,-2.370187,shoplifting
51.358199,-2.371602,shoplifting
51.356582,-2.368257,shoplifting
51.356582,-2.368257,shoplifting
51.367266,-2.367825,burglary_biz
51.369368,-2.365529,shoplifting
51.369368,-2.365529,shoplifting
51.369368,-2.365529,shoplifting
51.369368,-2.365529,shoplifting
51.369368,-2.365529,shoplifting
51.369368,-2.365529,shoplifting
51.369368,-2.365529,shoplifting
51.369368,-2.365529,shoplifting
51.369368,-2.365529,shoplifting
51.369368,-2.365529,shoplifting
51.359639,-2.359592,shoplifting
51.359639,-2.359592,shoplifting
51.359639,-2.359592,shoplifting
51.359639,-2.359592,shoplifting
51.359639,-2.359592,shoplifting
51.359639,-2.359592,shoplifting
51.360956,-2.343229,burglary_biz
51.359974,-2.346927,shoplifting
51.361981,-2.358476,burglary_biz
51.364169,-2.360346,robbery_biz
51.357027,-2.578453,burglary_biz
51.357027,-2.578453,burglary_biz
51.367489,-2.631548,burglary_biz
51.36584,-2.611165,shoplifting
51.36584,-2.611165,shoplifting
51.307016,-2.603087,burglary_biz
51.315908,-2.417648,robbery_biz
51.511163,-2.623994,burglary_biz
51.511821,-2.628657,robbery_biz
51.51358,-2.626016,robbery_biz
51.510486,-2.607255,burglary_biz
51.509605,-2.62099,robbery_biz
51.509605,-2.62099,shoplifting
51.509605,-2.62099,shoplifting
51.509605,-2.62099,shoplifting
51.506778,-2.631801,robbery_biz
51.50835,-2.618653,burglary_biz
51.507985,-2.623057,shoplifting
51.507985,-2.623057,shoplifting
51.507985,-2.623057,shoplifting
51.507985,-2.623057,shoplifting
51.507985,-2.623057,shoplifting
51.503533,-2.602524,robbery_biz
51.502582,-2.602223,robbery_biz
51.503265,-2.603361,shoplifting
51.503265,-2.603361,shoplifting
51.503265,-2.603361,shoplifting
51.502582,-2.602223,shoplifting
51.503265,-2.603361,shoplifting
51.502582,-2.602223,shoplifting
51.502582,-2.602223,shoplifting
51.502582,-2.602223,shoplifting
51.502582,-2.602223,shoplifting
51.502582,-2.602223,shoplifting
51.503265,-2.603361,shoplifting
51.503265,-2.603361,shoplifting
51.502582,-2.602223,shoplifting
51.502582,-2.602223,shoplifting
51.502582,-2.602223,shoplifting
51.503265,-2.603361,shoplifting
51.502582,-2.602223,shoplifting
51.502582,-2.602223,shoplifting
51.502582,-2.602223,shoplifting
51.502582,-2.602223,shoplifting
51.502582,-2.602223,shoplifting
51.502582,-2.602223,shoplifting
51.502582,-2.602223,shoplifting
51.503265,-2.603361,shoplifting
51.502582,-2.602223,shoplifting
51.502582,-2.602223,shoplifting
51.502582,-2.602223,shoplifting
51.502941,-2.607486,theft_person
51.516157,-2.657785,burglary_biz
51.503615,-2.674937,burglary_biz
51.4948,-2.677068,shoplifting
51.501572,-2.657878,robbery_biz
51.501572,-2.657878,shoplifting
51.502675,-2.656914,shoplifting
51.502675,-2.656914,shoplifting
51.502675,-2.656914,shoplifting
51.502675,-2.656914,shoplifting
51.504116,-2.65156,shoplifting
51.500601,-2.592098,robbery_biz
51.500601,-2.592098,shoplifting
51.491745,-2.590125,burglary_biz
51.494809,-2.59102,robbery_biz
51.494809,-2.59102,robbery_biz
51.496736,-2.580999,shoplifting
51.494809,-2.59102,shoplifting
51.493943,-2.600107,burglary_biz
51.493992,-2.5957,burglary_biz
51.493021,-2.602759,robbery_biz
51.493021,-2.602759,shoplifting
51.496721,-2.576864,burglary_biz
51.49353,-2.576622,burglary_biz
51.49585,-2.578481,burglary_biz
51.49353,-2.576622,burglary_biz
51.495274,-2.573115,burglary_biz
51.495274,-2.573115,shoplifting
51.486228,-2.61049,burglary_biz
51.486228,-2.61049,shoplifting
51.486228,-2.61049,shoplifting
51.486228,-2.61049,shoplifting
51.486228,-2.61049,shoplifting
51.486228,-2.61049,shoplifting
51.486228,-2.61049,shoplifting
51.486228,-2.61049,shoplifting
51.485428,-2.612121,shoplifting
51.486228,-2.61049,shoplifting
51.485428,-2.612121,shoplifting
51.486228,-2.61049,shoplifting
51.486228,-2.61049,shoplifting
51.486228,-2.61049,shoplifting
51.486228,-2.61049,shoplifting
51.486228,-2.61049,shoplifting
51.486228,-2.61049,shoplifting
51.486228,-2.61049,shoplifting
51.486228,-2.61049,shoplifting
51.486228,-2.61049,shoplifting
51.486228,-2.61049,shoplifting
51.495076,-2.619093,burglary_biz
51.493328,-2.619746,shoplifting
51.494509,-2.617515,burglary_biz
51.496502,-2.612889,burglary_biz
51.498152,-2.617218,robbery_biz
51.495553,-2.620741,shoplifting
51.495553,-2.620741,shoplifting
51.495553,-2.620741,shoplifting
51.485477,-2.649826,burglary_biz
51.486571,-2.645492,burglary_biz
51.491789,-2.649843,burglary_biz
51.490812,-2.650881,burglary_biz
51.489669,-2.676191,shoplifting
51.488927,-2.674273,burglary_biz
51.489736,-2.677483,robbery_biz
51.489736,-2.677483,shoplifting
51.489736,-2.677483,shoplifting
51.48931,-2.678067,shoplifting
51.500166,-2.700385,burglary_biz
51.505705,-2.697343,shoplifting
51.505705,-2.697343,shoplifting
51.505705,-2.697343,shoplifting
51.505705,-2.697343,shoplifting
51.505705,-2.697343,shoplifting
51.505705,-2.697343,shoplifting
51.49909,-2.695326,shoplifting
51.505705,-2.697343,shoplifting
51.505705,-2.697343,shoplifting
51.505705,-2.697343,shoplifting
51.49909,-2.695326,shoplifting
51.490999,-2.6249,burglary_biz
51.487971,-2.62487,shoplifting
51.487971,-2.62487,shoplifting
51.487971,-2.62487,shoplifting
51.487971,-2.62487,shoplifting
51.487971,-2.62487,shoplifting
51.487971,-2.62487,shoplifting
51.487971,-2.62487,shoplifting
51.487374,-2.628566,burglary_biz
51.483013,-2.579615,burglary_biz
51.490245,-2.588031,burglary_biz
51.492866,-2.581785,shoplifting
51.485945,-2.577621,burglary_biz
51.485471,-2.596813,shoplifting
51.485471,-2.596813,shoplifting
51.491669,-2.599846,burglary_biz
51.488151,-2.602133,burglary_biz
51.488539,-2.596464,burglary_biz
51.487194,-2.594056,burglary_biz
51.480691,-2.606614,burglary_biz
51.481712,-2.537563,shoplifting
51.481712,-2.537563,shoplifting
51.481712,-2.537563,shoplifting
51.481712,-2.537563,shoplifting
51.481712,-2.537563,shoplifting
51.481712,-2.537563,shoplifting
51.481712,-2.537563,shoplifting
51.481712,-2.537563,shoplifting
51.481712,-2.537563,shoplifting
51.481712,-2.537563,shoplifting
51.486762,-2.547977,burglary_biz
51.486028,-2.547148,burglary_biz
51.478716,-2.53207,robbery_biz
51.480154,-2.534218,robbery_biz
51.478303,-2.533822,shoplifting
51.477634,-2.534592,shoplifting
51.478303,-2.533822,shoplifting
51.478716,-2.53207,shoplifting
51.478303,-2.533822,shoplifting
51.478303,-2.533822,shoplifting
51.477634,-2.534592,shoplifting
51.477818,-2.533672,theft_person
51.486556,-2.518177,robbery_biz
51.481934,-2.528205,burglary_biz
51.481058,-2.529016,robbery_biz
51.481058,-2.529016,robbery_biz
51.481058,-2.529016,robbery_biz
51.481058,-2.529016,shoplifting
51.479744,-2.529274,shoplifting
51.481058,-2.529016,shoplifting
51.481058,-2.529016,shoplifting
51.479744,-2.529274,shoplifting
51.481058,-2.529016,shoplifting
51.479744,-2.529274,shoplifting
51.479744,-2.529274,shoplifting
51.479981,-2.530587,shoplifting
51.489911,-2.511719,burglary_biz
51.489402,-2.513039,burglary_biz
51.483095,-2.515848,burglary_biz
51.489402,-2.513039,burglary_biz
51.483095,-2.515848,burglary_biz
51.481648,-2.519806,robbery_biz
51.482077,-2.525515,shoplifting
51.482077,-2.525515,shoplifting
51.482077,-2.525515,shoplifting
51.494516,-2.562417,burglary_biz
51.484314,-2.567304,robbery_biz
51.481836,-2.576146,shoplifting
51.481836,-2.576146,shoplifting
51.481836,-2.576146,shoplifting
51.481836,-2.576146,shoplifting
51.474612,-2.569112,burglary_biz
51.474579,-2.56115,robbery_biz
51.473961,-2.562481,robbery_biz
51.473961,-2.562481,robbery_biz
51.473961,-2.562481,robbery_biz
51.474579,-2.56115,robbery_biz
51.473961,-2.562481,shoplifting
51.473629,-2.566033,shoplifting
51.472616,-2.567403,shoplifting
51.473629,-2.566033,shoplifting
51.473961,-2.562481,shoplifting
51.472616,-2.567403,shoplifting
51.473464,-2.565702,shoplifting
51.473464,-2.565702,shoplifting
51.473961,-2.562481,shoplifting
51.473629,-2.566033,shoplifting
51.473961,-2.562481,shoplifting
51.473961,-2.562481,shoplifting
51.473961,-2.562481,shoplifting
51.473629,-2.566033,shoplifting
51.473629,-2.566033,shoplifting
51.473629,-2.566033,shoplifting
51.473629,-2.566033,shoplifting
51.472616,-2.567403,shoplifting
51.470788,-2.56597,theft_person
51.475078,-2.565706,theft_person
51.472324,-2.619735,robbery_biz
51.485704,-2.639704,burglary_biz
51.485704,-2.639704,shoplifting
51.485704,-2.639704,shoplifting
51.482786,-2.64214,burglary_biz
51.482352,-2.625962,burglary_biz
51.483561,-2.585195,burglary_biz
51.481154,-2.588116,shoplifting
51.48062,-2.590662,shoplifting
51.477867,-2.578412,burglary_biz
51.480019,-2.581377,robbery_biz
51.476111,-2.589779,burglary_biz
51.479541,-2.599529,burglary_biz
51.479541,-2.599529,burglary_biz
51.477456,-2.595714,burglary_biz
51.481924,-2.58706,shoplifting
51.479442,-2.613452,burglary_biz
51.479442,-2.613452,burglary_biz
51.478904,-2.614899,burglary_biz
51.479442,-2.613452,burglary_biz
51.478904,-2.614899,burglary_biz
51.480393,-2.612227,shoplifting
51.478829,-2.610362,burglary_biz
51.47853,-2.607378,burglary_biz
51.477793,-2.602069,burglary_biz
51.477492,-2.602756,burglary_biz
51.47511,-2.611277,theft_person
51.472529,-2.606276,burglary_biz
51.471703,-2.519967,burglary_biz
51.474921,-2.522091,theft_person
51.475182,-2.541892,robbery_biz
51.478621,-2.560134,burglary_biz
51.478621,-2.560134,burglary_biz
51.474231,-2.558611,burglary_biz
51.473052,-2.553169,robbery_biz
51.465862,-2.548735,burglary_biz
51.469403,-2.58808,burglary_biz
51.473193,-2.59072,burglary_biz
51.473193,-2.59072,robbery_biz
51.473193,-2.59072,robbery_biz
51.473193,-2.59072,shoplifting
51.473193,-2.59072,shoplifting
51.473193,-2.59072,shoplifting
51.473193,-2.59072,shoplifting
51.473193,-2.59072,theft_person
51.469672,-2.598852,burglary_biz
51.471955,-2.602482,burglary_biz
51.472097,-2.524233,shoplifting
51.472097,-2.524233,shoplifting
51.471272,-2.529853,robbery_biz
51.4703,-2.528071,theft_person
51.469901,-2.520681,burglary_biz
51.471617,-2.523004,robbery_biz
51.471617,-2.523004,shoplifting
51.471617,-2.523004,shoplifting
51.471617,-2.523004,shoplifting
51.471617,-2.523004,shoplifting
51.471617,-2.523004,shoplifting
51.471617,-2.523004,shoplifting
51.471617,-2.523004,shoplifting
51.471617,-2.523004,shoplifting
51.471617,-2.523004,shoplifting
51.471617,-2.523004,shoplifting
51.471617,-2.523004,shoplifting
51.471617,-2.523004,shoplifting
51.471617,-2.523004,shoplifting
51.471617,-2.523004,shoplifting
51.471617,-2.523004,shoplifting
51.471617,-2.523004,shoplifting
51.471617,-2.523004,shoplifting
51.471617,-2.523004,shoplifting
51.471617,-2.523004,shoplifting
51.471617,-2.523004,shoplifting
51.468419,-2.613275,shoplifting
51.468419,-2.613275,shoplifting
51.468419,-2.613275,shoplifting
51.468419,-2.613275,shoplifting
51.468419,-2.613275,shoplifting
51.468419,-2.613275,shoplifting
51.468419,-2.613275,shoplifting
51.468419,-2.613275,shoplifting
51.467765,-2.606025,burglary_biz
51.465708,-2.61072,theft_person
51.467914,-2.603191,robbery_biz
51.461658,-2.595725,burglary_biz
51.467388,-2.597109,shoplifting
51.459258,-2.592109,burglary_biz
51.457668,-2.586303,burglary_biz
51.45821,-2.587749,burglary_biz
51.45821,-2.587749,burglary_biz
51.456685,-2.586981,burglary_biz
51.459122,-2.594036,robbery_biz
51.461023,-2.591542,robbery_biz
51.456685,-2.586981,robbery_biz
51.459755,-2.593325,robbery_biz
51.457668,-2.586303,robbery_biz
51.459755,-2.593325,robbery_biz
51.456685,-2.586981,robbery_biz
51.45821,-2.587749,robbery_biz
51.460978,-2.593283,robbery_biz
51.458559,-2.58974,shoplifting
51.457668,-2.586303,shoplifting
51.459122,-2.594036,shoplifting
51.459122,-2.594036,shoplifting
51.45821,-2.587749,shoplifting
51.459258,-2.592109,shoplifting
51.45821,-2.587749,shoplifting
51.459122,-2.594036,shoplifting
51.459122,-2.594036,shoplifting
51.458559,-2.58974,shoplifting
51.457668,-2.586303,shoplifting
51.457668,-2.586303,shoplifting
51.458559,-2.58974,shoplifting
51.458559,-2.58974,shoplifting
51.45821,-2.587749,shoplifting
51.456685,-2.586981,shoplifting
51.459122,-2.594036,shoplifting
51.45821,-2.587749,shoplifting
51.45821,-2.587749,shoplifting
51.457668,-2.586303,shoplifting
51.45821,-2.587749,shoplifting
51.45821,-2.587749,shoplifting
51.457668,-2.586303,shoplifting
51.458559,-2.58974,shoplifting
51.457668,-2.586303,shoplifting
51.457668,-2.586303,shoplifting
51.458559,-2.58974,shoplifting
51.458559,-2.58974,shoplifting
51.45821,-2.587749,shoplifting
51.45821,-2.587749,shoplifting
51.458559,-2.58974,shoplifting
51.45821,-2.587749,shoplifting
51.459258,-2.592109,theft_person
51.45821,-2.587749,theft_person
51.459258,-2.592109,theft_person
51.458559,-2.58974,theft_person
51.45821,-2.587749,theft_person
51.459258,-2.592109,theft_person
51.463483,-2.590566,burglary_biz
51.464084,-2.590833,burglary_biz
51.462213,-2.59101,shoplifting
51.462846,-2.590141,theft_person
51.458734,-2.611836,burglary_biz
51.458734,-2.611836,burglary_biz
51.458734,-2.611836,burglary_biz
51.462152,-2.609838,shoplifting
51.463864,-2.610897,robbery_biz
51.463864,-2.610897,shoplifting
51.463864,-2.610897,shoplifting
51.463864,-2.610897,shoplifting
51.463864,-2.610897,theft_person
51.468708,-2.614849,shoplifting
51.468708,-2.614849,shoplifting
51.469607,-2.61476,shoplifting
51.468708,-2.614849,shoplifting
51.457119,-2.614606,burglary_biz
51.456967,-2.609164,burglary_biz
51.456967,-2.609164,burglary_biz
51.45665,-2.607936,shoplifting
51.45665,-2.607936,theft_person
51.466677,-2.617945,burglary_biz
51.465958,-2.515626,burglary_biz
51.460103,-2.516064,burglary_biz
51.466398,-2.51386,shoplifting
51.466398,-2.51386,shoplifting
51.466398,-2.51386,shoplifting
51.466398,-2.51386,shoplifting
51.466398,-2.51386,shoplifting
51.466398,-2.51386,shoplifting
51.46475,-2.51423,shoplifting
51.466398,-2.51386,shoplifting
51.461005,-2.519356,burglary_biz
51.462453,-2.521474,burglary_biz
51.462335,-2.519587,burglary_biz
51.462453,-2.521474,shoplifting
51.461513,-2.53449,shoplifting
51.461513,-2.53449,shoplifting
51.461513,-2.53449,shoplifting
51.459497,-2.540828,robbery_biz
51.460989,-2.531144,shoplifting
51.460989,-2.531144,shoplifting
51.461923,-2.526864,shoplifting
51.460989,-2.531144,shoplifting
51.460989,-2.531144,shoplifting
51.460989,-2.531144,shoplifting
51.461923,-2.526864,shoplifting
51.461923,-2.526864,shoplifting
51.461923,-2.526864,shoplifting
51.460989,-2.531144,shoplifting
51.460989,-2.531144,shoplifting
51.460989,-2.531144,shoplifting
51.460989,-2.531144,shoplifting
51.460989,-2.531144,shoplifting
51.460989,-2.531144,shoplifting
51.460989,-2.531144,shoplifting
51.460989,-2.531144,shoplifting
51.460989,-2.531144,shoplifting
51.460989,-2.531144,shoplifting
51.459618,-2.55531,burglary_biz
51.458856,-2.556581,burglary_biz
51.463518,-2.549973,burglary_biz
51.46082,-2.551956,robbery_biz
51.460097,-2.552782,robbery_biz
51.460097,-2.552782,shoplifting
51.460097,-2.552782,shoplifting
51.460097,-2.552782,shoplifting
51.460097,-2.552782,shoplifting
51.460097,-2.552782,shoplifting
51.460097,-2.552782,shoplifting
51.460097,-2.552782,shoplifting
51.45903,-2.548336,burglary_biz
51.45903,-2.548336,shoplifting
51.464585,-2.622538,burglary_biz
51.455649,-2.618804,burglary_biz
51.459832,-2.620184,burglary_biz
51.459832,-2.620184,burglary_biz
51.455649,-2.618804,theft_person
51.455066,-2.620249,burglary_biz
51.454037,-2.622639,burglary_biz
51.456033,-2.54418,burglary_biz
51.454619,-2.525947,shoplifting
51.452471,-2.609205,burglary_biz
51.449121,-2.617147,burglary_biz
51.448654,-2.618623,robbery_biz
51.44983,-2.615703,robbery_biz
51.454828,-2.545206,burglary_biz
51.454828,-2.545206,robbery_biz
51.454828,-2.545206,shoplifting
51.452526,-2.549035,shoplifting
51.451104,-2.541463,burglary_biz
51.448365,-2.544625,burglary_biz
51.443996,-2.557782,burglary_biz
51.440864,-2.556535,shoplifting
51.441773,-2.619091,burglary_biz
51.445664,-2.614424,burglary_biz
51.443467,-2.616725,robbery_biz
51.440576,-2.610773,burglary_biz
51.440729,-2.609106,robbery_biz
51.440733,-2.610027,robbery_biz
51.440729,-2.609106,robbery_biz
51.440733,-2.610027,shoplifting
51.440733,-2.610027,shoplifting
51.440733,-2.610027,shoplifting
51.440733,-2.610027,shoplifting
51.440733,-2.610027,shoplifting
51.442847,-2.604688,burglary_biz
51.441978,-2.603986,burglary_biz
51.44562,-2.609142,burglary_biz
51.444996,-2.611609,burglary_biz
51.444932,-2.613464,robbery_biz
51.442396,-2.613517,shoplifting
51.44562,-2.609142,shoplifting
51.44562,-2.609142,shoplifting
51.441431,-2.612381,burglary_biz
51.438604,-2.618113,burglary_biz
51.438012,-2.619558,shoplifting
51.438012,-2.619558,shoplifting
51.445331,-2.602505,burglary_biz
51.441734,-2.573869,burglary_biz
51.442329,-2.578984,robbery_biz
51.439659,-2.575296,burglary_biz
51.439914,-2.572753,burglary_biz
51.432617,-2.539951,burglary_biz
51.435847,-2.531385,burglary_biz
51.429122,-2.528338,robbery_biz
51.432617,-2.539951,shoplifting
51.433608,-2.612078,burglary_biz
51.435009,-2.605836,burglary_biz
51.433608,-2.612078,shoplifting
51.434185,-2.599985,burglary_biz
51.429671,-2.603579,burglary_biz
51.429671,-2.603579,shoplifting
51.443005,-2.596618,burglary_biz
51.443759,-2.595117,robbery_biz
51.444573,-2.592466,robbery_biz
51.442598,-2.595318,robbery_biz
51.442289,-2.597775,robbery_biz
51.443759,-2.595117,shoplifting
51.443759,-2.595117,shoplifting
51.443759,-2.595117,shoplifting
51.443005,-2.596618,shoplifting
51.443759,-2.595117,shoplifting
51.443005,-2.596618,shoplifting
51.443759,-2.595117,shoplifting
51.443759,-2.595117,shoplifting
51.442598,-2.595318,shoplifting
51.443759,-2.595117,shoplifting
51.443759,-2.595117,shoplifting
51.443005,-2.596618,shoplifting
51.443005,-2.596618,shoplifting
51.444573,-2.592466,shoplifting
51.444573,-2.592466,shoplifting
51.443005,-2.596618,shoplifting
51.443759,-2.595117,shoplifting
51.443759,-2.595117,shoplifting
51.443759,-2.595117,shoplifting
51.443759,-2.595117,shoplifting
51.443759,-2.595117,shoplifting
51.443759,-2.595117,shoplifting
51.443759,-2.595117,theft_person
51.441695,-2.597867,robbery_biz
51.441695,-2.597867,robbery_biz
51.441695,-2.597867,shoplifting
51.441695,-2.597867,shoplifting
51.440996,-2.600952,burglary_biz
51.439613,-2.60584,burglary_biz
51.439485,-2.604471,burglary_biz
51.429711,-2.598174,burglary_biz
51.431997,-2.593483,burglary_biz
51.439323,-2.592197,burglary_biz
51.427965,-2.632008,burglary_biz
51.433126,-2.627145,theft_person
51.433552,-2.619656,burglary_biz
51.438132,-2.622297,shoplifting
51.433552,-2.619656,shoplifting
51.433552,-2.619656,shoplifting
51.43503,-2.565657,robbery_biz
51.43883,-2.556956,shoplifting
51.43883,-2.556956,shoplifting
51.443034,-2.559813,burglary_biz
51.441165,-2.557603,burglary_biz
51.443034,-2.559813,robbery_biz
51.443034,-2.559813,shoplifting
51.443034,-2.559813,shoplifting
51.443034,-2.559813,shoplifting
51.443034,-2.559813,shoplifting
51.443034,-2.559813,shoplifting
51.428937,-2.547846,burglary_biz
51.429289,-2.543837,robbery_biz
51.429819,-2.545013,shoplifting
51.429289,-2.543837,shoplifting
51.429289,-2.543837,shoplifting
51.425011,-2.577839,robbery_biz
51.432851,-2.57908,burglary_biz
51.433431,-2.578339,shoplifting
51.425382,-2.592923,burglary_biz
51.423089,-2.591253,burglary_biz
51.424532,-2.584987,burglary_biz
51.418334,-2.589164,shoplifting
51.428081,-2.589074,robbery_biz
51.428076,-2.586398,robbery_biz
51.428076,-2.586398,robbery_biz
51.428933,-2.610546,burglary_biz
51.42362,-2.620543,burglary_biz
51.416318,-2.576786,burglary_biz
51.413835,-2.570346,robbery_biz
51.413835,-2.570346,shoplifting
51.424996,-2.571085,burglary_biz
51.417166,-2.565062,theft_person
51.414416,-2.611388,shoplifting
51.414416,-2.611388,shoplifting
51.414416,-2.611388,shoplifting
51.414416,-2.611388,shoplifting
51.41512,-2.599867,burglary_biz
51.414747,-2.60124,burglary_biz
51.415331,-2.597955,robbery_biz
51.41512,-2.599867,robbery_biz
51.41512,-2.599867,robbery_biz
51.415331,-2.597955,shoplifting
51.416344,-2.602009,shoplifting
51.415331,-2.597955,shoplifting
51.416344,-2.602009,shoplifting
51.416138,-2.600036,shoplifting
51.416138,-2.600036,shoplifting
51.416344,-2.602009,shoplifting
51.416344,-2.602009,shoplifting
51.415331,-2.597955,shoplifting
51.416344,-2.602009,shoplifting
51.415331,-2.597955,shoplifting
51.416138,-2.600036,shoplifting
51.415331,-2.597955,shoplifting
51.415331,-2.597955,shoplifting
51.415331,-2.597955,shoplifting
51.416344,-2.602009,shoplifting
51.415331,-2.597955,shoplifting
51.416138,-2.600036,shoplifting
51.412523,-2.619228,robbery_biz
51.412523,-2.619228,robbery_biz
51.412523,-2.619228,shoplifting
51.412523,-2.619228,shoplifting
51.412523,-2.619228,shoplifting
51.412523,-2.619228,shoplifting
51.414711,-2.55951,burglary_biz
51.409721,-2.552002,burglary_biz
51.412306,-2.547072,robbery_biz
51.412306,-2.547072,shoplifting
51.422079,-2.558867,burglary_biz
51.418042,-2.558818,robbery_biz
51.40865,-2.622151,burglary_biz
51.411129,-2.625938,robbery_biz
51.411581,-2.599674,burglary_biz
51.4068,-2.614923,burglary_biz
51.405219,-2.605845,shoplifting
51.405507,-2.621375,burglary_biz
51.405104,-2.609006,robbery_biz
51.405104,-2.609006,shoplifting
51.405104,-2.609006,shoplifting
51.405104,-2.609006,shoplifting
51.405104,-2.609006,shoplifting
51.407081,-2.577259,shoplifting
51.407081,-2.577259,shoplifting
51.407081,-2.577259,shoplifting
51.406587,-2.598689,shoplifting
51.406587,-2.598689,shoplifting
51.406587,-2.598689,shoplifting
51.406587,-2.598689,shoplifting
51.406587,-2.598689,shoplifting
51.403725,-2.602648,burglary_biz
51.402123,-2.597711,burglary_biz
51.402123,-2.597711,burglary_biz
51.402123,-2.597711,burglary_biz
51.402123,-2.597711,burglary_biz
51.404235,-2.598026,robbery_biz
51.404235,-2.598026,shoplifting
51.404235,-2.598026,shoplifting
51.409554,-2.600539,burglary_biz
51.404547,-2.594939,robbery_biz
51.405297,-2.592504,robbery_biz
51.411661,-2.589352,burglary_biz
51.411661,-2.589352,burglary_biz
51.453433,-2.575584,burglary_biz
51.452363,-2.579068,burglary_biz
51.452546,-2.58392,burglary_biz
51.455117,-2.582197,burglary_biz
51.453205,-2.581683,burglary_biz
51.45679,-2.580232,burglary_biz
51.453205,-2.581683,shoplifting
51.453205,-2.581683,shoplifting
51.458707,-2.578169,burglary_biz
51.456972,-2.57809,burglary_biz
51.45929,-2.576637,burglary_biz
51.458279,-2.584727,burglary_biz
51.458707,-2.578169,burglary_biz
51.458279,-2.584727,robbery_biz
51.458707,-2.578169,robbery_biz
51.458897,-2.581526,robbery_biz
51.45929,-2.576637,robbery_biz
51.458279,-2.584727,robbery_biz
51.459476,-2.584368,shoplifting
51.458279,-2.584727,shoplifting
51.459476,-2.584368,shoplifting
51.459476,-2.584368,shoplifting
51.458279,-2.584727,shoplifting
51.458279,-2.584727,shoplifting
51.458279,-2.584727,shoplifting
51.45848,-2.583938,shoplifting
51.459476,-2.584368,shoplifting
51.458279,-2.584727,shoplifting
51.458279,-2.584727,shoplifting
51.458279,-2.584727,shoplifting
51.458279,-2.584727,shoplifting
51.458279,-2.584727,shoplifting
51.459476,-2.584368,shoplifting
51.45848,-2.583938,shoplifting
51.458279,-2.584727,shoplifting
51.459476,-2.584368,shoplifting
51.458279,-2.584727,shoplifting
51.459476,-2.584368,shoplifting
51.459476,-2.584368,shoplifting
51.459476,-2.584368,shoplifting
51.458279,-2.584727,shoplifting
51.459476,-2.584368,shoplifting
51.458279,-2.584727,shoplifting
51.459476,-2.584368,shoplifting
51.458279,-2.584727,shoplifting
51.45848,-2.583938,shoplifting
51.45848,-2.583938,shoplifting
51.458279,-2.584727,shoplifting
51.458279,-2.584727,shoplifting
51.459476,-2.584368,shoplifting
51.458279,-2.584727,shoplifting
51.459476,-2.584368,shoplifting
51.458279,-2.584727,shoplifting
51.458279,-2.584727,shoplifting
51.458279,-2.584727,shoplifting
51.459476,-2.584368,shoplifting
51.458279,-2.584727,theft_person
51.446085,-2.588615,burglary_biz
51.446085,-2.588615,burglary_biz
51.44722,-2.588054,burglary_biz
51.451111,-2.590335,burglary_biz
51.451827,-2.587552,burglary_biz
51.450971,-2.587872,burglary_biz
51.453253,-2.588275,shoplifting
51.453443,-2.58622,theft_person
51.464467,-2.560392,burglary_biz
51.465065,-2.559421,burglary_biz
51.461094,-2.566181,robbery_biz
51.461077,-2.564093,robbery_biz
51.458611,-2.564639,shoplifting
51.461431,-2.565436,shoplifting
51.461431,-2.565436,shoplifting
51.461431,-2.565436,shoplifting
51.457626,-2.56382,shoplifting
51.46177,-2.573343,burglary_biz
51.460918,-2.572944,robbery_biz
51.454919,-2.563801,burglary_biz
51.452419,-2.5658,robbery_biz
51.452419,-2.5658,robbery_biz
51.447439,-2.560567,shoplifting
51.44766,-2.560705,shoplifting
51.44766,-2.560705,shoplifting
51.44766,-2.560705,shoplifting
51.44766,-2.560705,shoplifting
51.44766,-2.560705,shoplifting
51.44766,-2.560705,shoplifting
51.44766,-2.560705,shoplifting
51.44766,-2.560705,shoplifting
51.44766,-2.560705,shoplifting
51.44766,-2.560705,shoplifting
51.447439,-2.560567,shoplifting
51.44766,-2.560705,shoplifting
51.44766,-2.560705,shoplifting
51.44766,-2.560705,shoplifting
51.44766,-2.560705,shoplifting
51.447439,-2.560567,shoplifting
51.44766,-2.560705,shoplifting
51.447439,-2.560567,shoplifting
51.44766,-2.560705,shoplifting
51.447439,-2.560567,shoplifting
51.447439,-2.560567,shoplifting
51.447439,-2.560567,shoplifting
51.447439,-2.560567,shoplifting
51.447439,-2.560567,shoplifting
51.447439,-2.560567,shoplifting
51.44766,-2.560705,shoplifting
51.447439,-2.560567,shoplifting
51.44766,-2.560705,shoplifting
51.44766,-2.560705,shoplifting
51.447439,-2.560567,shoplifting
51.44766,-2.560705,shoplifting
51.455744,-2.568101,shoplifting
51.457638,-2.57427,burglary_biz
51.459514,-2.569515,burglary_biz
51.457638,-2.57427,theft_person
51.457638,-2.57427,theft_person
51.467966,-2.563775,burglary_biz
51.467436,-2.563826,robbery_biz
51.468111,-2.565404,robbery_biz
51.46883,-2.563714,burglary_biz
51.46883,-2.563714,robbery_biz
51.46883,-2.563714,robbery_biz
51.46883,-2.563714,robbery_biz
51.470657,-2.563362,theft_person
51.470394,-2.55819,burglary_biz
51.472651,-2.560018,burglary_biz
51.472651,-2.560018,robbery_biz
51.473121,-2.557705,shoplifting
51.468668,-2.57294,burglary_biz
51.467346,-2.58408,burglary_biz
51.465607,-2.579178,burglary_biz
51.466546,-2.580284,shoplifting
51.466835,-2.590897,burglary_biz
51.465556,-2.5878,burglary_biz
51.465529,-2.589542,robbery_biz
51.465529,-2.589542,shoplifting
51.464755,-2.582536,burglary_biz
51.463493,-2.588422,burglary_biz
51.461422,-2.589115,burglary_biz
51.461624,-2.58965,robbery_biz
51.462298,-2.588349,burglary_biz
51.460415,-2.590872,burglary_biz
51.459566,-2.588069,robbery_biz
51.459452,-2.587535,shoplifting
51.459741,-2.587279,shoplifting
51.459566,-2.588069,shoplifting
51.459566,-2.588069,shoplifting
51.459452,-2.587535,shoplifting
51.459452,-2.587535,shoplifting
51.459452,-2.587535,shoplifting
51.459452,-2.587535,shoplifting
51.459566,-2.588069,shoplifting
51.459452,-2.587535,shoplifting
51.459452,-2.587535,shoplifting
51.459452,-2.587535,shoplifting
51.459452,-2.587535,shoplifting
51.459452,-2.587535,shoplifting
51.459452,-2.587535,shoplifting
51.459452,-2.587535,shoplifting
51.459452,-2.587535,shoplifting
51.459566,-2.588069,shoplifting
51.460967,-2.590217,shoplifting
51.459452,-2.587535,shoplifting
51.459452,-2.587535,shoplifting
51.461709,-2.587391,shoplifting
51.459452,-2.587535,theft_person
51.462,-2.60795,burglary_biz
51.46124,-2.60188,shoplifting
51.459528,-2.60085,burglary_biz
51.459528,-2.60085,burglary_biz
51.458613,-2.595196,burglary_biz
51.456002,-2.593996,burglary_biz
51.456844,-2.594626,robbery_biz
51.456844,-2.594626,robbery_biz
51.456844,-2.594626,robbery_biz
51.456844,-2.594626,shoplifting
51.456844,-2.594626,shoplifting
51.456844,-2.594626,shoplifting
51.455696,-2.594093,theft_person
51.455456,-2.605862,burglary_biz
51.456818,-2.606787,burglary_biz
51.456782,-2.606801,robbery_biz
51.456782,-2.606801,robbery_biz
51.45728,-2.607758,robbery_biz
51.455363,-2.604753,robbery_biz
51.456546,-2.607215,shoplifting
51.45728,-2.607758,shoplifting
51.45728,-2.607758,shoplifting
51.45728,-2.607758,shoplifting
51.45728,-2.607758,shoplifting
51.45728,-2.607758,shoplifting
51.456818,-2.606787,shoplifting
51.456818,-2.606787,shoplifting
51.455363,-2.604753,shoplifting
51.456782,-2.606801,shoplifting
51.45728,-2.607758,shoplifting
51.456782,-2.606801,shoplifting
51.45728,-2.607758,shoplifting
51.456782,-2.606801,shoplifting
51.456546,-2.607215,shoplifting
51.45728,-2.607758,shoplifting
51.456818,-2.606787,shoplifting
51.45728,-2.607758,shoplifting
51.456782,-2.606801,shoplifting
51.456546,-2.607215,shoplifting
51.456782,-2.606801,shoplifting
51.456546,-2.607215,shoplifting
51.456818,-2.606787,shoplifting
51.45728,-2.607758,shoplifting
51.456782,-2.606801,shoplifting
51.456818,-2.606787,shoplifting
51.45728,-2.607758,shoplifting
51.456818,-2.606787,shoplifting
51.456782,-2.606801,shoplifting
51.454485,-2.602338,shoplifting
51.449755,-2.602477,burglary_biz
51.451595,-2.603005,burglary_biz
51.449755,-2.602477,shoplifting
51.453066,-2.60206,theft_person
51.454985,-2.588801,burglary_biz
51.453976,-2.594121,burglary_biz
51.454404,-2.593529,burglary_biz
51.454404,-2.593529,burglary_biz
51.454404,-2.593529,burglary_biz
51.456677,-2.592162,burglary_biz
51.456187,-2.591192,burglary_biz
51.454404,-2.593529,burglary_biz
51.455178,-2.584738,burglary_biz
51.456677,-2.592162,robbery_biz
51.456703,-2.585081,robbery_biz
51.457175,-2.593248,robbery_biz
51.456137,-2.590414,robbery_biz
51.454557,-2.586306,robbery_biz
51.453861,-2.59594,robbery_biz
51.456677,-2.592162,robbery_biz
51.456677,-2.592162,robbery_biz
51.456137,-2.590414,robbery_biz
51.456677,-2.592162,robbery_biz
51.456677,-2.592162,robbery_biz
51.456137,-2.590414,shoplifting
51.456137,-2.590414,shoplifting
51.456677,-2.592162,shoplifting
51.456137,-2.590414,shoplifting
51.456677,-2.592162,shoplifting
51.456137,-2.590414,shoplifting
51.456137,-2.590414,shoplifting
51.456677,-2.592162,shoplifting
51.456677,-2.592162,shoplifting
51.455583,-2.593415,shoplifting
51.456677,-2.592162,shoplifting
51.456137,-2.590414,shoplifting
51.456677,-2.592162,shoplifting
51.456187,-2.591192,shoplifting
51.454404,-2.593529,shoplifting
51.455583,-2.593415,shoplifting
51.455763,-2.591503,shoplifting
51.455763,-2.591503,shoplifting
51.453861,-2.59594,shoplifting
51.456677,-2.592162,shoplifting
51.456137,-2.590414,shoplifting
51.456677,-2.592162,shoplifting
51.456703,-2.585081,shoplifting
51.456677,-2.592162,shoplifting
51.456677,-2.592162,theft_person
51.457175,-2.593248,theft_person
51.456703,-2.585081,theft_person
51.456677,-2.592162,theft_person
51.456187,-2.591192,theft_person
51.456071,-2.589175,theft_person
51.45043,-2.593549,burglary_biz
51.451608,-2.593392,burglary_biz
51.452961,-2.596173,robbery_biz
51.45267,-2.593319,robbery_biz
51.452961,-2.596173,robbery_biz
51.451608,-2.593392,theft_person
51.454306,-2.598651,burglary_biz
51.452625,-2.598629,burglary_biz
51.448469,-2.60246,burglary_biz
51.453049,-2.598261,burglary_biz
51.453161,-2.600924,robbery_biz
51.453357,-2.597833,robbery_biz
51.454306,-2.598651,shoplifting
51.452504,-2.598969,shoplifting
51.452504,-2.598969,shoplifting
51.453357,-2.597833,theft_person
51.453049,-2.598261,theft_person
51.305253,-2.327435,burglary_biz
51.48144,-2.768746,robbery_biz
51.48242,-2.781003,shoplifting
51.491308,-2.755574,burglary_biz
51.482988,-2.768484,burglary_biz
51.484738,-2.764855,shoplifting
51.484738,-2.764855,shoplifting
51.484738,-2.764855,shoplifting
51.4839,-2.765555,shoplifting
51.483602,-2.797757,burglary_biz
51.478209,-2.76777,shoplifting
51.485174,-2.755904,burglary_biz
51.486603,-2.754531,burglary_biz
51.484077,-2.761445,shoplifting
51.484077,-2.761445,shoplifting
51.484077,-2.761445,shoplifting
51.462124,-2.669286,burglary_biz
51.483558,-2.689862,burglary_biz
51.439612,-2.840599,shoplifting
51.439418,-2.839977,shoplifting
51.439612,-2.840599,shoplifting
51.439612,-2.840599,shoplifting
51.442736,-2.85611,burglary_biz
51.441949,-2.695192,burglary_biz
51.431694,-2.666583,burglary_biz
51.428649,-2.665963,shoplifting
51.434671,-2.852434,burglary_biz
51.434199,-2.84552,burglary_biz
51.438619,-2.753088,burglary_biz
51.43388,-2.758193,shoplifting
51.43388,-2.758193,shoplifting
51.434743,-2.758179,shoplifting
51.434743,-2.758179,shoplifting
51.434743,-2.758179,shoplifting
51.421588,-2.776068,burglary_biz
51.430174,-2.752738,burglary_biz
51.424056,-2.754723,burglary_biz
51.434847,-2.753217,shoplifting
51.429047,-2.864024,shoplifting
51.428459,-2.854663,shoplifting
51.428459,-2.854663,shoplifting
51.428459,-2.854663,shoplifting
51.428459,-2.854663,shoplifting
51.410917,-2.742357,burglary_biz
51.417137,-2.671203,burglary_biz
51.386783,-2.783742,shoplifting
51.385411,-2.810965,robbery_biz
51.414563,-2.641083,burglary_biz
51.385858,-2.712842,shoplifting
51.387847,-2.704043,theft_person
51.387847,-2.704043,theft_person
51.372198,-2.805013,burglary_biz
51.372198,-2.805013,burglary_biz
51.372198,-2.805013,burglary_biz
51.365211,-2.805035,burglary_biz
51.311779,-2.836108,burglary_biz
51.318808,-2.726016,burglary_biz
51.340185,-2.782789,shoplifting
51.340185,-2.782789,shoplifting
51.320176,-2.789752,burglary_biz
51.570727,-2.445389,burglary_biz
51.592798,-2.536333,burglary_biz
51.518273,-2.62105,burglary_biz
51.525403,-2.598546,burglary_biz
51.519533,-2.650541,burglary_biz
51.530693,-2.596496,robbery_biz
51.524101,-2.596395,robbery_biz
51.527177,-2.597305,robbery_biz
51.514907,-2.624982,robbery_biz
51.525595,-2.60489,shoplifting
51.523297,-2.597264,shoplifting
51.525403,-2.598546,shoplifting
51.525403,-2.598546,shoplifting
51.525403,-2.598546,shoplifting
51.525605,-2.595396,shoplifting
51.525605,-2.595396,shoplifting
51.525605,-2.595396,shoplifting
51.525403,-2.598546,shoplifting
51.525605,-2.595396,shoplifting
51.525403,-2.598546,shoplifting
51.525403,-2.598546,shoplifting
51.525605,-2.595396,shoplifting
51.525403,-2.598546,shoplifting
51.525605,-2.595396,shoplifting
51.526833,-2.599214,shoplifting
51.525403,-2.598546,shoplifting
51.525605,-2.595396,shoplifting
51.525595,-2.60489,shoplifting
51.526833,-2.599214,shoplifting
51.525064,-2.60164,shoplifting
51.525605,-2.595396,shoplifting
51.526833,-2.599214,shoplifting
51.528918,-2.600495,shoplifting
51.525403,-2.598546,shoplifting
51.525403,-2.598546,shoplifting
51.527177,-2.597305,shoplifting
51.525064,-2.60164,shoplifting
51.525605,-2.595396,shoplifting
51.525251,-2.593109,shoplifting
51.526833,-2.599214,shoplifting
51.52368,-2.594444,shoplifting
51.530693,-2.596496,shoplifting
51.525403,-2.598546,shoplifting
51.525605,-2.595396,shoplifting
51.525605,-2.595396,shoplifting
51.528702,-2.598733,shoplifting
51.527387,-2.595717,shoplifting
51.519346,-2.620344,shoplifting
51.527177,-2.597305,shoplifting
51.52368,-2.594444,shoplifting
51.525605,-2.595396,shoplifting
51.526857,-2.596317,shoplifting
51.525605,-2.595396,shoplifting
51.519346,-2.620344,shoplifting
51.525605,-2.595396,shoplifting
51.527868,-2.599721,shoplifting
51.525403,-2.598546,shoplifting
51.525605,-2.595396,shoplifting
51.525605,-2.595396,shoplifting
51.525064,-2.60164,shoplifting
51.525064,-2.60164,shoplifting
51.525605,-2.595396,shoplifting
51.525605,-2.595396,shoplifting
51.527868,-2.599721,shoplifting
51.525605,-2.595396,shoplifting
51.525605,-2.595396,shoplifting
51.525605,-2.595396,shoplifting
51.527177,-2.597305,shoplifting
51.525403,-2.598546,shoplifting
51.525403,-2.598546,shoplifting
51.525403,-2.598546,shoplifting
51.525403,-2.598546,shoplifting
51.525605,-2.595396,shoplifting
51.525403,-2.598546,shoplifting
51.519346,-2.620344,shoplifting
51.52368,-2.594444,shoplifting
51.523297,-2.597264,shoplifting
51.527868,-2.599721,shoplifting
51.525403,-2.598546,shoplifting
51.523297,-2.597264,shoplifting
51.525064,-2.60164,shoplifting
51.525403,-2.598546,shoplifting
51.525064,-2.60164,shoplifting
51.525403,-2.598546,shoplifting
51.528702,-2.598733,shoplifting
51.526961,-2.613673,shoplifting
51.527177,-2.597305,shoplifting
51.527177,-2.597305,shoplifting
51.525403,-2.598546,shoplifting
51.525595,-2.60489,shoplifting
51.52368,-2.594444,shoplifting
51.525403,-2.598546,shoplifting
51.525403,-2.598546,shoplifting
51.523297,-2.597264,shoplifting
51.528702,-2.598733,shoplifting
51.523297,-2.597264,shoplifting
51.525605,-2.595396,shoplifting
51.52368,-2.594444,shoplifting
51.525403,-2.598546,shoplifting
51.525605,-2.595396,shoplifting
51.525403,-2.598546,shoplifting
51.526857,-2.596317,shoplifting
51.525605,-2.595396,shoplifting
51.528918,-2.600495,shoplifting
51.525605,-2.595396,shoplifting
51.527177,-2.597305,shoplifting
51.528918,-2.600495,shoplifting
51.523297,-2.597264,shoplifting
51.528702,-2.598733,shoplifting
51.528702,-2.598733,shoplifting
51.522882,-2.614857,theft_person
51.556964,-2.576876,burglary_biz
51.559052,-2.417161,shoplifting
51.559052,-2.417161,shoplifting
51.559052,-2.417161,shoplifting
51.559052,-2.417161,shoplifting
51.559052,-2.417161,shoplifting
51.559052,-2.417161,shoplifting
51.540587,-2.413661,shoplifting
51.539636,-2.413066,shoplifting
51.539636,-2.413066,shoplifting
51.542344,-2.425314,robbery_biz
51.542344,-2.425314,shoplifting
51.542344,-2.425314,shoplifting
51.542344,-2.425314,shoplifting
51.540979,-2.422316,robbery_biz
51.540979,-2.422316,shoplifting
51.546703,-2.41575,burglary_biz
51.548937,-2.417198,shoplifting
51.548937,-2.417198,shoplifting
51.548937,-2.417198,shoplifting
51.548937,-2.417198,shoplifting
51.548937,-2.417198,shoplifting
51.548937,-2.417198,shoplifting
51.548937,-2.417198,shoplifting
51.533979,-2.397873,burglary_biz
51.537488,-2.394228,shoplifting
51.540796,-2.397399,shoplifting
51.531847,-2.408652,burglary_biz
51.531567,-2.404036,shoplifting
51.526312,-2.537022,burglary_biz
51.523472,-2.528807,burglary_biz
51.523472,-2.528807,burglary_biz
51.529278,-2.535471,burglary_biz
51.540537,-2.430214,burglary_biz
51.540013,-2.558667,burglary_biz
51.535361,-2.547956,shoplifting
51.534762,-2.549087,shoplifting
51.535361,-2.547956,shoplifting
51.534762,-2.549087,shoplifting
51.534762,-2.549087,shoplifting
51.533073,-2.481294,shoplifting
51.533073,-2.481294,shoplifting
51.533073,-2.481294,shoplifting
51.526991,-2.482268,robbery_biz
51.528836,-2.423617,shoplifting
51.527183,-2.413165,burglary_biz
51.528728,-2.411146,burglary_biz
51.524451,-2.422841,burglary_biz
51.516641,-2.545987,shoplifting
51.530623,-2.564938,burglary_biz
51.527016,-2.550162,burglary_biz
51.525343,-2.502228,burglary_biz
51.522574,-2.508367,burglary_biz
51.522574,-2.508367,burglary_biz
51.519633,-2.50855,burglary_biz
51.523073,-2.507205,burglary_biz
51.507501,-2.558341,burglary_biz
51.507501,-2.558341,burglary_biz
51.506313,-2.560603,robbery_biz
51.506313,-2.560603,shoplifting
51.505116,-2.577606,burglary_biz
51.508216,-2.574641,robbery_biz
51.51012,-2.572927,robbery_biz
51.508216,-2.574641,shoplifting
51.501588,-2.568901,burglary_biz
51.501588,-2.568901,burglary_biz
51.501588,-2.568901,burglary_biz
51.503008,-2.580056,shoplifting
51.500802,-2.569741,burglary_biz
51.522878,-2.485482,burglary_biz
51.515602,-2.433005,robbery_biz
51.543256,-2.433946,robbery_biz
51.529311,-2.46668,robbery_biz
51.474282,-2.48449,burglary_biz
51.471438,-2.485266,burglary_biz
51.500617,-2.467136,burglary_biz
51.501151,-2.473063,burglary_biz
51.500617,-2.467136,burglary_biz
51.499289,-2.426411,burglary_biz
51.493989,-2.460687,burglary_biz
51.499289,-2.426411,burglary_biz
51.494505,-2.46667,robbery_biz
51.480835,-2.432272,burglary_biz
51.492665,-2.507011,burglary_biz
51.497767,-2.497603,burglary_biz
51.504401,-2.491697,burglary_biz
51.492522,-2.476718,burglary_biz
51.492522,-2.476718,burglary_biz
51.492522,-2.476718,burglary_biz
51.498625,-2.470732,shoplifting
51.498625,-2.470732,shoplifting
51.498625,-2.470732,theft_person
51.492367,-2.473631,burglary_biz
51.492367,-2.473631,robbery_biz
51.493341,-2.469813,robbery_biz
51.493677,-2.474998,shoplifting
51.492367,-2.473631,shoplifting
51.493677,-2.474998,shoplifting
51.493677,-2.474998,shoplifting
51.493677,-2.474998,shoplifting
51.492367,-2.473631,shoplifting
51.492367,-2.473631,shoplifting
51.492367,-2.473631,shoplifting
51.492367,-2.473631,shoplifting
51.494564,-2.510605,burglary_biz
51.487993,-2.501875,robbery_biz
51.487993,-2.501875,shoplifting
51.487993,-2.501875,shoplifting
51.488289,-2.504212,shoplifting
51.488289,-2.504212,shoplifting
51.488289,-2.504212,shoplifting
51.488289,-2.504212,shoplifting
51.488362,-2.493353,burglary_biz
51.482416,-2.489732,burglary_biz
51.482895,-2.484927,robbery_biz
51.482895,-2.484927,shoplifting
51.482895,-2.484927,shoplifting
51.482895,-2.484927,shoplifting
51.482895,-2.484927,shoplifting
51.482895,-2.484927,shoplifting
51.482895,-2.484927,shoplifting
51.482895,-2.484927,shoplifting
51.495926,-2.486549,burglary_biz
51.424254,-2.45964,burglary_biz
51.462195,-2.323577,burglary_biz
51.492514,-2.317267,burglary_biz
51.492514,-2.317267,burglary_biz
51.476666,-2.344573,burglary_biz
51.475733,-2.490337,burglary_biz
51.475733,-2.490337,burglary_biz
51.483807,-2.505199,burglary_biz
51.480647,-2.504056,shoplifting
51.469306,-2.51077,shoplifting
51.463553,-2.508329,shoplifting
51.469306,-2.51077,shoplifting
51.463553,-2.508329,shoplifting
51.469306,-2.51077,shoplifting
51.479392,-2.503149,burglary_biz
51.479904,-2.505243,burglary_biz
51.460602,-2.480819,shoplifting
51.466515,-2.492887,burglary_biz
51.462167,-2.498296,shoplifting
51.463728,-2.488438,burglary_biz
51.4636,-2.491085,burglary_biz
51.452909,-2.514155,burglary_biz
51.45767,-2.51097,burglary_biz
51.462199,-2.506707,burglary_biz
51.462599,-2.50852,burglary_biz
51.462599,-2.50852,shoplifting
51.462599,-2.50852,shoplifting
51.462599,-2.50852,shoplifting
51.462599,-2.50852,shoplifting
51.462599,-2.50852,shoplifting
51.462599,-2.50852,shoplifting
51.462599,-2.50852,shoplifting
51.462599,-2.50852,shoplifting
51.45498,-2.494605,shoplifting
51.453127,-2.501234,burglary_biz
51.445808,-2.484088,shoplifting
51.451358,-2.506812,shoplifting
51.451358,-2.506812,shoplifting
51.451358,-2.506812,shoplifting
51.440106,-2.519477,shoplifting
51.447177,-2.500535,robbery_biz
51.447441,-2.502006,robbery_biz
51.447177,-2.500535,shoplifting
51.447177,-2.500535,shoplifting
51.440249,-2.497395,burglary_biz
51.437838,-2.493542,burglary_biz
51.438002,-2.49517,shoplifting
51.448096,-2.497083,burglary_biz
51.445754,-2.497009,burglary_biz
51.445754,-2.497009,robbery_biz
51.444491,-2.501182,shoplifting
51.444491,-2.501182,shoplifting
51.444491,-2.501182,shoplifting
51.444491,-2.501182,shoplifting
51.44015,-2.47364,burglary_biz
51.53844,-2.584356,burglary_biz
51.540698,-2.562198,shoplifting
51.526008,-2.585494,shoplifting
51.509231,-2.552066,shoplifting
51.509231,-2.552066,shoplifting
51.509231,-2.552066,shoplifting
51.509231,-2.552066,shoplifting
51.509231,-2.552066,shoplifting
51.509231,-2.552066,shoplifting
51.50113,-2.544274,burglary_biz
51.50113,-2.544274,shoplifting
51.498059,-2.551037,burglary_biz
51.497251,-2.559551,shoplifting
51.496775,-2.563943,burglary_biz
51.497894,-2.564807,burglary_biz
51.499527,-2.561802,burglary_biz
51.499527,-2.561802,burglary_biz
51.497894,-2.564807,burglary_biz
51.50655,-2.556082,burglary_biz
51.498042,-2.563959,burglary_biz
51.499527,-2.561802,robbery_biz
51.519147,-2.530855,burglary_biz
51.509332,-2.541793,burglary_biz
51.502531,-2.52487,burglary_biz
51.414948,-2.499162,shoplifting
51.415165,-2.498935,shoplifting
51.415165,-2.498935,shoplifting
51.416766,-2.503022,burglary_biz
51.409538,-2.50681,theft_person
51.409594,-2.500802,burglary_biz
51.413799,-2.496691,robbery_biz
51.413799,-2.496691,shoplifting
51.413799,-2.496691,shoplifting
51.412753,-2.497298,shoplifting
51.413799,-2.496691,shoplifting
51.401111,-2.5155,burglary_biz
51.398154,-2.49011,robbery_biz
51.415546,-2.491792,burglary_biz
51.398435,-2.351833,burglary_biz
51.395979,-2.346352,burglary_biz
51.400516,-2.341398,burglary_biz
51.402848,-2.397452,burglary_biz
51.398486,-2.389652,burglary_biz
51.398865,-2.392127,burglary_biz
51.3972,-2.392587,burglary_biz
51.392337,-2.349472,burglary_biz
51.388495,-2.350391,burglary_biz
51.391507,-2.350342,shoplifting
51.382714,-2.359026,burglary_biz
51.384613,-2.361167,burglary_biz
51.381429,-2.361617,burglary_biz
51.384613,-2.361167,robbery_biz
51.381429,-2.361617,robbery_biz
51.381429,-2.361617,shoplifting
51.379049,-2.360592,shoplifting
51.380857,-2.360606,shoplifting
51.380391,-2.359956,shoplifting
51.38306,-2.360609,shoplifting
51.382174,-2.359108,shoplifting
51.379472,-2.360595,shoplifting
51.383489,-2.361317,shoplifting
51.383494,-2.359535,shoplifting
51.381578,-2.360052,shoplifting
51.382714,-2.359026,shoplifting
51.381578,-2.360052,shoplifting
51.381578,-2.360052,shoplifting
51.382078,-2.361061,shoplifting
51.380857,-2.360606,shoplifting
51.380857,-2.360606,shoplifting
51.380842,-2.362374,shoplifting
51.384613,-2.361167,shoplifting
51.379472,-2.360595,shoplifting
51.380033,-2.359264,shoplifting
51.380391,-2.359956,shoplifting
51.382714,-2.359026,shoplifting
51.382714,-2.359026,shoplifting
51.384613,-2.361167,shoplifting
51.383741,-2.361276,shoplifting
51.379472,-2.360595,shoplifting
51.380033,-2.359264,shoplifting
51.383489,-2.361317,theft_person
51.378637,-2.357112,burglary_biz
51.377529,-2.358051,burglary_biz
51.377679,-2.355869,robbery_biz
51.377739,-2.359218,robbery_biz
51.378898,-2.357229,robbery_biz
51.378904,-2.358249,shoplifting
51.378327,-2.359595,shoplifting
51.378327,-2.359595,shoplifting
51.378327,-2.359595,shoplifting
51.378904,-2.358249,shoplifting
51.378904,-2.358249,shoplifting
51.378235,-2.359264,shoplifting
51.377529,-2.358051,theft_person
51.378327,-2.359595,theft_person
51.385593,-2.361448,burglary_biz
51.387964,-2.365017,shoplifting
51.387964,-2.365017,shoplifting
51.387964,-2.365017,shoplifting
51.387964,-2.365017,shoplifting
51.387964,-2.365017,shoplifting
51.387964,-2.365017,shoplifting
51.387964,-2.365017,shoplifting
51.387964,-2.365017,shoplifting
51.38489,-2.36196,shoplifting
51.387964,-2.365017,shoplifting
51.388561,-2.364001,robbery_biz
51.391665,-2.391218,burglary_biz
51.385311,-2.382197,robbery_biz
51.385311,-2.382197,shoplifting
51.385824,-2.379241,shoplifting
51.379955,-2.364163,burglary_biz
51.381466,-2.364045,robbery_biz
51.381192,-2.368555,shoplifting
51.381292,-2.365107,shoplifting
51.381292,-2.365107,shoplifting
51.381292,-2.365107,shoplifting
51.388262,-2.367706,burglary_biz
51.383464,-2.369478,burglary_biz
51.388262,-2.367706,robbery_biz
51.40619,-2.312471,burglary_biz
51.424557,-2.295913,burglary_biz
51.422045,-2.392254,burglary_biz
51.335607,-2.308301,burglary_biz
51.381873,-2.407041,burglary_biz
51.381873,-2.407041,burglary_biz
51.386917,-2.407344,shoplifting
51.379594,-2.392595,burglary_biz
51.379161,-2.393051,burglary_biz
51.379443,-2.394605,shoplifting
51.379443,-2.394605,shoplifting
51.379443,-2.394605,shoplifting
51.384029,-2.349337,shoplifting
51.384029,-2.349337,shoplifting
51.376468,-2.357885,burglary_biz
51.379659,-2.369706,shoplifting
51.378826,-2.38812,robbery_biz
51.379252,-2.39002,robbery_biz
51.380931,-2.387979,shoplifting
51.377044,-2.377659,burglary_biz
51.377044,-2.377659,shoplifting
51.377044,-2.377659,shoplifting
51.371143,-2.38126,burglary_biz
51.36695,-2.384859,burglary_biz
51.370257,-2.396164,burglary_biz
51.37205,-2.396321,shoplifting
51.37205,-2.396321,shoplifting
51.37205,-2.396321,shoplifting
51.366688,-2.390818,shoplifting
51.375676,-2.389084,shoplifting
51.371214,-2.400281,burglary_biz
51.34231,-2.482695,burglary_biz
51.404771,-2.465986,burglary_biz
51.325767,-2.475647,burglary_biz
51.374093,-2.366264,shoplifting
51.374093,-2.366264,shoplifting
51.374093,-2.366264,shoplifting
51.374093,-2.366264,shoplifting
51.374093,-2.366264,shoplifting
51.374093,-2.366264,shoplifting
51.374093,-2.366264,shoplifting
51.374093,-2.366264,shoplifting
51.374093,-2.366264,shoplifting
51.356582,-2.368257,burglary_biz
51.358518,-2.373141,burglary_biz
51.356582,-2.368257,shoplifting
51.358199,-2.371602,shoplifting
51.357331,-2.370187,shoplifting
51.357331,-2.370187,shoplifting
51.356582,-2.368257,shoplifting
51.356582,-2.368257,shoplifting
51.356582,-2.368257,shoplifting
51.356582,-2.368257,shoplifting
51.356582,-2.368257,shoplifting
51.357331,-2.370187,shoplifting
51.357331,-2.370187,shoplifting
51.357331,-2.370187,shoplifting
51.357331,-2.370187,shoplifting
51.369368,-2.365529,shoplifting
51.359639,-2.359592,robbery_biz
51.359639,-2.359592,shoplifting
51.359639,-2.359592,shoplifting
51.359639,-2.359592,shoplifting
51.359639,-2.359592,shoplifting
51.359639,-2.359592,shoplifting
51.361657,-2.361274,burglary_biz
51.357638,-2.381162,robbery_biz
51.36584,-2.611165,shoplifting
51.36584,-2.611165,shoplifting
51.36584,-2.611165,shoplifting
51.36584,-2.611165,shoplifting
51.36584,-2.611165,shoplifting
51.36584,-2.611165,shoplifting
51.30913,-2.631923,burglary_biz
51.318467,-2.433685,burglary_biz
51.31863,-2.420973,burglary_biz
51.316277,-2.42517,shoplifting
51.316277,-2.42517,shoplifting
51.311708,-2.423019,burglary_biz
51.322387,-2.507542,burglary_biz
51.301797,-2.4968,burglary_biz
51.301797,-2.4968,burglary_biz
51.307806,-2.506577,burglary_biz
51.309523,-2.498304,burglary_biz
51.301627,-2.454526,burglary_biz
51.512113,-2.617695,burglary_biz
51.51307,-2.616959,burglary_biz
51.512506,-2.623306,burglary_biz
51.510632,-2.630745,burglary_biz
51.511061,-2.629512,robbery_biz
51.511061,-2.629512,robbery_biz
51.511061,-2.629512,robbery_biz
51.511061,-2.629512,shoplifting
51.511061,-2.629512,shoplifting
51.511061,-2.629512,shoplifting
51.511061,-2.629512,shoplifting
51.507696,-2.607866,burglary_biz
51.509492,-2.621968,robbery_biz
51.509605,-2.62099,robbery_biz
51.509605,-2.62099,robbery_biz
51.506778,-2.631801,robbery_biz
51.507985,-2.623057,shoplifting
51.507985,-2.623057,shoplifting
51.507985,-2.623057,shoplifting
51.507985,-2.623057,shoplifting
51.507985,-2.623057,shoplifting
51.507985,-2.623057,shoplifting
51.497922,-2.597364,burglary_biz
51.498719,-2.596136,robbery_biz
51.502582,-2.602223,burglary_biz
51.503265,-2.603361,robbery_biz
51.502582,-2.602223,robbery_biz
51.502582,-2.602223,robbery_biz
51.503883,-2.602715,robbery_biz
51.502582,-2.602223,robbery_biz
51.503883,-2.602715,robbery_biz
51.503883,-2.602715,robbery_biz
51.503265,-2.603361,shoplifting
51.503265,-2.603361,shoplifting
51.503265,-2.603361,shoplifting
51.503265,-2.603361,shoplifting
51.503265,-2.603361,shoplifting
51.503265,-2.603361,shoplifting
51.503265,-2.603361,shoplifting
51.504158,-2.594723,shoplifting
51.4969,-2.614176,burglary_biz
51.501252,-2.609063,robbery_biz
51.502191,-2.590692,burglary_biz
51.506839,-2.603216,burglary_biz
51.494498,-2.671691,burglary_biz
51.521878,-2.679516,burglary_biz
51.500615,-2.664995,burglary_biz
51.501129,-2.658332,robbery_biz
51.502675,-2.656914,robbery_biz
51.502675,-2.656914,robbery_biz
51.502675,-2.656914,shoplifting
51.501572,-2.657878,shoplifting
51.502675,-2.656914,shoplifting
51.502675,-2.656914,shoplifting
51.502675,-2.656914,shoplifting
51.502675,-2.656914,shoplifting
51.502675,-2.656914,shoplifting
51.502675,-2.656914,shoplifting
51.503178,-2.657055,shoplifting
51.502675,-2.656914,shoplifting
51.502675,-2.656914,shoplifting
51.502675,-2.656914,shoplifting
51.502675,-2.656914,shoplifting
51.502675,-2.656914,shoplifting
51.502675,-2.656914,shoplifting
51.502675,-2.656914,shoplifting
51.502675,-2.656914,shoplifting
51.502675,-2.656914,shoplifting
51.502675,-2.656914,shoplifting
51.502675,-2.656914,shoplifting
51.503178,-2.657055,shoplifting
51.502675,-2.656914,shoplifting
51.502675,-2.656914,shoplifting
51.502675,-2.656914,shoplifting
51.502675,-2.656914,shoplifting
51.502675,-2.656914,shoplifting
51.502675,-2.656914,shoplifting
51.504116,-2.65156,shoplifting
51.498892,-2.588676,burglary_biz
51.500977,-2.592434,robbery_biz
51.500601,-2.592098,shoplifting
51.500601,-2.592098,shoplifting
51.494809,-2.59102,burglary_biz
51.496736,-2.580999,shoplifting
51.496736,-2.580999,shoplifting
51.494809,-2.59102,theft_person
51.496179,-2.595253,burglary_biz
51.491881,-2.595398,burglary_biz
51.492921,-2.590558,burglary_biz
51.493021,-2.602759,shoplifting
51.490897,-2.592591,burglary_biz
51.490897,-2.592591,robbery_biz
51.494231,-2.571258,burglary_biz
51.494398,-2.570151,burglary_biz
51.486228,-2.61049,burglary_biz
51.486228,-2.61049,burglary_biz
51.486228,-2.61049,burglary_biz
51.486228,-2.61049,burglary_biz
51.486228,-2.61049,burglary_biz
51.486228,-2.61049,robbery_biz
51.486228,-2.61049,shoplifting
51.486228,-2.61049,shoplifting
51.486228,-2.61049,shoplifting
51.486228,-2.61049,shoplifting
51.486228,-2.61049,shoplifting
51.486228,-2.61049,shoplifting
51.486228,-2.61049,shoplifting
51.486228,-2.61049,shoplifting
51.486228,-2.61049,shoplifting
51.486228,-2.61049,shoplifting
51.486228,-2.61049,shoplifting
51.485428,-2.612121,shoplifting
51.486228,-2.61049,shoplifting
51.486228,-2.61049,shoplifting
51.486228,-2.61049,shoplifting
51.486228,-2.61049,shoplifting
51.486228,-2.61049,shoplifting
51.486228,-2.61049,shoplifting
51.486228,-2.61049,shoplifting
51.486228,-2.61049,shoplifting
51.486228,-2.61049,shoplifting
51.486228,-2.61049,shoplifting
51.486228,-2.61049,shoplifting
51.486228,-2.61049,shoplifting
51.486228,-2.61049,shoplifting
51.486228,-2.61049,shoplifting
51.485428,-2.612121,shoplifting
51.494253,-2.620018,burglary_biz
51.493328,-2.619746,burglary_biz
51.492827,-2.617507,burglary_biz
51.493328,-2.619746,robbery_biz
51.492827,-2.617507,robbery_biz
51.492827,-2.617507,shoplifting
51.493328,-2.619746,shoplifting
51.49394,-2.617867,shoplifting
51.492827,-2.617507,shoplifting
51.492827,-2.617507,shoplifting
51.494993,-2.622837,burglary_biz
51.495553,-2.620741,shoplifting
51.495553,-2.620741,shoplifting
51.495553,-2.620741,shoplifting
51.495553,-2.620741,shoplifting
51.495553,-2.620741,shoplifting
51.489437,-2.647606,shoplifting
51.494911,-2.647871,burglary_biz
51.486701,-2.651312,burglary_biz
51.482899,-2.649429,burglary_biz
51.486836,-2.646432,robbery_biz
51.492041,-2.678367,burglary_biz
51.491455,-2.684926,burglary_biz
51.486726,-2.673981,burglary_biz
51.500223,-2.701366,burglary_biz
51.500223,-2.701366,burglary_biz
51.498081,-2.694115,robbery_biz
51.49909,-2.695326,robbery_biz
51.49909,-2.695326,shoplifting
51.49909,-2.695326,shoplifting
51.49909,-2.695326,shoplifting
51.49909,-2.695326,shoplifting
51.49909,-2.695326,shoplifting
51.505705,-2.697343,shoplifting
51.505705,-2.697343,shoplifting
51.505705,-2.697343,shoplifting
51.49909,-2.695326,shoplifting
51.505705,-2.697343,shoplifting
51.505705,-2.697343,shoplifting
51.49909,-2.695326,shoplifting
51.505705,-2.697343,shoplifting
51.505705,-2.697343,shoplifting
51.489645,-2.625846,burglary_biz
51.487971,-2.62487,burglary_biz
51.489652,-2.624564,burglary_biz
51.487971,-2.62487,shoplifting
51.494765,-2.628408,burglary_biz
51.482991,-2.624229,burglary_biz
51.492866,-2.581785,shoplifting
51.484978,-2.586581,burglary_biz
51.485451,-2.58653,robbery_biz
51.488292,-2.573935,burglary_biz
51.484928,-2.602926,burglary_biz
51.485471,-2.596813,shoplifting
51.485471,-2.596813,shoplifting
51.485471,-2.596813,shoplifting
51.485471,-2.596813,shoplifting
51.487194,-2.594056,burglary_biz
51.486678,-2.608653,burglary_biz
51.491568,-2.607205,burglary_biz
51.481712,-2.537563,shoplifting
51.481712,-2.537563,shoplifting
51.481712,-2.537563,shoplifting
51.481712,-2.537563,shoplifting
51.479524,-2.535282,shoplifting
51.481712,-2.537563,shoplifting
51.481712,-2.537563,shoplifting
51.481712,-2.537563,shoplifting
51.479524,-2.535282,shoplifting
51.481712,-2.537563,shoplifting
51.477881,-2.54165,theft_person
51.495316,-2.531754,burglary_biz
51.495316,-2.531754,burglary_biz
51.495316,-2.531754,shoplifting
51.488787,-2.541823,burglary_biz
51.489488,-2.537971,burglary_biz
51.477634,-2.534592,burglary_biz
51.479472,-2.531892,burglary_biz
51.477634,-2.534592,burglary_biz
51.483895,-2.53406,burglary_biz
51.478716,-2.53207,robbery_biz
51.478303,-2.533822,shoplifting
51.477634,-2.534592,shoplifting
51.478303,-2.533822,shoplifting
51.478303,-2.533822,shoplifting
51.478303,-2.533822,shoplifting
51.477634,-2.534592,shoplifting
51.478303,-2.533822,shoplifting
51.477634,-2.534592,shoplifting
51.485385,-2.520526,burglary_biz
51.484712,-2.532212,burglary_biz
51.481058,-2.529016,robbery_biz
51.481058,-2.529016,robbery_biz
51.481058,-2.529016,shoplifting
51.481058,-2.529016,shoplifting
51.479744,-2.529274,shoplifting
51.479744,-2.529274,shoplifting
51.481058,-2.529016,shoplifting
51.479744,-2.529274,shoplifting
51.494551,-2.564434,burglary_biz
51.491805,-2.563349,shoplifting
51.481836,-2.576146,burglary_biz
51.482557,-2.571847,burglary_biz
51.481836,-2.576146,shoplifting
51.481836,-2.576146,shoplifting
51.481836,-2.576146,shoplifting
51.481836,-2.576146,shoplifting
51.481836,-2.576146,shoplifting
51.476652,-2.567626,burglary_biz
51.473961,-2.562481,robbery_biz
51.473629,-2.566033,shoplifting
51.473961,-2.562481,shoplifting
51.473961,-2.562481,shoplifting
51.473961,-2.562481,shoplifting
51.473961,-2.562481,shoplifting
51.473629,-2.566033,shoplifting
51.485704,-2.639704,burglary_biz
51.485704,-2.639704,burglary_biz
51.487577,-2.634272,burglary_biz
51.485704,-2.639704,robbery_biz
51.485704,-2.639704,shoplifting
51.485704,-2.639704,shoplifting
51.481789,-2.635373,burglary_biz
51.480236,-2.644754,burglary_biz
51.477862,-2.621567,burglary_biz
51.478608,-2.588544,burglary_biz
51.481154,-2.588116,shoplifting
51.481154,-2.588116,shoplifting
51.47881,-2.578582,burglary_biz
51.477481,-2.580092,burglary_biz
51.476408,-2.582344,burglary_biz
51.481756,-2.581082,burglary_biz
51.478955,-2.580226,robbery_biz
51.477894,-2.592711,theft_person
51.475816,-2.591258,burglary_biz
51.481924,-2.58706,burglary_biz
51.481924,-2.58706,shoplifting
51.47853,-2.607378,burglary_biz
51.477174,-2.605142,robbery_biz
51.480014,-2.521213,burglary_biz
51.477545,-2.538407,shoplifting
51.47722,-2.538561,shoplifting
51.478002,-2.536713,shoplifting
51.475847,-2.547703,burglary_biz
51.474103,-2.549539,shoplifting
51.474003,-2.557471,shoplifting
51.468716,-2.545933,burglary_biz
51.466056,-2.545685,burglary_biz
51.471641,-2.545449,burglary_biz
51.473193,-2.59072,burglary_biz
51.472992,-2.593036,burglary_biz
51.473193,-2.59072,robbery_biz
51.473193,-2.59072,robbery_biz
51.473193,-2.59072,shoplifting
51.473193,-2.59072,shoplifting
51.473193,-2.59072,shoplifting
51.473193,-2.59072,shoplifting
51.473193,-2.59072,shoplifting
51.471506,-2.593521,shoplifting
51.471849,-2.525411,burglary_biz
51.470808,-2.522994,burglary_biz
51.4703,-2.528071,burglary_biz
51.473741,-2.538434,burglary_biz
51.473741,-2.538434,burglary_biz
51.467161,-2.52229,burglary_biz
51.467884,-2.525408,burglary_biz
51.471617,-2.523004,robbery_biz
51.471617,-2.523004,shoplifting
51.471617,-2.523004,shoplifting
51.471617,-2.523004,shoplifting
51.462564,-2.604949,burglary_biz
51.470798,-2.608844,burglary_biz
51.468419,-2.613275,shoplifting
51.468419,-2.613275,shoplifting
51.468419,-2.613275,shoplifting
51.468419,-2.613275,shoplifting
51.468419,-2.613275,shoplifting
51.468419,-2.613275,shoplifting
51.468419,-2.613275,shoplifting
51.468419,-2.613275,shoplifting
51.464997,-2.596948,burglary_biz
51.469201,-2.594138,shoplifting
51.460809,-2.592979,burglary_biz
51.461023,-2.591542,burglary_biz
51.460809,-2.592979,burglary_biz
51.459122,-2.594036,burglary_biz
51.460978,-2.593283,burglary_biz
51.459258,-2.592109,burglary_biz
51.45821,-2.587749,burglary_biz
51.461023,-2.591542,burglary_biz
51.461023,-2.591542,burglary_biz
51.459258,-2.592109,burglary_biz
51.459258,-2.592109,robbery_biz
51.461372,-2.591741,robbery_biz
51.456685,-2.586981,robbery_biz
51.459755,-2.593325,robbery_biz
51.459122,-2.594036,robbery_biz
51.45821,-2.587749,robbery_biz
51.459122,-2.594036,robbery_biz
51.45821,-2.587749,robbery_biz
51.459667,-2.59115,robbery_biz
51.45821,-2.587749,robbery_biz
51.459667,-2.59115,shoplifting
51.458559,-2.58974,shoplifting
51.459122,-2.594036,shoplifting
51.457668,-2.586303,shoplifting
51.459258,-2.592109,shoplifting
51.45821,-2.587749,shoplifting
51.459755,-2.593325,shoplifting
51.459122,-2.594036,shoplifting
51.459122,-2.594036,shoplifting
51.459122,-2.594036,shoplifting
51.457668,-2.586303,shoplifting
51.457668,-2.586303,shoplifting
51.45821,-2.587749,shoplifting
51.458559,-2.58974,shoplifting
51.459755,-2.593325,shoplifting
51.459122,-2.594036,shoplifting
51.459122,-2.594036,shoplifting
51.45821,-2.587749,shoplifting
51.458559,-2.58974,shoplifting
51.458559,-2.58974,shoplifting
51.457668,-2.586303,shoplifting
51.459122,-2.594036,shoplifting
51.459122,-2.594036,shoplifting
51.458559,-2.58974,shoplifting
51.45821,-2.587749,shoplifting
51.45821,-2.587749,shoplifting
51.458559,-2.58974,shoplifting
51.458559,-2.58974,shoplifting
51.457668,-2.586303,shoplifting
51.459122,-2.594036,shoplifting
51.458559,-2.58974,shoplifting
51.458559,-2.58974,shoplifting
51.459122,-2.594036,shoplifting
51.458559,-2.58974,shoplifting
51.459258,-2.592109,shoplifting
51.456685,-2.586981,shoplifting
51.459122,-2.594036,shoplifting
51.458559,-2.58974,shoplifting
51.457668,-2.586303,shoplifting
51.459258,-2.592109,theft_person
51.45821,-2.587749,theft_person
51.459258,-2.592109,theft_person
51.464084,-2.590833,burglary_biz
51.462213,-2.59101,shoplifting
51.462736,-2.609845,burglary_biz
51.458734,-2.611836,burglary_biz
51.46157,-2.612809,burglary_biz
51.463864,-2.610897,robbery_biz
51.463864,-2.610897,shoplifting
51.463864,-2.610897,shoplifting
51.463864,-2.610897,shoplifting
51.463864,-2.610897,shoplifting
51.463864,-2.610897,shoplifting
51.463864,-2.610897,shoplifting
51.463864,-2.610897,shoplifting
51.463864,-2.610897,theft_person
51.468708,-2.614849,shoplifting
51.469607,-2.61476,shoplifting
51.466608,-2.612229,shoplifting
51.468708,-2.614849,shoplifting
51.45852,-2.609717,burglary_biz
51.45665,-2.607936,burglary_biz
51.45665,-2.607936,burglary_biz
51.45665,-2.607936,theft_person
51.45665,-2.607936,theft_person
51.466677,-2.617945,robbery_biz
51.466398,-2.51386,burglary_biz
51.462325,-2.515758,burglary_biz
51.466398,-2.51386,burglary_biz
51.466398,-2.51386,burglary_biz
51.463643,-2.514506,robbery_biz
51.466398,-2.51386,shoplifting
51.466398,-2.51386,shoplifting
51.466398,-2.51386,shoplifting
51.466398,-2.51386,shoplifting
51.466398,-2.51386,shoplifting
51.466398,-2.51386,shoplifting
51.466398,-2.51386,shoplifting
51.466398,-2.51386,shoplifting
51.466398,-2.51386,shoplifting
51.466398,-2.51386,shoplifting
51.466398,-2.51386,shoplifting
51.466398,-2.51386,shoplifting
51.466398,-2.51386,shoplifting
51.462453,-2.521474,burglary_biz
51.462755,-2.518109,burglary_biz
51.461553,-2.535613,robbery_biz
51.461121,-2.539466,burglary_biz
51.460709,-2.54303,robbery_biz
51.463543,-2.527057,burglary_biz
51.460989,-2.531144,shoplifting
51.460989,-2.531144,shoplifting
51.461923,-2.526864,shoplifting
51.461923,-2.526864,shoplifting
51.460989,-2.531144,shoplifting
51.461923,-2.526864,shoplifting
51.461923,-2.526864,shoplifting
51.461923,-2.526864,shoplifting
51.460989,-2.531144,shoplifting
51.460989,-2.531144,shoplifting
51.460989,-2.531144,shoplifting
51.460989,-2.531144,shoplifting
51.462421,-2.55946,burglary_biz
51.456689,-2.554727,burglary_biz
51.458608,-2.557816,burglary_biz
51.455331,-2.554725,burglary_biz
51.457265,-2.558419,burglary_biz
51.458348,-2.563153,robbery_biz
51.460097,-2.552782,burglary_biz
51.463689,-2.548075,burglary_biz
51.461608,-2.550857,burglary_biz
51.4604,-2.553376,burglary_biz
51.459436,-2.55381,robbery_biz
51.460097,-2.552782,shoplifting
51.460097,-2.552782,shoplifting
51.460097,-2.552782,shoplifting
51.460097,-2.552782,shoplifting
51.460097,-2.552782,shoplifting
51.460097,-2.552782,shoplifting
51.460097,-2.552782,shoplifting
51.460097,-2.552782,shoplifting
51.460097,-2.552782,shoplifting
51.460097,-2.552782,shoplifting
51.460097,-2.552782,shoplifting
51.460097,-2.552782,shoplifting
51.457879,-2.546422,burglary_biz
51.455201,-2.618553,shoplifting
51.453555,-2.618675,burglary_biz
51.454444,-2.620232,robbery_biz
51.454444,-2.620232,shoplifting
51.455993,-2.530309,theft_person
51.455632,-2.520547,burglary_biz
51.454892,-2.613943,burglary_biz
51.45123,-2.547393,burglary_biz
51.450193,-2.549957,burglary_biz
51.452629,-2.544345,burglary_biz
51.454828,-2.545206,robbery_biz
51.454828,-2.545206,shoplifting
51.453064,-2.541587,burglary_biz
51.442706,-2.562529,burglary_biz
51.443407,-2.56635,burglary_biz
51.440864,-2.556535,shoplifting
51.440864,-2.556535,shoplifting
51.447428,-2.552874,burglary_biz
51.442692,-2.615346,burglary_biz
51.440733,-2.610027,burglary_biz
51.440733,-2.610027,robbery_biz
51.440733,-2.610027,shoplifting
51.440733,-2.610027,shoplifting
51.440729,-2.609106,shoplifting
51.441811,-2.603279,burglary_biz
51.442396,-2.613517,burglary_biz
51.444144,-2.612907,burglary_biz
51.442396,-2.613517,burglary_biz
51.442396,-2.613517,burglary_biz
51.444996,-2.611609,burglary_biz
51.442396,-2.613517,robbery_biz
51.442396,-2.613517,shoplifting
51.442396,-2.613517,theft_person
51.441431,-2.612381,burglary_biz
51.440866,-2.61728,burglary_biz
51.438604,-2.618113,burglary_biz
51.438012,-2.619558,robbery_biz
51.438012,-2.619558,robbery_biz
51.445446,-2.601068,burglary_biz
51.440542,-2.578616,burglary_biz
51.442329,-2.578984,robbery_biz
51.439659,-2.575296,burglary_biz
51.438818,-2.579817,burglary_biz
51.439718,-2.54012,burglary_biz
51.440012,-2.548525,burglary_biz
51.44053,-2.535568,burglary_biz
51.440433,-2.539092,burglary_biz
51.439197,-2.551623,burglary_biz
51.43758,-2.531966,burglary_biz
51.432617,-2.539951,burglary_biz
51.432617,-2.539951,shoplifting
51.432617,-2.539951,shoplifting
51.434267,-2.548261,burglary_biz
51.43597,-2.607877,burglary_biz
51.43597,-2.607877,burglary_biz
51.442598,-2.595318,burglary_biz
51.442764,-2.594529,burglary_biz
51.442764,-2.594529,burglary_biz
51.442289,-2.597775,burglary_biz
51.446148,-2.583162,robbery_biz
51.442598,-2.595318,robbery_biz
51.443005,-2.596618,shoplifting
51.443759,-2.595117,shoplifting
51.443759,-2.595117,shoplifting
51.443759,-2.595117,shoplifting
51.446148,-2.583162,shoplifting
51.443005,-2.596618,shoplifting
51.442598,-2.595318,shoplifting
51.443759,-2.595117,shoplifting
51.443759,-2.595117,shoplifting
51.441695,-2.597867,shoplifting
51.441695,-2.597867,shoplifting
51.440996,-2.600952,robbery_biz
51.439345,-2.602009,robbery_biz
51.438514,-2.602602,robbery_biz
51.438131,-2.600782,robbery_biz
51.432492,-2.596942,burglary_biz
51.433369,-2.590624,burglary_biz
51.438648,-2.595828,robbery_biz
51.437263,-2.585207,robbery_biz
51.435979,-2.624824,burglary_biz
51.435707,-2.609946,burglary_biz
51.43543,-2.616545,burglary_biz
51.438132,-2.622297,shoplifting
51.433552,-2.619656,shoplifting
51.438132,-2.622297,shoplifting
51.436622,-2.567432,burglary_biz
51.434927,-2.568446,shoplifting
51.43883,-2.556956,shoplifting
51.43883,-2.556956,shoplifting
51.434469,-2.558903,burglary_biz
51.443034,-2.559813,robbery_biz
51.443034,-2.559813,shoplifting
51.433161,-2.554097,robbery_biz
51.428375,-2.545049,burglary_biz
51.429289,-2.543837,shoplifting
51.429819,-2.545013,shoplifting
51.429289,-2.543837,shoplifting
51.429819,-2.545013,shoplifting
51.429289,-2.543837,shoplifting
51.429819,-2.545013,shoplifting
51.429819,-2.545013,shoplifting
51.429819,-2.545013,shoplifting
51.429289,-2.543837,shoplifting
51.429819,-2.545013,shoplifting
51.429819,-2.545013,shoplifting
51.429819,-2.545013,shoplifting
51.429289,-2.543837,shoplifting
51.433335,-2.588523,burglary_biz
51.427229,-2.581339,burglary_biz
51.426256,-2.581816,burglary_biz
51.430173,-2.582426,shoplifting
51.426477,-2.578971,robbery_biz
51.427132,-2.59529,burglary_biz
51.427701,-2.598447,robbery_biz
51.41845,-2.592718,burglary_biz
51.418334,-2.589164,robbery_biz
51.42303,-2.594,theft_person
51.425729,-2.612905,robbery_biz
51.425729,-2.612905,shoplifting
51.42191,-2.626085,burglary_biz
51.423726,-2.621033,burglary_biz
51.415713,-2.577339,burglary_biz
51.412556,-2.586473,burglary_biz
51.412714,-2.585612,shoplifting
51.420078,-2.57459,burglary_biz
51.413835,-2.570346,shoplifting
51.424996,-2.571085,burglary_biz
51.421653,-2.570583,robbery_biz
51.414416,-2.611388,robbery_biz
51.412599,-2.608157,robbery_biz
51.414416,-2.611388,robbery_biz
51.414416,-2.611388,robbery_biz
51.414416,-2.611388,shoplifting
51.414416,-2.611388,shoplifting
51.414416,-2.611388,shoplifting
51.414416,-2.611388,shoplifting
51.414416,-2.611388,shoplifting
51.414416,-2.611388,shoplifting
51.414416,-2.611388,shoplifting
51.414416,-2.611388,shoplifting
51.414416,-2.611388,shoplifting
51.414416,-2.611388,shoplifting
51.414416,-2.611388,shoplifting
51.414416,-2.611388,shoplifting
51.414416,-2.611388,shoplifting
51.414416,-2.611388,shoplifting
51.414416,-2.611388,shoplifting
51.417131,-2.606304,burglary_biz
51.416344,-2.602009,robbery_biz
51.416344,-2.602009,robbery_biz
51.416138,-2.600036,shoplifting
51.415331,-2.597955,shoplifting
51.41512,-2.599867,shoplifting
51.415331,-2.597955,shoplifting
51.41512,-2.599867,shoplifting
51.41512,-2.599867,shoplifting
51.41512,-2.599867,shoplifting
51.41512,-2.599867,shoplifting
51.415331,-2.597955,shoplifting
51.41512,-2.599867,shoplifting
51.415331,-2.597955,shoplifting
51.416138,-2.600036,shoplifting
51.416138,-2.600036,shoplifting
51.416138,-2.600036,shoplifting
51.416138,-2.600036,shoplifting
51.416138,-2.600036,shoplifting
51.416344,-2.602009,shoplifting
51.415331,-2.597955,shoplifting
51.416138,-2.600036,shoplifting
51.41512,-2.599867,shoplifting
51.41512,-2.599867,shoplifting
51.41512,-2.599867,shoplifting
51.41512,-2.599867,shoplifting
51.41512,-2.599867,shoplifting
51.420414,-2.609612,burglary_biz
51.419772,-2.611962,burglary_biz
51.412523,-2.619228,robbery_biz
51.412523,-2.619228,shoplifting
51.412523,-2.619228,shoplifting
51.412523,-2.619228,shoplifting
51.415073,-2.539858,burglary_biz
51.416716,-2.536541,burglary_biz
51.41386,-2.543582,burglary_biz
51.415541,-2.54563,burglary_biz
51.412306,-2.547072,burglary_biz
51.410355,-2.55096,burglary_biz
51.409721,-2.552002,robbery_biz
51.412306,-2.547072,shoplifting
51.412306,-2.547072,shoplifting
51.418042,-2.558818,burglary_biz
51.408437,-2.626663,burglary_biz
51.408437,-2.626663,theft_person
51.410522,-2.609768,burglary_biz
51.405104,-2.609006,burglary_biz
51.405104,-2.609006,robbery_biz
51.405104,-2.609006,shoplifting
51.405104,-2.609006,shoplifting
51.409626,-2.57177,burglary_biz
51.407027,-2.571752,robbery_biz
51.405509,-2.603735,burglary_biz
51.403692,-2.607349,burglary_biz
51.406587,-2.598689,shoplifting
51.404235,-2.598026,shoplifting
51.453026,-2.575881,burglary_biz
51.452754,-2.57641,burglary_biz
51.456118,-2.581562,burglary_biz
51.453205,-2.581683,robbery_biz
51.453205,-2.581683,robbery_biz
51.449383,-2.583621,robbery_biz
51.456952,-2.582134,robbery_biz
51.449712,-2.580617,theft_person
51.459044,-2.579181,burglary_biz
51.459066,-2.580088,burglary_biz
51.458279,-2.584727,burglary_biz
51.459476,-2.584368,burglary_biz
51.458279,-2.584727,burglary_biz
51.458279,-2.584727,burglary_biz
51.459476,-2.584368,burglary_biz
51.459476,-2.584368,burglary_biz
51.458279,-2.584727,burglary_biz
51.459066,-2.580088,burglary_biz
51.457279,-2.581519,robbery_biz
51.458279,-2.584727,robbery_biz
51.459476,-2.584368,robbery_biz
51.459706,-2.57621,robbery_biz
51.45929,-2.576637,robbery_biz
51.45929,-2.576637,robbery_biz
51.459706,-2.57621,robbery_biz
51.458279,-2.584727,shoplifting
51.458279,-2.584727,shoplifting
51.459476,-2.584368,shoplifting
51.459476,-2.584368,shoplifting
51.459476,-2.584368,shoplifting
51.459476,-2.584368,shoplifting
51.45929,-2.576637,shoplifting
51.459476,-2.584368,shoplifting
51.459476,-2.584368,shoplifting
51.458279,-2.584727,shoplifting
51.459476,-2.584368,shoplifting
51.459706,-2.57621,shoplifting
51.459476,-2.584368,shoplifting
51.458279,-2.584727,shoplifting
51.458279,-2.584727,shoplifting
51.459476,-2.584368,shoplifting
51.458279,-2.584727,shoplifting
51.458279,-2.584727,shoplifting
51.459476,-2.584368,shoplifting
51.459476,-2.584368,shoplifting
51.459476,-2.584368,shoplifting
51.459476,-2.584368,shoplifting
51.45848,-2.583938,theft_person
51.458279,-2.584727,theft_person
51.44732,-2.586069,burglary_biz
51.448129,-2.58431,burglary_biz
51.44732,-2.586069,burglary_biz
51.44732,-2.586069,burglary_biz
51.44732,-2.586069,burglary_biz
51.44732,-2.586069,burglary_biz
51.44732,-2.586069,burglary_biz
51.44732,-2.586069,burglary_biz
51.448129,-2.58431,theft_person
51.449331,-2.58847,burglary_biz
51.451827,-2.587552,burglary_biz
51.449938,-2.587614,burglary_biz
51.451227,-2.588681,burglary_biz
51.451227,-2.588681,burglary_biz
51.462473,-2.565607,burglary_biz
51.458611,-2.564639,robbery_biz
51.462473,-2.565607,robbery_biz
51.463842,-2.565121,robbery_biz
51.461094,-2.566181,shoplifting
51.462459,-2.575899,burglary_biz
51.459839,-2.574629,burglary_biz
51.461828,-2.576079,burglary_biz
51.459839,-2.574629,robbery_biz
51.462816,-2.57278,theft_person
51.44766,-2.560705,shoplifting
51.44766,-2.560705,shoplifting
51.44766,-2.560705,shoplifting
51.447439,-2.560567,shoplifting
51.44766,-2.560705,shoplifting
51.44766,-2.560705,shoplifting
51.44766,-2.560705,shoplifting
51.44766,-2.560705,shoplifting
51.447439,-2.560567,shoplifting
51.44766,-2.560705,shoplifting
51.44766,-2.560705,shoplifting
51.447439,-2.560567,shoplifting
51.44766,-2.560705,shoplifting
51.44766,-2.560705,shoplifting
51.44766,-2.560705,shoplifting
51.456117,-2.567242,burglary_biz
51.456383,-2.56795,burglary_biz
51.457049,-2.567886,robbery_biz
51.455847,-2.574593,burglary_biz
51.457638,-2.57427,robbery_biz
51.468606,-2.565395,burglary_biz
51.469538,-2.564126,theft_person
51.46883,-2.563714,burglary_biz
51.472651,-2.560018,burglary_biz
51.470394,-2.55819,burglary_biz
51.470394,-2.55819,burglary_biz
51.472067,-2.56001,robbery_biz
51.473121,-2.557705,robbery_biz
51.472651,-2.560018,theft_person
51.469136,-2.579221,shoplifting
51.469136,-2.579221,shoplifting
51.469136,-2.579221,shoplifting
51.469153,-2.58406,burglary_biz
51.466286,-2.581879,robbery_biz
51.465556,-2.5878,burglary_biz
51.466366,-2.58938,burglary_biz
51.46492,-2.588987,robbery_biz
51.464755,-2.582536,burglary_biz
51.464084,-2.581707,burglary_biz
51.461422,-2.589115,burglary_biz
51.461422,-2.589115,burglary_biz
51.461422,-2.589115,burglary_biz
51.463493,-2.588422,burglary_biz
51.461422,-2.589115,burglary_biz
51.461422,-2.589115,burglary_biz
51.461422,-2.589115,burglary_biz
51.461422,-2.589115,burglary_biz
51.461422,-2.589115,burglary_biz
51.461422,-2.589115,burglary_biz
51.461624,-2.58965,robbery_biz
51.461624,-2.58965,theft_person
51.461709,-2.587391,burglary_biz
51.461709,-2.587391,burglary_biz
51.460633,-2.586816,burglary_biz
51.459741,-2.587279,robbery_biz
51.459741,-2.587279,robbery_biz
51.460967,-2.590217,robbery_biz
51.459741,-2.587279,robbery_biz
51.459566,-2.588069,shoplifting
51.459452,-2.587535,shoplifting
51.460967,-2.590217,shoplifting
51.460967,-2.590217,shoplifting
51.459452,-2.587535,shoplifting
51.459452,-2.587535,shoplifting
51.459452,-2.587535,shoplifting
51.459741,-2.587279,shoplifting
51.459566,-2.588069,shoplifting
51.459566,-2.588069,shoplifting
51.459566,-2.588069,shoplifting
51.459452,-2.587535,shoplifting
51.460967,-2.590217,shoplifting
51.459452,-2.587535,shoplifting
51.459452,-2.587535,shoplifting
51.459566,-2.588069,shoplifting
51.459566,-2.588069,shoplifting
51.459741,-2.587279,shoplifting
51.459452,-2.587535,shoplifting
51.459566,-2.588069,shoplifting
51.459566,-2.588069,shoplifting
51.459452,-2.587535,shoplifting
51.459452,-2.587535,shoplifting
51.46124,-2.60188,shoplifting
51.461429,-2.601839,shoplifting
51.456844,-2.594626,burglary_biz
51.456002,-2.593996,burglary_biz
51.456002,-2.593996,burglary_biz
51.459799,-2.597053,shoplifting
51.456219,-2.595654,theft_person
51.456219,-2.595654,theft_person
51.456818,-2.606787,burglary_biz
51.45728,-2.607758,burglary_biz
51.456782,-2.606801,robbery_biz
51.456782,-2.606801,robbery_biz
51.457902,-2.607521,robbery_biz
51.455363,-2.604753,robbery_biz
51.456782,-2.606801,robbery_biz
51.456818,-2.606787,shoplifting
51.454896,-2.602876,shoplifting
51.456818,-2.606787,shoplifting
51.456818,-2.606787,shoplifting
51.456818,-2.606787,shoplifting
51.456818,-2.606787,shoplifting
51.456818,-2.606787,shoplifting
51.45728,-2.607758,shoplifting
51.455135,-2.602133,shoplifting
51.456818,-2.606787,shoplifting
51.454149,-2.603053,shoplifting
51.454896,-2.602876,shoplifting
51.454149,-2.603053,shoplifting
51.45728,-2.607758,shoplifting
51.45728,-2.607758,shoplifting
51.45728,-2.607758,shoplifting
51.45728,-2.607758,shoplifting
51.456818,-2.606787,shoplifting
51.456818,-2.606787,shoplifting
51.454485,-2.602338,theft_person
51.454149,-2.603053,theft_person
51.449755,-2.602477,burglary_biz
51.449942,-2.601098,robbery_biz
51.449755,-2.602477,robbery_biz
51.449755,-2.602477,shoplifting
51.455583,-2.593415,burglary_biz
51.456137,-2.590414,burglary_biz
51.455178,-2.584738,burglary_biz
51.456137,-2.590414,burglary_biz
51.454985,-2.588801,burglary_biz
51.456137,-2.590414,burglary_biz
51.453976,-2.594121,burglary_biz
51.456187,-2.591192,robbery_biz
51.456677,-2.592162,robbery_biz
51.457175,-2.593248,robbery_biz
51.456677,-2.592162,robbery_biz
51.45547,-2.585368,robbery_biz
51.455763,-2.591503,robbery_biz
51.456677,-2.592162,robbery_biz
51.456703,-2.585081,robbery_biz
51.455583,-2.593415,robbery_biz
51.457175,-2.593248,robbery_biz
51.455583,-2.593415,robbery_biz
51.453925,-2.585003,shoplifting
51.455583,-2.593415,shoplifting
51.453861,-2.59594,shoplifting
51.456137,-2.590414,shoplifting
51.454404,-2.593529,shoplifting
51.453861,-2.59594,shoplifting
51.454291,-2.594636,shoplifting
51.456677,-2.592162,shoplifting
51.456137,-2.590414,shoplifting
51.456137,-2.590414,shoplifting
51.453861,-2.59594,shoplifting
51.456677,-2.592162,theft_person
51.456137,-2.590414,theft_person
51.456703,-2.585081,theft_person
51.453976,-2.594121,theft_person
51.454291,-2.594636,theft_person
51.457175,-2.593248,theft_person
51.457175,-2.593248,theft_person
51.457175,-2.593248,theft_person
51.456137,-2.590414,theft_person
51.453382,-2.594753,burglary_biz
51.45267,-2.593319,burglary_biz
51.453226,-2.595541,robbery_biz
51.450176,-2.597431,burglary_biz
51.453357,-2.597833,burglary_biz
51.45371,-2.599248,burglary_biz
51.453357,-2.597833,burglary_biz
51.453357,-2.597833,burglary_biz
51.453357,-2.597833,burglary_biz
51.454306,-2.598651,burglary_biz
51.453437,-2.599762,burglary_biz
51.450979,-2.598608,robbery_biz
51.453049,-2.598261,robbery_biz
51.450979,-2.598608,robbery_biz
51.453357,-2.597833,robbery_biz
51.452504,-2.598969,shoplifting
51.454306,-2.598651,shoplifting
51.452504,-2.598969,shoplifting
51.452504,-2.598969,shoplifting
51.452504,-2.598969,shoplifting
51.450979,-2.598608,theft_person
51.450094,-2.599344,theft_person
51.44766,-2.605889,burglary_biz
51.446863,-2.612181,robbery_biz
51.447682,-2.594535,burglary_biz
51.447531,-2.590662,burglary_biz
51.446956,-2.597706,burglary_biz
51.447682,-2.594535,burglary_biz
51.447682,-2.594535,burglary_biz
51.446533,-2.594175,burglary_biz
51.482093,-2.776087,burglary_biz
51.483056,-2.785363,burglary_biz
51.491035,-2.756997,burglary_biz
51.485963,-2.765927,robbery_biz
51.4839,-2.765555,shoplifting
51.4839,-2.765555,shoplifting
51.4839,-2.765555,shoplifting
51.484738,-2.764855,shoplifting
51.4839,-2.765555,shoplifting
51.4839,-2.765555,shoplifting
51.4839,-2.765555,shoplifting
51.4839,-2.765555,shoplifting
51.478209,-2.76777,shoplifting
51.489568,-2.753629,burglary_biz
51.484077,-2.761445,shoplifting
51.459244,-2.661889,burglary_biz
51.480736,-2.685025,burglary_biz
51.479074,-2.684712,burglary_biz
51.439612,-2.840599,shoplifting
51.448109,-2.849303,burglary_biz
51.437587,-2.693802,burglary_biz
51.425266,-2.675809,burglary_biz
51.43843,-2.746889,shoplifting
51.477507,-2.707929,robbery_biz
51.436561,-2.852196,shoplifting
51.435284,-2.855913,shoplifting
51.435756,-2.852857,shoplifting
51.435756,-2.852857,shoplifting
51.432462,-2.859384,burglary_biz
51.436173,-2.760922,burglary_biz
51.434743,-2.758179,shoplifting
51.434743,-2.758179,shoplifting
51.43388,-2.758193,shoplifting
51.431148,-2.764779,burglary_biz
51.423526,-2.772534,burglary_biz
51.434847,-2.753217,robbery_biz
51.434847,-2.753217,shoplifting
51.40839,-2.748067,burglary_biz
51.416116,-2.657728,burglary_biz
51.386783,-2.783742,shoplifting
51.386783,-2.783742,theft_person
51.394136,-2.833556,shoplifting
51.385858,-2.712842,shoplifting
51.372198,-2.805013,burglary_biz
51.328383,-2.865173,burglary_biz
51.328319,-2.864196,burglary_biz
51.328463,-2.859218,burglary_biz
51.340185,-2.782789,shoplifting
51.340185,-2.782789,shoplifting
51.335196,-2.807667,burglary_biz
51.309563,-2.799469,burglary_biz
51.595315,-2.399116,burglary_biz
51.564726,-2.422234,burglary_biz
51.572695,-2.395657,burglary_biz
51.595315,-2.399116,burglary_biz
51.592933,-2.528424,burglary_biz
51.599138,-2.620204,shoplifting
51.538766,-2.617364,burglary_biz
51.530693,-2.596496,robbery_biz
51.525605,-2.595396,robbery_biz
51.527868,-2.599721,robbery_biz
51.525595,-2.60489,robbery_biz
51.52368,-2.594444,shoplifting
51.528918,-2.600495,shoplifting
51.525403,-2.598546,shoplifting
51.525605,-2.595396,shoplifting
51.524923,-2.597559,shoplifting
51.528702,-2.598733,shoplifting
51.528918,-2.600495,shoplifting
51.525605,-2.595396,shoplifting
51.525605,-2.595396,shoplifting
51.522706,-2.594849,shoplifting
51.526961,-2.613673,shoplifting
51.525064,-2.60164,shoplifting
51.525605,-2.595396,shoplifting
51.525403,-2.598546,shoplifting
51.525605,-2.595396,shoplifting
51.527177,-2.597305,shoplifting
51.528918,-2.600495,shoplifting
51.527177,-2.597305,shoplifting
51.525403,-2.598546,shoplifting
51.523573,-2.616755,shoplifting
51.525064,-2.60164,shoplifting
51.52368,-2.594444,shoplifting
51.525403,-2.598546,shoplifting
51.525403,-2.598546,shoplifting
51.525403,-2.598546,shoplifting
51.525605,-2.595396,shoplifting
51.525605,-2.595396,shoplifting
51.525605,-2.595396,shoplifting
51.526857,-2.596317,shoplifting
51.528702,-2.598733,shoplifting
51.52368,-2.594444,shoplifting
51.525605,-2.595396,shoplifting
51.527177,-2.597305,shoplifting
51.525605,-2.595396,shoplifting
51.527868,-2.599721,shoplifting
51.525403,-2.598546,shoplifting
51.52368,-2.594444,shoplifting
51.525403,-2.598546,shoplifting
51.525605,-2.595396,shoplifting
51.530693,-2.596496,shoplifting
51.523297,-2.597264,shoplifting
51.525403,-2.598546,shoplifting
51.525064,-2.60164,shoplifting
51.514907,-2.624982,shoplifting
51.527177,-2.597305,shoplifting
51.525403,-2.598546,shoplifting
51.525605,-2.595396,shoplifting
51.528918,-2.600495,shoplifting
51.52368,-2.594444,shoplifting
51.525605,-2.595396,shoplifting
51.525403,-2.598546,shoplifting
51.52368,-2.594444,shoplifting
51.525605,-2.595396,shoplifting
51.526857,-2.596317,shoplifting
51.554482,-2.571407,burglary_biz
51.558206,-2.563592,burglary_biz
51.553909,-2.409571,burglary_biz
51.559052,-2.417161,robbery_biz
51.559052,-2.417161,shoplifting
51.559052,-2.417161,shoplifting
51.559052,-2.417161,shoplifting
51.559052,-2.417161,shoplifting
51.559052,-2.417161,shoplifting
51.559052,-2.417161,shoplifting
51.559052,-2.417161,shoplifting
51.559052,-2.417161,shoplifting
51.559052,-2.417161,shoplifting
51.559052,-2.417161,shoplifting
51.559052,-2.417161,shoplifting
51.559052,-2.417161,shoplifting
51.559052,-2.417161,shoplifting
51.559052,-2.417161,shoplifting
51.551743,-2.411945,shoplifting
51.54656,-2.410399,burglary_biz
51.539878,-2.415818,robbery_biz
51.540587,-2.413661,robbery_biz
51.539786,-2.408867,shoplifting
51.539636,-2.413066,shoplifting
51.539786,-2.408867,shoplifting
51.539636,-2.413066,shoplifting
51.543094,-2.426676,burglary_biz
51.542344,-2.425314,shoplifting
51.542344,-2.425314,shoplifting
51.542344,-2.425314,shoplifting
51.542344,-2.425314,shoplifting
51.542344,-2.425314,shoplifting
51.542344,-2.425314,shoplifting
51.542031,-2.417467,robbery_biz
51.542031,-2.417467,shoplifting
51.547102,-2.41235,burglary_biz
51.548937,-2.417198,robbery_biz
51.548937,-2.417198,shoplifting
51.548937,-2.417198,shoplifting
51.548937,-2.417198,shoplifting
51.548937,-2.417198,shoplifting
51.548937,-2.417198,shoplifting
51.539681,-2.394981,burglary_biz
51.537488,-2.394228,shoplifting
51.531847,-2.408652,burglary_biz
51.531567,-2.404036,shoplifting
51.531567,-2.404036,shoplifting
51.526312,-2.537022,burglary_biz
51.541682,-2.551737,burglary_biz
51.544007,-2.562119,burglary_biz
51.545109,-2.559234,burglary_biz
51.535132,-2.544954,burglary_biz
51.533041,-2.414299,burglary_biz
51.540506,-2.423754,robbery_biz
51.540506,-2.423754,shoplifting
51.540506,-2.423754,shoplifting
51.531382,-2.54514,burglary_biz
51.534762,-2.549087,shoplifting
51.535361,-2.547956,shoplifting
51.535361,-2.547956,shoplifting
51.529771,-2.551175,burglary_biz
51.529714,-2.546057,burglary_biz
51.534849,-2.488968,burglary_biz
51.534274,-2.493057,burglary_biz
51.533073,-2.481294,shoplifting
51.533073,-2.481294,shoplifting
51.535601,-2.472151,burglary_biz
51.527647,-2.471233,robbery_biz
51.528836,-2.423617,burglary_biz
51.52953,-2.423133,burglary_biz
51.526961,-2.432306,burglary_biz
51.529232,-2.413472,burglary_biz
51.529428,-2.408803,burglary_biz
51.529094,-2.416974,burglary_biz
51.526455,-2.418247,burglary_biz
51.529094,-2.416974,robbery_biz
51.525442,-2.419722,burglary_biz
51.518439,-2.548069,burglary_biz
51.524555,-2.551429,burglary_biz
51.522996,-2.55229,burglary_biz
51.523032,-2.559728,robbery_biz
51.523032,-2.559728,shoplifting
51.523032,-2.559728,shoplifting
51.523032,-2.559728,shoplifting
51.527323,-2.499555,burglary_biz
51.523073,-2.507205,shoplifting
51.507501,-2.558341,burglary_biz
51.506313,-2.560603,shoplifting
51.510389,-2.567469,burglary_biz
51.509414,-2.571967,burglary_biz
51.512232,-2.567405,burglary_biz
51.512232,-2.567405,robbery_biz
51.512232,-2.567405,shoplifting
51.512232,-2.567405,shoplifting
51.505116,-2.577606,burglary_biz
51.505116,-2.577606,robbery_biz
51.508216,-2.574641,shoplifting
51.511367,-2.573447,shoplifting
51.50461,-2.565106,burglary_biz
51.50362,-2.569056,burglary_biz
51.50221,-2.585146,burglary_biz
51.502337,-2.572152,burglary_biz
51.502337,-2.572152,burglary_biz
51.502337,-2.572152,burglary_biz
51.502337,-2.572152,burglary_biz
51.484527,-2.437996,burglary_biz
51.540586,-2.436242,burglary_biz
51.52297,-2.47166,burglary_biz
51.52129,-2.473574,burglary_biz
51.528417,-2.467622,burglary_biz
51.529311,-2.46668,shoplifting
51.481577,-2.486166,burglary_biz
51.463719,-2.461894,burglary_biz
51.496476,-2.466143,burglary_biz
51.480433,-2.428928,burglary_biz
51.500057,-2.502671,burglary_biz
51.498828,-2.493322,burglary_biz
51.496765,-2.482402,robbery_biz
51.496765,-2.482402,shoplifting
51.496765,-2.482402,shoplifting
51.498625,-2.470732,theft_person
51.492367,-2.473631,burglary_biz
51.496414,-2.470334,burglary_biz
51.492367,-2.473631,robbery_biz
51.493677,-2.474998,shoplifting
51.493677,-2.474998,shoplifting
51.493677,-2.474998,shoplifting
51.493677,-2.474998,shoplifting
51.493677,-2.474998,shoplifting
51.493677,-2.474998,shoplifting
51.493677,-2.474998,shoplifting
51.493677,-2.474998,shoplifting
51.492367,-2.473631,shoplifting
51.487087,-2.499345,burglary_biz
51.487993,-2.501875,robbery_biz
51.487993,-2.501875,shoplifting
51.487993,-2.501875,shoplifting
51.488289,-2.504212,shoplifting
51.489525,-2.496851,burglary_biz
51.488194,-2.490629,burglary_biz
51.485137,-2.486348,burglary_biz
51.482231,-2.491012,burglary_biz
51.486537,-2.486982,burglary_biz
51.482231,-2.491012,burglary_biz
51.484786,-2.4862,robbery_biz
51.482895,-2.484927,shoplifting
51.482895,-2.484927,shoplifting
51.494024,-2.48748,burglary_biz
51.495575,-2.490737,burglary_biz
51.494024,-2.48748,burglary_biz
51.431731,-2.474359,burglary_biz
51.474893,-2.344934,burglary_biz
51.463325,-2.318159,burglary_biz
51.462195,-2.323577,burglary_biz
51.463465,-2.32268,burglary_biz
51.452602,-2.41724,burglary_biz
51.452714,-2.438838,burglary_biz
51.563873,-2.37987,burglary_biz
51.534063,-2.372269,burglary_biz
51.518851,-2.363468,burglary_biz
51.48181,-2.488357,burglary_biz
51.480326,-2.507537,robbery_biz
51.463323,-2.511609,burglary_biz
51.469306,-2.51077,shoplifting
51.469306,-2.51077,shoplifting
51.479904,-2.505243,burglary_biz
51.460602,-2.480819,robbery_biz
51.460602,-2.480819,shoplifting
51.460602,-2.480819,shoplifting
51.460602,-2.480819,shoplifting
51.460602,-2.480819,shoplifting
51.460602,-2.480819,shoplifting
51.460602,-2.480819,shoplifting
51.4656,-2.500895,shoplifting
51.462167,-2.498296,shoplifting
51.461589,-2.490329,burglary_biz
51.466461,-2.490583,robbery_biz
51.469635,-2.499126,burglary_biz
51.468736,-2.497028,burglary_biz
51.468736,-2.497028,burglary_biz
51.469635,-2.499126,burglary_biz
51.459029,-2.510697,burglary_biz
51.459948,-2.504216,burglary_biz
51.461271,-2.51019,robbery_biz
51.459948,-2.504216,robbery_biz
51.459948,-2.504216,robbery_biz
51.462599,-2.50852,shoplifting
51.462599,-2.50852,shoplifting
51.462599,-2.50852,shoplifting
51.462599,-2.50852,shoplifting
51.462599,-2.50852,shoplifting
51.462599,-2.50852,shoplifting
51.460386,-2.492116,burglary_biz
51.457717,-2.485193,burglary_biz
51.45498,-2.494605,shoplifting
51.449329,-2.471606,burglary_biz
51.446795,-2.514057,burglary_biz
51.440106,-2.519477,shoplifting
51.440106,-2.519477,shoplifting
51.440106,-2.519477,shoplifting
51.447177,-2.500535,shoplifting
51.447177,-2.500535,shoplifting
51.447177,-2.500535,shoplifting
51.438002,-2.49517,shoplifting
51.448096,-2.497083,robbery_biz
51.445754,-2.497009,shoplifting
51.444491,-2.501182,shoplifting
51.444491,-2.501182,shoplifting
51.444491,-2.501182,shoplifting
51.444491,-2.501182,shoplifting
51.444491,-2.501182,shoplifting
51.53844,-2.584356,burglary_biz
51.53844,-2.584356,burglary_biz
51.537415,-2.57709,burglary_biz
51.540698,-2.562198,shoplifting
51.533753,-2.590308,burglary_biz
51.526273,-2.57744,robbery_biz
51.513164,-2.543568,burglary_biz
51.507249,-2.550874,burglary_biz
51.504865,-2.545342,burglary_biz
51.514295,-2.547804,burglary_biz
51.514295,-2.547804,burglary_biz
51.508147,-2.553104,robbery_biz
51.509231,-2.552066,shoplifting
51.509231,-2.552066,shoplifting
51.509231,-2.552066,shoplifting
51.509231,-2.552066,shoplifting
51.508147,-2.553104,shoplifting
51.509231,-2.552066,shoplifting
51.509231,-2.552066,shoplifting
51.509231,-2.552066,shoplifting
51.508278,-2.540455,burglary_biz
51.50113,-2.544274,shoplifting
51.50113,-2.544274,shoplifting
51.50113,-2.544274,shoplifting
51.50113,-2.544274,shoplifting
51.50113,-2.544274,shoplifting
51.50113,-2.544274,shoplifting
51.50113,-2.544274,shoplifting
51.50113,-2.544274,shoplifting
51.497251,-2.559551,robbery_biz
51.497894,-2.564807,burglary_biz
51.506368,-2.519425,burglary_biz
51.41805,-2.501353,burglary_biz
51.416533,-2.501567,shoplifting
51.415165,-2.498935,shoplifting
51.415268,-2.497814,shoplifting
51.411073,-2.503275,burglary_biz
51.406766,-2.499001,robbery_biz
51.405375,-2.511062,shoplifting
51.414756,-2.482696,shoplifting
51.413172,-2.478854,burglary_biz
51.397161,-2.344708,shoplifting
51.397161,-2.344708,shoplifting
51.397161,-2.344708,shoplifting
51.397161,-2.344708,shoplifting
51.392085,-2.352617,shoplifting
51.388789,-2.348223,burglary_biz
51.388495,-2.350391,burglary_biz
51.391507,-2.350342,shoplifting
51.380159,-2.359466,burglary_biz
51.379049,-2.360592,burglary_biz
51.380033,-2.359264,burglary_biz
51.380033,-2.359264,burglary_biz
51.386777,-2.359216,burglary_biz
51.380033,-2.359264,burglary_biz
51.380033,-2.359264,burglary_biz
51.380842,-2.362374,robbery_biz
51.383494,-2.359535,robbery_biz
51.379472,-2.360595,shoplifting
51.381036,-2.357748,shoplifting
51.381578,-2.360052,shoplifting
51.379472,-2.360595,shoplifting
51.383741,-2.361276,shoplifting
51.38036,-2.361335,shoplifting
51.384256,-2.360288,shoplifting
51.380159,-2.359466,shoplifting
51.382537,-2.360921,shoplifting
51.381578,-2.360052,shoplifting
51.382714,-2.359026,shoplifting
51.380842,-2.362374,shoplifting
51.381578,-2.360052,shoplifting
51.380842,-2.362374,shoplifting
51.380159,-2.359466,shoplifting
51.382714,-2.359026,shoplifting
51.379894,-2.360714,shoplifting
51.380842,-2.362374,shoplifting
51.380159,-2.359466,shoplifting
51.381578,-2.360052,shoplifting
51.38306,-2.360609,shoplifting
51.38306,-2.360609,shoplifting
51.386777,-2.359216,shoplifting
51.381578,-2.360052,shoplifting
51.381578,-2.360052,shoplifting
51.382174,-2.359108,shoplifting
51.383235,-2.362105,theft_person
51.378904,-2.358249,shoplifting
51.378327,-2.359595,shoplifting
51.378904,-2.358249,shoplifting
51.378904,-2.358249,shoplifting
51.378327,-2.359595,shoplifting
51.378904,-2.358249,shoplifting
51.378327,-2.359595,shoplifting
51.378904,-2.358249,shoplifting
51.378904,-2.358249,shoplifting
51.387964,-2.365017,burglary_biz
51.389352,-2.358158,burglary_biz
51.385593,-2.361448,robbery_biz
51.387964,-2.365017,shoplifting
51.387964,-2.365017,shoplifting
51.387964,-2.365017,shoplifting
51.387964,-2.365017,shoplifting
51.387964,-2.365017,shoplifting
51.387964,-2.365017,shoplifting
51.387964,-2.365017,shoplifting
51.387964,-2.365017,shoplifting
51.387964,-2.365017,shoplifting
51.387964,-2.365017,shoplifting
51.387964,-2.365017,shoplifting
51.387964,-2.365017,shoplifting
51.387964,-2.365017,shoplifting
51.387964,-2.365017,shoplifting
51.387964,-2.365017,shoplifting
51.387964,-2.365017,shoplifting
51.387964,-2.365017,shoplifting
51.387964,-2.365017,shoplifting
51.387964,-2.365017,shoplifting
51.387964,-2.365017,shoplifting
51.387964,-2.365017,shoplifting
51.387964,-2.365017,shoplifting
51.387964,-2.365017,shoplifting
51.387964,-2.365017,shoplifting
51.387964,-2.365017,shoplifting
51.387964,-2.365017,shoplifting
51.387964,-2.365017,shoplifting
51.385593,-2.361448,shoplifting
51.388659,-2.361444,burglary_biz
51.388659,-2.361444,burglary_biz
51.385038,-2.388776,shoplifting
51.385038,-2.388776,shoplifting
51.385038,-2.388776,shoplifting
51.385038,-2.388776,shoplifting
51.385038,-2.388776,shoplifting
51.383569,-2.394985,burglary_biz
51.388005,-2.401922,burglary_biz
51.395488,-2.395603,robbery_biz
51.385116,-2.383934,burglary_biz
51.388489,-2.38366,burglary_biz
51.387628,-2.38315,burglary_biz
51.385311,-2.382197,shoplifting
51.380332,-2.364582,burglary_biz
51.380332,-2.364582,burglary_biz
51.381192,-2.368555,burglary_biz
51.381513,-2.363514,robbery_biz
51.381192,-2.368555,shoplifting
51.381292,-2.365107,shoplifting
51.381953,-2.363632,shoplifting
51.381292,-2.365107,shoplifting
51.38174,-2.365642,shoplifting
51.381292,-2.365107,shoplifting
51.381292,-2.365107,shoplifting
51.381317,-2.362923,shoplifting
51.381192,-2.368555,shoplifting
51.381317,-2.362923,shoplifting
51.381317,-2.362923,shoplifting
51.381292,-2.365107,shoplifting
51.381292,-2.365107,shoplifting
51.381292,-2.365107,shoplifting
51.381292,-2.365107,shoplifting
51.381292,-2.365107,shoplifting
51.381292,-2.365107,shoplifting
51.381292,-2.365107,shoplifting
51.381292,-2.365107,shoplifting
51.381192,-2.368555,shoplifting
51.381292,-2.365107,shoplifting
51.381292,-2.365107,shoplifting
51.381292,-2.365107,shoplifting
51.382522,-2.365749,burglary_biz
51.382522,-2.365749,burglary_biz
51.382522,-2.365749,burglary_biz
51.405754,-2.320648,burglary_biz
51.404822,-2.322655,burglary_biz
51.405754,-2.320648,shoplifting
51.397243,-2.305726,burglary_biz
51.424288,-2.365867,burglary_biz
51.410741,-2.387211,burglary_biz
51.39121,-2.335192,burglary_biz
51.322708,-2.323183,burglary_biz
51.339864,-2.339482,burglary_biz
51.379505,-2.392321,burglary_biz
51.379594,-2.392595,burglary_biz
51.379443,-2.394605,robbery_biz
51.379443,-2.394605,shoplifting
51.379443,-2.394605,shoplifting
51.379443,-2.394605,shoplifting
51.379443,-2.394605,shoplifting
51.379443,-2.394605,shoplifting
51.379443,-2.394605,shoplifting
51.379327,-2.327159,robbery_biz
51.38043,-2.349913,burglary_biz
51.384625,-2.351453,burglary_biz
51.384029,-2.349337,shoplifting
51.384029,-2.349337,shoplifting
51.384029,-2.349337,shoplifting
51.384029,-2.349337,shoplifting
51.384029,-2.349337,shoplifting
51.384029,-2.349337,shoplifting
51.384029,-2.349337,shoplifting
51.384029,-2.349337,shoplifting
51.384029,-2.349337,shoplifting
51.384029,-2.349337,shoplifting
51.384029,-2.349337,shoplifting
51.384029,-2.349337,shoplifting
51.384029,-2.349337,shoplifting
51.384029,-2.349337,shoplifting
51.384029,-2.349337,shoplifting
51.376468,-2.357885,robbery_biz
51.378972,-2.368005,shoplifting
51.379659,-2.369706,shoplifting
51.379659,-2.369706,shoplifting
51.379623,-2.389333,burglary_biz
51.3784,-2.389179,robbery_biz
51.373652,-2.384053,burglary_biz
51.372072,-2.385965,burglary_biz
51.377044,-2.377659,burglary_biz
51.376083,-2.377378,burglary_biz
51.377044,-2.377659,shoplifting
51.377044,-2.377659,shoplifting
51.371636,-2.373434,burglary_biz
51.370257,-2.396164,burglary_biz
51.375676,-2.389084,shoplifting
51.375676,-2.389084,shoplifting
51.375676,-2.389084,shoplifting
51.375676,-2.389084,shoplifting
51.375676,-2.389084,shoplifting
51.375676,-2.389084,shoplifting
51.375676,-2.389084,shoplifting
51.375676,-2.389084,shoplifting
51.374093,-2.366264,shoplifting
51.374093,-2.366264,shoplifting
51.374093,-2.366264,shoplifting
51.374093,-2.366264,shoplifting
51.374093,-2.366264,shoplifting
51.374093,-2.366264,shoplifting
51.374093,-2.366264,shoplifting
51.374093,-2.366264,shoplifting
51.374093,-2.366264,shoplifting
51.374093,-2.366264,shoplifting
51.374093,-2.366264,shoplifting
51.374093,-2.366264,shoplifting
51.374093,-2.366264,shoplifting
51.374093,-2.366264,shoplifting
51.374093,-2.366264,shoplifting
51.374093,-2.366264,shoplifting
51.358199,-2.371602,burglary_biz
51.358199,-2.371602,burglary_biz
51.358518,-2.373141,burglary_biz
51.357331,-2.370187,burglary_biz
51.356582,-2.368257,shoplifting
51.356582,-2.368257,shoplifting
51.356582,-2.368257,shoplifting
51.357331,-2.370187,shoplifting
51.356582,-2.368257,shoplifting
51.356582,-2.368257,shoplifting
51.357331,-2.370187,shoplifting
51.356582,-2.368257,shoplifting
51.356582,-2.368257,shoplifting
51.356582,-2.368257,shoplifting
51.356582,-2.368257,shoplifting
51.356582,-2.368257,shoplifting
51.357331,-2.370187,shoplifting
51.369368,-2.365529,shoplifting
51.369368,-2.365529,shoplifting
51.369368,-2.365529,shoplifting
51.359639,-2.359592,robbery_biz
51.359639,-2.359592,shoplifting
51.359639,-2.359592,shoplifting
51.359639,-2.359592,shoplifting
51.358848,-2.344492,burglary_biz
51.362798,-2.346676,burglary_biz
51.359974,-2.346927,shoplifting
51.359974,-2.346927,shoplifting
51.359974,-2.346927,shoplifting
51.361657,-2.361274,burglary_biz
51.364169,-2.360346,robbery_biz
51.353641,-2.382435,burglary_biz
51.355844,-2.374211,shoplifting
51.36385,-2.386916,burglary_biz
51.371492,-2.551053,shoplifting
51.357471,-2.63671,burglary_biz
51.392093,-2.554707,burglary_biz
51.370025,-2.638162,burglary_biz
51.37396,-2.627183,robbery_biz
51.36584,-2.611165,shoplifting
51.36584,-2.611165,shoplifting
51.335538,-2.578168,shoplifting
51.335538,-2.578168,shoplifting
51.307257,-2.630706,burglary_biz
51.317234,-2.414202,burglary_biz
51.31863,-2.420973,burglary_biz
51.316277,-2.42517,shoplifting
51.316277,-2.42517,shoplifting
51.311844,-2.518817,burglary_biz
51.301797,-2.4968,burglary_biz
51.309523,-2.498304,burglary_biz
51.301627,-2.454526,burglary_biz
51.513374,-2.613836,burglary_biz
51.511061,-2.629512,shoplifting
51.511061,-2.629512,shoplifting
51.511061,-2.629512,shoplifting
51.511061,-2.629512,shoplifting
51.507696,-2.607866,burglary_biz
51.507696,-2.607866,burglary_biz
51.513172,-2.6199,burglary_biz
51.511871,-2.622649,burglary_biz
51.509605,-2.62099,shoplifting
51.506778,-2.631801,burglary_biz
51.506778,-2.631801,burglary_biz
51.507755,-2.620518,burglary_biz
51.507985,-2.623057,shoplifting
51.507985,-2.623057,shoplifting
51.507985,-2.623057,shoplifting
51.507985,-2.623057,shoplifting
51.507985,-2.623057,shoplifting
51.50239,-2.593979,burglary_biz
51.497943,-2.600361,robbery_biz
51.500044,-2.597406,robbery_biz
51.502582,-2.602223,burglary_biz
51.500848,-2.600053,burglary_biz
51.501047,-2.601727,burglary_biz
51.502552,-2.599283,burglary_biz
51.501851,-2.600945,burglary_biz
51.502552,-2.599283,burglary_biz
51.502582,-2.602223,robbery_biz
51.502582,-2.602223,shoplifting
51.503265,-2.603361,shoplifting
51.502582,-2.602223,shoplifting
51.503265,-2.603361,shoplifting
51.503883,-2.602715,shoplifting
51.503265,-2.603361,shoplifting
51.503265,-2.603361,shoplifting
51.503265,-2.603361,shoplifting
51.502582,-2.602223,shoplifting
51.503265,-2.603361,shoplifting
51.502582,-2.602223,shoplifting
51.502582,-2.602223,shoplifting
51.503265,-2.603361,shoplifting
51.502582,-2.602223,shoplifting
51.503265,-2.603361,shoplifting
51.503265,-2.603361,shoplifting
51.503265,-2.603361,shoplifting
51.503265,-2.603361,shoplifting
51.499476,-2.602845,burglary_biz
51.502485,-2.608734,burglary_biz
51.515024,-2.593711,robbery_biz
51.493616,-2.66727,robbery_biz
51.496709,-2.682758,burglary_biz
51.506144,-2.692036,burglary_biz
51.502675,-2.656914,robbery_biz
51.503178,-2.657055,robbery_biz
51.502675,-2.656914,shoplifting
51.502675,-2.656914,shoplifting
51.502675,-2.656914,shoplifting
51.502675,-2.656914,shoplifting
51.502675,-2.656914,shoplifting
51.502675,-2.656914,shoplifting
51.502675,-2.656914,shoplifting
51.502675,-2.656914,shoplifting
51.502675,-2.656914,shoplifting
51.502675,-2.656914,shoplifting
51.501572,-2.657878,shoplifting
51.502675,-2.656914,shoplifting
51.502675,-2.656914,shoplifting
51.502675,-2.656914,shoplifting
51.502675,-2.656914,shoplifting
51.502675,-2.656914,shoplifting
51.502675,-2.656914,shoplifting
51.502675,-2.656914,shoplifting
51.502675,-2.656914,shoplifting
51.502675,-2.656914,shoplifting
51.502675,-2.656914,shoplifting
51.502675,-2.656914,shoplifting
51.502675,-2.656914,shoplifting
51.502675,-2.656914,shoplifting
51.502675,-2.656914,shoplifting
51.502675,-2.656914,shoplifting
51.502675,-2.656914,shoplifting
51.502675,-2.656914,shoplifting
51.502675,-2.656914,shoplifting
51.502675,-2.656914,shoplifting
51.502675,-2.656914,shoplifting
51.502675,-2.656914,shoplifting
51.502675,-2.656914,shoplifting
51.502675,-2.656914,shoplifting
51.502675,-2.656914,shoplifting
51.502675,-2.656914,shoplifting
51.502675,-2.656914,shoplifting
51.504094,-2.65071,burglary_biz
51.504116,-2.65156,burglary_biz
51.501839,-2.65196,burglary_biz
51.504637,-2.645257,robbery_biz
51.496736,-2.580999,burglary_biz
51.492921,-2.590558,burglary_biz
51.493021,-2.602759,burglary_biz
51.492921,-2.590558,burglary_biz
51.496179,-2.595253,burglary_biz
51.489804,-2.589985,burglary_biz
51.488555,-2.587923,burglary_biz
51.496144,-2.577188,burglary_biz
51.496144,-2.577188,burglary_biz
51.498284,-2.57347,theft_person
51.494818,-2.581695,burglary_biz
51.495142,-2.57065,burglary_biz
51.495274,-2.573115,shoplifting
51.486889,-2.609548,burglary_biz
51.486228,-2.61049,shoplifting
51.486228,-2.61049,shoplifting
51.486228,-2.61049,shoplifting
51.486228,-2.61049,shoplifting
51.486228,-2.61049,shoplifting
51.486228,-2.61049,shoplifting
51.486228,-2.61049,shoplifting
51.486228,-2.61049,shoplifting
51.486228,-2.61049,shoplifting
51.486228,-2.61049,shoplifting
51.486228,-2.61049,shoplifting
51.486228,-2.61049,shoplifting
51.486228,-2.61049,shoplifting
51.486228,-2.61049,shoplifting
51.486228,-2.61049,shoplifting
51.492827,-2.617507,shoplifting
51.496502,-2.612889,burglary_biz
51.495553,-2.620741,shoplifting
51.495553,-2.620741,shoplifting
51.493584,-2.645533,burglary_biz
51.494214,-2.643814,burglary_biz
51.493273,-2.649764,robbery_biz
51.493273,-2.649764,robbery_biz
51.490923,-2.65359,burglary_biz
51.488788,-2.646186,robbery_biz
51.489736,-2.677483,robbery_biz
51.489736,-2.677483,robbery_biz
51.489736,-2.677483,shoplifting
51.48931,-2.678067,robbery_biz
51.486008,-2.678277,robbery_biz
51.49909,-2.695326,burglary_biz
51.504441,-2.704269,burglary_biz
51.500223,-2.701366,burglary_biz
51.500223,-2.701366,burglary_biz
51.500239,-2.694235,shoplifting
51.49909,-2.695326,shoplifting
51.49909,-2.695326,shoplifting
51.494263,-2.684507,burglary_biz
51.488874,-2.625375,burglary_biz
51.487971,-2.62487,robbery_biz
51.487971,-2.62487,shoplifting
51.492814,-2.633509,burglary_biz
51.482991,-2.624229,burglary_biz
51.498725,-2.624444,burglary_biz
51.499487,-2.623258,burglary_biz
51.492866,-2.581785,burglary_biz
51.484978,-2.586581,burglary_biz
51.488292,-2.573935,shoplifting
51.485471,-2.596813,shoplifting
51.485471,-2.596813,shoplifting
51.485471,-2.596813,shoplifting
51.485471,-2.596813,shoplifting
51.485471,-2.596813,shoplifting
51.486678,-2.608653,burglary_biz
51.484957,-2.609479,burglary_biz
51.481712,-2.537563,burglary_biz
51.481528,-2.544372,robbery_biz
51.481712,-2.537563,shoplifting
51.481712,-2.537563,shoplifting
51.481712,-2.537563,shoplifting
51.487522,-2.550766,burglary_biz
51.490933,-2.520517,burglary_biz
51.480708,-2.534887,burglary_biz
51.481951,-2.536284,burglary_biz
51.477234,-2.535566,burglary_biz
51.479472,-2.531892,robbery_biz
51.478303,-2.533822,shoplifting
51.478303,-2.533822,shoplifting
51.477634,-2.534592,shoplifting
51.478303,-2.533822,shoplifting
51.478303,-2.533822,shoplifting
51.478303,-2.533822,shoplifting
51.478303,-2.533822,shoplifting
51.478303,-2.533822,shoplifting
51.478303,-2.533822,shoplifting
51.478303,-2.533822,shoplifting
51.477634,-2.534592,shoplifting
51.478303,-2.533822,shoplifting
51.478303,-2.533822,shoplifting
51.478303,-2.533822,shoplifting
51.478303,-2.533822,shoplifting
51.478303,-2.533822,shoplifting
51.477634,-2.534592,shoplifting
51.478303,-2.533822,shoplifting
51.478303,-2.533822,shoplifting
51.478303,-2.533822,shoplifting
51.478303,-2.533822,shoplifting
51.478303,-2.533822,shoplifting
51.478303,-2.533822,shoplifting
51.484738,-2.528626,burglary_biz
51.479744,-2.529274,robbery_biz
51.481058,-2.529016,shoplifting
51.481058,-2.529016,shoplifting
51.481058,-2.529016,shoplifting
51.479744,-2.529274,shoplifting
51.479744,-2.529274,shoplifting
51.481058,-2.529016,shoplifting
51.481058,-2.529016,shoplifting
51.481058,-2.529016,shoplifting
51.485141,-2.516735,burglary_biz
51.483166,-2.520241,burglary_biz
51.481648,-2.519806,robbery_biz
51.492458,-2.565907,burglary_biz
51.491805,-2.563349,shoplifting
51.491805,-2.563349,shoplifting
51.48619,-2.564245,burglary_biz
51.482557,-2.571847,burglary_biz
51.481052,-2.570705,burglary_biz
51.482557,-2.571847,burglary_biz
51.481836,-2.576146,robbery_biz
51.476166,-2.573221,robbery_biz
51.481836,-2.576146,shoplifting
51.481836,-2.576146,shoplifting
51.481836,-2.576146,shoplifting
51.481836,-2.576146,shoplifting
51.481836,-2.576146,shoplifting
51.481836,-2.576146,shoplifting
51.481836,-2.576146,shoplifting
51.481836,-2.576146,shoplifting
51.481836,-2.576146,shoplifting
51.481836,-2.576146,shoplifting
51.481836,-2.576146,shoplifting
51.481836,-2.576146,shoplifting
51.481836,-2.576146,shoplifting
51.481836,-2.576146,shoplifting
51.481836,-2.576146,shoplifting
51.481836,-2.576146,shoplifting
51.481836,-2.576146,shoplifting
51.481836,-2.576146,shoplifting
51.481836,-2.576146,shoplifting
51.476166,-2.573221,theft_person
51.473464,-2.565702,burglary_biz
51.475078,-2.565706,burglary_biz
51.473961,-2.562481,burglary_biz
51.473464,-2.565702,robbery_biz
51.473629,-2.566033,robbery_biz
51.473629,-2.566033,shoplifting
51.473662,-2.570411,shoplifting
51.472616,-2.567403,shoplifting
51.472616,-2.567403,shoplifting
51.473961,-2.562481,shoplifting
51.473961,-2.562481,shoplifting
51.473961,-2.562481,shoplifting
51.472616,-2.567403,shoplifting
51.473961,-2.562481,shoplifting
51.473629,-2.566033,shoplifting
51.473464,-2.565702,shoplifting
51.473961,-2.562481,shoplifting
51.474172,-2.635612,burglary_biz
51.475658,-2.636871,burglary_biz
51.483837,-2.632348,theft_person
51.481154,-2.588116,robbery_biz
51.479983,-2.588562,robbery_biz
51.479983,-2.588562,shoplifting
51.479983,-2.588562,shoplifting
51.481924,-2.58706,robbery_biz
51.481924,-2.58706,shoplifting
51.478904,-2.614899,burglary_biz
51.483575,-2.615769,burglary_biz
51.477363,-2.599961,burglary_biz
51.479328,-2.604292,burglary_biz
51.47429,-2.59946,burglary_biz
51.477287,-2.523774,theft_person
51.476081,-2.53993,burglary_biz
51.476081,-2.53993,burglary_biz
51.479918,-2.559646,burglary_biz
51.473131,-2.547915,burglary_biz
51.473701,-2.554775,robbery_biz
51.46851,-2.549659,burglary_biz
51.470274,-2.547377,theft_person
51.473877,-2.577814,burglary_biz
51.47349,-2.583482,burglary_biz
51.471506,-2.593521,shoplifting
51.472097,-2.524233,robbery_biz
51.473547,-2.529793,burglary_biz
51.470235,-2.536435,burglary_biz
51.473741,-2.538434,burglary_biz
51.467632,-2.519402,burglary_biz
51.471617,-2.523004,robbery_biz
51.471617,-2.523004,shoplifting
51.471617,-2.523004,shoplifting
51.471617,-2.523004,shoplifting
51.471617,-2.523004,shoplifting
51.471617,-2.523004,shoplifting
51.471617,-2.523004,shoplifting
51.471617,-2.523004,shoplifting
51.471617,-2.523004,shoplifting
51.471617,-2.523004,shoplifting
51.464465,-2.602383,burglary_biz
51.463156,-2.60703,robbery_biz
51.463598,-2.608345,theft_person
51.468419,-2.613275,shoplifting
51.468419,-2.613275,shoplifting
51.468419,-2.613275,shoplifting
51.465452,-2.606383,burglary_biz
51.466191,-2.604205,burglary_biz
51.469879,-2.595256,shoplifting
51.458559,-2.58974,burglary_biz
51.45821,-2.587749,burglary_biz
51.460809,-2.592979,burglary_biz
51.458559,-2.58974,robbery_biz
51.459258,-2.592109,robbery_biz
51.459258,-2.592109,robbery_biz
51.459667,-2.59115,robbery_biz
51.459755,-2.593325,robbery_biz
51.459122,-2.594036,robbery_biz
51.459755,-2.593325,robbery_biz
51.45821,-2.587749,robbery_biz
51.456685,-2.586981,robbery_biz
51.459258,-2.592109,shoplifting
51.459122,-2.594036,shoplifting
51.457668,-2.586303,shoplifting
51.459122,-2.594036,shoplifting
51.459122,-2.594036,shoplifting
51.458559,-2.58974,shoplifting
51.459122,-2.594036,shoplifting
51.45821,-2.587749,shoplifting
51.459122,-2.594036,shoplifting
51.457668,-2.586303,shoplifting
51.458559,-2.58974,shoplifting
51.458559,-2.58974,shoplifting
51.459122,-2.594036,shoplifting
51.458559,-2.58974,shoplifting
51.459122,-2.594036,shoplifting
51.457668,-2.586303,shoplifting
51.459258,-2.592109,shoplifting
51.459122,-2.594036,shoplifting
51.459258,-2.592109,shoplifting
51.457668,-2.586303,shoplifting
51.459122,-2.594036,shoplifting
51.459258,-2.592109,shoplifting
51.458559,-2.58974,shoplifting
51.458559,-2.58974,shoplifting
51.459122,-2.594036,shoplifting
51.459122,-2.594036,shoplifting
51.45821,-2.587749,shoplifting
51.459122,-2.594036,shoplifting
51.459122,-2.594036,shoplifting
51.457668,-2.586303,shoplifting
51.457668,-2.586303,shoplifting
51.45821,-2.587749,shoplifting
51.458559,-2.58974,shoplifting
51.457668,-2.586303,shoplifting
51.459258,-2.592109,shoplifting
51.459258,-2.592109,theft_person
51.464084,-2.590833,burglary_biz
51.462213,-2.59101,burglary_biz
51.462667,-2.590023,burglary_biz
51.462846,-2.590141,burglary_biz
51.462213,-2.59101,robbery_biz
51.462846,-2.590141,robbery_biz
51.462213,-2.59101,shoplifting
51.462213,-2.59101,shoplifting
51.462213,-2.59101,shoplifting
51.459647,-2.610927,burglary_biz
51.463864,-2.610897,burglary_biz
51.463864,-2.610897,shoplifting
51.463864,-2.610897,shoplifting
51.463864,-2.610897,shoplifting
51.463864,-2.610897,shoplifting
51.463864,-2.610897,shoplifting
51.463864,-2.610897,shoplifting
51.463864,-2.610897,shoplifting
51.463864,-2.610897,shoplifting
51.470826,-2.615568,shoplifting
51.466608,-2.612229,shoplifting
51.468708,-2.614849,shoplifting
51.456776,-2.613019,shoplifting
51.45665,-2.607936,theft_person
51.45665,-2.607936,theft_person
51.469082,-2.618957,burglary_biz
51.466398,-2.51386,shoplifting
51.466398,-2.51386,shoplifting
51.466398,-2.51386,shoplifting
51.466398,-2.51386,shoplifting
51.466398,-2.51386,shoplifting
51.466398,-2.51386,shoplifting
51.466398,-2.51386,shoplifting
51.466398,-2.51386,shoplifting
51.466398,-2.51386,shoplifting
51.466398,-2.51386,shoplifting
51.461553,-2.535613,robbery_biz
51.461513,-2.53449,shoplifting
51.465529,-2.533112,burglary_biz
51.465004,-2.543643,burglary_biz
51.461923,-2.526864,robbery_biz
51.461923,-2.526864,shoplifting
51.461923,-2.526864,shoplifting
51.461923,-2.526864,shoplifting
51.461923,-2.526864,shoplifting
51.460989,-2.531144,shoplifting
51.460989,-2.531144,shoplifting
51.460989,-2.531144,shoplifting
51.460989,-2.531144,shoplifting
51.460989,-2.531144,shoplifting
51.460989,-2.531144,shoplifting
51.460989,-2.531144,shoplifting
51.460989,-2.531144,shoplifting
51.460989,-2.531144,shoplifting
51.460989,-2.531144,shoplifting
51.460989,-2.531144,shoplifting
51.461923,-2.526864,shoplifting
51.461923,-2.526864,shoplifting
51.460989,-2.531144,shoplifting
51.461923,-2.526864,shoplifting
51.460989,-2.531144,shoplifting
51.461923,-2.526864,shoplifting
51.460989,-2.531144,shoplifting
51.461923,-2.526864,shoplifting
51.461923,-2.526864,shoplifting
51.460989,-2.531144,shoplifting
51.462535,-2.55451,burglary_biz
51.462421,-2.55946,burglary_biz
51.459909,-2.556493,burglary_biz
51.455267,-2.560625,robbery_biz
51.459436,-2.55381,burglary_biz
51.460097,-2.552782,robbery_biz
51.459436,-2.55381,robbery_biz
51.459436,-2.55381,shoplifting
51.459436,-2.55381,shoplifting
51.460097,-2.552782,shoplifting
51.460097,-2.552782,shoplifting
51.460097,-2.552782,shoplifting
51.460097,-2.552782,shoplifting
51.460097,-2.552782,shoplifting
51.460097,-2.552782,shoplifting
51.459436,-2.55381,shoplifting
51.459436,-2.55381,shoplifting
51.460097,-2.552782,shoplifting
51.460097,-2.552782,shoplifting
51.460097,-2.552782,shoplifting
51.457879,-2.546422,burglary_biz
51.461961,-2.623941,burglary_biz
51.459506,-2.617258,burglary_biz
51.45424,-2.618367,robbery_biz
51.454444,-2.620232,robbery_biz
51.454746,-2.537577,burglary_biz
51.454619,-2.525947,robbery_biz
51.454619,-2.525947,shoplifting
51.457243,-2.522148,burglary_biz
51.45028,-2.622401,burglary_biz
51.45235,-2.617018,burglary_biz
51.454828,-2.545206,burglary_biz
51.454828,-2.545206,shoplifting
51.452526,-2.549035,shoplifting
51.442706,-2.562529,shoplifting
51.446285,-2.549234,shoplifting
51.442234,-2.630593,burglary_biz
51.444649,-2.614367,burglary_biz
51.442683,-2.628974,burglary_biz
51.444092,-2.615928,burglary_biz
51.440963,-2.624418,shoplifting
51.440733,-2.610027,shoplifting
51.440733,-2.610027,shoplifting
51.440928,-2.605339,burglary_biz
51.442396,-2.613517,burglary_biz
51.44562,-2.609142,burglary_biz
51.44562,-2.609142,shoplifting
51.442396,-2.613517,shoplifting
51.440805,-2.623653,burglary_biz
51.438012,-2.619558,robbery_biz
51.438012,-2.619558,shoplifting
51.438012,-2.619558,shoplifting
51.438012,-2.619558,shoplifting
51.445446,-2.601068,burglary_biz
51.437853,-2.584135,burglary_biz
51.441042,-2.582809,burglary_biz
51.439163,-2.543609,burglary_biz
51.440574,-2.537928,burglary_biz
51.440574,-2.537928,shoplifting
51.440574,-2.537928,shoplifting
51.437717,-2.550814,burglary_biz
51.439083,-2.535566,burglary_biz
51.440345,-2.532905,robbery_biz
51.432617,-2.539951,shoplifting
51.432617,-2.539951,shoplifting
51.43597,-2.607877,burglary_biz
51.442598,-2.595318,burglary_biz
51.446148,-2.583162,burglary_biz
51.442289,-2.597775,robbery_biz
51.443759,-2.595117,robbery_biz
51.443759,-2.595117,shoplifting
51.443759,-2.595117,shoplifting
51.443759,-2.595117,shoplifting
51.444573,-2.592466,shoplifting
51.442289,-2.597775,shoplifting
51.443759,-2.595117,shoplifting
51.442289,-2.597775,shoplifting
51.443005,-2.596618,shoplifting
51.443759,-2.595117,shoplifting
51.44439,-2.596464,burglary_biz
51.443852,-2.599752,burglary_biz
51.440419,-2.599491,robbery_biz
51.441695,-2.597867,shoplifting
51.441695,-2.597867,shoplifting
51.441199,-2.599803,shoplifting
51.439032,-2.601617,burglary_biz
51.437584,-2.603396,burglary_biz
51.44087,-2.602734,shoplifting
51.44087,-2.602734,shoplifting
51.437024,-2.605618,burglary_biz
51.435032,-2.592515,burglary_biz
51.438582,-2.612056,burglary_biz
51.439313,-2.609922,burglary_biz
51.438483,-2.608745,shoplifting
51.433552,-2.619656,shoplifting
51.433552,-2.619656,shoplifting
51.431456,-2.566519,burglary_biz
51.434337,-2.576811,shoplifting
51.438873,-2.557504,burglary_biz
51.443034,-2.559813,shoplifting
51.433161,-2.554097,burglary_biz
51.433161,-2.554097,robbery_biz
51.429108,-2.557342,theft_person
51.431975,-2.546214,theft_person
51.428832,-2.55111,burglary_biz
51.429289,-2.543837,burglary_biz
51.426091,-2.544979,robbery_biz
51.429289,-2.543837,shoplifting
51.429819,-2.545013,shoplifting
51.429289,-2.543837,shoplifting
51.429819,-2.545013,shoplifting
51.419686,-2.598975,burglary_biz
51.425729,-2.612905,shoplifting
51.425729,-2.612905,shoplifting
51.42191,-2.626085,robbery_biz
51.414792,-2.574423,burglary_biz
51.412714,-2.585612,shoplifting
51.413835,-2.570346,robbery_biz
51.413835,-2.570346,shoplifting
51.413835,-2.570346,shoplifting
51.413835,-2.570346,shoplifting
51.411951,-2.613368,burglary_biz
51.412199,-2.61235,robbery_biz
51.414416,-2.611388,robbery_biz
51.414416,-2.611388,robbery_biz
51.414416,-2.611388,shoplifting
51.414416,-2.611388,shoplifting
51.414416,-2.611388,shoplifting
51.414416,-2.611388,shoplifting
51.414416,-2.611388,shoplifting
51.414416,-2.611388,shoplifting
51.414416,-2.611388,shoplifting
51.414416,-2.611388,shoplifting
51.414416,-2.611388,shoplifting
51.414416,-2.611388,shoplifting
51.414416,-2.611388,shoplifting
51.414416,-2.611388,shoplifting
51.414416,-2.611388,shoplifting
51.414416,-2.611388,shoplifting
51.414416,-2.611388,shoplifting
51.414416,-2.611388,shoplifting
51.414416,-2.611388,shoplifting
51.414416,-2.611388,shoplifting
51.414416,-2.611388,shoplifting
51.414416,-2.611388,shoplifting
51.414416,-2.611388,shoplifting
51.414416,-2.611388,shoplifting
51.414416,-2.611388,shoplifting
51.414416,-2.611388,shoplifting
51.414416,-2.611388,shoplifting
51.414416,-2.611388,shoplifting
51.414416,-2.611388,shoplifting
51.414416,-2.611388,shoplifting
51.414416,-2.611388,shoplifting
51.414416,-2.611388,shoplifting
51.414416,-2.611388,shoplifting
51.414416,-2.611388,shoplifting
51.416138,-2.600036,robbery_biz
51.415331,-2.597955,shoplifting
51.415331,-2.597955,shoplifting
51.41512,-2.599867,shoplifting
51.415331,-2.597955,shoplifting
51.41512,-2.599867,shoplifting
51.416344,-2.602009,shoplifting
51.41512,-2.599867,shoplifting
51.416138,-2.600036,shoplifting
51.416344,-2.602009,shoplifting
51.416344,-2.602009,shoplifting
51.41512,-2.599867,shoplifting
51.41512,-2.599867,shoplifting
51.416138,-2.600036,shoplifting
51.416344,-2.602009,shoplifting
51.41512,-2.599867,shoplifting
51.416138,-2.600036,shoplifting
51.41512,-2.599867,shoplifting
51.416344,-2.602009,shoplifting
51.412523,-2.619228,robbery_biz
51.412523,-2.619228,robbery_biz
51.412523,-2.619228,shoplifting
51.412523,-2.619228,shoplifting
51.412523,-2.619228,shoplifting
51.412523,-2.619228,shoplifting
51.412523,-2.619228,shoplifting
51.412523,-2.619228,shoplifting
51.412523,-2.619228,shoplifting
51.412523,-2.619228,shoplifting
51.412523,-2.619228,shoplifting
51.412523,-2.619228,shoplifting
51.412523,-2.619228,shoplifting
51.412523,-2.619228,shoplifting
51.412523,-2.619228,shoplifting
51.413796,-2.559183,robbery_biz
51.413796,-2.559183,robbery_biz
51.413796,-2.559183,shoplifting
51.411942,-2.551913,burglary_biz
51.410943,-2.542555,burglary_biz
51.417782,-2.624519,burglary_biz
51.411581,-2.599674,burglary_biz
51.40895,-2.609431,burglary_biz
51.408207,-2.605381,robbery_biz
51.407081,-2.577259,shoplifting
51.407081,-2.577259,shoplifting
51.407081,-2.577259,shoplifting
51.407081,-2.577259,shoplifting
51.407081,-2.577259,shoplifting
51.406587,-2.598689,robbery_biz
51.404206,-2.600124,shoplifting
51.404206,-2.600124,shoplifting
51.404206,-2.600124,shoplifting
51.404206,-2.600124,shoplifting
51.402123,-2.597711,burglary_biz
51.40241,-2.599655,robbery_biz
51.411661,-2.589352,robbery_biz
51.447607,-2.570512,burglary_biz
51.453808,-2.57605,burglary_biz
51.456698,-2.577093,burglary_biz
51.447646,-2.574749,burglary_biz
51.450432,-2.573145,burglary_biz
51.453808,-2.57605,shoplifting
51.45679,-2.580232,burglary_biz
51.45679,-2.580232,robbery_biz
51.457581,-2.578601,robbery_biz
51.453205,-2.581683,robbery_biz
51.452546,-2.58392,robbery_biz
51.453205,-2.581683,shoplifting
51.453205,-2.581683,shoplifting
51.44931,-2.576453,theft_person
51.45679,-2.580232,theft_person
51.457619,-2.580012,burglary_biz
51.458279,-2.584727,burglary_biz
51.458216,-2.577372,burglary_biz
51.458707,-2.578169,burglary_biz
51.459066,-2.580088,burglary_biz
51.45848,-2.583938,burglary_biz
51.458039,-2.576794,burglary_biz
51.458279,-2.584727,burglary_biz
51.459706,-2.57621,robbery_biz
51.45929,-2.576637,robbery_biz
51.458279,-2.584727,robbery_biz
51.458279,-2.584727,robbery_biz
51.458279,-2.584727,robbery_biz
51.459476,-2.584368,shoplifting
51.459476,-2.584368,shoplifting
51.459476,-2.584368,shoplifting
51.458279,-2.584727,shoplifting
51.458279,-2.584727,shoplifting
51.458279,-2.584727,shoplifting
51.458279,-2.584727,shoplifting
51.459476,-2.584368,shoplifting
51.459476,-2.584368,shoplifting
51.459476,-2.584368,shoplifting
51.459476,-2.584368,shoplifting
51.459476,-2.584368,shoplifting
51.458279,-2.584727,shoplifting
51.459476,-2.584368,shoplifting
51.458279,-2.584727,shoplifting
51.459476,-2.584368,shoplifting
51.459476,-2.584368,shoplifting
51.459476,-2.584368,shoplifting
51.459476,-2.584368,shoplifting
51.458279,-2.584727,shoplifting
51.459476,-2.584368,shoplifting
51.459476,-2.584368,shoplifting
51.459476,-2.584368,shoplifting
51.459476,-2.584368,shoplifting
51.459476,-2.584368,shoplifting
51.459476,-2.584368,shoplifting
51.458279,-2.584727,shoplifting
51.459476,-2.584368,shoplifting
51.459476,-2.584368,shoplifting
51.459476,-2.584368,shoplifting
51.459476,-2.584368,shoplifting
51.459476,-2.584368,shoplifting
51.459476,-2.584368,shoplifting
51.459476,-2.584368,shoplifting
51.459476,-2.584368,shoplifting
51.459476,-2.584368,shoplifting
51.459476,-2.584368,shoplifting
51.458279,-2.584727,shoplifting
51.456972,-2.57809,theft_person
51.459706,-2.57621,theft_person
51.446085,-2.588615,burglary_biz
51.446085,-2.588615,robbery_biz
51.447236,-2.588486,shoplifting
51.453117,-2.590288,burglary_biz
51.453117,-2.590288,burglary_biz
51.453117,-2.590288,burglary_biz
51.452148,-2.591643,burglary_biz
51.453117,-2.590288,burglary_biz
51.448263,-2.586269,burglary_biz
51.453567,-2.586596,burglary_biz
51.449938,-2.587614,robbery_biz
51.465397,-2.559497,burglary_biz
51.461431,-2.565436,robbery_biz
51.461094,-2.566181,shoplifting
51.458611,-2.564639,shoplifting
51.461094,-2.566181,shoplifting
51.458611,-2.564639,shoplifting
51.461431,-2.565436,shoplifting
51.458611,-2.564639,shoplifting
51.466708,-2.567344,burglary_biz
51.463611,-2.569983,shoplifting
51.463611,-2.569983,shoplifting
51.463643,-2.56912,shoplifting
51.46177,-2.573343,burglary_biz
51.459839,-2.574629,shoplifting
51.466771,-2.569317,theft_person
51.452419,-2.5658,burglary_biz
51.449876,-2.569136,burglary_biz
51.44766,-2.560705,shoplifting
51.44766,-2.560705,shoplifting
51.44766,-2.560705,shoplifting
51.44766,-2.560705,shoplifting
51.44766,-2.560705,shoplifting
51.44766,-2.560705,shoplifting
51.44766,-2.560705,shoplifting
51.44766,-2.560705,shoplifting
51.44766,-2.560705,shoplifting
51.44766,-2.560705,shoplifting
51.456095,-2.566176,burglary_biz
51.457903,-2.566748,theft_person
51.455847,-2.574593,robbery_biz
51.457638,-2.57427,robbery_biz
51.453412,-2.566963,theft_person
51.469538,-2.564126,burglary_biz
51.46883,-2.563714,burglary_biz
51.470657,-2.563362,burglary_biz
51.472067,-2.56001,robbery_biz
51.470807,-2.562126,shoplifting
51.469136,-2.579221,shoplifting
51.469178,-2.575365,burglary_biz
51.464933,-2.577356,robbery_biz
51.466546,-2.580284,robbery_biz
51.463201,-2.578428,theft_person
51.465963,-2.585401,burglary_biz
51.465963,-2.585401,burglary_biz
51.465529,-2.589542,robbery_biz
51.461624,-2.58965,burglary_biz
51.463493,-2.588422,burglary_biz
51.461422,-2.589115,robbery_biz
51.461422,-2.589115,robbery_biz
51.461821,-2.584729,burglary_biz
51.459732,-2.588963,burglary_biz
51.459566,-2.588069,burglary_biz
51.460826,-2.586027,robbery_biz
51.459452,-2.587535,robbery_biz
51.459452,-2.587535,robbery_biz
51.459566,-2.588069,robbery_biz
51.459452,-2.587535,shoplifting
51.459452,-2.587535,shoplifting
51.459566,-2.588069,shoplifting
51.459566,-2.588069,theft_person
51.459452,-2.587535,theft_person
51.460593,-2.605369,burglary_biz
51.460595,-2.601483,burglary_biz
51.461429,-2.601839,shoplifting
51.461429,-2.601839,shoplifting
51.462,-2.60795,shoplifting
51.456002,-2.593996,burglary_biz
51.4588,-2.599041,burglary_biz
51.458613,-2.595196,burglary_biz
51.458613,-2.595196,burglary_biz
51.460667,-2.59967,burglary_biz
51.458613,-2.595196,burglary_biz
51.458613,-2.595196,burglary_biz
51.456619,-2.598322,burglary_biz
51.458613,-2.595196,burglary_biz
51.456844,-2.594626,shoplifting
51.455696,-2.594093,theft_person
51.455153,-2.603613,burglary_biz
51.45728,-2.607758,burglary_biz
51.455135,-2.602133,burglary_biz
51.456818,-2.606787,shoplifting
51.456818,-2.606787,shoplifting
51.45728,-2.607758,shoplifting
51.454485,-2.602338,shoplifting
51.456818,-2.606787,shoplifting
51.45728,-2.607758,shoplifting
51.456818,-2.606787,shoplifting
51.456818,-2.606787,shoplifting
51.454896,-2.602876,shoplifting
51.456782,-2.606801,shoplifting
51.45728,-2.607758,shoplifting
51.456818,-2.606787,shoplifting
51.456818,-2.606787,shoplifting
51.456818,-2.606787,theft_person
51.455363,-2.604753,theft_person
51.454149,-2.603053,theft_person
51.449257,-2.601377,burglary_biz
51.452104,-2.603746,burglary_biz
51.449755,-2.602477,shoplifting
51.449257,-2.601377,shoplifting
51.449755,-2.602477,shoplifting
51.449755,-2.602477,shoplifting
51.453066,-2.60206,theft_person
51.453066,-2.60206,theft_person
51.455474,-2.597126,burglary_biz
51.456187,-2.591192,burglary_biz
51.455618,-2.5953,burglary_biz
51.455474,-2.597126,burglary_biz
51.455618,-2.5953,burglary_biz
51.455178,-2.584738,burglary_biz
51.453861,-2.59594,burglary_biz
51.456677,-2.592162,burglary_biz
51.454265,-2.594155,burglary_biz
51.454291,-2.594636,burglary_biz
51.454404,-2.593529,burglary_biz
51.455474,-2.597126,burglary_biz
51.456677,-2.592162,burglary_biz
51.455618,-2.5953,burglary_biz
51.456677,-2.592162,robbery_biz
51.456677,-2.592162,robbery_biz
51.454404,-2.593529,robbery_biz
51.455763,-2.591503,robbery_biz
51.453861,-2.59594,robbery_biz
51.456703,-2.585081,robbery_biz
51.455763,-2.591503,robbery_biz
51.456677,-2.592162,robbery_biz
51.454404,-2.593529,shoplifting
51.456677,-2.592162,shoplifting
51.453861,-2.59594,shoplifting
51.455583,-2.593415,shoplifting
51.453861,-2.59594,shoplifting
51.454404,-2.593529,shoplifting
51.456137,-2.590414,shoplifting
51.456137,-2.590414,shoplifting
51.456137,-2.590414,shoplifting
51.456137,-2.590414,theft_person
51.454985,-2.588801,theft_person
51.45385,-2.592874,theft_person
51.453861,-2.59594,theft_person
51.457175,-2.593248,theft_person
51.455763,-2.591503,theft_person
51.454404,-2.593529,theft_person
51.456677,-2.592162,theft_person
51.452838,-2.595638,burglary_biz
51.452838,-2.595638,burglary_biz
51.45043,-2.593549,burglary_biz
51.452206,-2.594263,burglary_biz
51.453226,-2.595541,burglary_biz
51.452961,-2.596173,burglary_biz
51.453226,-2.595541,burglary_biz
51.450598,-2.595811,robbery_biz
51.452961,-2.596173,shoplifting
51.452961,-2.596173,shoplifting
51.452961,-2.596173,shoplifting
51.452961,-2.596173,shoplifting
51.452961,-2.596173,theft_person
51.453161,-2.600924,burglary_biz
51.448469,-2.60246,burglary_biz
51.453437,-2.599762,burglary_biz
51.450094,-2.599344,robbery_biz
51.450094,-2.599344,robbery_biz
51.454306,-2.598651,shoplifting
51.454306,-2.598651,shoplifting
51.454306,-2.598651,shoplifting
51.450094,-2.599344,shoplifting
51.453357,-2.597833,theft_person
51.446863,-2.612181,burglary_biz
51.447676,-2.608062,burglary_biz
51.446612,-2.618811,burglary_biz
51.446863,-2.612181,robbery_biz
51.446863,-2.612181,shoplifting
51.446863,-2.612181,shoplifting
51.446863,-2.612181,shoplifting
51.448244,-2.593636,robbery_biz
51.304756,-2.318566,burglary_biz
51.479362,-2.783802,burglary_biz
51.481841,-2.781526,shoplifting
51.481841,-2.781526,shoplifting
51.48242,-2.781003,shoplifting
51.482207,-2.765634,burglary_biz
51.485395,-2.767559,burglary_biz
51.485963,-2.765927,shoplifting
51.485963,-2.765927,shoplifting
51.4839,-2.765555,shoplifting
51.4839,-2.765555,shoplifting
51.4839,-2.765555,shoplifting
51.4839,-2.765555,shoplifting
51.485963,-2.765927,shoplifting
51.485963,-2.765927,shoplifting
51.4839,-2.765555,shoplifting
51.485967,-2.763604,shoplifting
51.4839,-2.765555,shoplifting
51.485963,-2.765927,shoplifting
51.4839,-2.765555,shoplifting
51.4839,-2.765555,shoplifting
51.4839,-2.765555,shoplifting
51.4839,-2.765555,shoplifting
51.4839,-2.765555,shoplifting
51.484738,-2.764855,shoplifting
51.4839,-2.765555,shoplifting
51.485963,-2.765927,shoplifting
51.4839,-2.765555,shoplifting
51.4839,-2.765555,shoplifting
51.484738,-2.764855,shoplifting
51.484077,-2.761445,shoplifting
51.485468,-2.754959,burglary_biz
51.480801,-2.686149,burglary_biz
51.433409,-2.840327,shoplifting
51.437836,-2.852421,burglary_biz
51.422697,-2.689204,burglary_biz
51.432999,-2.659927,burglary_biz
51.432999,-2.659927,burglary_biz
51.432781,-2.647553,burglary_biz
51.429411,-2.661702,burglary_biz
51.426093,-2.648753,burglary_biz
51.432118,-2.655153,burglary_biz
51.432759,-2.646531,burglary_biz
51.432118,-2.655153,burglary_biz
51.426489,-2.671124,burglary_biz
51.428649,-2.665963,robbery_biz
51.486702,-2.74893,burglary_biz
51.472584,-2.720522,burglary_biz
51.472584,-2.720522,burglary_biz
51.477507,-2.707929,shoplifting
51.433682,-2.861004,burglary_biz
51.434671,-2.852434,robbery_biz
51.436701,-2.851379,robbery_biz
51.436701,-2.851379,shoplifting
51.438619,-2.753088,burglary_biz
51.438619,-2.753088,burglary_biz
51.438619,-2.753088,burglary_biz
51.434743,-2.758179,shoplifting
51.434743,-2.758179,shoplifting
51.434743,-2.758179,shoplifting
51.434743,-2.758179,shoplifting
51.434743,-2.758179,shoplifting
51.427856,-2.74827,burglary_biz
51.425644,-2.852209,burglary_biz
51.432304,-2.842709,shoplifting
51.414094,-2.741847,burglary_biz
51.415695,-2.734755,burglary_biz
51.386783,-2.783742,shoplifting
51.393375,-2.835727,burglary_biz
51.401,-2.843154,burglary_biz
51.401,-2.843154,shoplifting
51.394136,-2.833556,shoplifting
51.392028,-2.829048,burglary_biz
51.386533,-2.819075,shoplifting
51.386533,-2.819075,shoplifting
51.414563,-2.641083,burglary_biz
51.385858,-2.712842,shoplifting
51.383797,-2.710696,theft_person
51.372229,-2.80181,burglary_biz
51.375011,-2.805207,burglary_biz
51.375011,-2.805207,shoplifting
51.354013,-2.796394,burglary_biz
51.314433,-2.832926,shoplifting
51.326521,-2.71912,burglary_biz
51.337892,-2.785506,burglary_biz
51.342124,-2.764244,burglary_biz
51.340687,-2.785683,burglary_biz
51.340185,-2.782789,shoplifting
51.340185,-2.782789,shoplifting
51.340185,-2.782789,shoplifting
51.334424,-2.792968,burglary_biz
51.574968,-2.448704,burglary_biz
51.558281,-2.486724,burglary_biz
51.568122,-2.402456,burglary_biz
51.592933,-2.528424,burglary_biz
51.568294,-2.502413,burglary_biz
51.592933,-2.528424,burglary_biz
51.563678,-2.551167,burglary_biz
51.527868,-2.599721,burglary_biz
51.527868,-2.599721,burglary_biz
51.514907,-2.624982,burglary_biz
51.5196,-2.623206,burglary_biz
51.538292,-2.61508,burglary_biz
51.525605,-2.595396,shoplifting
51.525605,-2.595396,shoplifting
51.527177,-2.597305,shoplifting
51.525605,-2.595396,shoplifting
51.524619,-2.598824,shoplifting
51.525403,-2.598546,shoplifting
51.525403,-2.598546,shoplifting
51.527868,-2.599721,shoplifting
51.525403,-2.598546,shoplifting
51.525403,-2.598546,shoplifting
51.525605,-2.595396,shoplifting
51.525403,-2.598546,shoplifting
51.525403,-2.598546,shoplifting
51.524619,-2.598824,shoplifting
51.525403,-2.598546,shoplifting
51.525403,-2.598546,shoplifting
51.525605,-2.595396,shoplifting
51.527868,-2.599721,shoplifting
51.525595,-2.60489,shoplifting
51.525605,-2.595396,shoplifting
51.527177,-2.597305,shoplifting
51.528702,-2.598733,shoplifting
51.527868,-2.599721,shoplifting
51.525403,-2.598546,shoplifting
51.525064,-2.60164,shoplifting
51.5181,-2.623008,shoplifting
51.525403,-2.598546,shoplifting
51.525605,-2.595396,shoplifting
51.527868,-2.599721,shoplifting
51.523297,-2.597264,shoplifting
51.525064,-2.60164,shoplifting
51.52368,-2.594444,shoplifting
51.52368,-2.594444,shoplifting
51.527177,-2.597305,shoplifting
51.525403,-2.598546,shoplifting
51.525403,-2.598546,shoplifting
51.528702,-2.598733,shoplifting
51.530693,-2.596496,shoplifting
51.528702,-2.598733,shoplifting
51.525403,-2.598546,shoplifting
51.525605,-2.595396,shoplifting
51.525403,-2.598546,shoplifting
51.525605,-2.595396,shoplifting
51.52368,-2.594444,shoplifting
51.525403,-2.598546,shoplifting
51.52368,-2.594444,shoplifting
51.528918,-2.600495,shoplifting
51.524619,-2.598824,shoplifting
51.527387,-2.595717,shoplifting
51.527868,-2.599721,shoplifting
51.528702,-2.598733,shoplifting
51.525403,-2.598546,shoplifting
51.528702,-2.598733,shoplifting
51.525605,-2.595396,shoplifting
51.525605,-2.595396,shoplifting
51.525403,-2.598546,shoplifting
51.524619,-2.598824,shoplifting
51.525403,-2.598546,theft_person
51.552057,-2.574463,burglary_biz
51.563793,-2.553621,burglary_biz
51.554539,-2.414495,burglary_biz
51.556452,-2.40756,burglary_biz
51.550704,-2.405691,burglary_biz
51.559052,-2.417161,shoplifting
51.559052,-2.417161,shoplifting
51.559052,-2.417161,shoplifting
51.559052,-2.417161,shoplifting
51.559052,-2.417161,shoplifting
51.559052,-2.417161,shoplifting
51.559052,-2.417161,shoplifting
51.559052,-2.417161,shoplifting
51.559052,-2.417161,shoplifting
51.559052,-2.417161,shoplifting
51.559052,-2.417161,shoplifting
51.559052,-2.417161,shoplifting
51.559052,-2.417161,shoplifting
51.559052,-2.417161,shoplifting
51.559052,-2.417161,shoplifting
51.559052,-2.417161,shoplifting
51.54146,-2.410886,robbery_biz
51.539786,-2.408867,robbery_biz
51.539636,-2.413066,robbery_biz
51.539636,-2.413066,shoplifting
51.539786,-2.408867,shoplifting
51.539636,-2.413066,shoplifting
51.539786,-2.408867,shoplifting
51.543837,-2.420295,burglary_biz
51.542031,-2.417467,shoplifting
51.550397,-2.416245,burglary_biz
51.546526,-2.417494,robbery_biz
51.549597,-2.426204,burglary_biz
51.53824,-2.392791,shoplifting
51.534624,-2.382582,burglary_biz
51.527549,-2.538045,burglary_biz
51.540473,-2.548882,burglary_biz
51.540473,-2.548882,burglary_biz
51.548383,-2.55714,burglary_biz
51.544323,-2.567401,burglary_biz
51.543188,-2.560451,burglary_biz
51.535132,-2.544954,burglary_biz
51.532884,-2.415509,robbery_biz
51.540506,-2.423754,shoplifting
51.539407,-2.555632,burglary_biz
51.534762,-2.549087,burglary_biz
51.533074,-2.548721,burglary_biz
51.533008,-2.551344,robbery_biz
51.535361,-2.547956,shoplifting
51.534762,-2.549087,shoplifting
51.535361,-2.547956,shoplifting
51.535361,-2.547956,shoplifting
51.535361,-2.547956,shoplifting
51.535424,-2.547884,shoplifting
51.535361,-2.547956,shoplifting
51.535361,-2.547956,shoplifting
51.535361,-2.547956,shoplifting
51.535361,-2.547956,shoplifting
51.535424,-2.547884,shoplifting
51.526793,-2.545892,burglary_biz
51.539752,-2.49463,burglary_biz
51.534679,-2.490797,burglary_biz
51.553738,-2.518623,burglary_biz
51.535468,-2.484938,burglary_biz
51.533073,-2.481294,shoplifting
51.532406,-2.475174,burglary_biz
51.527647,-2.471233,burglary_biz
51.51619,-2.550089,burglary_biz
51.527016,-2.550162,burglary_biz
51.521602,-2.556063,burglary_biz
51.523032,-2.559728,shoplifting
51.523032,-2.559728,shoplifting
51.523032,-2.559728,shoplifting
51.523032,-2.559728,shoplifting
51.528068,-2.501898,burglary_biz
51.525879,-2.500894,burglary_biz
51.53319,-2.494227,burglary_biz
51.531395,-2.493429,burglary_biz
51.525954,-2.506401,burglary_biz
51.514325,-2.503044,burglary_biz
51.506218,-2.560201,robbery_biz
51.506313,-2.560603,shoplifting
51.509477,-2.562616,theft_person
51.508293,-2.573221,robbery_biz
51.508216,-2.574641,robbery_biz
51.51012,-2.572927,robbery_biz
51.508216,-2.574641,shoplifting
51.508216,-2.574641,shoplifting
51.508216,-2.574641,shoplifting
51.508216,-2.574641,theft_person
51.501588,-2.568901,burglary_biz
51.50326,-2.587219,burglary_biz
51.511935,-2.571292,burglary_biz
51.52817,-2.464103,burglary_biz
51.524702,-2.467902,burglary_biz
51.524702,-2.467902,burglary_biz
51.524702,-2.467902,burglary_biz
51.524702,-2.467902,burglary_biz
51.524702,-2.467902,burglary_biz
51.529311,-2.46668,burglary_biz
51.500617,-2.467136,burglary_biz
51.500617,-2.467136,burglary_biz
51.501292,-2.469275,shoplifting
51.500057,-2.500495,burglary_biz
51.496253,-2.504761,burglary_biz
51.497278,-2.500566,burglary_biz
51.498828,-2.493322,burglary_biz
51.49638,-2.493872,burglary_biz
51.496765,-2.482402,shoplifting
51.496765,-2.482402,shoplifting
51.487201,-2.480724,burglary_biz
51.493341,-2.469813,burglary_biz
51.492367,-2.473631,shoplifting
51.492367,-2.473631,shoplifting
51.493677,-2.474998,shoplifting
51.489307,-2.501645,burglary_biz
51.487993,-2.501875,shoplifting
51.42998,-2.478066,burglary_biz
51.430583,-2.475843,burglary_biz
51.490061,-2.385737,burglary_biz
51.451166,-2.362225,burglary_biz
51.458326,-2.369818,robbery_biz
51.576009,-2.296405,burglary_biz
51.528031,-2.342366,burglary_biz
51.479227,-2.495314,burglary_biz
51.475038,-2.492965,shoplifting
51.481749,-2.504946,robbery_biz
51.480647,-2.504056,robbery_biz
51.480647,-2.504056,shoplifting
51.480647,-2.504056,shoplifting
51.480914,-2.504577,shoplifting
51.480647,-2.504056,shoplifting
51.480647,-2.504056,shoplifting
51.471086,-2.506815,burglary_biz
51.469483,-2.507431,burglary_biz
51.47133,-2.504327,burglary_biz
51.469306,-2.51077,shoplifting
51.469306,-2.51077,shoplifting
51.469306,-2.51077,shoplifting
51.460602,-2.480819,shoplifting
51.460602,-2.480819,shoplifting
51.460602,-2.480819,shoplifting
51.460602,-2.480819,shoplifting
51.460602,-2.480819,shoplifting
51.460602,-2.480819,shoplifting
51.460602,-2.480819,shoplifting
51.460602,-2.480819,shoplifting
51.460602,-2.480819,shoplifting
51.460602,-2.480819,shoplifting
51.460602,-2.480819,shoplifting
51.464502,-2.498897,burglary_biz
51.465068,-2.4948,robbery_biz
51.464351,-2.506798,burglary_biz
51.462167,-2.498296,robbery_biz
51.462167,-2.498296,shoplifting
51.470047,-2.495373,burglary_biz
51.453003,-2.517293,burglary_biz
51.462599,-2.50852,robbery_biz
51.462599,-2.50852,shoplifting
51.462599,-2.50852,shoplifting
51.462599,-2.50852,shoplifting
51.461271,-2.51019,shoplifting
51.462599,-2.50852,shoplifting
51.462599,-2.50852,shoplifting
51.462599,-2.50852,shoplifting
51.462599,-2.50852,shoplifting
51.462599,-2.50852,shoplifting
51.462599,-2.50852,shoplifting
51.462599,-2.50852,shoplifting
51.45867,-2.498128,burglary_biz
51.451967,-2.488413,burglary_biz
51.448038,-2.492602,burglary_biz
51.448987,-2.49359,burglary_biz
51.450484,-2.4947,burglary_biz
51.450651,-2.48909,burglary_biz
51.45498,-2.494605,shoplifting
51.45677,-2.500856,burglary_biz
51.450247,-2.471442,burglary_biz
51.449329,-2.471606,burglary_biz
51.445808,-2.484088,burglary_biz
51.449851,-2.482706,burglary_biz
51.449294,-2.518187,shoplifting
51.449294,-2.518187,shoplifting
51.44936,-2.505294,burglary_biz
51.44936,-2.505294,burglary_biz
51.44936,-2.505294,burglary_biz
51.4459,-2.525199,burglary_biz
51.440106,-2.519477,shoplifting
51.447177,-2.500535,robbery_biz
51.447177,-2.500535,shoplifting
51.447177,-2.500535,shoplifting
51.447177,-2.500535,shoplifting
51.438002,-2.49517,shoplifting
51.442772,-2.502516,shoplifting
51.437838,-2.493542,shoplifting
51.442378,-2.501994,shoplifting
51.43971,-2.482182,burglary_biz
51.437084,-2.48014,burglary_biz
51.443658,-2.503418,burglary_biz
51.448096,-2.497083,robbery_biz
51.448096,-2.497083,robbery_biz
51.448096,-2.497083,robbery_biz
51.444491,-2.501182,shoplifting
51.445754,-2.497009,shoplifting
51.444491,-2.501182,shoplifting
51.444491,-2.501182,shoplifting
51.444491,-2.501182,shoplifting
51.444491,-2.501182,shoplifting
51.448096,-2.497083,shoplifting
51.448096,-2.497083,shoplifting
51.537415,-2.57709,burglary_biz
51.53844,-2.584356,burglary_biz
51.541173,-2.566295,burglary_biz
51.540698,-2.562198,shoplifting
51.540698,-2.562198,shoplifting
51.540698,-2.562198,shoplifting
51.540698,-2.562198,shoplifting
51.540698,-2.562198,shoplifting
51.540698,-2.562198,shoplifting
51.530424,-2.578011,burglary_biz
51.530424,-2.578011,burglary_biz
51.530424,-2.578011,robbery_biz
51.531279,-2.578036,robbery_biz
51.530424,-2.578011,robbery_biz
51.530424,-2.578011,shoplifting
51.530424,-2.578011,shoplifting
51.530424,-2.578011,shoplifting
51.530424,-2.578011,shoplifting
51.530424,-2.578011,shoplifting
51.52634,-2.570503,burglary_biz
51.53543,-2.587677,burglary_biz
51.528781,-2.575727,burglary_biz
51.504865,-2.545342,burglary_biz
51.509176,-2.556099,burglary_biz
51.504865,-2.545342,burglary_biz
51.509231,-2.552066,shoplifting
51.509231,-2.552066,shoplifting
51.509231,-2.552066,shoplifting
51.509231,-2.552066,shoplifting
51.509231,-2.552066,shoplifting
51.507249,-2.550874,shoplifting
51.509231,-2.552066,shoplifting
51.509231,-2.552066,shoplifting
51.509231,-2.552066,shoplifting
51.508147,-2.553104,shoplifting
51.509231,-2.552066,shoplifting
51.509231,-2.552066,shoplifting
51.509231,-2.552066,shoplifting
51.509231,-2.552066,shoplifting
51.509231,-2.552066,shoplifting
51.50113,-2.544274,shoplifting
51.50113,-2.544274,shoplifting
51.50113,-2.544274,shoplifting
51.50113,-2.544274,shoplifting
51.497894,-2.564807,burglary_biz
51.495706,-2.563714,burglary_biz
51.498844,-2.56175,burglary_biz
51.51602,-2.546153,burglary_biz
51.510671,-2.542025,burglary_biz
51.423406,-2.510372,burglary_biz
51.411478,-2.505307,burglary_biz
51.411478,-2.505307,burglary_biz
51.416533,-2.501567,robbery_biz
51.416533,-2.501567,robbery_biz
51.414948,-2.499162,shoplifting
51.415165,-2.498935,shoplifting
51.418356,-2.499056,theft_person
51.413799,-2.496691,shoplifting
51.40741,-2.50831,burglary_biz
51.408476,-2.507014,robbery_biz
51.406569,-2.513419,burglary_biz
51.400223,-2.515087,burglary_biz
51.414756,-2.482696,shoplifting
51.39933,-2.347196,burglary_biz
51.397807,-2.345388,robbery_biz
51.397161,-2.344708,shoplifting
51.397161,-2.344708,shoplifting
51.397161,-2.344708,shoplifting
51.392669,-2.381223,burglary_biz
51.392782,-2.385349,burglary_biz
51.396275,-2.394793,burglary_biz
51.392085,-2.352617,shoplifting
51.392085,-2.352617,shoplifting
51.392085,-2.352617,shoplifting
51.392085,-2.352617,shoplifting
51.392611,-2.354102,shoplifting
51.392866,-2.349964,burglary_biz
51.392866,-2.349964,burglary_biz
51.392866,-2.349964,shoplifting
51.394605,-2.34259,shoplifting
51.391507,-2.350342,robbery_biz
51.391507,-2.350342,robbery_biz
51.391507,-2.350342,shoplifting
51.391507,-2.350342,shoplifting
51.391507,-2.350342,shoplifting
51.391507,-2.350342,shoplifting
51.391507,-2.350342,shoplifting
51.391507,-2.350342,shoplifting
51.391507,-2.350342,shoplifting
51.391507,-2.350342,shoplifting
51.391507,-2.350342,shoplifting
51.391507,-2.350342,shoplifting
51.391507,-2.350342,shoplifting
51.391507,-2.350342,shoplifting
51.384121,-2.357686,burglary_biz
51.384015,-2.359884,burglary_biz
51.381036,-2.357748,burglary_biz
51.380457,-2.358922,burglary_biz
51.380033,-2.359264,burglary_biz
51.383411,-2.35735,burglary_biz
51.382597,-2.361884,burglary_biz
51.387426,-2.358962,burglary_biz
51.379472,-2.360595,robbery_biz
51.381578,-2.360052,shoplifting
51.380391,-2.359956,shoplifting
51.380159,-2.359466,shoplifting
51.381578,-2.360052,shoplifting
51.379472,-2.360595,shoplifting
51.381578,-2.360052,shoplifting
51.381429,-2.361617,shoplifting
51.382537,-2.360921,shoplifting
51.380857,-2.360606,shoplifting
51.381578,-2.360052,shoplifting
51.383489,-2.361317,shoplifting
51.381578,-2.360052,shoplifting
51.384613,-2.361167,shoplifting
51.381578,-2.360052,shoplifting
51.383494,-2.359535,shoplifting
51.380159,-2.359466,shoplifting
51.383741,-2.361276,shoplifting
51.381429,-2.361617,shoplifting
51.380391,-2.359956,shoplifting
51.379472,-2.360595,shoplifting
51.381429,-2.361617,shoplifting
51.380391,-2.359956,shoplifting
51.38306,-2.360609,shoplifting
51.380159,-2.359466,shoplifting
51.380391,-2.359956,shoplifting
51.383741,-2.361276,shoplifting
51.381578,-2.360052,shoplifting
51.380159,-2.359466,shoplifting
51.383489,-2.361317,shoplifting
51.382537,-2.360921,shoplifting
51.380842,-2.362374,shoplifting
51.382714,-2.359026,shoplifting
51.380842,-2.362374,shoplifting
51.384473,-2.360074,shoplifting
51.383489,-2.361317,shoplifting
51.380857,-2.360606,shoplifting
51.383406,-2.356071,burglary_biz
51.377679,-2.355869,robbery_biz
51.377529,-2.358051,robbery_biz
51.386581,-2.352719,robbery_biz
51.378327,-2.359595,robbery_biz
51.378235,-2.359264,shoplifting
51.378904,-2.358249,shoplifting
51.378235,-2.359264,shoplifting
51.378904,-2.358249,shoplifting
51.386581,-2.352719,shoplifting
51.386581,-2.352719,shoplifting
51.378904,-2.358249,shoplifting
51.386581,-2.352719,shoplifting
51.378235,-2.359264,shoplifting
51.378898,-2.357229,theft_person
51.386259,-2.352343,theft_person
51.383944,-2.362599,burglary_biz
51.387964,-2.365017,shoplifting
51.389008,-2.35896,shoplifting
51.387964,-2.365017,shoplifting
51.38489,-2.36196,shoplifting
51.387964,-2.365017,shoplifting
51.387964,-2.365017,shoplifting
51.387964,-2.365017,shoplifting
51.385593,-2.361448,shoplifting
51.387964,-2.365017,shoplifting
51.387964,-2.365017,shoplifting
51.387964,-2.365017,shoplifting
51.389009,-2.364608,burglary_biz
51.385038,-2.388776,burglary_biz
51.385038,-2.388776,shoplifting
51.385038,-2.388776,shoplifting
51.385038,-2.388776,shoplifting
51.385038,-2.388776,shoplifting
51.385038,-2.388776,shoplifting
51.388005,-2.401922,burglary_biz
51.388288,-2.382035,burglary_biz
51.385311,-2.382197,shoplifting
51.385311,-2.382197,shoplifting
51.381292,-2.365107,robbery_biz
51.381292,-2.365107,robbery_biz
51.381192,-2.368555,robbery_biz
51.381292,-2.365107,shoplifting
51.381292,-2.365107,shoplifting
51.381292,-2.365107,shoplifting
51.381292,-2.365107,shoplifting
51.381292,-2.365107,shoplifting
51.381292,-2.365107,shoplifting
51.381292,-2.365107,shoplifting
51.381292,-2.365107,shoplifting
51.381292,-2.365107,shoplifting
51.381292,-2.365107,shoplifting
51.381292,-2.365107,shoplifting
51.381292,-2.365107,shoplifting
51.381292,-2.365107,shoplifting
51.381292,-2.365107,shoplifting
51.381292,-2.365107,shoplifting
51.381292,-2.365107,shoplifting
51.381292,-2.365107,shoplifting
51.381292,-2.365107,shoplifting
51.381292,-2.365107,shoplifting
51.381192,-2.368555,shoplifting
51.381192,-2.368555,shoplifting
51.381292,-2.365107,shoplifting
51.381292,-2.365107,shoplifting
51.381292,-2.365107,shoplifting
51.381292,-2.365107,shoplifting
51.381292,-2.365107,shoplifting
51.381292,-2.365107,shoplifting
51.381292,-2.365107,shoplifting
51.381292,-2.365107,shoplifting
51.381292,-2.365107,shoplifting
51.381292,-2.365107,shoplifting
51.381292,-2.365107,shoplifting
51.383349,-2.371719,burglary_biz
51.388311,-2.369144,burglary_biz
51.385005,-2.371072,robbery_biz
51.383005,-2.366673,robbery_biz
51.399075,-2.299471,burglary_biz
51.399666,-2.297046,burglary_biz
51.399666,-2.297046,burglary_biz
51.382076,-2.405764,burglary_biz
51.379443,-2.394605,robbery_biz
51.379443,-2.394605,shoplifting
51.379443,-2.394605,shoplifting
51.379443,-2.394605,shoplifting
51.379443,-2.394605,shoplifting
51.379443,-2.394605,shoplifting
51.379443,-2.394605,shoplifting
51.379443,-2.394605,shoplifting
51.379992,-2.330598,burglary_biz
51.375577,-2.330494,burglary_biz
51.384029,-2.349337,burglary_biz
51.384029,-2.349337,robbery_biz
51.384029,-2.349337,robbery_biz
51.384029,-2.349337,shoplifting
51.384029,-2.349337,shoplifting
51.384029,-2.349337,shoplifting
51.384029,-2.349337,shoplifting
51.384029,-2.349337,shoplifting
51.384029,-2.349337,shoplifting
51.384029,-2.349337,shoplifting
51.384029,-2.349337,shoplifting
51.384029,-2.349337,shoplifting
51.384029,-2.349337,shoplifting
51.384029,-2.349337,shoplifting
51.384029,-2.349337,shoplifting
51.384029,-2.349337,shoplifting
51.384029,-2.349337,shoplifting
51.384029,-2.349337,shoplifting
51.384029,-2.349337,shoplifting
51.384029,-2.349337,shoplifting
51.384029,-2.349337,shoplifting
51.384029,-2.349337,shoplifting
51.384029,-2.349337,shoplifting
51.384029,-2.349337,shoplifting
51.384029,-2.349337,shoplifting
51.384029,-2.349337,shoplifting
51.384029,-2.349337,shoplifting
51.384029,-2.349337,shoplifting
51.375895,-2.382578,burglary_biz
51.380514,-2.38618,shoplifting
51.382306,-2.382703,burglary_biz
51.380931,-2.387979,robbery_biz
51.377044,-2.377659,shoplifting
51.377044,-2.377659,shoplifting
51.377044,-2.377659,shoplifting
51.377044,-2.377659,shoplifting
51.377044,-2.377659,shoplifting
51.377044,-2.377659,shoplifting
51.377044,-2.377659,shoplifting
51.377044,-2.377659,shoplifting
51.377044,-2.377659,shoplifting
51.377044,-2.377659,shoplifting
51.377044,-2.377659,shoplifting
51.377044,-2.377659,shoplifting
51.377044,-2.377659,shoplifting
51.377044,-2.377659,shoplifting
51.377044,-2.377659,shoplifting
51.377044,-2.377659,shoplifting
51.371636,-2.373434,robbery_biz
51.37205,-2.396321,robbery_biz
51.37205,-2.396321,robbery_biz
51.37205,-2.396321,shoplifting
51.369427,-2.397133,burglary_biz
51.366688,-2.390818,shoplifting
51.366688,-2.390818,shoplifting
51.366688,-2.390818,shoplifting
51.372385,-2.389272,burglary_biz
51.375676,-2.389084,robbery_biz
51.375676,-2.389084,shoplifting
51.375676,-2.389084,shoplifting
51.375676,-2.389084,shoplifting
51.375676,-2.389084,shoplifting
51.375676,-2.389084,shoplifting
51.375676,-2.389084,shoplifting
51.375676,-2.389084,shoplifting
51.375676,-2.389084,shoplifting
51.375676,-2.389084,shoplifting
51.375676,-2.389084,shoplifting
51.375676,-2.389084,shoplifting
51.375676,-2.389084,shoplifting
51.346068,-2.484988,burglary_biz
51.410726,-2.451697,robbery_biz
51.398232,-2.459839,burglary_biz
51.327621,-2.473097,shoplifting
51.327621,-2.473097,shoplifting
51.327621,-2.473097,shoplifting
51.374093,-2.366264,robbery_biz
51.374093,-2.366264,robbery_biz
51.374093,-2.366264,shoplifting
51.374093,-2.366264,shoplifting
51.374093,-2.366264,shoplifting
51.374093,-2.366264,shoplifting
51.374093,-2.366264,shoplifting
51.374093,-2.366264,shoplifting
51.374093,-2.366264,shoplifting
51.374093,-2.366264,shoplifting
51.374093,-2.366264,shoplifting
51.374093,-2.366264,shoplifting
51.374093,-2.366264,shoplifting
51.374093,-2.366264,shoplifting
51.374093,-2.366264,shoplifting
51.374093,-2.366264,shoplifting
51.374093,-2.366264,shoplifting
51.374093,-2.366264,shoplifting
51.374093,-2.366264,shoplifting
51.374093,-2.366264,shoplifting
51.374093,-2.366264,shoplifting
51.374093,-2.366264,shoplifting
51.374093,-2.366264,shoplifting
51.374093,-2.366264,shoplifting
51.374093,-2.366264,shoplifting
51.356582,-2.368257,robbery_biz
51.357331,-2.370187,robbery_biz
51.356582,-2.368257,shoplifting
51.356582,-2.368257,shoplifting
51.357331,-2.370187,shoplifting
51.357331,-2.370187,shoplifting
51.356582,-2.368257,shoplifting
51.357331,-2.370187,shoplifting
51.356582,-2.368257,shoplifting
51.356582,-2.368257,shoplifting
51.356582,-2.368257,shoplifting
51.356582,-2.368257,shoplifting
51.356582,-2.368257,shoplifting
51.356582,-2.368257,shoplifting
51.357331,-2.370187,shoplifting
51.356582,-2.368257,shoplifting
51.356582,-2.368257,shoplifting
51.357331,-2.370187,shoplifting
51.357331,-2.370187,shoplifting
51.356582,-2.368257,shoplifting
51.356582,-2.368257,shoplifting
51.369368,-2.365529,shoplifting
51.369368,-2.365529,shoplifting
51.369368,-2.365529,shoplifting
51.369368,-2.365529,shoplifting
51.369368,-2.365529,shoplifting
51.369368,-2.365529,shoplifting
51.369368,-2.365529,shoplifting
51.369368,-2.365529,shoplifting
51.369368,-2.365529,shoplifting
51.359415,-2.356416,burglary_biz
51.355375,-2.363379,burglary_biz
51.359639,-2.359592,shoplifting
51.359639,-2.359592,shoplifting
51.361669,-2.354481,theft_person
51.362993,-2.335287,burglary_biz
51.363006,-2.361371,burglary_biz
51.36385,-2.386916,burglary_biz
51.357027,-2.578453,burglary_biz
51.328405,-2.541064,burglary_biz
51.363373,-2.609056,burglary_biz
51.347631,-2.634046,shoplifting
51.365813,-2.610266,shoplifting
51.36584,-2.611165,shoplifting
51.361209,-2.689588,burglary_biz
51.316277,-2.42517,shoplifting
51.316277,-2.42517,shoplifting
51.316277,-2.42517,shoplifting
51.316277,-2.42517,shoplifting
51.316277,-2.42517,shoplifting
51.316277,-2.42517,shoplifting
51.316277,-2.42517,shoplifting
51.33314,-2.410134,burglary_biz
51.37321,-2.440913,burglary_biz
51.306679,-2.501228,shoplifting
51.306679,-2.501228,shoplifting
51.509535,-2.615485,burglary_biz
51.506004,-2.611518,burglary_biz
51.506004,-2.611518,burglary_biz
51.51038,-2.617355,shoplifting
51.511061,-2.629512,shoplifting
51.511061,-2.629512,shoplifting
51.511061,-2.629512,shoplifting
51.511061,-2.629512,shoplifting
51.512852,-2.607056,burglary_biz
51.512879,-2.601854,burglary_biz
51.511802,-2.622158,burglary_biz
51.509605,-2.62099,shoplifting
51.509605,-2.62099,shoplifting
51.509605,-2.62099,shoplifting
51.509605,-2.62099,shoplifting
51.506778,-2.631801,theft_person
51.505238,-2.627198,theft_person
51.50835,-2.618653,burglary_biz
51.507985,-2.623057,shoplifting
51.507985,-2.623057,shoplifting
51.507985,-2.623057,shoplifting
51.507985,-2.623057,shoplifting
51.507985,-2.623057,shoplifting
51.503265,-2.603361,burglary_biz
51.503883,-2.602715,burglary_biz
51.504668,-2.602207,burglary_biz
51.503265,-2.603361,robbery_biz
51.503533,-2.602524,shoplifting
51.503265,-2.603361,shoplifting
51.503265,-2.603361,shoplifting
51.503265,-2.603361,shoplifting
51.503265,-2.603361,shoplifting
51.507546,-2.593297,robbery_biz
51.502485,-2.608734,burglary_biz
51.4969,-2.614176,burglary_biz
51.502191,-2.590692,burglary_biz
51.501037,-2.593054,robbery_biz
51.512047,-2.597549,shoplifting
51.508368,-2.604878,burglary_biz
51.4948,-2.677068,shoplifting
51.503178,-2.657055,robbery_biz
51.502675,-2.656914,shoplifting
51.502675,-2.656914,shoplifting
51.502675,-2.656914,shoplifting
51.502675,-2.656914,shoplifting
51.502675,-2.656914,shoplifting
51.503178,-2.657055,shoplifting
51.502675,-2.656914,shoplifting
51.502675,-2.656914,shoplifting
51.502675,-2.656914,shoplifting
51.5041,-2.64306,burglary_biz
51.50365,-2.646425,burglary_biz
51.504116,-2.65156,robbery_biz
51.506402,-2.649561,burglary_biz
51.506402,-2.649561,burglary_biz
51.506032,-2.654657,burglary_biz
51.496736,-2.580999,burglary_biz
51.494204,-2.585806,burglary_biz
51.492531,-2.589386,burglary_biz
51.494536,-2.58764,burglary_biz
51.494809,-2.59102,shoplifting
51.494809,-2.59102,shoplifting
51.496736,-2.580999,shoplifting
51.494809,-2.59102,shoplifting
51.493992,-2.5957,burglary_biz
51.490453,-2.591419,burglary_biz
51.488663,-2.586153,burglary_biz
51.493659,-2.577863,burglary_biz
51.486228,-2.61049,shoplifting
51.486228,-2.61049,shoplifting
51.486228,-2.61049,shoplifting
51.486228,-2.61049,shoplifting
51.486228,-2.61049,shoplifting
51.486228,-2.61049,shoplifting
51.486228,-2.61049,shoplifting
51.486228,-2.61049,shoplifting
51.486228,-2.61049,shoplifting
51.486228,-2.61049,shoplifting
51.486228,-2.61049,shoplifting
51.486228,-2.61049,shoplifting
51.486228,-2.61049,shoplifting
51.486228,-2.61049,shoplifting
51.486228,-2.61049,shoplifting
51.486228,-2.61049,shoplifting
51.486228,-2.61049,shoplifting
51.486228,-2.61049,shoplifting
51.486228,-2.61049,shoplifting
51.486228,-2.61049,shoplifting
51.486228,-2.61049,shoplifting
51.486228,-2.61049,shoplifting
51.486228,-2.61049,shoplifting
51.486228,-2.61049,shoplifting
51.486228,-2.61049,shoplifting
51.486228,-2.61049,shoplifting
51.486228,-2.61049,shoplifting
51.486228,-2.61049,shoplifting
51.486228,-2.61049,shoplifting
51.486228,-2.61049,shoplifting
51.493328,-2.619746,burglary_biz
51.492183,-2.616936,burglary_biz
51.493328,-2.619746,robbery_biz
51.493328,-2.619746,shoplifting
51.495553,-2.620741,shoplifting
51.488116,-2.644174,robbery_biz
51.491789,-2.649843,burglary_biz
51.491883,-2.676132,burglary_biz
51.491465,-2.686266,burglary_biz
51.489736,-2.677483,shoplifting
51.489736,-2.677483,shoplifting
51.48931,-2.678067,shoplifting
51.48931,-2.678067,shoplifting
51.49909,-2.695326,burglary_biz
51.506264,-2.695404,burglary_biz
51.518733,-2.692959,burglary_biz
51.500623,-2.691201,burglary_biz
51.500623,-2.691201,burglary_biz
51.489645,-2.625846,burglary_biz
51.484621,-2.618605,burglary_biz
51.484621,-2.618605,burglary_biz
51.487192,-2.581799,burglary_biz
51.488292,-2.573935,shoplifting
51.485471,-2.596813,shoplifting
51.485471,-2.596813,shoplifting
51.489999,-2.595936,burglary_biz
51.487194,-2.594056,burglary_biz
51.492352,-2.612171,burglary_biz
51.480582,-2.610429,burglary_biz
51.482431,-2.543375,burglary_biz
51.481712,-2.537563,shoplifting
51.481712,-2.537563,shoplifting
51.481712,-2.537563,shoplifting
51.481712,-2.537563,shoplifting
51.481712,-2.537563,shoplifting
51.481712,-2.537563,shoplifting
51.481712,-2.537563,shoplifting
51.481712,-2.537563,shoplifting
51.485796,-2.550688,robbery_biz
51.483194,-2.553421,shoplifting
51.495316,-2.531754,robbery_biz
51.483882,-2.542802,burglary_biz
51.483882,-2.542802,burglary_biz
51.483882,-2.542802,burglary_biz
51.489372,-2.539626,robbery_biz
51.486026,-2.545794,robbery_biz
51.483039,-2.536455,burglary_biz
51.479472,-2.531892,burglary_biz
51.478716,-2.53207,robbery_biz
51.478716,-2.53207,shoplifting
51.478303,-2.533822,shoplifting
51.477634,-2.534592,shoplifting
51.477634,-2.534592,shoplifting
51.477634,-2.534592,shoplifting
51.478303,-2.533822,shoplifting
51.478303,-2.533822,shoplifting
51.478303,-2.533822,shoplifting
51.478303,-2.533822,shoplifting
51.477634,-2.534592,shoplifting
51.478303,-2.533822,shoplifting
51.477634,-2.534592,shoplifting
51.478303,-2.533822,shoplifting
51.477634,-2.534592,shoplifting
51.478303,-2.533822,shoplifting
51.478303,-2.533822,shoplifting
51.478303,-2.533822,shoplifting
51.478303,-2.533822,shoplifting
51.477634,-2.534592,shoplifting
51.478303,-2.533822,shoplifting
51.477634,-2.534592,shoplifting
51.478303,-2.533822,shoplifting
51.477634,-2.534592,shoplifting
51.478303,-2.533822,shoplifting
51.478303,-2.533822,shoplifting
51.478303,-2.533822,shoplifting
51.477634,-2.534592,shoplifting
51.478303,-2.533822,shoplifting
51.478303,-2.533822,shoplifting
51.478303,-2.533822,shoplifting
51.478303,-2.533822,shoplifting
51.478303,-2.533822,shoplifting
51.478303,-2.533822,shoplifting
51.481058,-2.529016,burglary_biz
51.481934,-2.528205,burglary_biz
51.479244,-2.526489,burglary_biz
51.481058,-2.529016,burglary_biz
51.477864,-2.529526,robbery_biz
51.481058,-2.529016,shoplifting
51.479744,-2.529274,shoplifting
51.481058,-2.529016,shoplifting
51.479744,-2.529274,theft_person
51.485141,-2.516735,robbery_biz
51.481546,-2.52257,burglary_biz
51.482077,-2.525515,shoplifting
51.493058,-2.562644,burglary_biz
51.490588,-2.564083,burglary_biz
51.481558,-2.572021,burglary_biz
51.481836,-2.576146,shoplifting
51.481836,-2.576146,shoplifting
51.481836,-2.576146,shoplifting
51.481836,-2.576146,shoplifting
51.481836,-2.576146,shoplifting
51.481836,-2.576146,shoplifting
51.481836,-2.576146,shoplifting
51.481836,-2.576146,shoplifting
51.481836,-2.576146,shoplifting
51.481836,-2.576146,shoplifting
51.476166,-2.573221,theft_person
51.473629,-2.566033,robbery_biz
51.473629,-2.566033,robbery_biz
51.473629,-2.566033,robbery_biz
51.473629,-2.566033,robbery_biz
51.473961,-2.562481,robbery_biz
51.473961,-2.562481,shoplifting
51.472616,-2.567403,shoplifting
51.473629,-2.566033,shoplifting
51.473961,-2.562481,shoplifting
51.473629,-2.566033,shoplifting
51.473629,-2.566033,shoplifting
51.473961,-2.562481,shoplifting
51.473961,-2.562481,shoplifting
51.473629,-2.566033,shoplifting
51.473629,-2.566033,shoplifting
51.473961,-2.562481,shoplifting
51.473464,-2.565702,shoplifting
51.473961,-2.562481,shoplifting
51.473629,-2.566033,shoplifting
51.472616,-2.567403,shoplifting
51.473961,-2.562481,shoplifting
51.473629,-2.566033,shoplifting
51.473961,-2.562481,shoplifting
51.473629,-2.566033,shoplifting
51.473961,-2.562481,shoplifting
51.473629,-2.566033,shoplifting
51.472616,-2.567403,shoplifting
51.47594,-2.62946,burglary_biz
51.47594,-2.62946,burglary_biz
51.475879,-2.634124,burglary_biz
51.487577,-2.634272,burglary_biz
51.485704,-2.639704,shoplifting
51.482683,-2.637977,burglary_biz
51.484085,-2.629817,burglary_biz
51.477573,-2.586875,burglary_biz
51.481154,-2.588116,shoplifting
51.479983,-2.588562,shoplifting
51.479983,-2.588562,shoplifting
51.479983,-2.588562,shoplifting
51.479983,-2.588562,shoplifting
51.481154,-2.588116,shoplifting
51.481154,-2.588116,shoplifting
51.477894,-2.58207,burglary_biz
51.478955,-2.580226,burglary_biz
51.481963,-2.581113,burglary_biz
51.477481,-2.580092,burglary_biz
51.476093,-2.595049,burglary_biz
51.476917,-2.588551,burglary_biz
51.476093,-2.595049,burglary_biz
51.477169,-2.593868,burglary_biz
51.477169,-2.593868,burglary_biz
51.475816,-2.591258,robbery_biz
51.481924,-2.58706,shoplifting
51.483548,-2.587844,shoplifting
51.481924,-2.58706,shoplifting
51.477454,-2.615297,burglary_biz
51.479442,-2.613452,burglary_biz
51.478904,-2.614899,burglary_biz
51.479442,-2.613452,burglary_biz
51.479442,-2.613452,burglary_biz
51.480393,-2.612227,robbery_biz
51.480393,-2.612227,shoplifting
51.480393,-2.612227,shoplifting
51.475757,-2.608046,burglary_biz
51.472529,-2.606276,burglary_biz
51.472193,-2.612016,burglary_biz
51.478002,-2.536713,burglary_biz
51.47722,-2.538561,shoplifting
51.476822,-2.541105,theft_person
51.47722,-2.538561,theft_person
51.474003,-2.557471,burglary_biz
51.470385,-2.58769,burglary_biz
51.470909,-2.587063,burglary_biz
51.4689,-2.589772,burglary_biz
51.475271,-2.594016,burglary_biz
51.473193,-2.59072,shoplifting
51.473193,-2.59072,shoplifting
51.473193,-2.59072,shoplifting
51.473193,-2.59072,shoplifting
51.472427,-2.599839,burglary_biz
51.471506,-2.593521,burglary_biz
51.471506,-2.593521,burglary_biz
51.471506,-2.593521,shoplifting
51.471506,-2.593521,shoplifting
51.4703,-2.528071,robbery_biz
51.4703,-2.528071,robbery_biz
51.474759,-2.536534,burglary_biz
51.468442,-2.535147,burglary_biz
51.470163,-2.530473,robbery_biz
51.471617,-2.523004,robbery_biz
51.471617,-2.523004,shoplifting
51.471617,-2.523004,shoplifting
51.471617,-2.523004,shoplifting
51.471617,-2.523004,shoplifting
51.471617,-2.523004,shoplifting
51.471617,-2.523004,shoplifting
51.471617,-2.523004,shoplifting
51.471617,-2.523004,shoplifting
51.468312,-2.520202,theft_person
51.463598,-2.608345,burglary_biz
51.462564,-2.604949,burglary_biz
51.463156,-2.60703,shoplifting
51.468419,-2.613275,shoplifting
51.468419,-2.613275,shoplifting
51.468419,-2.613275,shoplifting
51.468419,-2.613275,shoplifting
51.468419,-2.613275,shoplifting
51.467765,-2.606025,burglary_biz
51.467894,-2.607049,burglary_biz
51.466229,-2.607358,shoplifting
51.467914,-2.603191,theft_person
51.462268,-2.597762,burglary_biz
51.4628,-2.599237,burglary_biz
51.468755,-2.59884,burglary_biz
51.469879,-2.595256,burglary_biz
51.469201,-2.594138,shoplifting
51.461023,-2.591542,burglary_biz
51.457668,-2.586303,burglary_biz
51.459258,-2.592109,burglary_biz
51.45821,-2.587749,burglary_biz
51.458559,-2.58974,burglary_biz
51.459122,-2.594036,robbery_biz
51.45821,-2.587749,robbery_biz
51.459122,-2.594036,robbery_biz
51.459258,-2.592109,robbery_biz
51.457668,-2.586303,robbery_biz
51.458559,-2.58974,shoplifting
51.459122,-2.594036,shoplifting
51.458559,-2.58974,shoplifting
51.457668,-2.586303,shoplifting
51.459122,-2.594036,shoplifting
51.459258,-2.592109,shoplifting
51.45821,-2.587749,shoplifting
51.459122,-2.594036,shoplifting
51.459122,-2.594036,shoplifting
51.458559,-2.58974,shoplifting
51.458559,-2.58974,shoplifting
51.459122,-2.594036,shoplifting
51.458559,-2.58974,shoplifting
51.459122,-2.594036,shoplifting
51.459122,-2.594036,shoplifting
51.459122,-2.594036,shoplifting
51.459122,-2.594036,shoplifting
51.459122,-2.594036,shoplifting
51.45821,-2.587749,shoplifting
51.45821,-2.587749,shoplifting
51.457668,-2.586303,shoplifting
51.459122,-2.594036,shoplifting
51.45821,-2.587749,shoplifting
51.458559,-2.58974,shoplifting
51.456685,-2.586981,shoplifting
51.45821,-2.587749,shoplifting
51.459122,-2.594036,shoplifting
51.45821,-2.587749,shoplifting
51.459122,-2.594036,shoplifting
51.458559,-2.58974,shoplifting
51.459122,-2.594036,shoplifting
51.459122,-2.594036,shoplifting
51.45821,-2.587749,shoplifting
51.459122,-2.594036,shoplifting
51.458559,-2.58974,shoplifting
51.459122,-2.594036,shoplifting
51.459122,-2.594036,shoplifting
51.459258,-2.592109,theft_person
51.458559,-2.58974,theft_person
51.458559,-2.58974,theft_person
51.457668,-2.586303,theft_person
51.462846,-2.590141,burglary_biz
51.463483,-2.590566,robbery_biz
51.464084,-2.590833,robbery_biz
51.462846,-2.590141,shoplifting
51.462736,-2.609845,burglary_biz
51.458889,-2.609564,shoplifting
51.462706,-2.614019,burglary_biz
51.462563,-2.610419,burglary_biz
51.462563,-2.610419,burglary_biz
51.463864,-2.610897,robbery_biz
51.463864,-2.610897,shoplifting
51.463864,-2.610897,shoplifting
51.463864,-2.610897,shoplifting
51.463864,-2.610897,shoplifting
51.463864,-2.610897,shoplifting
51.463864,-2.610897,shoplifting
51.463864,-2.610897,shoplifting
51.463864,-2.610897,shoplifting
51.463864,-2.610897,shoplifting
51.463864,-2.610897,shoplifting
51.463864,-2.610897,shoplifting
51.463864,-2.610897,shoplifting
51.463864,-2.610897,shoplifting
51.463864,-2.610897,shoplifting
51.463864,-2.610897,shoplifting
51.463864,-2.610897,shoplifting
51.463864,-2.610897,shoplifting
51.463864,-2.610897,shoplifting
51.470826,-2.615568,robbery_biz
51.45665,-2.607936,robbery_biz
51.45852,-2.609717,shoplifting
51.460076,-2.516107,burglary_biz
51.463643,-2.514506,burglary_biz
51.466398,-2.51386,shoplifting
51.463142,-2.515954,shoplifting
51.466398,-2.51386,shoplifting
51.466398,-2.51386,shoplifting
51.466398,-2.51386,shoplifting
51.466398,-2.51386,shoplifting
51.466398,-2.51386,shoplifting
51.466398,-2.51386,shoplifting
51.466398,-2.51386,shoplifting
51.466398,-2.51386,shoplifting
51.466398,-2.51386,shoplifting
51.466398,-2.51386,shoplifting
51.466398,-2.51386,shoplifting
51.466398,-2.51386,shoplifting
51.466975,-2.527514,burglary_biz
51.466329,-2.521173,burglary_biz
51.464266,-2.52423,burglary_biz
51.462335,-2.519587,burglary_biz
51.455637,-2.525455,burglary_biz
51.461513,-2.53449,shoplifting
51.459988,-2.541539,burglary_biz
51.459988,-2.541539,theft_person
51.465629,-2.532504,burglary_biz
51.460989,-2.531144,robbery_biz
51.460989,-2.531144,robbery_biz
51.460989,-2.531144,shoplifting
51.460989,-2.531144,shoplifting
51.460989,-2.531144,shoplifting
51.460989,-2.531144,shoplifting
51.460989,-2.531144,shoplifting
51.460989,-2.531144,shoplifting
51.460989,-2.531144,shoplifting
51.460989,-2.531144,shoplifting
51.460989,-2.531144,shoplifting
51.460989,-2.531144,shoplifting
51.461923,-2.526864,shoplifting
51.461923,-2.526864,shoplifting
51.461923,-2.526864,shoplifting
51.460989,-2.531144,shoplifting
51.460989,-2.531144,shoplifting
51.461923,-2.526864,shoplifting
51.460989,-2.531144,shoplifting
51.460989,-2.531144,shoplifting
51.460989,-2.531144,shoplifting
51.460989,-2.531144,shoplifting
51.461923,-2.526864,shoplifting
51.460989,-2.531144,shoplifting
51.460989,-2.531144,shoplifting
51.461923,-2.526864,shoplifting
51.461923,-2.526864,shoplifting
51.460989,-2.531144,shoplifting
51.460989,-2.531144,shoplifting
51.463353,-2.556334,burglary_biz
51.459532,-2.55623,burglary_biz
51.457623,-2.560683,robbery_biz
51.463669,-2.552321,burglary_biz
51.458608,-2.557816,burglary_biz
51.454673,-2.553177,burglary_biz
51.457692,-2.559403,burglary_biz
51.459174,-2.552109,burglary_biz
51.457037,-2.551536,burglary_biz
51.4604,-2.551447,burglary_biz
51.459436,-2.55381,robbery_biz
51.460097,-2.552782,shoplifting
51.459436,-2.55381,shoplifting
51.460097,-2.552782,shoplifting
51.460097,-2.552782,shoplifting
51.459436,-2.55381,shoplifting
51.460097,-2.552782,shoplifting
51.459436,-2.55381,shoplifting
51.460097,-2.552782,shoplifting
51.460097,-2.552782,shoplifting
51.460097,-2.552782,shoplifting
51.460097,-2.552782,shoplifting
51.460097,-2.552782,shoplifting
51.459436,-2.55381,shoplifting
51.459436,-2.55381,shoplifting
51.460097,-2.552782,shoplifting
51.460097,-2.552782,shoplifting
51.460097,-2.552782,shoplifting
51.460097,-2.552782,shoplifting
51.460097,-2.552782,shoplifting
51.460097,-2.552782,shoplifting
51.460097,-2.552782,shoplifting
51.459436,-2.55381,shoplifting
51.45903,-2.548336,shoplifting
51.455201,-2.618553,burglary_biz
51.455201,-2.618553,burglary_biz
51.455544,-2.618327,shoplifting
51.455066,-2.620249,burglary_biz
51.45424,-2.618367,burglary_biz
51.45376,-2.617325,burglary_biz
51.454444,-2.620232,shoplifting
51.45626,-2.54066,burglary_biz
51.452004,-2.529601,burglary_biz
51.454619,-2.525947,shoplifting
51.454619,-2.525947,shoplifting
51.454619,-2.525947,shoplifting
51.454619,-2.525947,shoplifting
51.454619,-2.525947,shoplifting
51.454619,-2.525947,shoplifting
51.454619,-2.525947,shoplifting
51.454619,-2.525947,shoplifting
51.454619,-2.525947,shoplifting
51.454619,-2.525947,shoplifting
51.449405,-2.612747,burglary_biz
51.44983,-2.615703,shoplifting
51.454828,-2.545206,robbery_biz
51.450857,-2.552138,robbery_biz
51.454828,-2.545206,shoplifting
51.448407,-2.541474,shoplifting
51.443407,-2.56635,shoplifting
51.442706,-2.562529,shoplifting
51.443407,-2.56635,shoplifting
51.443407,-2.56635,shoplifting
51.443407,-2.56635,shoplifting
51.443407,-2.56635,shoplifting
51.443861,-2.550241,burglary_biz
51.444205,-2.618304,burglary_biz
51.445664,-2.614424,burglary_biz
51.44061,-2.607781,burglary_biz
51.440576,-2.610773,burglary_biz
51.440729,-2.609106,robbery_biz
51.444996,-2.611609,burglary_biz
51.442396,-2.613517,burglary_biz
51.44562,-2.609142,shoplifting
51.442396,-2.613517,shoplifting
51.44562,-2.609142,shoplifting
51.440866,-2.61728,robbery_biz
51.438012,-2.619558,shoplifting
51.438012,-2.619558,shoplifting
51.438012,-2.619558,theft_person
51.44388,-2.581781,burglary_biz
51.442329,-2.578984,burglary_biz
51.440764,-2.579166,burglary_biz
51.437853,-2.584135,burglary_biz
51.445109,-2.541061,robbery_biz
51.440433,-2.539092,burglary_biz
51.440574,-2.537928,shoplifting
51.432617,-2.539951,burglary_biz
51.432617,-2.539951,shoplifting
51.432617,-2.539951,shoplifting
51.434307,-2.547493,burglary_biz
51.434307,-2.547493,burglary_biz
51.433373,-2.547237,burglary_biz
51.434267,-2.548261,robbery_biz
51.431731,-2.611921,burglary_biz
51.433671,-2.605574,robbery_biz
51.445212,-2.592187,robbery_biz
51.443759,-2.595117,robbery_biz
51.443759,-2.595117,robbery_biz
51.442289,-2.597775,robbery_biz
51.443759,-2.595117,shoplifting
51.443759,-2.595117,shoplifting
51.444573,-2.592466,shoplifting
51.443759,-2.595117,shoplifting
51.443759,-2.595117,shoplifting
51.443759,-2.595117,shoplifting
51.443759,-2.595117,shoplifting
51.443759,-2.595117,shoplifting
51.443759,-2.595117,shoplifting
51.443759,-2.595117,shoplifting
51.441695,-2.597867,robbery_biz
51.441695,-2.597867,robbery_biz
51.441695,-2.597867,shoplifting
51.441695,-2.597867,shoplifting
51.437584,-2.603396,burglary_biz
51.44087,-2.602734,shoplifting
51.437761,-2.596982,burglary_biz
51.439653,-2.594388,robbery_biz
51.438648,-2.595828,robbery_biz
51.438892,-2.590321,burglary_biz
51.439056,-2.591589,burglary_biz
51.437412,-2.591237,burglary_biz
51.437333,-2.590948,burglary_biz
51.434782,-2.611444,burglary_biz
51.433552,-2.619656,burglary_biz
51.433552,-2.619656,shoplifting
51.433552,-2.619656,shoplifting
51.433552,-2.619656,shoplifting
51.436641,-2.563476,burglary_biz
51.438873,-2.557504,burglary_biz
51.433161,-2.554097,burglary_biz
51.433161,-2.554097,shoplifting
51.433161,-2.554097,shoplifting
51.433161,-2.554097,shoplifting
51.429289,-2.543837,burglary_biz
51.429289,-2.543837,robbery_biz
51.429819,-2.545013,robbery_biz
51.425766,-2.544998,robbery_biz
51.429289,-2.543837,shoplifting
51.429819,-2.545013,shoplifting
51.429289,-2.543837,shoplifting
51.429819,-2.545013,shoplifting
51.429289,-2.543837,shoplifting
51.425766,-2.544998,theft_person
51.429819,-2.545013,theft_person
51.428382,-2.584576,burglary_biz
51.433431,-2.578339,burglary_biz
51.419686,-2.598975,burglary_biz
51.418334,-2.589164,theft_person
51.425806,-2.590958,robbery_biz
51.428076,-2.586398,robbery_biz
51.423531,-2.618787,burglary_biz
51.420802,-2.629665,burglary_biz
51.420802,-2.629665,burglary_biz
51.415277,-2.574501,burglary_biz
51.420078,-2.57459,burglary_biz
51.413835,-2.570346,shoplifting
51.41045,-2.607999,burglary_biz
51.414416,-2.611388,robbery_biz
51.414416,-2.611388,robbery_biz
51.414416,-2.611388,shoplifting
51.414416,-2.611388,shoplifting
51.414416,-2.611388,shoplifting
51.414416,-2.611388,shoplifting
51.414416,-2.611388,shoplifting
51.414416,-2.611388,shoplifting
51.414416,-2.611388,shoplifting
51.414416,-2.611388,shoplifting
51.414416,-2.611388,shoplifting
51.414416,-2.611388,shoplifting
51.414416,-2.611388,shoplifting
51.414416,-2.611388,shoplifting
51.414416,-2.611388,shoplifting
51.414416,-2.611388,shoplifting
51.414416,-2.611388,shoplifting
51.414591,-2.600275,burglary_biz
51.416344,-2.602009,robbery_biz
51.415331,-2.597955,robbery_biz
51.416344,-2.602009,robbery_biz
51.41512,-2.599867,robbery_biz
51.41512,-2.599867,robbery_biz
51.416138,-2.600036,shoplifting
51.415331,-2.597955,shoplifting
51.416138,-2.600036,shoplifting
51.416138,-2.600036,shoplifting
51.416344,-2.602009,shoplifting
51.416138,-2.600036,shoplifting
51.416344,-2.602009,shoplifting
51.416344,-2.602009,shoplifting
51.416138,-2.600036,shoplifting
51.415331,-2.597955,shoplifting
51.415331,-2.597955,shoplifting
51.416138,-2.600036,shoplifting
51.416344,-2.602009,shoplifting
51.416138,-2.600036,shoplifting
51.41512,-2.599867,shoplifting
51.41512,-2.599867,shoplifting
51.412523,-2.619228,robbery_biz
51.412523,-2.619228,robbery_biz
51.412523,-2.619228,robbery_biz
51.412523,-2.619228,shoplifting
51.412523,-2.619228,shoplifting
51.412523,-2.619228,shoplifting
51.412523,-2.619228,shoplifting
51.412523,-2.619228,shoplifting
51.412523,-2.619228,shoplifting
51.412523,-2.619228,shoplifting
51.412523,-2.619228,shoplifting
51.412523,-2.619228,shoplifting
51.412523,-2.619228,shoplifting
51.412523,-2.619228,shoplifting
51.412523,-2.619228,shoplifting
51.412523,-2.619228,shoplifting
51.412523,-2.619228,shoplifting
51.412523,-2.619228,shoplifting
51.412523,-2.619228,shoplifting
51.412523,-2.619228,shoplifting
51.412523,-2.619228,shoplifting
51.412523,-2.619228,shoplifting
51.412523,-2.619228,shoplifting
51.412523,-2.619228,shoplifting
51.412523,-2.619228,shoplifting
51.412523,-2.619228,shoplifting
51.412523,-2.619228,shoplifting
51.412523,-2.619228,shoplifting
51.412523,-2.619228,shoplifting
51.412523,-2.619228,shoplifting
51.412523,-2.619228,shoplifting
51.412523,-2.619228,shoplifting
51.412523,-2.619228,shoplifting
51.412523,-2.619228,shoplifting
51.412523,-2.619228,shoplifting
51.414939,-2.55136,burglary_biz
51.413796,-2.559183,robbery_biz
51.412306,-2.547072,shoplifting
51.412306,-2.547072,shoplifting
51.412306,-2.547072,shoplifting
51.410443,-2.621486,robbery_biz
51.409352,-2.625425,burglary_biz
51.406108,-2.624978,burglary_biz
51.406108,-2.624978,burglary_biz
51.411719,-2.602681,robbery_biz
51.406099,-2.614856,robbery_biz
51.404794,-2.614997,burglary_biz
51.407081,-2.577259,burglary_biz
51.407081,-2.577259,shoplifting
51.406093,-2.571582,robbery_biz
51.404206,-2.600124,shoplifting
51.404206,-2.600124,shoplifting
51.404206,-2.600124,shoplifting
51.406587,-2.598689,shoplifting
51.404206,-2.600124,shoplifting
51.404206,-2.600124,shoplifting
51.404206,-2.600124,shoplifting
51.404206,-2.600124,shoplifting
51.406587,-2.598689,shoplifting
51.404206,-2.600124,shoplifting
51.404206,-2.600124,shoplifting
51.404206,-2.600124,shoplifting
51.404206,-2.600124,shoplifting
51.404206,-2.600124,shoplifting
51.40514,-2.596873,shoplifting
51.408353,-2.597907,robbery_biz
51.408251,-2.589638,burglary_biz
51.411661,-2.589352,burglary_biz
51.410456,-2.594627,burglary_biz
51.411774,-2.591927,burglary_biz
51.411661,-2.589352,burglary_biz
51.410456,-2.594627,burglary_biz
51.407281,-2.591193,burglary_biz
51.407281,-2.591193,robbery_biz
51.447646,-2.574749,burglary_biz
51.45257,-2.579142,burglary_biz
51.457581,-2.578601,burglary_biz
51.456786,-2.581211,burglary_biz
51.456118,-2.581562,burglary_biz
51.452546,-2.58392,robbery_biz
51.454693,-2.578896,robbery_biz
51.452546,-2.58392,robbery_biz
51.453205,-2.581683,robbery_biz
51.457581,-2.578601,robbery_biz
51.453205,-2.581683,shoplifting
51.453205,-2.581683,shoplifting
51.450479,-2.581908,shoplifting
51.452546,-2.58392,shoplifting
51.453205,-2.581683,shoplifting
51.458707,-2.578169,burglary_biz
51.458707,-2.578169,burglary_biz
51.458279,-2.584727,burglary_biz
51.458279,-2.584727,burglary_biz
51.459066,-2.580088,burglary_biz
51.457566,-2.581566,burglary_biz
51.459066,-2.580088,burglary_biz
51.458279,-2.584727,burglary_biz
51.459066,-2.580088,robbery_biz
51.458216,-2.577372,robbery_biz
51.458279,-2.584727,robbery_biz
51.458279,-2.584727,robbery_biz
51.45929,-2.576637,robbery_biz
51.458279,-2.584727,shoplifting
51.458279,-2.584727,shoplifting
51.458279,-2.584727,shoplifting
51.458279,-2.584727,shoplifting
51.458279,-2.584727,shoplifting
51.458279,-2.584727,shoplifting
51.458279,-2.584727,shoplifting
51.459476,-2.584368,shoplifting
51.458279,-2.584727,shoplifting
51.458279,-2.584727,shoplifting
51.459476,-2.584368,shoplifting
51.458279,-2.584727,shoplifting
51.458279,-2.584727,shoplifting
51.458279,-2.584727,shoplifting
51.459476,-2.584368,shoplifting
51.459476,-2.584368,shoplifting
51.458279,-2.584727,shoplifting
51.458279,-2.584727,shoplifting
51.458279,-2.584727,shoplifting
51.458279,-2.584727,shoplifting
51.458279,-2.584727,shoplifting
51.459476,-2.584368,shoplifting
51.459476,-2.584368,shoplifting
51.458279,-2.584727,shoplifting
51.459476,-2.584368,shoplifting
51.458279,-2.584727,shoplifting
51.458279,-2.584727,shoplifting
51.458279,-2.584727,shoplifting
51.459476,-2.584368,shoplifting
51.458279,-2.584727,shoplifting
51.459476,-2.584368,shoplifting
51.458279,-2.584727,shoplifting
51.458279,-2.584727,shoplifting
51.459476,-2.584368,shoplifting
51.458279,-2.584727,shoplifting
51.458279,-2.584727,shoplifting
51.459476,-2.584368,shoplifting
51.458279,-2.584727,shoplifting
51.458279,-2.584727,shoplifting
51.459476,-2.584368,shoplifting
51.458279,-2.584727,shoplifting
51.458279,-2.584727,shoplifting
51.446085,-2.588615,burglary_biz
51.446085,-2.588615,burglary_biz
51.45216,-2.589125,burglary_biz
51.452148,-2.591643,burglary_biz
51.452148,-2.591643,burglary_biz
51.450971,-2.587872,burglary_biz
51.450638,-2.589695,burglary_biz
51.453253,-2.588275,burglary_biz
51.447724,-2.589874,robbery_biz
51.450646,-2.588084,robbery_biz
51.453253,-2.588275,shoplifting
51.451687,-2.586744,theft_person
51.462109,-2.562767,robbery_biz
51.46257,-2.569754,burglary_biz
51.461431,-2.565436,shoplifting
51.458611,-2.564639,shoplifting
51.466184,-2.569857,burglary_biz
51.463611,-2.569983,robbery_biz
51.460796,-2.575706,burglary_biz
51.44766,-2.560705,burglary_biz
51.44766,-2.560705,robbery_biz
51.454919,-2.563801,robbery_biz
51.44766,-2.560705,shoplifting
51.44766,-2.560705,shoplifting
51.447439,-2.560567,shoplifting
51.456095,-2.566176,burglary_biz
51.456001,-2.563253,burglary_biz
51.456117,-2.567242,burglary_biz
51.45564,-2.569121,shoplifting
51.457638,-2.57427,burglary_biz
51.459514,-2.569515,burglary_biz
51.455847,-2.574593,burglary_biz
51.469538,-2.564126,burglary_biz
51.467052,-2.555731,burglary_biz
51.467816,-2.561427,burglary_biz
51.471261,-2.564795,burglary_biz
51.46935,-2.560323,burglary_biz
51.46856,-2.559967,burglary_biz
51.467185,-2.551509,burglary_biz
51.465503,-2.55613,burglary_biz
51.471112,-2.573259,burglary_biz
51.470699,-2.575139,burglary_biz
51.469136,-2.579221,burglary_biz
51.471112,-2.573259,robbery_biz
51.469136,-2.579221,robbery_biz
51.469136,-2.579221,shoplifting
51.469471,-2.581574,burglary_biz
51.469178,-2.575365,burglary_biz
51.466546,-2.580284,robbery_biz
51.465607,-2.579178,robbery_biz
51.466546,-2.580284,robbery_biz
51.463902,-2.587577,burglary_biz
51.466366,-2.58938,burglary_biz
51.46492,-2.588987,burglary_biz
51.46492,-2.588987,burglary_biz
51.464894,-2.5889,robbery_biz
51.465529,-2.589542,robbery_biz
51.466366,-2.58938,robbery_biz
51.465529,-2.589542,shoplifting
51.465529,-2.589542,shoplifting
51.465739,-2.585298,theft_person
51.463493,-2.588422,burglary_biz
51.463493,-2.588422,burglary_biz
51.464348,-2.586633,burglary_biz
51.4635,-2.587169,robbery_biz
51.4635,-2.587169,robbery_biz
51.461624,-2.58965,shoplifting
51.46351,-2.586925,theft_person
51.46351,-2.586925,theft_person
51.461709,-2.587391,burglary_biz
51.459741,-2.587279,burglary_biz
51.460379,-2.583646,burglary_biz
51.46014,-2.586493,burglary_biz
51.459732,-2.588963,burglary_biz
51.460818,-2.583968,burglary_biz
51.460348,-2.584509,burglary_biz
51.459732,-2.588963,burglary_biz
51.460633,-2.586816,burglary_biz
51.459452,-2.587535,robbery_biz
51.460355,-2.588525,robbery_biz
51.459452,-2.587535,shoplifting
51.459741,-2.587279,shoplifting
51.459452,-2.587535,shoplifting
51.459741,-2.587279,shoplifting
51.459452,-2.587535,shoplifting
51.459566,-2.588069,shoplifting
51.459566,-2.588069,shoplifting
51.459452,-2.587535,shoplifting
51.459452,-2.587535,shoplifting
51.459452,-2.587535,shoplifting
51.459452,-2.587535,shoplifting
51.459452,-2.587535,shoplifting
51.462,-2.60795,burglary_biz
51.461429,-2.601839,shoplifting
51.456782,-2.596208,burglary_biz
51.455696,-2.594093,burglary_biz
51.458613,-2.595196,burglary_biz
51.457378,-2.602793,burglary_biz
51.460387,-2.598184,burglary_biz
51.455363,-2.604753,burglary_biz
51.454149,-2.603053,burglary_biz
51.456044,-2.606978,burglary_biz
51.454485,-2.602338,robbery_biz
51.45728,-2.607758,robbery_biz
51.456818,-2.606787,shoplifting
51.45728,-2.607758,shoplifting
51.45728,-2.607758,shoplifting
51.45728,-2.607758,shoplifting
51.456818,-2.606787,shoplifting
51.45728,-2.607758,shoplifting
51.45728,-2.607758,shoplifting
51.456818,-2.606787,shoplifting
51.45728,-2.607758,shoplifting
51.45728,-2.607758,shoplifting
51.45728,-2.607758,shoplifting
51.456818,-2.606787,shoplifting
51.45728,-2.607758,shoplifting
51.456782,-2.606801,shoplifting
51.454429,-2.602683,shoplifting
51.456818,-2.606787,shoplifting
51.45728,-2.607758,shoplifting
51.454149,-2.603053,shoplifting
51.449942,-2.601098,burglary_biz
51.450936,-2.605736,burglary_biz
51.453066,-2.60206,burglary_biz
51.451408,-2.60614,burglary_biz
51.450666,-2.603583,burglary_biz
51.449755,-2.602477,robbery_biz
51.451595,-2.603005,robbery_biz
51.449755,-2.602477,shoplifting
51.449755,-2.602477,shoplifting
51.449755,-2.602477,shoplifting
51.453066,-2.60206,theft_person
51.454265,-2.594155,burglary_biz
51.455795,-2.597548,burglary_biz
51.453861,-2.59594,burglary_biz
51.453861,-2.59594,burglary_biz
51.455795,-2.597548,burglary_biz
51.455907,-2.598571,burglary_biz
51.455583,-2.593415,burglary_biz
51.454121,-2.596159,burglary_biz
51.455583,-2.593415,burglary_biz
51.455618,-2.5953,burglary_biz
51.456677,-2.592162,robbery_biz
51.456071,-2.589175,robbery_biz
51.456677,-2.592162,robbery_biz
51.456677,-2.592162,robbery_biz
51.455583,-2.593415,robbery_biz
51.454404,-2.593529,robbery_biz
51.454044,-2.595309,robbery_biz
51.454044,-2.595309,robbery_biz
51.456677,-2.592162,shoplifting
51.456071,-2.589175,shoplifting
51.456137,-2.590414,shoplifting
51.456677,-2.592162,shoplifting
51.456677,-2.592162,shoplifting
51.456137,-2.590414,shoplifting
51.456137,-2.590414,shoplifting
51.456677,-2.592162,shoplifting
51.456677,-2.592162,shoplifting
51.455583,-2.593415,shoplifting
51.455583,-2.593415,shoplifting
51.456137,-2.590414,shoplifting
51.456677,-2.592162,shoplifting
51.456137,-2.590414,shoplifting
51.456677,-2.592162,shoplifting
51.456677,-2.592162,shoplifting
51.456137,-2.590414,shoplifting
51.456677,-2.592162,shoplifting
51.456677,-2.592162,shoplifting
51.456677,-2.592162,theft_person
51.456137,-2.590414,theft_person
51.457175,-2.593248,theft_person
51.456677,-2.592162,theft_person
51.456677,-2.592162,theft_person
51.457175,-2.593248,theft_person
51.457175,-2.593248,theft_person
51.457175,-2.593248,theft_person
51.451403,-2.594886,burglary_biz
51.453226,-2.595541,burglary_biz
51.452838,-2.595638,burglary_biz
51.451608,-2.593392,burglary_biz
51.453226,-2.595541,burglary_biz
51.452961,-2.596173,robbery_biz
51.452961,-2.596173,shoplifting
51.452961,-2.596173,shoplifting
51.45303,-2.593194,shoplifting
51.453241,-2.599429,burglary_biz
51.452625,-2.598629,burglary_biz
51.452504,-2.598969,robbery_biz
51.453049,-2.598261,robbery_biz
51.453357,-2.597833,robbery_biz
51.453357,-2.597833,robbery_biz
51.454306,-2.598651,shoplifting
51.454306,-2.598651,shoplifting
51.453357,-2.597833,shoplifting
51.454306,-2.598651,shoplifting
51.452504,-2.598969,shoplifting
51.454306,-2.598651,shoplifting
51.454306,-2.598651,shoplifting
51.450094,-2.599344,theft_person
51.450094,-2.599344,theft_person
51.453161,-2.600924,theft_person
51.453952,-2.601093,theft_person
51.450094,-2.599344,theft_person
51.449306,-2.605853,burglary_biz
51.446863,-2.612181,robbery_biz
51.447676,-2.608062,theft_person
51.448599,-2.592864,burglary_biz
51.446956,-2.597706,burglary_biz
51.300257,-2.32925,burglary_biz
51.481841,-2.781526,shoplifting
51.481841,-2.781526,shoplifting
51.485629,-2.761975,shoplifting
51.48424,-2.769585,burglary_biz
51.482988,-2.768484,burglary_biz
51.4839,-2.765555,robbery_biz
51.485963,-2.765927,shoplifting
51.485963,-2.765927,shoplifting
51.4839,-2.765555,shoplifting
51.4839,-2.765555,shoplifting
51.485963,-2.765927,shoplifting
51.4839,-2.765555,shoplifting
51.4839,-2.765555,shoplifting
51.4839,-2.765555,shoplifting
51.482988,-2.768484,shoplifting
51.4839,-2.765555,shoplifting
51.4839,-2.765555,shoplifting
51.4839,-2.765555,shoplifting
51.4839,-2.765555,shoplifting
51.4839,-2.765555,shoplifting
51.484738,-2.764855,shoplifting
51.4839,-2.765555,shoplifting
51.485963,-2.765927,shoplifting
51.485963,-2.765927,shoplifting
51.4839,-2.765555,shoplifting
51.484738,-2.764855,shoplifting
51.485963,-2.765927,shoplifting
51.483635,-2.769891,shoplifting
51.4839,-2.765555,shoplifting
51.478209,-2.76777,burglary_biz
51.490301,-2.752806,burglary_biz
51.437895,-2.845445,burglary_biz
51.439418,-2.839977,shoplifting
51.439418,-2.839977,shoplifting
51.439612,-2.840599,shoplifting
51.439612,-2.840599,shoplifting
51.439612,-2.840599,shoplifting
51.443992,-2.858968,burglary_biz
51.444229,-2.857361,burglary_biz
51.444602,-2.733449,burglary_biz
51.488718,-2.751426,shoplifting
51.475627,-2.709483,shoplifting
51.435541,-2.853961,burglary_biz
51.436701,-2.851379,shoplifting
51.436701,-2.851379,shoplifting
51.435901,-2.850227,theft_person
51.434912,-2.863674,burglary_biz
51.436181,-2.862288,burglary_biz
51.438619,-2.753088,burglary_biz
51.432328,-2.758988,shoplifting
51.43388,-2.758193,shoplifting
51.43388,-2.758193,shoplifting
51.434743,-2.758179,shoplifting
51.432255,-2.767387,burglary_biz
51.429288,-2.747847,burglary_biz
51.427634,-2.751962,burglary_biz
51.427634,-2.751962,burglary_biz
51.434847,-2.753217,burglary_biz
51.434315,-2.756187,robbery_biz
51.386783,-2.783742,robbery_biz
51.386783,-2.783742,shoplifting
51.386783,-2.783742,shoplifting
51.386783,-2.783742,shoplifting
51.394133,-2.828956,burglary_biz
51.393132,-2.82556,robbery_biz
51.394136,-2.833556,shoplifting
51.394136,-2.833556,shoplifting
51.394136,-2.833556,shoplifting
51.394136,-2.833556,shoplifting
51.394136,-2.833556,shoplifting
51.394136,-2.833556,shoplifting
51.386533,-2.819075,shoplifting
51.398227,-2.635766,burglary_biz
51.36005,-2.663072,burglary_biz
51.387994,-2.683725,burglary_biz
51.361925,-2.762606,burglary_biz
51.36106,-2.760236,robbery_biz
51.367508,-2.77521,burglary_biz
51.382831,-2.718594,robbery_biz
51.371171,-2.819505,burglary_biz
51.375751,-2.810018,shoplifting
51.314433,-2.832926,burglary_biz
51.313556,-2.832912,burglary_biz
51.311105,-2.833585,burglary_biz
51.321112,-2.836235,burglary_biz
51.332983,-2.824652,burglary_biz
51.561887,-2.450597,burglary_biz
51.544685,-2.431825,robbery_biz
51.564726,-2.422234,burglary_biz
51.597063,-2.398005,burglary_biz
51.576682,-2.567746,robbery_biz
51.542558,-2.624654,burglary_biz
51.525595,-2.60489,burglary_biz
51.516501,-2.595013,burglary_biz
51.522027,-2.611517,burglary_biz
51.525595,-2.60489,robbery_biz
51.525605,-2.595396,shoplifting
51.525605,-2.595396,shoplifting
51.525605,-2.595396,shoplifting
51.525605,-2.595396,shoplifting
51.527177,-2.597305,shoplifting
51.525605,-2.595396,shoplifting
51.525403,-2.598546,shoplifting
51.525605,-2.595396,shoplifting
51.525605,-2.595396,shoplifting
51.525064,-2.60164,shoplifting
51.525605,-2.595396,shoplifting
51.52368,-2.594444,shoplifting
51.525605,-2.595396,shoplifting
51.525605,-2.595396,shoplifting
51.527868,-2.599721,shoplifting
51.525605,-2.595396,shoplifting
51.528702,-2.598733,shoplifting
51.52368,-2.594444,shoplifting
51.528702,-2.598733,shoplifting
51.525605,-2.595396,shoplifting
51.530693,-2.596496,shoplifting
51.525605,-2.595396,shoplifting
51.525403,-2.598546,shoplifting
51.525605,-2.595396,shoplifting
51.528918,-2.600495,shoplifting
51.525605,-2.595396,shoplifting
51.525403,-2.598546,shoplifting
51.525605,-2.595396,shoplifting
51.527177,-2.597305,shoplifting
51.525605,-2.595396,shoplifting
51.525403,-2.598546,shoplifting
51.525605,-2.595396,shoplifting
51.525605,-2.595396,shoplifting
51.525403,-2.598546,shoplifting
51.525403,-2.598546,shoplifting
51.525403,-2.598546,shoplifting
51.525403,-2.598546,shoplifting
51.528702,-2.598733,shoplifting
51.52368,-2.594444,shoplifting
51.525403,-2.598546,shoplifting
51.525403,-2.598546,shoplifting
51.52368,-2.594444,shoplifting
51.525403,-2.598546,shoplifting
51.52368,-2.594444,shoplifting
51.525403,-2.598546,shoplifting
51.527177,-2.597305,shoplifting
51.525403,-2.598546,shoplifting
51.527868,-2.599721,shoplifting
51.525403,-2.598546,shoplifting
51.525605,-2.595396,shoplifting
51.525403,-2.598546,shoplifting
51.528702,-2.598733,shoplifting
51.525605,-2.595396,shoplifting
51.525605,-2.595396,shoplifting
51.525064,-2.60164,shoplifting
51.52368,-2.594444,shoplifting
51.525605,-2.595396,shoplifting
51.525403,-2.598546,shoplifting
51.52368,-2.594444,shoplifting
51.523297,-2.597264,shoplifting
51.525605,-2.595396,shoplifting
51.523297,-2.597264,shoplifting
51.525605,-2.595396,shoplifting
51.525605,-2.595396,shoplifting
51.525403,-2.598546,shoplifting
51.525605,-2.595396,shoplifting
51.525595,-2.60489,shoplifting
51.525403,-2.598546,shoplifting
51.525403,-2.598546,shoplifting
51.527177,-2.597305,shoplifting
51.525064,-2.60164,shoplifting
51.525605,-2.595396,shoplifting
51.527868,-2.599721,shoplifting
51.525605,-2.595396,shoplifting
51.527177,-2.597305,shoplifting
51.524619,-2.598824,shoplifting
51.52368,-2.594444,shoplifting
51.527177,-2.597305,shoplifting
51.525605,-2.595396,shoplifting
51.525403,-2.598546,shoplifting
51.528918,-2.600495,shoplifting
51.525403,-2.598546,shoplifting
51.525403,-2.598546,shoplifting
51.555783,-2.659439,burglary_biz
51.559441,-2.421766,burglary_biz
51.559052,-2.417161,shoplifting
51.559052,-2.417161,shoplifting
51.559052,-2.417161,shoplifting
51.559052,-2.417161,shoplifting
51.539636,-2.413066,robbery_biz
51.539786,-2.408867,shoplifting
51.539636,-2.413066,shoplifting
51.539786,-2.408867,shoplifting
51.539786,-2.408867,shoplifting
51.543094,-2.426676,burglary_biz
51.543094,-2.426676,burglary_biz
51.542344,-2.425314,theft_person
51.540979,-2.422316,burglary_biz
51.540979,-2.422316,shoplifting
51.548937,-2.417198,shoplifting
51.548937,-2.417198,shoplifting
51.547656,-2.418254,burglary_biz
51.533413,-2.389693,burglary_biz
51.530911,-2.403785,burglary_biz
51.53366,-2.404501,burglary_biz
51.526312,-2.537022,burglary_biz
51.526312,-2.537022,burglary_biz
51.539784,-2.544231,burglary_biz
51.541682,-2.551737,burglary_biz
51.543188,-2.560451,burglary_biz
51.544007,-2.562119,burglary_biz
51.538229,-2.416841,burglary_biz
51.535309,-2.418818,burglary_biz
51.537067,-2.422439,robbery_biz
51.540506,-2.423754,shoplifting
51.540506,-2.423754,shoplifting
51.540506,-2.423754,shoplifting
51.543273,-2.557582,shoplifting
51.541638,-2.563042,shoplifting
51.543273,-2.557582,shoplifting
51.536119,-2.555087,burglary_biz
51.534762,-2.549087,shoplifting
51.534762,-2.549087,shoplifting
51.535361,-2.547956,theft_person
51.536459,-2.551674,burglary_biz
51.535468,-2.484938,burglary_biz
51.534021,-2.484851,burglary_biz
51.529086,-2.469042,burglary_biz
51.529086,-2.469042,burglary_biz
51.52443,-2.426069,burglary_biz
51.52443,-2.426069,robbery_biz
51.526807,-2.415252,burglary_biz
51.524028,-2.420358,burglary_biz
51.516641,-2.545987,robbery_biz
51.524195,-2.555346,burglary_biz
51.523032,-2.559728,shoplifting
51.523032,-2.559728,shoplifting
51.523032,-2.559728,shoplifting
51.523032,-2.559728,shoplifting
51.523032,-2.559728,shoplifting
51.523032,-2.559728,shoplifting
51.523032,-2.559728,shoplifting
51.523032,-2.559728,shoplifting
51.523032,-2.559728,shoplifting
51.523032,-2.559728,shoplifting
51.523032,-2.559728,shoplifting
51.523032,-2.559728,shoplifting
51.523032,-2.559728,shoplifting
51.523032,-2.559728,shoplifting
51.523032,-2.559728,shoplifting
51.523032,-2.559728,shoplifting
51.518856,-2.500961,burglary_biz
51.532698,-2.493775,burglary_biz
51.520223,-2.500976,burglary_biz
51.506313,-2.560603,robbery_biz
51.506313,-2.560603,shoplifting
51.506313,-2.560603,shoplifting
51.511107,-2.56595,burglary_biz
51.508058,-2.56793,burglary_biz
51.508216,-2.574641,shoplifting
51.508216,-2.574641,shoplifting
51.508216,-2.574641,shoplifting
51.508216,-2.574641,shoplifting
51.508216,-2.574641,shoplifting
51.508216,-2.574641,shoplifting
51.508216,-2.574641,shoplifting
51.501588,-2.568901,shoplifting
51.501588,-2.568901,shoplifting
51.501588,-2.568901,shoplifting
51.504386,-2.577782,burglary_biz
51.512118,-2.572548,burglary_biz
51.514721,-2.567768,robbery_biz
51.515519,-2.570069,robbery_biz
51.514535,-2.437016,burglary_biz
51.542461,-2.435221,burglary_biz
51.529311,-2.46668,shoplifting
51.505579,-2.4873,burglary_biz
51.489537,-2.476687,burglary_biz
51.496765,-2.482402,shoplifting
51.498625,-2.470732,shoplifting
51.498625,-2.470732,shoplifting
51.493341,-2.469813,burglary_biz
51.492367,-2.473631,robbery_biz
51.492367,-2.473631,robbery_biz
51.493677,-2.474998,robbery_biz
51.492367,-2.473631,shoplifting
51.493677,-2.474998,shoplifting
51.492367,-2.473631,shoplifting
51.493677,-2.474998,shoplifting
51.492367,-2.473631,shoplifting
51.49314,-2.511453,burglary_biz
51.494323,-2.512259,burglary_biz
51.484531,-2.49769,burglary_biz
51.487993,-2.501875,shoplifting
51.488289,-2.504212,shoplifting
51.482895,-2.484927,shoplifting
51.482895,-2.484927,shoplifting
51.428901,-2.471568,burglary_biz
51.481336,-2.37842,burglary_biz
51.479227,-2.495314,burglary_biz
51.472531,-2.492578,burglary_biz
51.480914,-2.504577,burglary_biz
51.480647,-2.504056,shoplifting
51.480647,-2.504056,shoplifting
51.480647,-2.504056,shoplifting
51.480647,-2.504056,shoplifting
51.480647,-2.504056,shoplifting
51.463987,-2.509903,burglary_biz
51.468189,-2.511231,shoplifting
51.463553,-2.508329,shoplifting
51.463553,-2.508329,shoplifting
51.463553,-2.508329,shoplifting
51.463553,-2.508329,shoplifting
51.46257,-2.507344,theft_person
51.479904,-2.505243,burglary_biz
51.475717,-2.506737,burglary_biz
51.475386,-2.504329,burglary_biz
51.460602,-2.480819,shoplifting
51.465277,-2.496415,theft_person
51.462434,-2.500976,robbery_biz
51.470047,-2.495373,burglary_biz
51.455836,-2.508877,burglary_biz
51.456816,-2.515062,burglary_biz
51.457686,-2.509531,burglary_biz
51.462607,-2.511025,burglary_biz
51.461271,-2.51019,robbery_biz
51.462599,-2.50852,shoplifting
51.462599,-2.50852,shoplifting
51.462599,-2.50852,shoplifting
51.462599,-2.50852,shoplifting
51.462599,-2.50852,shoplifting
51.462599,-2.50852,shoplifting
51.457547,-2.48935,burglary_biz
51.448987,-2.49359,burglary_biz
51.450484,-2.4947,burglary_biz
51.457439,-2.464925,burglary_biz
51.459258,-2.475508,burglary_biz
51.45498,-2.494605,shoplifting
51.453941,-2.498048,burglary_biz
51.446732,-2.466686,burglary_biz
51.446114,-2.483904,burglary_biz
51.45111,-2.476013,burglary_biz
51.449294,-2.518187,robbery_biz
51.449294,-2.518187,robbery_biz
51.449294,-2.518187,shoplifting
51.449294,-2.518187,shoplifting
51.449294,-2.518187,shoplifting
51.451358,-2.506812,robbery_biz
51.446131,-2.525907,burglary_biz
51.443567,-2.507791,burglary_biz
51.446151,-2.504927,burglary_biz
51.447177,-2.500535,shoplifting
51.447177,-2.500535,shoplifting
51.437487,-2.522614,burglary_biz
51.433154,-2.4802,burglary_biz
51.4402,-2.494143,burglary_biz
51.442378,-2.501994,shoplifting
51.438002,-2.49517,shoplifting
51.438002,-2.49517,shoplifting
51.444491,-2.501182,shoplifting
51.444491,-2.501182,shoplifting
51.53844,-2.584356,burglary_biz
51.540903,-2.566234,burglary_biz
51.532496,-2.571766,burglary_biz
51.530424,-2.578011,robbery_biz
51.530424,-2.578011,shoplifting
51.530424,-2.578011,shoplifting
51.530424,-2.578011,theft_person
51.527479,-2.57166,burglary_biz
51.52634,-2.570503,burglary_biz
51.52634,-2.570503,robbery_biz
51.528865,-2.584305,burglary_biz
51.527466,-2.576287,robbery_biz
51.527466,-2.576287,shoplifting
51.508147,-2.553104,shoplifting
51.509231,-2.552066,shoplifting
51.507249,-2.550874,shoplifting
51.50113,-2.544274,robbery_biz
51.50113,-2.544274,robbery_biz
51.50113,-2.544274,shoplifting
51.50113,-2.544274,shoplifting
51.50113,-2.544274,shoplifting
51.50113,-2.544274,shoplifting
51.50113,-2.544274,shoplifting
51.50113,-2.544274,shoplifting
51.50113,-2.544274,shoplifting
51.50113,-2.544274,shoplifting
51.50113,-2.544274,shoplifting
51.497913,-2.55906,burglary_biz
51.518246,-2.53524,burglary_biz
51.519833,-2.540188,robbery_biz
51.516461,-2.530348,burglary_biz
51.418356,-2.499056,burglary_biz
51.41602,-2.498613,burglary_biz
51.41602,-2.498613,burglary_biz
51.41602,-2.498613,burglary_biz
51.41602,-2.498613,burglary_biz
51.418356,-2.499056,burglary_biz
51.418275,-2.496998,burglary_biz
51.416533,-2.501567,shoplifting
51.416533,-2.501567,shoplifting
51.415165,-2.498935,shoplifting
51.415165,-2.498935,shoplifting
51.416533,-2.501567,shoplifting
51.415165,-2.498935,shoplifting
51.412753,-2.497298,burglary_biz
51.413537,-2.498989,burglary_biz
51.414756,-2.482696,shoplifting
51.414756,-2.482696,shoplifting
51.397475,-2.359889,burglary_biz
51.397942,-2.348465,robbery_biz
51.402842,-2.339345,burglary_biz
51.397807,-2.345388,burglary_biz
51.397161,-2.344708,shoplifting
51.397161,-2.344708,shoplifting
51.395908,-2.341624,theft_person
51.405111,-2.400835,burglary_biz
51.392021,-2.38688,burglary_biz
51.396723,-2.39267,burglary_biz
51.392085,-2.352617,shoplifting
51.392866,-2.349964,shoplifting
51.394597,-2.345378,theft_person
51.389999,-2.358451,burglary_biz
51.391507,-2.350342,robbery_biz
51.391507,-2.350342,shoplifting
51.391507,-2.350342,shoplifting
51.391507,-2.350342,shoplifting
51.391507,-2.350342,shoplifting
51.391507,-2.350342,shoplifting
51.391507,-2.350342,shoplifting
51.391507,-2.350342,shoplifting
51.391507,-2.350342,shoplifting
51.391507,-2.350342,shoplifting
51.380961,-2.358825,burglary_biz
51.380961,-2.358825,burglary_biz
51.384473,-2.360074,burglary_biz
51.384015,-2.359884,burglary_biz
51.383494,-2.359535,robbery_biz
51.379472,-2.360595,shoplifting
51.380857,-2.360606,shoplifting
51.379472,-2.360595,shoplifting
51.380159,-2.359466,shoplifting
51.379472,-2.360595,shoplifting
51.380457,-2.358922,shoplifting
51.382714,-2.359026,shoplifting
51.380857,-2.360606,shoplifting
51.380159,-2.359466,shoplifting
51.382078,-2.361061,shoplifting
51.381429,-2.361617,shoplifting
51.380857,-2.360606,shoplifting
51.380857,-2.360606,shoplifting
51.380159,-2.359466,shoplifting
51.383489,-2.361317,shoplifting
51.38306,-2.360609,shoplifting
51.383489,-2.361317,shoplifting
51.379472,-2.360595,shoplifting
51.38036,-2.361335,shoplifting
51.382078,-2.361061,shoplifting
51.380159,-2.359466,shoplifting
51.383494,-2.359535,shoplifting
51.382714,-2.359026,shoplifting
51.379894,-2.360714,shoplifting
51.380842,-2.362374,shoplifting
51.381036,-2.357748,shoplifting
51.380033,-2.359264,shoplifting
51.382714,-2.359026,shoplifting
51.381036,-2.357748,theft_person
51.383286,-2.357234,theft_person
51.384744,-2.356771,burglary_biz
51.38039,-2.35747,burglary_biz
51.38039,-2.35747,robbery_biz
51.386581,-2.352719,robbery_biz
51.378904,-2.358249,shoplifting
51.386581,-2.352719,shoplifting
51.378235,-2.359264,shoplifting
51.378235,-2.359264,shoplifting
51.386581,-2.352719,shoplifting
51.386581,-2.352719,shoplifting
51.386581,-2.352719,shoplifting
51.386581,-2.352719,shoplifting
51.378327,-2.359595,shoplifting
51.386581,-2.352719,shoplifting
51.378904,-2.358249,shoplifting
51.378904,-2.358249,shoplifting
51.378904,-2.358249,shoplifting
51.377739,-2.359218,theft_person
51.378898,-2.357229,theft_person
51.383944,-2.362599,burglary_biz
51.385977,-2.362026,burglary_biz
51.38534,-2.361691,burglary_biz
51.389995,-2.356769,burglary_biz
51.38489,-2.36196,robbery_biz
51.385593,-2.361448,robbery_biz
51.387964,-2.365017,shoplifting
51.387964,-2.365017,shoplifting
51.389164,-2.363675,burglary_biz
51.385038,-2.388776,burglary_biz
51.3862,-2.390697,burglary_biz
51.385038,-2.388776,shoplifting
51.385038,-2.388776,shoplifting
51.388286,-2.39346,burglary_biz
51.393232,-2.395859,theft_person
51.385311,-2.382197,shoplifting
51.385311,-2.382197,shoplifting
51.380332,-2.364582,burglary_biz
51.382726,-2.363897,burglary_biz
51.380332,-2.364582,burglary_biz
51.381292,-2.365107,robbery_biz
51.381292,-2.365107,shoplifting
51.381292,-2.365107,shoplifting
51.381192,-2.368555,shoplifting
51.381292,-2.365107,shoplifting
51.381292,-2.365107,shoplifting
51.381317,-2.362923,shoplifting
51.381292,-2.365107,shoplifting
51.381292,-2.365107,shoplifting
51.38174,-2.365642,theft_person
51.380139,-2.363015,theft_person
51.383349,-2.371719,burglary_biz
51.383349,-2.371719,burglary_biz
51.383349,-2.371719,burglary_biz
51.383349,-2.371719,burglary_biz
51.424759,-2.318595,burglary_biz
51.409726,-2.30788,burglary_biz
51.324114,-2.37632,burglary_biz
51.375037,-2.397196,burglary_biz
51.374069,-2.404285,burglary_biz
51.375506,-2.4021,theft_person
51.379443,-2.394605,robbery_biz
51.379443,-2.394605,robbery_biz
51.379443,-2.394605,shoplifting
51.379443,-2.394605,shoplifting
51.379443,-2.394605,shoplifting
51.379443,-2.394605,shoplifting
51.379443,-2.394605,theft_person
51.37959,-2.342147,burglary_biz
51.384029,-2.349337,burglary_biz
51.376211,-2.353817,burglary_biz
51.379657,-2.350108,burglary_biz
51.375993,-2.354333,burglary_biz
51.374524,-2.352683,shoplifting
51.375895,-2.382578,burglary_biz
51.378985,-2.383581,burglary_biz
51.375895,-2.382578,burglary_biz
51.378826,-2.38812,burglary_biz
51.380514,-2.38618,shoplifting
51.373652,-2.384053,burglary_biz
51.377866,-2.382293,burglary_biz
51.377866,-2.382293,burglary_biz
51.380886,-2.379889,burglary_biz
51.380931,-2.387979,shoplifting
51.380945,-2.3891,shoplifting
51.377044,-2.377659,robbery_biz
51.377044,-2.377659,robbery_biz
51.377044,-2.377659,robbery_biz
51.377044,-2.377659,robbery_biz
51.377044,-2.377659,robbery_biz
51.377044,-2.377659,robbery_biz
51.377044,-2.377659,shoplifting
51.377044,-2.377659,shoplifting
51.377044,-2.377659,shoplifting
51.377044,-2.377659,shoplifting
51.377044,-2.377659,shoplifting
51.377044,-2.377659,shoplifting
51.377044,-2.377659,shoplifting
51.377044,-2.377659,shoplifting
51.371143,-2.38126,burglary_biz
51.370257,-2.396164,burglary_biz
51.37205,-2.396321,shoplifting
51.367093,-2.398463,burglary_biz
51.369806,-2.391204,robbery_biz
51.366688,-2.390818,robbery_biz
51.366688,-2.390818,shoplifting
51.366688,-2.390818,shoplifting
51.366688,-2.390818,shoplifting
51.366688,-2.390818,shoplifting
51.366688,-2.390818,shoplifting
51.375676,-2.389084,robbery_biz
51.375676,-2.389084,shoplifting
51.375676,-2.389084,shoplifting
51.375676,-2.389084,shoplifting
51.375676,-2.389084,shoplifting
51.375676,-2.389084,shoplifting
51.375676,-2.389084,shoplifting
51.375676,-2.389084,shoplifting
51.375676,-2.389084,shoplifting
51.375676,-2.389084,shoplifting
51.375676,-2.389084,shoplifting
51.375676,-2.389084,shoplifting
51.375676,-2.389084,shoplifting
51.34231,-2.482695,burglary_biz
51.357645,-2.481736,shoplifting
51.357645,-2.481736,shoplifting
51.402308,-2.459147,burglary_biz
51.402375,-2.455669,burglary_biz
51.402375,-2.455669,burglary_biz
51.402375,-2.455669,burglary_biz
51.402375,-2.455669,shoplifting
51.327621,-2.473097,shoplifting
51.327621,-2.473097,shoplifting
51.369177,-2.366074,robbery_biz
51.374093,-2.366264,shoplifting
51.374093,-2.366264,shoplifting
51.374093,-2.366264,shoplifting
51.374093,-2.366264,shoplifting
51.374093,-2.366264,shoplifting
51.374093,-2.366264,shoplifting
51.374093,-2.366264,shoplifting
51.374093,-2.366264,shoplifting
51.374093,-2.366264,shoplifting
51.374093,-2.366264,shoplifting
51.374093,-2.366264,shoplifting
51.374093,-2.366264,shoplifting
51.374093,-2.366264,shoplifting
51.374093,-2.366264,shoplifting
51.374093,-2.366264,shoplifting
51.374093,-2.366264,shoplifting
51.374093,-2.366264,shoplifting
51.374093,-2.366264,shoplifting
51.374093,-2.366264,shoplifting
51.374093,-2.366264,shoplifting
51.358518,-2.373141,burglary_biz
51.359839,-2.364822,burglary_biz
51.357331,-2.370187,shoplifting
51.357331,-2.370187,shoplifting
51.356582,-2.368257,shoplifting
51.357331,-2.370187,shoplifting
51.356582,-2.368257,shoplifting
51.357331,-2.370187,shoplifting
51.357331,-2.370187,shoplifting
51.356582,-2.368257,shoplifting
51.357331,-2.370187,shoplifting
51.373458,-2.368823,burglary_biz
51.369368,-2.365529,shoplifting
51.369368,-2.365529,shoplifting
51.369368,-2.365529,shoplifting
51.369368,-2.365529,shoplifting
51.369368,-2.365529,shoplifting
51.369368,-2.365529,shoplifting
51.369368,-2.365529,shoplifting
51.369368,-2.365529,shoplifting
51.369368,-2.365529,shoplifting
51.369368,-2.365529,shoplifting
51.369368,-2.365529,shoplifting
51.369368,-2.365529,shoplifting
51.369368,-2.365529,shoplifting
51.369368,-2.365529,shoplifting
51.369368,-2.365529,shoplifting
51.359639,-2.359592,burglary_biz
51.359639,-2.359592,shoplifting
51.359639,-2.359592,shoplifting
51.359639,-2.359592,shoplifting
51.359639,-2.359592,shoplifting
51.359639,-2.359592,shoplifting
51.359639,-2.359592,shoplifting
51.359639,-2.359592,shoplifting
51.361263,-2.342757,burglary_biz
51.363426,-2.353173,robbery_biz
51.359974,-2.346927,shoplifting
51.359974,-2.346927,shoplifting
51.362579,-2.356829,robbery_biz
51.352639,-2.375462,burglary_biz
51.355872,-2.525964,burglary_biz
51.355872,-2.525964,burglary_biz
51.331289,-2.543609,burglary_biz
51.329319,-2.547605,burglary_biz
51.377427,-2.552834,burglary_biz
51.371492,-2.551053,burglary_biz
51.371248,-2.549355,burglary_biz
51.367674,-2.546482,robbery_biz
51.4073,-2.560067,burglary_biz
51.360171,-2.62094,burglary_biz
51.31055,-2.655041,burglary_biz
51.311112,-2.652509,burglary_biz
51.338087,-2.598758,burglary_biz
51.332853,-2.593737,burglary_biz
51.332853,-2.593737,burglary_biz
51.317234,-2.414202,burglary_biz
51.316277,-2.42517,shoplifting
51.316277,-2.42517,shoplifting
51.316277,-2.42517,shoplifting
51.316277,-2.42517,shoplifting
51.316277,-2.42517,shoplifting
51.316277,-2.42517,shoplifting
51.316277,-2.42517,shoplifting
51.316277,-2.42517,shoplifting
51.316277,-2.42517,shoplifting
51.316277,-2.42517,shoplifting
51.316277,-2.42517,shoplifting
51.313488,-2.427971,burglary_biz
51.362366,-2.405618,burglary_biz
51.311844,-2.518817,burglary_biz
51.302918,-2.503726,burglary_biz
51.306679,-2.501228,shoplifting
51.306679,-2.501228,shoplifting
51.51038,-2.617355,shoplifting
51.512714,-2.633123,burglary_biz
51.511061,-2.629512,robbery_biz
51.511061,-2.629512,robbery_biz
51.511061,-2.629512,shoplifting
51.511061,-2.629512,shoplifting
51.511061,-2.629512,shoplifting
51.511061,-2.629512,shoplifting
51.511061,-2.629512,shoplifting
51.511061,-2.629512,shoplifting
51.511061,-2.629512,shoplifting
51.511061,-2.629512,shoplifting
51.511061,-2.629512,shoplifting
51.511061,-2.629512,shoplifting
51.511061,-2.629512,shoplifting
51.511061,-2.629512,shoplifting
51.511452,-2.606576,burglary_biz
51.511918,-2.608643,burglary_biz
51.513172,-2.6199,burglary_biz
51.512641,-2.618207,burglary_biz
51.509605,-2.62099,shoplifting
51.509605,-2.62099,shoplifting
51.509605,-2.62099,shoplifting
51.509492,-2.621968,shoplifting
51.509605,-2.62099,shoplifting
51.504797,-2.618835,burglary_biz
51.507985,-2.623057,shoplifting
51.507985,-2.623057,shoplifting
51.507985,-2.623057,shoplifting
51.507985,-2.623057,shoplifting
51.497231,-2.598781,shoplifting
51.497231,-2.598781,shoplifting
51.502552,-2.599283,burglary_biz
51.503533,-2.602524,burglary_biz
51.503533,-2.602524,shoplifting
51.502582,-2.602223,shoplifting
51.502582,-2.602223,shoplifting
51.502582,-2.602223,shoplifting
51.502582,-2.602223,shoplifting
51.503265,-2.603361,shoplifting
51.507812,-2.604597,burglary_biz
51.495226,-2.664009,burglary_biz
51.495465,-2.669357,burglary_biz
51.496651,-2.671002,burglary_biz
51.516157,-2.657785,burglary_biz
51.516157,-2.657785,burglary_biz
51.503178,-2.657055,robbery_biz
51.501804,-2.650144,burglary_biz
51.502897,-2.65088,theft_person
51.496782,-2.593388,burglary_biz
51.500977,-2.592434,robbery_biz
51.500601,-2.592098,robbery_biz
51.500601,-2.592098,shoplifting
51.500601,-2.592098,shoplifting
51.496736,-2.580999,burglary_biz
51.493059,-2.58814,burglary_biz
51.494809,-2.59102,shoplifting
51.494809,-2.59102,shoplifting
51.498172,-2.595985,burglary_biz
51.495267,-2.597791,shoplifting
51.497937,-2.578147,burglary_biz
51.486228,-2.61049,burglary_biz
51.486228,-2.61049,robbery_biz
51.486228,-2.61049,robbery_biz
51.486228,-2.61049,robbery_biz
51.486228,-2.61049,shoplifting
51.486228,-2.61049,shoplifting
51.486228,-2.61049,shoplifting
51.486228,-2.61049,shoplifting
51.486228,-2.61049,shoplifting
51.485428,-2.612121,shoplifting
51.486228,-2.61049,shoplifting
51.486228,-2.61049,shoplifting
51.485428,-2.612121,shoplifting
51.486228,-2.61049,shoplifting
51.486228,-2.61049,shoplifting
51.486228,-2.61049,shoplifting
51.486228,-2.61049,shoplifting
51.486228,-2.61049,shoplifting
51.486228,-2.61049,shoplifting
51.486228,-2.61049,shoplifting
51.486228,-2.61049,shoplifting
51.486228,-2.61049,shoplifting
51.486228,-2.61049,shoplifting
51.486228,-2.61049,shoplifting
51.486228,-2.61049,shoplifting
51.486228,-2.61049,shoplifting
51.486228,-2.61049,shoplifting
51.486228,-2.61049,shoplifting
51.486228,-2.61049,shoplifting
51.486228,-2.61049,shoplifting
51.485428,-2.612121,shoplifting
51.486228,-2.61049,shoplifting
51.486228,-2.61049,shoplifting
51.486228,-2.61049,shoplifting
51.486228,-2.61049,shoplifting
51.486228,-2.61049,shoplifting
51.486228,-2.61049,shoplifting
51.486228,-2.61049,shoplifting
51.493328,-2.619746,burglary_biz
51.492827,-2.617507,robbery_biz
51.492827,-2.617507,robbery_biz
51.492827,-2.617507,robbery_biz
51.492827,-2.617507,shoplifting
51.493328,-2.619746,shoplifting
51.492827,-2.617507,shoplifting
51.492827,-2.617507,shoplifting
51.495678,-2.603572,burglary_biz
51.495553,-2.620741,shoplifting
51.495553,-2.620741,shoplifting
51.495553,-2.620741,shoplifting
51.495553,-2.620741,shoplifting
51.494013,-2.657337,robbery_biz
51.485477,-2.649826,burglary_biz
51.490812,-2.676375,burglary_biz
51.489669,-2.676191,burglary_biz
51.490812,-2.676375,burglary_biz
51.490812,-2.676375,burglary_biz
51.490095,-2.685179,burglary_biz
51.489736,-2.677483,robbery_biz
51.489736,-2.677483,shoplifting
51.488357,-2.679522,robbery_biz
51.500239,-2.694235,shoplifting
51.505705,-2.697343,shoplifting
51.505705,-2.697343,shoplifting
51.49909,-2.695326,shoplifting
51.505705,-2.697343,shoplifting
51.505705,-2.697343,shoplifting
51.505705,-2.697343,shoplifting
51.505705,-2.697343,shoplifting
51.505705,-2.697343,shoplifting
51.493771,-2.685595,burglary_biz
51.486763,-2.621688,burglary_biz
51.487971,-2.62487,shoplifting
51.494765,-2.628408,burglary_biz
51.494765,-2.628408,burglary_biz
51.492866,-2.581785,shoplifting
51.488234,-2.585644,burglary_biz
51.485471,-2.596813,shoplifting
51.485471,-2.596813,shoplifting
51.485471,-2.596813,shoplifting
51.485471,-2.596813,shoplifting
51.485471,-2.596813,shoplifting
51.485471,-2.596813,shoplifting
51.485471,-2.596813,shoplifting
51.485471,-2.596813,shoplifting
51.485471,-2.596813,shoplifting
51.485471,-2.596813,shoplifting
51.489431,-2.596072,burglary_biz
51.481712,-2.537563,robbery_biz
51.481712,-2.537563,shoplifting
51.481712,-2.537563,shoplifting
51.481712,-2.537563,shoplifting
51.481712,-2.537563,shoplifting
51.481712,-2.537563,shoplifting
51.481712,-2.537563,shoplifting
51.481712,-2.537563,shoplifting
51.481712,-2.537563,shoplifting
51.481712,-2.537563,shoplifting
51.481712,-2.537563,shoplifting
51.481712,-2.537563,shoplifting
51.481712,-2.537563,shoplifting
51.481712,-2.537563,shoplifting
51.481712,-2.537563,shoplifting
51.481712,-2.537563,shoplifting
51.481712,-2.537563,shoplifting
51.481712,-2.537563,shoplifting
51.485796,-2.550688,burglary_biz
51.494458,-2.530439,burglary_biz
51.495316,-2.531754,shoplifting
51.490271,-2.539651,burglary_biz
51.488787,-2.541823,burglary_biz
51.488812,-2.538338,burglary_biz
51.483674,-2.531307,burglary_biz
51.478303,-2.533822,robbery_biz
51.478303,-2.533822,shoplifting
51.478716,-2.53207,shoplifting
51.477634,-2.534592,shoplifting
51.478716,-2.53207,shoplifting
51.478303,-2.533822,shoplifting
51.478303,-2.533822,shoplifting
51.477634,-2.534592,shoplifting
51.478303,-2.533822,shoplifting
51.478303,-2.533822,shoplifting
51.477634,-2.534592,shoplifting
51.478303,-2.533822,shoplifting
51.477634,-2.534592,shoplifting
51.478303,-2.533822,shoplifting
51.478303,-2.533822,shoplifting
51.477634,-2.534592,shoplifting
51.478303,-2.533822,shoplifting
51.478716,-2.53207,shoplifting
51.479472,-2.531892,shoplifting
51.478303,-2.533822,shoplifting
51.478303,-2.533822,shoplifting
51.478303,-2.533822,shoplifting
51.479472,-2.531892,theft_person
51.485385,-2.520526,burglary_biz
51.481058,-2.529016,robbery_biz
51.481058,-2.529016,robbery_biz
51.481058,-2.529016,shoplifting
51.481058,-2.529016,shoplifting
51.481058,-2.529016,shoplifting
51.481058,-2.529016,shoplifting
51.482077,-2.525515,robbery_biz
51.482077,-2.525515,shoplifting
51.482077,-2.525515,shoplifting
51.482077,-2.525515,shoplifting
51.481648,-2.519806,theft_person
51.481836,-2.576146,robbery_biz
51.481836,-2.576146,shoplifting
51.481836,-2.576146,shoplifting
51.481836,-2.576146,shoplifting
51.481836,-2.576146,shoplifting
51.481836,-2.576146,shoplifting
51.481836,-2.576146,shoplifting
51.482455,-2.572508,shoplifting
51.478089,-2.560401,burglary_biz
51.475989,-2.563385,burglary_biz
51.478422,-2.564178,burglary_biz
51.473961,-2.562481,robbery_biz
51.469987,-2.566161,robbery_biz
51.473961,-2.562481,robbery_biz
51.473464,-2.565702,shoplifting
51.473629,-2.566033,shoplifting
51.473961,-2.562481,shoplifting
51.473629,-2.566033,shoplifting
51.473961,-2.562481,shoplifting
51.473464,-2.565702,shoplifting
51.473629,-2.566033,shoplifting
51.473961,-2.562481,shoplifting
51.472616,-2.567403,shoplifting
51.473961,-2.562481,shoplifting
51.473629,-2.566033,shoplifting
51.473629,-2.566033,shoplifting
51.473961,-2.562481,shoplifting
51.473961,-2.562481,shoplifting
51.473961,-2.562481,shoplifting
51.473961,-2.562481,shoplifting
51.473629,-2.566033,shoplifting
51.473961,-2.562481,shoplifting
51.473464,-2.565702,shoplifting
51.473464,-2.565702,shoplifting
51.473961,-2.562481,shoplifting
51.473629,-2.566033,shoplifting
51.473629,-2.566033,shoplifting
51.473961,-2.562481,theft_person
51.480673,-2.633888,burglary_biz
51.481911,-2.627814,burglary_biz
51.48062,-2.590662,burglary_biz
51.479983,-2.588562,shoplifting
51.479983,-2.588562,shoplifting
51.477894,-2.58207,burglary_biz
51.480084,-2.579073,burglary_biz
51.477894,-2.58207,burglary_biz
51.478955,-2.580226,robbery_biz
51.478955,-2.580226,shoplifting
51.475816,-2.591258,robbery_biz
51.478904,-2.614899,burglary_biz
51.481152,-2.614944,burglary_biz
51.480393,-2.612227,shoplifting
51.480393,-2.612227,shoplifting
51.47853,-2.607378,burglary_biz
51.476701,-2.604459,burglary_biz
51.476701,-2.604459,burglary_biz
51.476933,-2.542474,burglary_biz
51.478002,-2.536713,shoplifting
51.47352,-2.543456,burglary_biz
51.473701,-2.554775,robbery_biz
51.478621,-2.560134,shoplifting
51.478621,-2.560134,shoplifting
51.465429,-2.547016,burglary_biz
51.468305,-2.588181,burglary_biz
51.468351,-2.591637,burglary_biz
51.474013,-2.577787,burglary_biz
51.473877,-2.577814,burglary_biz
51.471914,-2.582137,burglary_biz
51.473193,-2.59072,burglary_biz
51.473363,-2.594452,burglary_biz
51.47246,-2.591589,burglary_biz
51.473193,-2.59072,robbery_biz
51.473193,-2.59072,shoplifting
51.473193,-2.59072,shoplifting
51.473193,-2.59072,shoplifting
51.473193,-2.59072,shoplifting
51.473193,-2.59072,shoplifting
51.473193,-2.59072,shoplifting
51.473193,-2.59072,shoplifting
51.473193,-2.59072,shoplifting
51.473193,-2.59072,shoplifting
51.473193,-2.59072,shoplifting
51.473193,-2.59072,shoplifting
51.473193,-2.59072,shoplifting
51.473193,-2.59072,shoplifting
51.473193,-2.59072,shoplifting
51.473193,-2.59072,shoplifting
51.473193,-2.59072,shoplifting
51.473193,-2.59072,shoplifting
51.472565,-2.592238,theft_person
51.472072,-2.595486,burglary_biz
51.471932,-2.591165,burglary_biz
51.471506,-2.593521,robbery_biz
51.471506,-2.593521,shoplifting
51.471506,-2.593521,shoplifting
51.471506,-2.593521,shoplifting
51.471506,-2.593521,shoplifting
51.471788,-2.591192,shoplifting
51.471506,-2.593521,shoplifting
51.471506,-2.593521,shoplifting
51.471506,-2.593521,shoplifting
51.471506,-2.593521,shoplifting
51.476482,-2.527019,burglary_biz
51.465832,-2.541522,burglary_biz
51.472942,-2.538295,burglary_biz
51.473741,-2.538434,burglary_biz
51.468442,-2.535147,burglary_biz
51.472942,-2.538295,burglary_biz
51.472734,-2.53655,burglary_biz
51.470163,-2.530473,robbery_biz
51.466725,-2.51706,burglary_biz
51.467688,-2.514868,burglary_biz
51.467562,-2.523087,burglary_biz
51.471617,-2.523004,robbery_biz
51.467232,-2.514373,robbery_biz
51.471617,-2.523004,shoplifting
51.471617,-2.523004,shoplifting
51.471617,-2.523004,shoplifting
51.471617,-2.523004,shoplifting
51.471617,-2.523004,shoplifting
51.471617,-2.523004,shoplifting
51.471617,-2.523004,shoplifting
51.471617,-2.523004,shoplifting
51.471617,-2.523004,shoplifting
51.471617,-2.523004,shoplifting
51.471617,-2.523004,shoplifting
51.471617,-2.523004,shoplifting
51.471617,-2.523004,shoplifting
51.471617,-2.523004,shoplifting
51.471617,-2.523004,shoplifting
51.471617,-2.523004,shoplifting
51.471617,-2.523004,shoplifting
51.468419,-2.613275,shoplifting
51.468419,-2.613275,shoplifting
51.468419,-2.613275,shoplifting
51.468419,-2.613275,shoplifting
51.468419,-2.613275,shoplifting
51.468419,-2.613275,shoplifting
51.468419,-2.613275,shoplifting
51.468419,-2.613275,shoplifting
51.466229,-2.607358,burglary_biz
51.466229,-2.607358,shoplifting
51.462534,-2.593188,burglary_biz
51.462268,-2.597762,shoplifting
51.466512,-2.599488,burglary_biz
51.469201,-2.594138,burglary_biz
51.469201,-2.594138,burglary_biz
51.469879,-2.595256,shoplifting
51.461023,-2.591542,burglary_biz
51.45821,-2.587749,burglary_biz
51.45821,-2.587749,burglary_biz
51.461023,-2.591542,burglary_biz
51.459755,-2.593325,robbery_biz
51.457668,-2.586303,robbery_biz
51.456685,-2.586981,robbery_biz
51.461023,-2.591542,robbery_biz
51.459122,-2.594036,robbery_biz
51.458559,-2.58974,robbery_biz
51.460427,-2.592038,robbery_biz
51.45821,-2.587749,robbery_biz
51.45821,-2.587749,shoplifting
51.458559,-2.58974,shoplifting
51.459258,-2.592109,shoplifting
51.457668,-2.586303,shoplifting
51.459258,-2.592109,shoplifting
51.459755,-2.593325,shoplifting
51.458559,-2.58974,shoplifting
51.459755,-2.593325,shoplifting
51.45821,-2.587749,shoplifting
51.45821,-2.587749,shoplifting
51.457668,-2.586303,shoplifting
51.459258,-2.592109,shoplifting
51.459122,-2.594036,shoplifting
51.458559,-2.58974,shoplifting
51.458559,-2.58974,shoplifting
51.459755,-2.593325,shoplifting
51.459122,-2.594036,shoplifting
51.458559,-2.58974,shoplifting
51.459122,-2.594036,shoplifting
51.458559,-2.58974,shoplifting
51.459122,-2.594036,shoplifting
51.45821,-2.587749,shoplifting
51.457668,-2.586303,theft_person
51.459122,-2.594036,theft_person
51.465295,-2.593022,burglary_biz
51.462846,-2.590141,burglary_biz
51.462846,-2.590141,burglary_biz
51.462667,-2.590023,robbery_biz
51.462213,-2.59101,shoplifting
51.462213,-2.59101,shoplifting
51.458734,-2.611836,burglary_biz
51.458889,-2.609564,burglary_biz
51.463864,-2.610897,robbery_biz
51.463528,-2.614937,robbery_biz
51.463864,-2.610897,robbery_biz
51.463864,-2.610897,shoplifting
51.463864,-2.610897,shoplifting
51.463864,-2.610897,shoplifting
51.463864,-2.610897,shoplifting
51.463864,-2.610897,shoplifting
51.463864,-2.610897,shoplifting
51.463864,-2.610897,shoplifting
51.463864,-2.610897,shoplifting
51.463864,-2.610897,shoplifting
51.463864,-2.610897,shoplifting
51.466608,-2.612229,burglary_biz
51.470826,-2.615568,shoplifting
51.469607,-2.61476,shoplifting
51.469607,-2.61476,shoplifting
51.456611,-2.610267,burglary_biz
51.45665,-2.607936,shoplifting
51.468035,-2.617964,burglary_biz
51.463393,-2.512128,burglary_biz
51.466398,-2.51386,shoplifting
51.466398,-2.51386,shoplifting
51.466398,-2.51386,shoplifting
51.466398,-2.51386,shoplifting
51.466398,-2.51386,shoplifting
51.466398,-2.51386,shoplifting
51.466398,-2.51386,shoplifting
51.466398,-2.51386,shoplifting
51.466908,-2.526592,burglary_biz
51.466975,-2.527514,burglary_biz
51.463778,-2.518682,burglary_biz
51.462335,-2.519587,burglary_biz
51.462755,-2.518109,burglary_biz
51.462453,-2.521474,burglary_biz
51.461786,-2.523712,robbery_biz
51.458028,-2.525698,burglary_biz
51.459041,-2.520312,theft_person
51.459635,-2.543852,burglary_biz
51.460921,-2.538153,burglary_biz
51.466349,-2.530818,burglary_biz
51.466349,-2.530818,robbery_biz
51.466349,-2.530818,shoplifting
51.466349,-2.530818,shoplifting
51.466349,-2.530818,shoplifting
51.461923,-2.526864,robbery_biz
51.460989,-2.531144,shoplifting
51.460989,-2.531144,shoplifting
51.461923,-2.526864,shoplifting
51.460989,-2.531144,shoplifting
51.460989,-2.531144,shoplifting
51.461923,-2.526864,shoplifting
51.460989,-2.531144,shoplifting
51.460989,-2.531144,shoplifting
51.460989,-2.531144,shoplifting
51.463353,-2.556334,burglary_biz
51.463353,-2.556334,burglary_biz
51.459909,-2.556493,burglary_biz
51.461265,-2.558784,burglary_biz
51.461928,-2.555525,burglary_biz
51.458608,-2.557816,burglary_biz
51.463669,-2.552321,burglary_biz
51.458856,-2.556581,robbery_biz
51.458856,-2.556581,theft_person
51.4604,-2.551447,burglary_biz
51.458248,-2.552026,burglary_biz
51.459436,-2.55381,robbery_biz
51.460097,-2.552782,robbery_biz
51.460097,-2.552782,robbery_biz
51.460097,-2.552782,robbery_biz
51.459436,-2.55381,robbery_biz
51.460097,-2.552782,shoplifting
51.459436,-2.55381,shoplifting
51.460097,-2.552782,shoplifting
51.459436,-2.55381,shoplifting
51.460097,-2.552782,shoplifting
51.459436,-2.55381,shoplifting
51.460097,-2.552782,shoplifting
51.459436,-2.55381,shoplifting
51.460097,-2.552782,shoplifting
51.460097,-2.552782,shoplifting
51.460097,-2.552782,shoplifting
51.460097,-2.552782,shoplifting
51.460097,-2.552782,shoplifting
51.460097,-2.552782,shoplifting
51.460097,-2.552782,shoplifting
51.460097,-2.552782,shoplifting
51.460097,-2.552782,shoplifting
51.460097,-2.552782,shoplifting
51.460097,-2.552782,shoplifting
51.460097,-2.552782,shoplifting
51.460097,-2.552782,shoplifting
51.460097,-2.552782,shoplifting
51.460097,-2.552782,shoplifting
51.460097,-2.552782,shoplifting
51.460097,-2.552782,shoplifting
51.460097,-2.552782,shoplifting
51.460097,-2.552782,shoplifting
51.460097,-2.552782,shoplifting
51.460097,-2.552782,shoplifting
51.460097,-2.552782,shoplifting
51.460097,-2.552782,shoplifting
51.460097,-2.552782,shoplifting
51.460097,-2.552782,shoplifting
51.460097,-2.552782,shoplifting
51.459436,-2.55381,shoplifting
51.459436,-2.55381,shoplifting
51.45903,-2.548336,burglary_biz
51.459271,-2.55057,robbery_biz
51.461962,-2.546298,theft_person
51.461962,-2.546298,theft_person
51.454444,-2.620232,shoplifting
51.454444,-2.620232,shoplifting
51.454949,-2.623673,burglary_biz
51.453364,-2.62571,burglary_biz
51.454783,-2.531389,burglary_biz
51.455324,-2.529179,burglary_biz
51.456827,-2.52485,burglary_biz
51.45719,-2.530049,burglary_biz
51.454619,-2.525947,shoplifting
51.451064,-2.520653,burglary_biz
51.451383,-2.619537,burglary_biz
51.452459,-2.623481,burglary_biz
51.44983,-2.615703,shoplifting
51.45123,-2.547393,burglary_biz
51.450655,-2.549243,burglary_biz
51.454828,-2.545206,shoplifting
51.454828,-2.545206,shoplifting
51.449907,-2.553263,theft_person
51.441179,-2.55464,burglary_biz
51.442706,-2.562529,burglary_biz
51.440886,-2.555787,burglary_biz
51.442706,-2.562529,shoplifting
51.443861,-2.550241,burglary_biz
51.442234,-2.630593,burglary_biz
51.443467,-2.616725,burglary_biz
51.4416,-2.617952,burglary_biz
51.445664,-2.614424,shoplifting
51.441046,-2.628994,theft_person
51.440576,-2.610773,burglary_biz
51.440733,-2.610027,burglary_biz
51.440729,-2.609106,robbery_biz
51.440729,-2.609106,shoplifting
51.440729,-2.609106,shoplifting
51.440729,-2.609106,shoplifting
51.44088,-2.605885,burglary_biz
51.440928,-2.605339,burglary_biz
51.444996,-2.611609,burglary_biz
51.442396,-2.613517,robbery_biz
51.442396,-2.613517,shoplifting
51.44562,-2.609142,shoplifting
51.442396,-2.613517,shoplifting
51.442396,-2.613517,shoplifting
51.441431,-2.612381,burglary_biz
51.439559,-2.616198,burglary_biz
51.438012,-2.619558,shoplifting
51.438012,-2.619558,shoplifting
51.444624,-2.607071,burglary_biz
51.441083,-2.57458,burglary_biz
51.44053,-2.535568,burglary_biz
51.440574,-2.537928,robbery_biz
51.440574,-2.537928,shoplifting
51.440574,-2.537928,shoplifting
51.437717,-2.550814,burglary_biz
51.439197,-2.551623,robbery_biz
51.432617,-2.539951,robbery_biz
51.432617,-2.539951,shoplifting
51.434571,-2.548719,burglary_biz
51.432995,-2.545334,theft_person
51.435529,-2.607929,burglary_biz
51.436325,-2.600013,burglary_biz
51.434304,-2.603122,shoplifting
51.442955,-2.592543,burglary_biz
51.443759,-2.595117,burglary_biz
51.441512,-2.596743,burglary_biz
51.442955,-2.592543,burglary_biz
51.443759,-2.595117,robbery_biz
51.443759,-2.595117,robbery_biz
51.444203,-2.588979,robbery_biz
51.445212,-2.592187,robbery_biz
51.443005,-2.596618,shoplifting
51.443759,-2.595117,shoplifting
51.443759,-2.595117,shoplifting
51.443759,-2.595117,shoplifting
51.443759,-2.595117,shoplifting
51.443759,-2.595117,shoplifting
51.442985,-2.593453,theft_person
51.44439,-2.596464,burglary_biz
51.441695,-2.597867,burglary_biz
51.44439,-2.596464,robbery_biz
51.44439,-2.596464,robbery_biz
51.441695,-2.597867,shoplifting
51.441695,-2.597867,theft_person
51.44087,-2.602734,burglary_biz
51.439345,-2.602009,burglary_biz
51.438514,-2.602602,robbery_biz
51.438131,-2.600782,robbery_biz
51.438131,-2.600782,shoplifting
51.438131,-2.600782,shoplifting
51.438514,-2.602602,shoplifting
51.429711,-2.598174,robbery_biz
51.437144,-2.594542,burglary_biz
51.43556,-2.617396,burglary_biz
51.433552,-2.619656,shoplifting
51.431295,-2.623078,theft_person
51.428518,-2.575213,burglary_biz
51.437659,-2.566783,burglary_biz
51.438696,-2.566292,burglary_biz
51.438813,-2.571732,burglary_biz
51.435766,-2.569636,burglary_biz
51.438813,-2.571732,shoplifting
51.437579,-2.557186,burglary_biz
51.43883,-2.556956,shoplifting
51.43883,-2.556956,shoplifting
51.43883,-2.556956,shoplifting
51.434469,-2.558903,burglary_biz
51.443034,-2.559813,shoplifting
51.429108,-2.557342,burglary_biz
51.431975,-2.546214,shoplifting
51.429289,-2.543837,shoplifting
51.429289,-2.543837,shoplifting
51.429289,-2.543837,shoplifting
51.429289,-2.543837,shoplifting
51.429819,-2.545013,shoplifting
51.429819,-2.545013,shoplifting
51.4245,-2.580427,burglary_biz
51.435978,-2.577667,burglary_biz
51.433431,-2.578339,shoplifting
51.418497,-2.59233,burglary_biz
51.418497,-2.59233,burglary_biz
51.418334,-2.589164,burglary_biz
51.425875,-2.584299,robbery_biz
51.418334,-2.589164,shoplifting
51.418334,-2.589164,shoplifting
51.430313,-2.592166,burglary_biz
51.425729,-2.612905,shoplifting
51.425729,-2.612905,shoplifting
51.423531,-2.618787,burglary_biz
51.420802,-2.629665,burglary_biz
51.414754,-2.62071,burglary_biz
51.414331,-2.585906,burglary_biz
51.417569,-2.572962,burglary_biz
51.413835,-2.570346,burglary_biz
51.416554,-2.570907,robbery_biz
51.41647,-2.569612,robbery_biz
51.413835,-2.570346,shoplifting
51.411927,-2.560742,burglary_biz
51.4265,-2.564919,theft_person
51.422676,-2.565619,burglary_biz
51.411951,-2.613368,burglary_biz
51.411951,-2.613368,burglary_biz
51.414416,-2.611388,robbery_biz
51.414416,-2.611388,robbery_biz
51.414416,-2.611388,shoplifting
51.414416,-2.611388,shoplifting
51.414416,-2.611388,shoplifting
51.414416,-2.611388,shoplifting
51.414416,-2.611388,shoplifting
51.414416,-2.611388,shoplifting
51.414416,-2.611388,shoplifting
51.414416,-2.611388,shoplifting
51.414416,-2.611388,shoplifting
51.414416,-2.611388,shoplifting
51.414416,-2.611388,shoplifting
51.414416,-2.611388,shoplifting
51.414416,-2.611388,shoplifting
51.414416,-2.611388,shoplifting
51.414416,-2.611388,shoplifting
51.414416,-2.611388,shoplifting
51.414416,-2.611388,shoplifting
51.414416,-2.611388,shoplifting
51.414416,-2.611388,shoplifting
51.414416,-2.611388,shoplifting
51.414416,-2.611388,shoplifting
51.414416,-2.611388,shoplifting
51.416344,-2.602009,robbery_biz
51.416344,-2.602009,robbery_biz
51.415331,-2.597955,shoplifting
51.41512,-2.599867,shoplifting
51.416344,-2.602009,shoplifting
51.41512,-2.599867,shoplifting
51.415331,-2.597955,shoplifting
51.415331,-2.597955,shoplifting
51.415331,-2.597955,shoplifting
51.415331,-2.597955,shoplifting
51.415331,-2.597955,shoplifting
51.41512,-2.599867,shoplifting
51.415331,-2.597955,shoplifting
51.415331,-2.597955,shoplifting
51.415331,-2.597955,shoplifting
51.415331,-2.597955,shoplifting
51.415331,-2.597955,shoplifting
51.415331,-2.597955,shoplifting
51.415331,-2.597955,shoplifting
51.415331,-2.597955,shoplifting
51.412523,-2.619228,robbery_biz
51.412523,-2.619228,robbery_biz
51.412523,-2.619228,robbery_biz
51.412523,-2.619228,shoplifting
51.412523,-2.619228,shoplifting
51.412523,-2.619228,shoplifting
51.412523,-2.619228,shoplifting
51.412523,-2.619228,shoplifting
51.412523,-2.619228,shoplifting
51.412523,-2.619228,shoplifting
51.412523,-2.619228,shoplifting
51.412523,-2.619228,shoplifting
51.412523,-2.619228,shoplifting
51.412523,-2.619228,shoplifting
51.412523,-2.619228,shoplifting
51.412523,-2.619228,shoplifting
51.412523,-2.619228,shoplifting
51.412523,-2.619228,shoplifting
51.412523,-2.619228,shoplifting
51.412523,-2.619228,shoplifting
51.412523,-2.619228,shoplifting
51.412523,-2.619228,shoplifting
51.412523,-2.619228,shoplifting
51.412523,-2.619228,shoplifting
51.412523,-2.619228,shoplifting
51.412523,-2.619228,shoplifting
51.412523,-2.619228,shoplifting
51.412523,-2.619228,shoplifting
51.412523,-2.619228,shoplifting
51.417841,-2.616697,theft_person
51.415103,-2.537241,burglary_biz
51.418232,-2.545216,robbery_biz
51.413796,-2.559183,shoplifting
51.41386,-2.543582,burglary_biz
51.41366,-2.54601,burglary_biz
51.412306,-2.547072,shoplifting
51.411222,-2.548296,burglary_biz
51.418042,-2.558818,burglary_biz
51.406108,-2.624978,robbery_biz
51.40794,-2.623766,robbery_biz
51.406099,-2.614856,burglary_biz
51.406685,-2.609272,burglary_biz
51.405219,-2.605845,burglary_biz
51.407597,-2.620613,burglary_biz
51.404794,-2.614997,burglary_biz
51.405104,-2.609006,robbery_biz
51.406833,-2.574654,burglary_biz
51.407081,-2.577259,shoplifting
51.403209,-2.603418,burglary_biz
51.404206,-2.600124,shoplifting
51.404206,-2.600124,shoplifting
51.404206,-2.600124,shoplifting
51.404206,-2.600124,shoplifting
51.404206,-2.600124,shoplifting
51.404206,-2.600124,shoplifting
51.404206,-2.600124,shoplifting
51.404206,-2.600124,shoplifting
51.406587,-2.598689,shoplifting
51.404206,-2.600124,shoplifting
51.404206,-2.600124,shoplifting
51.404206,-2.600124,shoplifting
51.40514,-2.596873,shoplifting
51.404014,-2.590001,robbery_biz
51.404014,-2.590001,robbery_biz
51.404014,-2.590001,shoplifting
51.404014,-2.590001,shoplifting
51.453581,-2.569139,burglary_biz
51.455179,-2.578744,robbery_biz
51.452363,-2.579068,robbery_biz
51.44931,-2.576453,burglary_biz
51.456118,-2.581562,burglary_biz
51.456118,-2.581562,burglary_biz
51.450479,-2.581908,burglary_biz
51.45679,-2.580232,robbery_biz
51.453205,-2.581683,robbery_biz
51.453205,-2.581683,robbery_biz
51.452835,-2.581938,robbery_biz
51.453205,-2.581683,robbery_biz
51.453205,-2.581683,shoplifting
51.453205,-2.581683,shoplifting
51.450479,-2.581908,shoplifting
51.453205,-2.581683,shoplifting
51.453205,-2.581683,shoplifting
51.453205,-2.581683,shoplifting
51.453205,-2.581683,shoplifting
51.453205,-2.581683,shoplifting
51.453205,-2.581683,shoplifting
51.458707,-2.578169,burglary_biz
51.458707,-2.578169,burglary_biz
51.459066,-2.580088,burglary_biz
51.459066,-2.580088,robbery_biz
51.460489,-2.579603,robbery_biz
51.457942,-2.578203,robbery_biz
51.459044,-2.579181,robbery_biz
51.459066,-2.580088,robbery_biz
51.459066,-2.580088,robbery_biz
51.458897,-2.581526,robbery_biz
51.459066,-2.580088,robbery_biz
51.459476,-2.584368,shoplifting
51.458279,-2.584727,shoplifting
51.459476,-2.584368,shoplifting
51.4579,-2.583168,shoplifting
51.458279,-2.584727,shoplifting
51.458279,-2.584727,shoplifting
51.458279,-2.584727,shoplifting
51.459476,-2.584368,shoplifting
51.458279,-2.584727,shoplifting
51.458279,-2.584727,shoplifting
51.458279,-2.584727,shoplifting
51.458279,-2.584727,shoplifting
51.458521,-2.58309,shoplifting
51.459476,-2.584368,shoplifting
51.458279,-2.584727,shoplifting
51.459476,-2.584368,shoplifting
51.458279,-2.584727,shoplifting
51.459476,-2.584368,shoplifting
51.458279,-2.584727,shoplifting
51.459476,-2.584368,shoplifting
51.459476,-2.584368,shoplifting
51.458279,-2.584727,shoplifting
51.458279,-2.584727,shoplifting
51.459476,-2.584368,shoplifting
51.458279,-2.584727,shoplifting
51.458279,-2.584727,shoplifting
51.458279,-2.584727,shoplifting
51.459476,-2.584368,shoplifting
51.458279,-2.584727,shoplifting
51.458279,-2.584727,shoplifting
51.459476,-2.584368,shoplifting
51.459476,-2.584368,shoplifting
51.458279,-2.584727,shoplifting
51.459476,-2.584368,shoplifting
51.458279,-2.584727,shoplifting
51.458279,-2.584727,shoplifting
51.459476,-2.584368,shoplifting
51.458279,-2.584727,shoplifting
51.458279,-2.584727,shoplifting
51.458279,-2.584727,shoplifting
51.458279,-2.584727,shoplifting
51.459476,-2.584368,shoplifting
51.459476,-2.584368,shoplifting
51.458279,-2.584727,shoplifting
51.458279,-2.584727,shoplifting
51.458279,-2.584727,shoplifting
51.459476,-2.584368,shoplifting
51.458279,-2.584727,shoplifting
51.459476,-2.584368,shoplifting
51.458279,-2.584727,shoplifting
51.459476,-2.584368,shoplifting
51.459476,-2.584368,shoplifting
51.458279,-2.584727,shoplifting
51.458279,-2.584727,shoplifting
51.458279,-2.584727,shoplifting
51.459476,-2.584368,shoplifting
51.459476,-2.584368,shoplifting
51.458279,-2.584727,shoplifting
51.459476,-2.584368,shoplifting
51.459476,-2.584368,shoplifting
51.459476,-2.584368,shoplifting
51.458279,-2.584727,shoplifting
51.459476,-2.584368,shoplifting
51.459476,-2.584368,shoplifting
51.458279,-2.584727,shoplifting
51.458279,-2.584727,shoplifting
51.458279,-2.584727,shoplifting
51.458279,-2.584727,shoplifting
51.458279,-2.584727,shoplifting
51.458279,-2.584727,shoplifting
51.458279,-2.584727,shoplifting
51.459476,-2.584368,shoplifting
51.459706,-2.57621,theft_person
51.460489,-2.579603,theft_person
51.448129,-2.58431,robbery_biz
51.446085,-2.588615,robbery_biz
51.45216,-2.589125,burglary_biz
51.452201,-2.590018,burglary_biz
51.450199,-2.591129,theft_person
51.451687,-2.586744,burglary_biz
51.451687,-2.586744,burglary_biz
51.453253,-2.588275,burglary_biz
51.453253,-2.588275,shoplifting
51.453253,-2.588275,shoplifting
51.453253,-2.588275,shoplifting
51.453253,-2.588275,shoplifting
51.451827,-2.587552,shoplifting
51.464458,-2.556592,burglary_biz
51.463101,-2.558447,burglary_biz
51.458666,-2.560595,burglary_biz
51.460925,-2.562033,burglary_biz
51.461788,-2.569673,burglary_biz
51.461086,-2.571521,burglary_biz
51.461527,-2.567769,robbery_biz
51.466552,-2.566263,robbery_biz
51.461431,-2.565436,shoplifting
51.457626,-2.56382,shoplifting
51.461077,-2.564093,theft_person
51.466976,-2.567751,robbery_biz
51.466184,-2.569857,shoplifting
51.460572,-2.573702,burglary_biz
51.461882,-2.572495,robbery_biz
51.461882,-2.572495,robbery_biz
51.459839,-2.574629,robbery_biz
51.466771,-2.569317,robbery_biz
51.461252,-2.578115,theft_person
51.456878,-2.562372,burglary_biz
51.454162,-2.56231,burglary_biz
51.447439,-2.560567,shoplifting
51.44766,-2.560705,shoplifting
51.44766,-2.560705,shoplifting
51.44766,-2.560705,shoplifting
51.451913,-2.562512,shoplifting
51.44766,-2.560705,shoplifting
51.456253,-2.563228,burglary_biz
51.456117,-2.567242,robbery_biz
51.457339,-2.572884,robbery_biz
51.459514,-2.569515,theft_person
51.467384,-2.559521,burglary_biz
51.468111,-2.565404,burglary_biz
51.469538,-2.564126,burglary_biz
51.466949,-2.564065,robbery_biz
51.468111,-2.565404,robbery_biz
51.469538,-2.564126,robbery_biz
51.468996,-2.566566,robbery_biz
51.468996,-2.566566,robbery_biz
51.467966,-2.563775,shoplifting
51.468365,-2.563118,burglary_biz
51.468125,-2.560653,burglary_biz
51.468134,-2.558868,burglary_biz
51.468365,-2.563118,burglary_biz
51.470657,-2.563362,robbery_biz
51.468365,-2.563118,robbery_biz
51.468089,-2.557025,robbery_biz
51.470657,-2.563362,robbery_biz
51.468365,-2.563118,robbery_biz
51.468365,-2.563118,shoplifting
51.468156,-2.55419,burglary_biz
51.47039,-2.559025,burglary_biz
51.471793,-2.560928,robbery_biz
51.472067,-2.56001,shoplifting
51.468065,-2.573062,burglary_biz
51.469769,-2.579504,burglary_biz
51.469136,-2.579221,burglary_biz
51.468458,-2.571843,robbery_biz
51.469136,-2.579221,shoplifting
51.469136,-2.579221,shoplifting
51.465502,-2.580573,robbery_biz
51.466546,-2.580284,robbery_biz
51.464894,-2.5889,burglary_biz
51.465529,-2.589542,burglary_biz
51.465731,-2.583196,burglary_biz
51.465556,-2.5878,burglary_biz
51.464894,-2.5889,burglary_biz
51.464894,-2.5889,burglary_biz
51.465529,-2.589542,burglary_biz
51.46492,-2.588987,burglary_biz
51.465529,-2.589542,shoplifting
51.465529,-2.589542,shoplifting
51.466388,-2.58319,theft_person
51.464278,-2.584387,burglary_biz
51.464712,-2.583946,robbery_biz
51.463493,-2.588422,burglary_biz
51.461422,-2.589115,burglary_biz
51.461871,-2.585637,burglary_biz
51.460415,-2.590872,burglary_biz
51.460379,-2.583646,burglary_biz
51.461871,-2.585637,burglary_biz
51.461,-2.58184,burglary_biz
51.460355,-2.588525,burglary_biz
51.461,-2.58184,robbery_biz
51.461,-2.58184,robbery_biz
51.460369,-2.587532,robbery_biz
51.461,-2.58184,shoplifting
51.460967,-2.590217,shoplifting
51.461,-2.58184,shoplifting
51.461,-2.58184,shoplifting
51.459566,-2.588069,shoplifting
51.459732,-2.588963,shoplifting
51.459452,-2.587535,shoplifting
51.459452,-2.587535,shoplifting
51.459452,-2.587535,shoplifting
51.459452,-2.587535,shoplifting
51.459566,-2.588069,shoplifting
51.459452,-2.587535,shoplifting
51.460369,-2.587532,theft_person
51.46124,-2.60188,burglary_biz
51.461429,-2.601839,shoplifting
51.46124,-2.60188,shoplifting
51.461429,-2.601839,shoplifting
51.46124,-2.60188,shoplifting
51.46124,-2.60188,shoplifting
51.455696,-2.594093,burglary_biz
51.456219,-2.595654,burglary_biz
51.456219,-2.595654,burglary_biz
51.458142,-2.59398,robbery_biz
51.456844,-2.594626,shoplifting
51.455456,-2.605862,burglary_biz
51.455886,-2.600975,burglary_biz
51.455363,-2.604753,burglary_biz
51.455886,-2.600975,burglary_biz
51.456186,-2.607196,burglary_biz
51.45728,-2.607758,burglary_biz
51.455135,-2.602133,burglary_biz
51.456186,-2.607196,burglary_biz
51.454896,-2.602876,burglary_biz
51.454436,-2.601301,burglary_biz
51.45728,-2.607758,robbery_biz
51.45728,-2.607758,robbery_biz
51.45728,-2.607758,robbery_biz
51.456818,-2.606787,shoplifting
51.45728,-2.607758,shoplifting
51.456818,-2.606787,shoplifting
51.456818,-2.606787,shoplifting
51.45728,-2.607758,shoplifting
51.45728,-2.607758,shoplifting
51.45728,-2.607758,shoplifting
51.45728,-2.607758,shoplifting
51.454429,-2.602683,shoplifting
51.456818,-2.606787,shoplifting
51.456818,-2.606787,shoplifting
51.45728,-2.607758,shoplifting
51.456818,-2.606787,shoplifting
51.45728,-2.607758,shoplifting
51.456782,-2.606801,shoplifting
51.45728,-2.607758,shoplifting
51.45728,-2.607758,shoplifting
51.456782,-2.606801,shoplifting
51.45728,-2.607758,shoplifting
51.455363,-2.604753,theft_person
51.455153,-2.603613,theft_person
51.455363,-2.604753,theft_person
51.454485,-2.602338,theft_person
51.449755,-2.602477,burglary_biz
51.449755,-2.602477,burglary_biz
51.449755,-2.602477,burglary_biz
51.453066,-2.60206,burglary_biz
51.453066,-2.60206,burglary_biz
51.449755,-2.602477,shoplifting
51.449755,-2.602477,shoplifting
51.449755,-2.602477,shoplifting
51.449755,-2.602477,shoplifting
51.453066,-2.60206,theft_person
51.453066,-2.60206,theft_person
51.454985,-2.588801,burglary_biz
51.455795,-2.597548,burglary_biz
51.456071,-2.589175,burglary_biz
51.456677,-2.592162,burglary_biz
51.454044,-2.595309,burglary_biz
51.455795,-2.597548,burglary_biz
51.455474,-2.597126,burglary_biz
51.453976,-2.594121,burglary_biz
51.454044,-2.595309,burglary_biz
51.456137,-2.590414,burglary_biz
51.455795,-2.597548,burglary_biz
51.456677,-2.592162,robbery_biz
51.456137,-2.590414,robbery_biz
51.455474,-2.597126,robbery_biz
51.456677,-2.592162,robbery_biz
51.456677,-2.592162,robbery_biz
51.456071,-2.589175,robbery_biz
51.456677,-2.592162,robbery_biz
51.456619,-2.593011,robbery_biz
51.456677,-2.592162,robbery_biz
51.456137,-2.590414,robbery_biz
51.456677,-2.592162,robbery_biz
51.455583,-2.593415,robbery_biz
51.456137,-2.590414,robbery_biz
51.456677,-2.592162,shoplifting
51.456137,-2.590414,shoplifting
51.456677,-2.592162,shoplifting
51.456137,-2.590414,shoplifting
51.456137,-2.590414,shoplifting
51.456677,-2.592162,shoplifting
51.454404,-2.593529,shoplifting
51.456677,-2.592162,shoplifting
51.456677,-2.592162,shoplifting
51.456677,-2.592162,shoplifting
51.456677,-2.592162,shoplifting
51.456677,-2.592162,shoplifting
51.456137,-2.590414,shoplifting
51.454404,-2.593529,shoplifting
51.453976,-2.594121,theft_person
51.453866,-2.593263,theft_person
51.456677,-2.592162,theft_person
51.453866,-2.593263,theft_person
51.456137,-2.590414,theft_person
51.456677,-2.592162,theft_person
51.457175,-2.593248,theft_person
51.456187,-2.591192,theft_person
51.455474,-2.597126,theft_person
51.456619,-2.593011,theft_person
51.456187,-2.591192,theft_person
51.453861,-2.59594,theft_person
51.451403,-2.594886,burglary_biz
51.451608,-2.593392,burglary_biz
51.453382,-2.594753,burglary_biz
51.453382,-2.594753,burglary_biz
51.453226,-2.595541,burglary_biz
51.45267,-2.593319,burglary_biz
51.450023,-2.597444,burglary_biz
51.452961,-2.596173,robbery_biz
51.452961,-2.596173,theft_person
51.453161,-2.600924,burglary_biz
51.450979,-2.598608,burglary_biz
51.452504,-2.598969,burglary_biz
51.453161,-2.600924,burglary_biz
51.448668,-2.597038,burglary_biz
51.453952,-2.601093,burglary_biz
51.453161,-2.600924,robbery_biz
51.453357,-2.597833,robbery_biz
51.450094,-2.599344,robbery_biz
51.450979,-2.598608,robbery_biz
51.452504,-2.598969,robbery_biz
51.452504,-2.598969,shoplifting
51.453952,-2.601093,shoplifting
51.454306,-2.598651,shoplifting
51.454306,-2.598651,shoplifting
51.454306,-2.598651,shoplifting
51.452504,-2.598969,shoplifting
51.450094,-2.599344,theft_person
51.453357,-2.597833,theft_person
51.450094,-2.599344,theft_person
51.453952,-2.601093,theft_person
51.450094,-2.599344,theft_person
51.453357,-2.597833,theft_person
51.446863,-2.612181,shoplifting
51.448244,-2.593636,burglary_biz
51.448244,-2.593636,burglary_biz
51.446956,-2.597706,robbery_biz
51.446956,-2.597706,shoplifting
51.446956,-2.597706,shoplifting
51.302596,-2.325738,burglary_biz
51.486481,-2.769306,burglary_biz
51.483902,-2.779804,burglary_biz
51.481841,-2.781526,shoplifting
51.481841,-2.781526,shoplifting
51.481841,-2.781526,shoplifting
51.481841,-2.781526,shoplifting
51.481841,-2.781526,shoplifting
51.481841,-2.781526,shoplifting
51.481841,-2.781526,shoplifting
51.481841,-2.781526,shoplifting
51.48242,-2.781003,shoplifting
51.481841,-2.781526,shoplifting
51.481841,-2.781526,shoplifting
51.481841,-2.781526,shoplifting
51.481841,-2.781526,shoplifting
51.481841,-2.781526,shoplifting
51.485629,-2.761975,shoplifting
51.485629,-2.761975,shoplifting
51.485629,-2.761975,shoplifting
51.485629,-2.761975,shoplifting
51.485629,-2.761975,shoplifting
51.485629,-2.761975,shoplifting
51.485629,-2.761975,shoplifting
51.485629,-2.761975,shoplifting
51.484738,-2.764855,burglary_biz
51.485963,-2.765927,robbery_biz
51.485963,-2.765927,robbery_biz
51.4839,-2.765555,shoplifting
51.482988,-2.768484,shoplifting
51.4839,-2.765555,shoplifting
51.4839,-2.765555,shoplifting
51.4839,-2.765555,shoplifting
51.4839,-2.765555,shoplifting
51.4839,-2.765555,shoplifting
51.485963,-2.765927,shoplifting
51.4839,-2.765555,shoplifting
51.485963,-2.765927,shoplifting
51.485963,-2.765927,shoplifting
51.4839,-2.765555,shoplifting
51.4839,-2.765555,shoplifting
51.4839,-2.765555,shoplifting
51.485963,-2.765927,shoplifting
51.4839,-2.765555,shoplifting
51.475749,-2.795573,theft_person
51.478094,-2.793154,burglary_biz
51.4788,-2.764093,burglary_biz
51.478209,-2.76777,burglary_biz
51.484077,-2.761445,shoplifting
51.484077,-2.761445,shoplifting
51.484077,-2.761445,shoplifting
51.484077,-2.761445,shoplifting
51.487007,-2.753285,shoplifting
51.484077,-2.761445,shoplifting
51.483644,-2.758975,shoplifting
51.484077,-2.761445,shoplifting
51.479297,-2.6973,burglary_biz
51.477537,-2.684674,burglary_biz
51.439612,-2.840599,shoplifting
51.439612,-2.840599,shoplifting
51.439612,-2.840599,shoplifting
51.441766,-2.857199,shoplifting
51.4463,-2.850794,burglary_biz
51.446783,-2.852329,burglary_biz
51.431328,-2.662909,burglary_biz
51.43231,-2.653027,burglary_biz
51.431049,-2.656619,burglary_biz
51.427937,-2.667823,burglary_biz
51.427592,-2.674736,burglary_biz
51.443634,-2.791147,burglary_biz
51.441797,-2.786065,burglary_biz
51.443634,-2.791147,burglary_biz
51.435756,-2.852857,burglary_biz
51.434932,-2.847332,burglary_biz
51.438629,-2.859558,burglary_biz
51.434743,-2.758179,shoplifting
51.434743,-2.758179,shoplifting
51.43388,-2.758193,shoplifting
51.43388,-2.758193,shoplifting
51.43388,-2.758193,shoplifting
51.43388,-2.758193,shoplifting
51.434743,-2.758179,shoplifting
51.43388,-2.758193,shoplifting
51.434743,-2.758179,shoplifting
51.432461,-2.764801,robbery_biz
51.42798,-2.781642,burglary_biz
51.424056,-2.754723,robbery_biz
51.434847,-2.753217,shoplifting
51.434847,-2.753217,shoplifting
51.430164,-2.858866,burglary_biz
51.428459,-2.854663,robbery_biz
51.428459,-2.854663,shoplifting
51.428459,-2.854663,shoplifting
51.428459,-2.854663,shoplifting
51.386783,-2.783742,shoplifting
51.386783,-2.783742,shoplifting
51.386783,-2.783742,shoplifting
51.386783,-2.783742,shoplifting
51.386783,-2.783742,shoplifting
51.386783,-2.783742,shoplifting
51.386783,-2.783742,shoplifting
51.386783,-2.783742,shoplifting
51.394136,-2.833556,shoplifting
51.394136,-2.833556,shoplifting
51.394136,-2.833556,shoplifting
51.394136,-2.833556,shoplifting
51.394136,-2.833556,shoplifting
51.394136,-2.833556,shoplifting
51.399144,-2.639186,burglary_biz
51.399144,-2.639186,burglary_biz
51.409772,-2.648638,shoplifting
51.409772,-2.648638,shoplifting
51.409772,-2.648638,shoplifting
51.36005,-2.663072,burglary_biz
51.357721,-2.733841,burglary_biz
51.386773,-2.700161,burglary_biz
51.387847,-2.704043,robbery_biz
51.375011,-2.805207,burglary_biz
51.366616,-2.806122,burglary_biz
51.375198,-2.800311,robbery_biz
51.375751,-2.810018,robbery_biz
51.375751,-2.810018,shoplifting
51.314122,-2.835433,burglary_biz
51.314433,-2.832926,robbery_biz
51.314051,-2.823939,burglary_biz
51.340185,-2.782789,shoplifting
51.340185,-2.782789,shoplifting
51.340185,-2.782789,shoplifting
51.340185,-2.782789,shoplifting
51.340185,-2.782789,shoplifting
51.581889,-2.498133,burglary_biz
51.584484,-2.450229,burglary_biz
51.599138,-2.620204,burglary_biz
51.565539,-2.553195,shoplifting
51.514093,-2.610445,burglary_biz
51.528702,-2.598733,robbery_biz
51.525605,-2.595396,shoplifting
51.525403,-2.598546,shoplifting
51.525605,-2.595396,shoplifting
51.525403,-2.598546,shoplifting
51.525403,-2.598546,shoplifting
51.525403,-2.598546,shoplifting
51.525595,-2.60489,shoplifting
51.525403,-2.598546,shoplifting
51.527177,-2.597305,shoplifting
51.527177,-2.597305,shoplifting
51.525403,-2.598546,shoplifting
51.525403,-2.598546,shoplifting
51.527177,-2.597305,shoplifting
51.525605,-2.595396,shoplifting
51.528702,-2.598733,shoplifting
51.525403,-2.598546,shoplifting
51.527868,-2.599721,shoplifting
51.525064,-2.60164,shoplifting
51.525403,-2.598546,shoplifting
51.525403,-2.598546,shoplifting
51.525064,-2.60164,shoplifting
51.525605,-2.595396,shoplifting
51.527177,-2.597305,shoplifting
51.527177,-2.597305,shoplifting
51.52368,-2.594444,shoplifting
51.525403,-2.598546,shoplifting
51.525403,-2.598546,shoplifting
51.525605,-2.595396,shoplifting
51.528702,-2.598733,shoplifting
51.525403,-2.598546,shoplifting
51.525605,-2.595396,shoplifting
51.525605,-2.595396,shoplifting
51.525605,-2.595396,shoplifting
51.525403,-2.598546,shoplifting
51.52368,-2.594444,shoplifting
51.5227,-2.615316,shoplifting
51.525403,-2.598546,shoplifting
51.525605,-2.595396,shoplifting
51.52368,-2.594444,shoplifting
51.52368,-2.594444,shoplifting
51.527868,-2.599721,shoplifting
51.525403,-2.598546,shoplifting
51.525403,-2.598546,shoplifting
51.525403,-2.598546,shoplifting
51.52368,-2.594444,shoplifting
51.527868,-2.599721,shoplifting
51.525403,-2.598546,shoplifting
51.525403,-2.598546,shoplifting
51.528702,-2.598733,shoplifting
51.527177,-2.597305,shoplifting
51.527177,-2.597305,shoplifting
51.5227,-2.615316,shoplifting
51.525605,-2.595396,shoplifting
51.52368,-2.594444,shoplifting
51.525403,-2.598546,shoplifting
51.525403,-2.598546,shoplifting
51.5227,-2.615316,shoplifting
51.525064,-2.60164,shoplifting
51.52368,-2.594444,shoplifting
51.52368,-2.594444,shoplifting
51.525403,-2.598546,shoplifting
51.525403,-2.598546,shoplifting
51.525403,-2.598546,shoplifting
51.52368,-2.594444,shoplifting
51.525403,-2.598546,shoplifting
51.52368,-2.594444,shoplifting
51.525605,-2.595396,shoplifting
51.525403,-2.598546,shoplifting
51.525403,-2.598546,shoplifting
51.52368,-2.594444,shoplifting
51.52368,-2.594444,shoplifting
51.525605,-2.595396,shoplifting
51.52368,-2.594444,shoplifting
51.527177,-2.597305,shoplifting
51.525403,-2.598546,shoplifting
51.524619,-2.598824,shoplifting
51.525605,-2.595396,shoplifting
51.527177,-2.597305,shoplifting
51.525403,-2.598546,shoplifting
51.525064,-2.60164,shoplifting
51.525605,-2.595396,shoplifting
51.525403,-2.598546,shoplifting
51.525403,-2.598546,shoplifting
51.528702,-2.598733,shoplifting
51.525605,-2.595396,shoplifting
51.525403,-2.598546,shoplifting
51.525605,-2.595396,shoplifting
51.525605,-2.595396,shoplifting
51.5227,-2.615316,shoplifting
51.525605,-2.595396,shoplifting
51.52368,-2.594444,shoplifting
51.5227,-2.615316,shoplifting
51.527177,-2.597305,shoplifting
51.525605,-2.595396,shoplifting
51.525605,-2.595396,shoplifting
51.52368,-2.594444,shoplifting
51.528702,-2.598733,shoplifting
51.525403,-2.598546,shoplifting
51.525605,-2.595396,shoplifting
51.525403,-2.598546,shoplifting
51.528702,-2.598733,shoplifting
51.525403,-2.598546,shoplifting
51.527177,-2.597305,shoplifting
51.528702,-2.598733,shoplifting
51.52368,-2.594444,shoplifting
51.55531,-2.407636,burglary_biz
51.556747,-2.40286,shoplifting
51.559052,-2.417161,shoplifting
51.559052,-2.417161,shoplifting
51.559052,-2.417161,shoplifting
51.559052,-2.417161,shoplifting
51.559052,-2.417161,shoplifting
51.559052,-2.417161,shoplifting
51.559052,-2.417161,shoplifting
51.559052,-2.417161,shoplifting
51.559052,-2.417161,shoplifting
51.548368,-2.407545,burglary_biz
51.548368,-2.407545,burglary_biz
51.539636,-2.413066,shoplifting
51.539786,-2.408867,shoplifting
51.539636,-2.413066,shoplifting
51.539878,-2.415818,shoplifting
51.539636,-2.413066,shoplifting
51.539786,-2.408867,shoplifting
51.539636,-2.413066,shoplifting
51.539786,-2.408867,shoplifting
51.539636,-2.413066,shoplifting
51.539786,-2.408867,shoplifting
51.539636,-2.413066,shoplifting
51.539135,-2.410029,shoplifting
51.542925,-2.405853,burglary_biz
51.544799,-2.402336,burglary_biz
51.545082,-2.429002,burglary_biz
51.542344,-2.425314,burglary_biz
51.542344,-2.425314,shoplifting
51.544452,-2.424238,burglary_biz
51.542957,-2.422392,robbery_biz
51.540979,-2.422316,robbery_biz
51.540979,-2.422316,shoplifting
51.540979,-2.422316,shoplifting
51.540979,-2.422316,shoplifting
51.540979,-2.422316,shoplifting
51.540979,-2.422316,shoplifting
51.540979,-2.422316,shoplifting
51.540979,-2.422316,shoplifting
51.540979,-2.422316,shoplifting
51.548937,-2.417198,shoplifting
51.548937,-2.417198,shoplifting
51.548937,-2.417198,shoplifting
51.531567,-2.404036,burglary_biz
51.531567,-2.404036,robbery_biz
51.540506,-2.423754,burglary_biz
51.540506,-2.423754,shoplifting
51.540506,-2.423754,shoplifting
51.53697,-2.411898,burglary_biz
51.543273,-2.557582,shoplifting
51.540584,-2.557867,shoplifting
51.543273,-2.557582,shoplifting
51.531726,-2.548489,burglary_biz
51.535361,-2.547956,shoplifting
51.535424,-2.547884,shoplifting
51.535361,-2.547956,shoplifting
51.533073,-2.481294,shoplifting
51.528836,-2.423617,burglary_biz
51.528836,-2.423617,burglary_biz
51.516641,-2.545987,shoplifting
51.51835,-2.545849,burglary_biz
51.528178,-2.557297,burglary_biz
51.523032,-2.559728,shoplifting
51.523032,-2.559728,shoplifting
51.523032,-2.559728,shoplifting
51.523032,-2.559728,shoplifting
51.523032,-2.559728,shoplifting
51.523032,-2.559728,shoplifting
51.523032,-2.559728,shoplifting
51.523032,-2.559728,shoplifting
51.523032,-2.559728,shoplifting
51.523032,-2.559728,shoplifting
51.523032,-2.559728,shoplifting
51.523032,-2.559728,shoplifting
51.515991,-2.504374,burglary_biz
51.506313,-2.560603,shoplifting
51.506313,-2.560603,shoplifting
51.506313,-2.560603,shoplifting
51.505744,-2.575912,burglary_biz
51.508293,-2.573221,shoplifting
51.51012,-2.572927,theft_person
51.502409,-2.584874,burglary_biz
51.50221,-2.585146,burglary_biz
51.512721,-2.568608,burglary_biz
51.510937,-2.569421,burglary_biz
51.540586,-2.436242,burglary_biz
51.467733,-2.472112,burglary_biz
51.49456,-2.461845,burglary_biz
51.493989,-2.460687,robbery_biz
51.49638,-2.493872,burglary_biz
51.50133,-2.494948,burglary_biz
51.492367,-2.473631,shoplifting
51.492367,-2.473631,shoplifting
51.493677,-2.474998,shoplifting
51.492367,-2.473631,shoplifting
51.49314,-2.511453,burglary_biz
51.49314,-2.511453,burglary_biz
51.487993,-2.501875,robbery_biz
51.487993,-2.501875,shoplifting
51.487993,-2.501875,shoplifting
51.487993,-2.501875,shoplifting
51.487993,-2.501875,shoplifting
51.487993,-2.501875,shoplifting
51.488289,-2.504212,shoplifting
51.488289,-2.504212,shoplifting
51.491391,-2.489482,burglary_biz
51.482895,-2.484927,burglary_biz
51.482895,-2.484927,shoplifting
51.482895,-2.484927,shoplifting
51.482895,-2.484927,shoplifting
51.482895,-2.484927,shoplifting
51.482895,-2.484927,shoplifting
51.482895,-2.484927,shoplifting
51.482895,-2.484927,shoplifting
51.482895,-2.484927,shoplifting
51.482895,-2.484927,shoplifting
51.482895,-2.484927,shoplifting
51.494024,-2.48748,burglary_biz
51.424551,-2.486323,burglary_biz
51.418662,-2.492746,burglary_biz
51.419168,-2.444964,burglary_biz
51.454278,-2.321953,burglary_biz
51.463441,-2.321614,burglary_biz
51.451166,-2.362225,burglary_biz
51.458326,-2.369818,burglary_biz
51.452714,-2.438838,burglary_biz
51.5786,-2.316597,burglary_biz
51.504039,-2.353268,burglary_biz
51.476534,-2.492117,burglary_biz
51.48204,-2.504215,burglary_biz
51.481875,-2.502903,shoplifting
51.481749,-2.504946,shoplifting
51.481935,-2.509643,burglary_biz
51.481935,-2.509643,burglary_biz
51.480647,-2.504056,shoplifting
51.480647,-2.504056,shoplifting
51.480647,-2.504056,shoplifting
51.480647,-2.504056,shoplifting
51.480647,-2.504056,shoplifting
51.480647,-2.504056,shoplifting
51.480647,-2.504056,shoplifting
51.480647,-2.504056,shoplifting
51.463553,-2.508329,shoplifting
51.463553,-2.508329,shoplifting
51.463323,-2.511609,shoplifting
51.463553,-2.508329,shoplifting
51.463553,-2.508329,shoplifting
51.477401,-2.506165,burglary_biz
51.479392,-2.503149,robbery_biz
51.47752,-2.503531,theft_person
51.47752,-2.503531,theft_person
51.474206,-2.508966,shoplifting
51.461555,-2.487594,burglary_biz
51.46189,-2.487123,burglary_biz
51.468369,-2.4902,burglary_biz
51.460602,-2.480819,shoplifting
51.466515,-2.492887,burglary_biz
51.463501,-2.495273,burglary_biz
51.462951,-2.504105,burglary_biz
51.462951,-2.504105,burglary_biz
51.465358,-2.504823,robbery_biz
51.449252,-2.509351,burglary_biz
51.462599,-2.50852,shoplifting
51.462599,-2.50852,shoplifting
51.462599,-2.50852,shoplifting
51.462599,-2.50852,shoplifting
51.462599,-2.50852,shoplifting
51.459965,-2.482986,burglary_biz
51.458998,-2.485948,burglary_biz
51.452262,-2.473564,burglary_biz
51.449329,-2.471606,burglary_biz
51.452262,-2.473564,burglary_biz
51.446553,-2.479837,robbery_biz
51.449294,-2.518187,robbery_biz
51.450656,-2.509122,burglary_biz
51.452817,-2.510556,burglary_biz
51.445259,-2.519896,burglary_biz
51.447985,-2.523439,burglary_biz
51.444577,-2.513443,burglary_biz
51.440106,-2.519477,shoplifting
51.440106,-2.519477,shoplifting
51.440106,-2.519477,shoplifting
51.440106,-2.519477,shoplifting
51.445685,-2.504591,burglary_biz
51.447177,-2.500535,shoplifting
51.447177,-2.500535,shoplifting
51.4395,-2.493747,burglary_biz
51.437838,-2.493542,shoplifting
51.438002,-2.49517,shoplifting
51.437838,-2.493542,shoplifting
51.437838,-2.493542,shoplifting
51.437838,-2.493542,shoplifting
51.436189,-2.494344,burglary_biz
51.430055,-2.507339,theft_person
51.448096,-2.497083,burglary_biz
51.448096,-2.497083,burglary_biz
51.445754,-2.497009,robbery_biz
51.44415,-2.495524,shoplifting
51.444491,-2.501182,shoplifting
51.444491,-2.501182,shoplifting
51.444491,-2.501182,shoplifting
51.444491,-2.501182,shoplifting
51.444491,-2.501182,shoplifting
51.444491,-2.501182,shoplifting
51.444491,-2.501182,shoplifting
51.444491,-2.501182,shoplifting
51.444491,-2.501182,shoplifting
51.444491,-2.501182,shoplifting
51.444491,-2.501182,shoplifting
51.445754,-2.497009,shoplifting
51.445754,-2.497009,shoplifting
51.53844,-2.584356,burglary_biz
51.539025,-2.56598,burglary_biz
51.540698,-2.562198,shoplifting
51.540698,-2.562198,shoplifting
51.532825,-2.581631,burglary_biz
51.530424,-2.578011,shoplifting
51.530424,-2.578011,shoplifting
51.530424,-2.578011,shoplifting
51.530424,-2.578011,shoplifting
51.530424,-2.578011,shoplifting
51.530424,-2.578011,shoplifting
51.530424,-2.578011,shoplifting
51.533304,-2.562751,burglary_biz
51.532141,-2.589076,robbery_biz
51.526008,-2.585494,shoplifting
51.529651,-2.583436,burglary_biz
51.528781,-2.575727,burglary_biz
51.509231,-2.552066,shoplifting
51.509231,-2.552066,shoplifting
51.505461,-2.550637,shoplifting
51.509176,-2.556099,shoplifting
51.509231,-2.552066,shoplifting
51.507249,-2.550874,shoplifting
51.50113,-2.544274,robbery_biz
51.50113,-2.544274,shoplifting
51.50113,-2.544274,shoplifting
51.50113,-2.544274,shoplifting
51.50113,-2.544274,shoplifting
51.50113,-2.544274,shoplifting
51.50113,-2.544274,shoplifting
51.50113,-2.544274,shoplifting
51.50113,-2.544274,shoplifting
51.50113,-2.544274,shoplifting
51.51602,-2.546153,burglary_biz
51.508622,-2.52592,burglary_biz
51.502531,-2.52487,burglary_biz
51.503016,-2.519012,burglary_biz
51.415165,-2.498935,shoplifting
51.416533,-2.501567,shoplifting
51.415165,-2.498935,shoplifting
51.415165,-2.498935,shoplifting
51.416533,-2.501567,shoplifting
51.415165,-2.498935,shoplifting
51.416533,-2.501567,shoplifting
51.415165,-2.498935,shoplifting
51.415165,-2.498935,shoplifting
51.416533,-2.501567,shoplifting
51.416533,-2.501567,shoplifting
51.415165,-2.498935,shoplifting
51.415165,-2.498935,shoplifting
51.413537,-2.498989,shoplifting
51.413799,-2.496691,shoplifting
51.413799,-2.496691,theft_person
51.407941,-2.508201,burglary_biz
51.407635,-2.497774,burglary_biz
51.405375,-2.511062,shoplifting
51.405375,-2.511062,shoplifting
51.416069,-2.473967,burglary_biz
51.4152,-2.490681,burglary_biz
51.414756,-2.482696,shoplifting
51.412074,-2.49197,shoplifting
51.414756,-2.482696,shoplifting
51.410875,-2.473122,burglary_biz
51.409328,-2.473178,shoplifting
51.397728,-2.344741,shoplifting
51.402202,-2.327107,burglary_biz
51.397161,-2.344708,shoplifting
51.397161,-2.344708,shoplifting
51.397161,-2.344708,shoplifting
51.397161,-2.344708,shoplifting
51.397161,-2.344708,shoplifting
51.397161,-2.344708,shoplifting
51.398651,-2.396754,burglary_biz
51.39446,-2.388942,burglary_biz
51.392085,-2.352617,robbery_biz
51.392611,-2.354102,burglary_biz
51.392611,-2.354102,burglary_biz
51.390524,-2.357305,burglary_biz
51.391507,-2.350342,robbery_biz
51.391507,-2.350342,robbery_biz
51.391507,-2.350342,shoplifting
51.391507,-2.350342,shoplifting
51.391507,-2.350342,shoplifting
51.391507,-2.350342,shoplifting
51.391507,-2.350342,shoplifting
51.391507,-2.350342,shoplifting
51.391507,-2.350342,shoplifting
51.391507,-2.350342,shoplifting
51.391507,-2.350342,shoplifting
51.379049,-2.360592,burglary_biz
51.381578,-2.360052,burglary_biz
51.384473,-2.360074,burglary_biz
51.383494,-2.359535,robbery_biz
51.380857,-2.360606,robbery_biz
51.380842,-2.362374,robbery_biz
51.380842,-2.362374,shoplifting
51.380159,-2.359466,shoplifting
51.383494,-2.359535,shoplifting
51.381429,-2.361617,shoplifting
51.382174,-2.359108,shoplifting
51.381429,-2.361617,shoplifting
51.383494,-2.359535,shoplifting
51.380159,-2.359466,shoplifting
51.382714,-2.359026,shoplifting
51.380159,-2.359466,shoplifting
51.381578,-2.360052,shoplifting
51.383494,-2.359535,shoplifting
51.380842,-2.362374,shoplifting
51.380842,-2.362374,shoplifting
51.380159,-2.359466,shoplifting
51.38306,-2.360609,shoplifting
51.382714,-2.359026,shoplifting
51.382714,-2.359026,shoplifting
51.380842,-2.362374,shoplifting
51.380857,-2.360606,shoplifting
51.383494,-2.359535,shoplifting
51.379472,-2.360595,shoplifting
51.379472,-2.360595,shoplifting
51.382714,-2.359026,shoplifting
51.380159,-2.359466,shoplifting
51.383494,-2.359535,shoplifting
51.383494,-2.359535,shoplifting
51.380159,-2.359466,shoplifting
51.383494,-2.359535,shoplifting
51.383494,-2.359535,shoplifting
51.380391,-2.359956,shoplifting
51.383494,-2.359535,shoplifting
51.383494,-2.359535,shoplifting
51.383494,-2.359535,shoplifting
51.381429,-2.361617,shoplifting
51.382537,-2.360921,shoplifting
51.380391,-2.359956,shoplifting
51.380159,-2.359466,shoplifting
51.383494,-2.359535,shoplifting
51.383286,-2.357234,shoplifting
51.383494,-2.359535,shoplifting
51.383494,-2.359535,shoplifting
51.380842,-2.362374,shoplifting
51.382714,-2.359026,shoplifting
51.380159,-2.359466,shoplifting
51.383494,-2.359535,shoplifting
51.379472,-2.360595,shoplifting
51.379472,-2.360595,shoplifting
51.380961,-2.358825,theft_person
51.386581,-2.352719,burglary_biz
51.378327,-2.359595,burglary_biz
51.377739,-2.359218,robbery_biz
51.378327,-2.359595,robbery_biz
51.378327,-2.359595,shoplifting
51.378904,-2.358249,shoplifting
51.378327,-2.359595,shoplifting
51.378327,-2.359595,shoplifting
51.386581,-2.352719,shoplifting
51.378904,-2.358249,shoplifting
51.378904,-2.358249,shoplifting
51.378235,-2.359264,shoplifting
51.378327,-2.359595,shoplifting
51.378327,-2.359595,theft_person
51.380679,-2.356912,theft_person
51.38744,-2.363015,burglary_biz
51.38744,-2.363015,burglary_biz
51.387153,-2.365714,shoplifting
51.387964,-2.365017,shoplifting
51.387964,-2.365017,shoplifting
51.387964,-2.365017,shoplifting
51.38489,-2.36196,shoplifting
51.387964,-2.365017,shoplifting
51.387964,-2.365017,shoplifting
51.385985,-2.359713,theft_person
51.383944,-2.362599,theft_person
51.387573,-2.360659,burglary_biz
51.385038,-2.388776,shoplifting
51.38953,-2.400498,burglary_biz
51.391288,-2.39646,burglary_biz
51.393866,-2.394629,burglary_biz
51.391032,-2.395064,burglary_biz
51.386071,-2.380866,burglary_biz
51.383682,-2.385272,burglary_biz
51.385311,-2.382197,burglary_biz
51.385311,-2.382197,shoplifting
51.380332,-2.364582,burglary_biz
51.381317,-2.362923,robbery_biz
51.381317,-2.362923,robbery_biz
51.381317,-2.362923,robbery_biz
51.381317,-2.362923,robbery_biz
51.38174,-2.365642,robbery_biz
51.381292,-2.365107,shoplifting
51.381317,-2.362923,shoplifting
51.381292,-2.365107,shoplifting
51.381192,-2.368555,shoplifting
51.381292,-2.365107,shoplifting
51.381292,-2.365107,shoplifting
51.381292,-2.365107,shoplifting
51.388262,-2.367706,robbery_biz
51.382739,-2.368352,robbery_biz
51.396043,-2.323728,burglary_biz
51.37864,-2.392687,burglary_biz
51.382581,-2.405265,burglary_biz
51.378022,-2.402624,burglary_biz
51.380991,-2.396946,burglary_biz
51.381044,-2.394489,burglary_biz
51.379443,-2.394605,shoplifting
51.379443,-2.394605,shoplifting
51.379443,-2.394605,shoplifting
51.384029,-2.349337,shoplifting
51.377786,-2.364964,burglary_biz
51.377848,-2.363847,robbery_biz
51.376591,-2.352972,shoplifting
51.376591,-2.352972,shoplifting
51.379305,-2.376442,burglary_biz
51.379305,-2.376442,burglary_biz
51.379659,-2.369706,shoplifting
51.377866,-2.382293,burglary_biz
51.377044,-2.377659,shoplifting
51.377044,-2.377659,shoplifting
51.377044,-2.377659,shoplifting
51.371636,-2.373434,burglary_biz
51.371636,-2.373434,burglary_biz
51.371334,-2.374897,burglary_biz
51.369947,-2.378405,burglary_biz
51.368164,-2.387455,burglary_biz
51.370257,-2.396164,burglary_biz
51.37205,-2.396321,burglary_biz
51.370257,-2.396164,burglary_biz
51.37205,-2.396321,shoplifting
51.369806,-2.391204,burglary_biz
51.366688,-2.390818,burglary_biz
51.366688,-2.390818,robbery_biz
51.366688,-2.390818,shoplifting
51.366688,-2.390818,shoplifting
51.366688,-2.390818,shoplifting
51.375676,-2.389084,burglary_biz
51.375676,-2.389084,burglary_biz
51.375676,-2.389084,shoplifting
51.375676,-2.389084,shoplifting
51.375676,-2.389084,shoplifting
51.375676,-2.389084,shoplifting
51.375676,-2.389084,shoplifting
51.375676,-2.389084,shoplifting
51.375676,-2.389084,shoplifting
51.375676,-2.389084,shoplifting
51.375676,-2.389084,shoplifting
51.375676,-2.389084,shoplifting
51.375676,-2.389084,shoplifting
51.375676,-2.389084,shoplifting
51.375676,-2.389084,shoplifting
51.375676,-2.389084,shoplifting
51.375676,-2.389084,shoplifting
51.375676,-2.389084,shoplifting
51.375676,-2.389084,shoplifting
51.375676,-2.389084,shoplifting
51.375676,-2.389084,shoplifting
51.375676,-2.389084,shoplifting
51.375676,-2.389084,shoplifting
51.375676,-2.389084,shoplifting
51.402375,-2.455669,robbery_biz
51.402375,-2.455669,robbery_biz
51.402375,-2.455669,shoplifting
51.402375,-2.455669,shoplifting
51.327621,-2.473097,shoplifting
51.327621,-2.473097,shoplifting
51.327621,-2.473097,shoplifting
51.327621,-2.473097,shoplifting
51.327621,-2.473097,shoplifting
51.327621,-2.473097,shoplifting
51.327621,-2.473097,shoplifting
51.327621,-2.473097,shoplifting
51.370626,-2.368499,burglary_biz
51.374093,-2.366264,shoplifting
51.374093,-2.366264,shoplifting
51.374093,-2.366264,shoplifting
51.374093,-2.366264,shoplifting
51.374093,-2.366264,shoplifting
51.374093,-2.366264,shoplifting
51.374093,-2.366264,shoplifting
51.374093,-2.366264,shoplifting
51.374093,-2.366264,shoplifting
51.374093,-2.366264,shoplifting
51.374093,-2.366264,shoplifting
51.374093,-2.366264,shoplifting
51.374093,-2.366264,shoplifting
51.374093,-2.366264,shoplifting
51.374093,-2.366264,shoplifting
51.374093,-2.366264,shoplifting
51.374093,-2.366264,shoplifting
51.374093,-2.366264,shoplifting
51.374093,-2.366264,shoplifting
51.374093,-2.366264,shoplifting
51.374496,-2.361591,theft_person
51.357331,-2.370187,burglary_biz
51.358518,-2.373141,burglary_biz
51.357331,-2.370187,robbery_biz
51.357331,-2.370187,shoplifting
51.356582,-2.368257,shoplifting
51.357331,-2.370187,shoplifting
51.357331,-2.370187,shoplifting
51.369506,-2.373216,burglary_biz
51.369368,-2.365529,shoplifting
51.369368,-2.365529,shoplifting
51.369368,-2.365529,shoplifting
51.369368,-2.365529,shoplifting
51.369368,-2.365529,shoplifting
51.369368,-2.365529,shoplifting
51.369368,-2.365529,shoplifting
51.369368,-2.365529,shoplifting
51.369368,-2.365529,shoplifting
51.359639,-2.359592,burglary_biz
51.359639,-2.359592,robbery_biz
51.359639,-2.359592,shoplifting
51.359639,-2.359592,shoplifting
51.362798,-2.346676,burglary_biz
51.36083,-2.352291,robbery_biz
51.359974,-2.346927,shoplifting
51.364169,-2.360346,burglary_biz
51.358306,-2.380277,robbery_biz
51.320701,-2.544589,burglary_biz
51.409776,-2.540025,robbery_biz
51.395656,-2.550467,shoplifting
51.382331,-2.574577,burglary_biz
51.348649,-2.635395,burglary_biz
51.36584,-2.611165,shoplifting
51.311106,-2.632294,burglary_biz
51.316277,-2.42517,shoplifting
51.316277,-2.42517,shoplifting
51.316277,-2.42517,shoplifting
51.316277,-2.42517,shoplifting
51.316277,-2.42517,shoplifting
51.316277,-2.42517,shoplifting
51.511061,-2.629512,shoplifting
51.511061,-2.629512,shoplifting
51.511061,-2.629512,shoplifting
51.511061,-2.629512,shoplifting
51.511061,-2.629512,shoplifting
51.511061,-2.629512,shoplifting
51.511061,-2.629512,shoplifting
51.511061,-2.629512,shoplifting
51.511061,-2.629512,shoplifting
51.511061,-2.629512,shoplifting
51.511061,-2.629512,shoplifting
51.511061,-2.629512,shoplifting
51.511061,-2.629512,shoplifting
51.511061,-2.629512,shoplifting
51.511061,-2.629512,shoplifting
51.51415,-2.597663,burglary_biz
51.513172,-2.6199,burglary_biz
51.509605,-2.62099,shoplifting
51.509605,-2.62099,shoplifting
51.509605,-2.62099,shoplifting
51.509605,-2.62099,shoplifting
51.509605,-2.62099,shoplifting
51.509605,-2.62099,shoplifting
51.509605,-2.62099,shoplifting
51.509605,-2.62099,shoplifting
51.509605,-2.62099,shoplifting
51.507985,-2.623057,shoplifting
51.507985,-2.623057,shoplifting
51.507985,-2.623057,shoplifting
51.507985,-2.623057,shoplifting
51.507985,-2.623057,shoplifting
51.507985,-2.623057,shoplifting
51.507985,-2.623057,shoplifting
51.507985,-2.623057,shoplifting
51.497922,-2.597364,burglary_biz
51.503265,-2.603361,shoplifting
51.503265,-2.603361,shoplifting
51.502582,-2.602223,shoplifting
51.502582,-2.602223,shoplifting
51.502582,-2.602223,shoplifting
51.503265,-2.603361,shoplifting
51.502582,-2.602223,shoplifting
51.503265,-2.603361,shoplifting
51.507575,-2.594623,burglary_biz
51.501096,-2.609493,burglary_biz
51.505848,-2.591186,burglary_biz
51.504193,-2.608742,robbery_biz
51.495578,-2.669978,burglary_biz
51.529939,-2.677099,burglary_biz
51.522908,-2.686392,burglary_biz
51.502675,-2.656914,shoplifting
51.502675,-2.656914,shoplifting
51.501572,-2.657878,shoplifting
51.503178,-2.657055,theft_person
51.50471,-2.653024,burglary_biz
51.504116,-2.65156,shoplifting
51.504116,-2.65156,shoplifting
51.499146,-2.584674,burglary_biz
51.496736,-2.580999,burglary_biz
51.496981,-2.584229,burglary_biz
51.492531,-2.589386,burglary_biz
51.496736,-2.580999,robbery_biz
51.494809,-2.59102,robbery_biz
51.496736,-2.580999,robbery_biz
51.496736,-2.580999,shoplifting
51.496736,-2.580999,shoplifting
51.488555,-2.587923,burglary_biz
51.490054,-2.590333,robbery_biz
51.49483,-2.575645,burglary_biz
51.494353,-2.573838,shoplifting
51.489781,-2.569186,burglary_biz
51.489781,-2.569186,burglary_biz
51.486228,-2.61049,shoplifting
51.486228,-2.61049,shoplifting
51.486228,-2.61049,shoplifting
51.486228,-2.61049,shoplifting
51.486228,-2.61049,shoplifting
51.486228,-2.61049,shoplifting
51.486228,-2.61049,shoplifting
51.486228,-2.61049,shoplifting
51.486228,-2.61049,shoplifting
51.486228,-2.61049,shoplifting
51.486228,-2.61049,shoplifting
51.486228,-2.61049,shoplifting
51.486228,-2.61049,shoplifting
51.486228,-2.61049,shoplifting
51.486228,-2.61049,shoplifting
51.486228,-2.61049,shoplifting
51.486228,-2.61049,shoplifting
51.49394,-2.617867,burglary_biz
51.492827,-2.617507,burglary_biz
51.493856,-2.620185,burglary_biz
51.493328,-2.619746,burglary_biz
51.494279,-2.61852,burglary_biz
51.492827,-2.617507,shoplifting
51.49394,-2.617867,shoplifting
51.492827,-2.617507,shoplifting
51.492827,-2.617507,shoplifting
51.493328,-2.619746,shoplifting
51.492827,-2.617507,shoplifting
51.492827,-2.617507,shoplifting
51.495553,-2.620741,shoplifting
51.495553,-2.620741,shoplifting
51.495553,-2.620741,shoplifting
51.495553,-2.620741,shoplifting
51.494214,-2.643814,burglary_biz
51.490812,-2.676375,robbery_biz
51.484539,-2.6696,robbery_biz
51.483891,-2.671146,robbery_biz
51.491245,-2.682258,burglary_biz
51.489736,-2.677483,shoplifting
51.487709,-2.681148,burglary_biz
51.48573,-2.670323,burglary_biz
51.500166,-2.700385,burglary_biz
51.498081,-2.694115,burglary_biz
51.500239,-2.694235,shoplifting
51.505705,-2.697343,shoplifting
51.505705,-2.697343,shoplifting
51.505705,-2.697343,shoplifting
51.505705,-2.697343,shoplifting
51.505705,-2.697343,shoplifting
51.505705,-2.697343,shoplifting
51.505705,-2.697343,shoplifting
51.505705,-2.697343,shoplifting
51.505705,-2.697343,shoplifting
51.491203,-2.690972,burglary_biz
51.502224,-2.691484,burglary_biz
51.500623,-2.691201,burglary_biz
51.498496,-2.686256,burglary_biz
51.487971,-2.62487,robbery_biz
51.493102,-2.63517,burglary_biz
51.484833,-2.627854,burglary_biz
51.484621,-2.618605,burglary_biz
51.490063,-2.581303,burglary_biz
51.491166,-2.57835,burglary_biz
51.494113,-2.580548,burglary_biz
51.490063,-2.581303,burglary_biz
51.485945,-2.577621,burglary_biz
51.482627,-2.600937,robbery_biz
51.485471,-2.596813,shoplifting
51.485471,-2.596813,shoplifting
51.485471,-2.596813,shoplifting
51.485471,-2.596813,shoplifting
51.481924,-2.611613,burglary_biz
51.481712,-2.537563,shoplifting
51.481712,-2.537563,shoplifting
51.481712,-2.537563,shoplifting
51.481712,-2.537563,shoplifting
51.481712,-2.537563,shoplifting
51.481712,-2.537563,shoplifting
51.481712,-2.537563,shoplifting
51.479524,-2.535282,shoplifting
51.481712,-2.537563,shoplifting
51.481712,-2.537563,shoplifting
51.481712,-2.537563,shoplifting
51.481712,-2.537563,shoplifting
51.481712,-2.537563,shoplifting
51.481712,-2.537563,shoplifting
51.481712,-2.537563,shoplifting
51.481712,-2.537563,shoplifting
51.481712,-2.537563,shoplifting
51.481712,-2.537563,shoplifting
51.481712,-2.537563,shoplifting
51.481712,-2.537563,shoplifting
51.481712,-2.537563,shoplifting
51.481712,-2.537563,shoplifting
51.481712,-2.537563,shoplifting
51.479524,-2.535282,shoplifting
51.49244,-2.53524,burglary_biz
51.479472,-2.531892,robbery_biz
51.480708,-2.534887,robbery_biz
51.479472,-2.531892,shoplifting
51.478303,-2.533822,shoplifting
51.479186,-2.533472,shoplifting
51.478303,-2.533822,shoplifting
51.478303,-2.533822,shoplifting
51.478303,-2.533822,shoplifting
51.478303,-2.533822,shoplifting
51.478303,-2.533822,shoplifting
51.478303,-2.533822,shoplifting
51.478716,-2.53207,shoplifting
51.478303,-2.533822,shoplifting
51.478303,-2.533822,shoplifting
51.478303,-2.533822,shoplifting
51.478303,-2.533822,shoplifting
51.478303,-2.533822,shoplifting
51.478303,-2.533822,shoplifting
51.478303,-2.533822,shoplifting
51.478303,-2.533822,shoplifting
51.478303,-2.533822,shoplifting
51.483429,-2.535711,theft_person
51.478716,-2.53207,theft_person
51.481058,-2.529016,burglary_biz
51.479981,-2.530587,burglary_biz
51.481058,-2.529016,burglary_biz
51.479981,-2.530587,burglary_biz
51.481058,-2.529016,burglary_biz
51.480486,-2.524329,burglary_biz
51.479981,-2.530587,burglary_biz
51.481058,-2.529016,robbery_biz
51.479744,-2.529274,shoplifting
51.481058,-2.529016,shoplifting
51.481058,-2.529016,shoplifting
51.481058,-2.529016,shoplifting
51.479744,-2.529274,shoplifting
51.481058,-2.529016,shoplifting
51.481864,-2.525799,burglary_biz
51.481897,-2.524489,burglary_biz
51.484691,-2.525054,burglary_biz
51.482077,-2.525515,robbery_biz
51.482077,-2.525515,shoplifting
51.482077,-2.525515,shoplifting
51.482077,-2.525515,shoplifting
51.496073,-2.560204,burglary_biz
51.492605,-2.561616,burglary_biz
51.491805,-2.563349,shoplifting
51.491805,-2.563349,shoplifting
51.48619,-2.564245,burglary_biz
51.48619,-2.564245,burglary_biz
51.488327,-2.56309,burglary_biz
51.481836,-2.576146,robbery_biz
51.484089,-2.571117,shoplifting
51.481836,-2.576146,shoplifting
51.481836,-2.576146,shoplifting
51.481836,-2.576146,shoplifting
51.481836,-2.576146,shoplifting
51.481836,-2.576146,shoplifting
51.481836,-2.576146,shoplifting
51.481836,-2.576146,shoplifting
51.481836,-2.576146,shoplifting
51.481836,-2.576146,shoplifting
51.481836,-2.576146,shoplifting
51.481836,-2.576146,shoplifting
51.481836,-2.576146,shoplifting
51.475306,-2.567091,burglary_biz
51.473961,-2.562481,robbery_biz
51.473961,-2.562481,robbery_biz
51.473464,-2.565702,shoplifting
51.473961,-2.562481,shoplifting
51.473629,-2.566033,shoplifting
51.473961,-2.562481,shoplifting
51.473961,-2.562481,shoplifting
51.473961,-2.562481,shoplifting
51.473961,-2.562481,shoplifting
51.473464,-2.565702,shoplifting
51.473961,-2.562481,shoplifting
51.473464,-2.565702,shoplifting
51.473629,-2.566033,shoplifting
51.473961,-2.562481,shoplifting
51.473464,-2.565702,shoplifting
51.473961,-2.562481,shoplifting
51.473464,-2.565702,shoplifting
51.473961,-2.562481,shoplifting
51.473961,-2.562481,shoplifting
51.472616,-2.567403,shoplifting
51.472616,-2.567403,shoplifting
51.473629,-2.566033,shoplifting
51.473961,-2.562481,shoplifting
51.473961,-2.562481,shoplifting
51.473464,-2.565702,shoplifting
51.473961,-2.562481,shoplifting
51.473629,-2.566033,shoplifting
51.473961,-2.562481,shoplifting
51.473629,-2.566033,shoplifting
51.473961,-2.562481,shoplifting
51.473961,-2.562481,shoplifting
51.478581,-2.634968,burglary_biz
51.485704,-2.639704,burglary_biz
51.479583,-2.636004,burglary_biz
51.480102,-2.582774,burglary_biz
51.480102,-2.582774,burglary_biz
51.480102,-2.582774,burglary_biz
51.479983,-2.588562,burglary_biz
51.481154,-2.588116,shoplifting
51.480019,-2.581377,burglary_biz
51.478955,-2.580226,robbery_biz
51.475816,-2.591258,burglary_biz
51.482209,-2.591154,burglary_biz
51.483548,-2.587844,burglary_biz
51.481924,-2.58706,shoplifting
51.47853,-2.607378,burglary_biz
51.472128,-2.513306,burglary_biz
51.476081,-2.53993,burglary_biz
51.478002,-2.536713,shoplifting
51.477545,-2.538407,shoplifting
51.473488,-2.546436,burglary_biz
51.476575,-2.544083,burglary_biz
51.475292,-2.545291,robbery_biz
51.478621,-2.560134,burglary_biz
51.478621,-2.560134,shoplifting
51.474003,-2.557471,shoplifting
51.466321,-2.548711,burglary_biz
51.468351,-2.591637,burglary_biz
51.468305,-2.588181,shoplifting
51.474013,-2.577787,burglary_biz
51.474552,-2.592235,burglary_biz
51.473193,-2.59072,shoplifting
51.473193,-2.59072,shoplifting
51.473193,-2.59072,shoplifting
51.473193,-2.59072,shoplifting
51.473193,-2.59072,shoplifting
51.473193,-2.59072,shoplifting
51.473193,-2.59072,shoplifting
51.471506,-2.593521,burglary_biz
51.471506,-2.593521,burglary_biz
51.471506,-2.593521,robbery_biz
51.471506,-2.593521,shoplifting
51.471506,-2.593521,theft_person
51.476751,-2.533142,burglary_biz
51.473542,-2.532816,shoplifting
51.468283,-2.540399,burglary_biz
51.472734,-2.53655,burglary_biz
51.469547,-2.539349,burglary_biz
51.470163,-2.530473,burglary_biz
51.469361,-2.520919,burglary_biz
51.471617,-2.523004,shoplifting
51.471617,-2.523004,shoplifting
51.471617,-2.523004,shoplifting
51.471617,-2.523004,shoplifting
51.471617,-2.523004,shoplifting
51.471617,-2.523004,shoplifting
51.471617,-2.523004,shoplifting
51.471617,-2.523004,shoplifting
51.471617,-2.523004,shoplifting
51.471617,-2.523004,shoplifting
51.471617,-2.523004,shoplifting
51.466127,-2.609631,burglary_biz
51.465109,-2.610136,burglary_biz
51.466127,-2.609631,burglary_biz
51.465005,-2.609762,burglary_biz
51.462564,-2.604949,burglary_biz
51.463397,-2.607292,burglary_biz
51.463397,-2.607292,burglary_biz
51.465005,-2.609762,burglary_biz
51.463598,-2.608345,burglary_biz
51.463598,-2.608345,robbery_biz
51.470139,-2.614594,burglary_biz
51.468419,-2.613275,robbery_biz
51.468419,-2.613275,shoplifting
51.468419,-2.613275,shoplifting
51.468419,-2.613275,shoplifting
51.465708,-2.61072,shoplifting
51.464997,-2.596948,robbery_biz
51.466633,-2.598813,theft_person
51.469879,-2.595256,burglary_biz
51.469879,-2.595256,burglary_biz
51.469879,-2.595256,burglary_biz
51.45821,-2.587749,burglary_biz
51.456685,-2.586981,burglary_biz
51.460321,-2.593534,burglary_biz
51.458559,-2.58974,robbery_biz
51.461372,-2.591741,robbery_biz
51.45821,-2.587749,robbery_biz
51.45821,-2.587749,robbery_biz
51.459755,-2.593325,robbery_biz
51.458559,-2.58974,robbery_biz
51.45821,-2.587749,robbery_biz
51.45821,-2.587749,shoplifting
51.458559,-2.58974,shoplifting
51.45821,-2.587749,shoplifting
51.459122,-2.594036,shoplifting
51.458559,-2.58974,shoplifting
51.45821,-2.587749,shoplifting
51.458559,-2.58974,shoplifting
51.45821,-2.587749,shoplifting
51.458559,-2.58974,shoplifting
51.45821,-2.587749,shoplifting
51.459122,-2.594036,shoplifting
51.45821,-2.587749,shoplifting
51.459122,-2.594036,shoplifting
51.459122,-2.594036,shoplifting
51.45821,-2.587749,shoplifting
51.459122,-2.594036,shoplifting
51.459122,-2.594036,shoplifting
51.45821,-2.587749,shoplifting
51.457668,-2.586303,shoplifting
51.458559,-2.58974,shoplifting
51.458559,-2.58974,shoplifting
51.459122,-2.594036,shoplifting
51.457668,-2.586303,shoplifting
51.457668,-2.586303,shoplifting
51.45821,-2.587749,shoplifting
51.45821,-2.587749,shoplifting
51.458559,-2.58974,shoplifting
51.45821,-2.587749,shoplifting
51.459122,-2.594036,shoplifting
51.457668,-2.586303,shoplifting
51.45821,-2.587749,shoplifting
51.457668,-2.586303,shoplifting
51.458559,-2.58974,theft_person
51.45821,-2.587749,theft_person
51.457668,-2.586303,theft_person
51.462667,-2.590023,burglary_biz
51.462667,-2.590023,burglary_biz
51.462213,-2.59101,robbery_biz
51.463483,-2.590566,shoplifting
51.462736,-2.609845,burglary_biz
51.458734,-2.611836,burglary_biz
51.458734,-2.611836,burglary_biz
51.458734,-2.611836,burglary_biz
51.462152,-2.609838,shoplifting
51.458876,-2.612198,theft_person
51.464236,-2.612039,burglary_biz
51.463864,-2.610897,burglary_biz
51.463864,-2.610897,shoplifting
51.463864,-2.610897,shoplifting
51.463864,-2.610897,shoplifting
51.466362,-2.612931,burglary_biz
51.466608,-2.612229,shoplifting
51.466608,-2.612229,shoplifting
51.466608,-2.612229,shoplifting
51.458195,-2.61511,burglary_biz
51.457406,-2.611214,burglary_biz
51.458195,-2.61511,burglary_biz
51.469936,-2.615484,burglary_biz
51.465958,-2.515626,burglary_biz
51.466398,-2.51386,shoplifting
51.466398,-2.51386,shoplifting
51.466398,-2.51386,shoplifting
51.466398,-2.51386,shoplifting
51.463142,-2.515954,shoplifting
51.462453,-2.521474,burglary_biz
51.461553,-2.535613,burglary_biz
51.466349,-2.530818,robbery_biz
51.463543,-2.527057,robbery_biz
51.466703,-2.532017,robbery_biz
51.466349,-2.530818,shoplifting
51.466349,-2.530818,shoplifting
51.466349,-2.530818,shoplifting
51.466349,-2.530818,shoplifting
51.466349,-2.530818,shoplifting
51.466349,-2.530818,shoplifting
51.466703,-2.532017,shoplifting
51.466349,-2.530818,shoplifting
51.466349,-2.530818,shoplifting
51.466703,-2.532017,shoplifting
51.461923,-2.526864,shoplifting
51.461923,-2.526864,shoplifting
51.460989,-2.531144,shoplifting
51.460989,-2.531144,shoplifting
51.461923,-2.526864,shoplifting
51.460989,-2.531144,shoplifting
51.460989,-2.531144,shoplifting
51.460989,-2.531144,shoplifting
51.460989,-2.531144,shoplifting
51.460989,-2.531144,shoplifting
51.461923,-2.526864,shoplifting
51.461923,-2.526864,shoplifting
51.460989,-2.531144,shoplifting
51.461923,-2.526864,shoplifting
51.461923,-2.526864,shoplifting
51.460989,-2.531144,shoplifting
51.460989,-2.531144,shoplifting
51.460989,-2.531144,shoplifting
51.461923,-2.526864,shoplifting
51.461923,-2.526864,shoplifting
51.461923,-2.526864,shoplifting
51.461923,-2.526864,shoplifting
51.461923,-2.526864,shoplifting
51.460989,-2.531144,shoplifting
51.460989,-2.531144,shoplifting
51.460989,-2.531144,shoplifting
51.460989,-2.531144,shoplifting
51.460989,-2.531144,shoplifting
51.460989,-2.531144,shoplifting
51.463353,-2.556334,burglary_biz
51.459618,-2.55531,burglary_biz
51.460376,-2.558428,theft_person
51.463669,-2.552321,burglary_biz
51.458856,-2.556581,robbery_biz
51.461928,-2.555525,robbery_biz
51.458348,-2.563153,burglary_biz
51.458348,-2.563153,shoplifting
51.455271,-2.559934,theft_person
51.463689,-2.548075,burglary_biz
51.459323,-2.553075,burglary_biz
51.459323,-2.553075,burglary_biz
51.459436,-2.55381,robbery_biz
51.460097,-2.552782,shoplifting
51.459436,-2.55381,shoplifting
51.460097,-2.552782,shoplifting
51.460097,-2.552782,shoplifting
51.460097,-2.552782,shoplifting
51.460097,-2.552782,shoplifting
51.460097,-2.552782,shoplifting
51.460097,-2.552782,shoplifting
51.460097,-2.552782,shoplifting
51.460097,-2.552782,shoplifting
51.460097,-2.552782,shoplifting
51.460097,-2.552782,shoplifting
51.459436,-2.55381,shoplifting
51.460097,-2.552782,shoplifting
51.460097,-2.552782,shoplifting
51.460097,-2.552782,shoplifting
51.460097,-2.552782,shoplifting
51.460097,-2.552782,shoplifting
51.459436,-2.55381,shoplifting
51.460097,-2.552782,shoplifting
51.460097,-2.552782,shoplifting
51.459436,-2.55381,shoplifting
51.459436,-2.55381,shoplifting
51.459436,-2.55381,shoplifting
51.460097,-2.552782,shoplifting
51.460097,-2.552782,shoplifting
51.460097,-2.552782,shoplifting
51.460097,-2.552782,shoplifting
51.460097,-2.552782,shoplifting
51.460097,-2.552782,shoplifting
51.460097,-2.552782,shoplifting
51.460097,-2.552782,shoplifting
51.460097,-2.552782,shoplifting
51.460097,-2.552782,shoplifting
51.460097,-2.552782,shoplifting
51.460097,-2.552782,shoplifting
51.463052,-2.547837,theft_person
51.458723,-2.625826,burglary_biz
51.455201,-2.618553,burglary_biz
51.454444,-2.620232,burglary_biz
51.454949,-2.623673,burglary_biz
51.453261,-2.621491,robbery_biz
51.454619,-2.525947,shoplifting
51.454619,-2.525947,shoplifting
51.454619,-2.525947,shoplifting
51.454619,-2.525947,shoplifting
51.454619,-2.525947,shoplifting
51.454619,-2.525947,shoplifting
51.449205,-2.613162,burglary_biz
51.452526,-2.549035,burglary_biz
51.454828,-2.545206,robbery_biz
51.451321,-2.543221,burglary_biz
51.443407,-2.56635,robbery_biz
51.440864,-2.556535,shoplifting
51.440892,-2.625812,burglary_biz
51.4416,-2.617952,burglary_biz
51.440963,-2.624418,robbery_biz
51.442234,-2.630593,robbery_biz
51.442234,-2.630593,theft_person
51.442234,-2.630593,theft_person
51.442533,-2.607878,burglary_biz
51.440729,-2.609106,shoplifting
51.440729,-2.609106,shoplifting
51.440729,-2.609106,shoplifting
51.440729,-2.609106,shoplifting
51.440729,-2.609106,shoplifting
51.440729,-2.609106,shoplifting
51.440729,-2.609106,shoplifting
51.440729,-2.609106,theft_person
51.444034,-2.601179,burglary_biz
51.444996,-2.611609,burglary_biz
51.442396,-2.613517,robbery_biz
51.442396,-2.613517,shoplifting
51.442396,-2.613517,shoplifting
51.438012,-2.619558,shoplifting
51.438012,-2.619558,shoplifting
51.438012,-2.619558,shoplifting
51.445446,-2.601068,burglary_biz
51.44388,-2.581781,burglary_biz
51.442555,-2.576915,burglary_biz
51.441132,-2.571847,burglary_biz
51.440424,-2.571392,burglary_biz
51.439901,-2.582752,burglary_biz
51.440433,-2.539092,burglary_biz
51.440574,-2.537928,burglary_biz
51.440574,-2.537928,shoplifting
51.43753,-2.533016,burglary_biz
51.438616,-2.531331,burglary_biz
51.437302,-2.533689,burglary_biz
51.432617,-2.539951,burglary_biz
51.434337,-2.54676,burglary_biz
51.431502,-2.607645,burglary_biz
51.434777,-2.607185,burglary_biz
51.444067,-2.59292,burglary_biz
51.443759,-2.595117,burglary_biz
51.444155,-2.587842,robbery_biz
51.444573,-2.592466,shoplifting
51.443759,-2.595117,shoplifting
51.443005,-2.596618,shoplifting
51.443005,-2.596618,shoplifting
51.443759,-2.595117,shoplifting
51.443005,-2.596618,shoplifting
51.443759,-2.595117,shoplifting
51.443759,-2.595117,shoplifting
51.443759,-2.595117,shoplifting
51.443759,-2.595117,shoplifting
51.443759,-2.595117,shoplifting
51.44439,-2.596464,burglary_biz
51.441857,-2.599625,burglary_biz
51.441199,-2.599803,burglary_biz
51.441695,-2.597867,shoplifting
51.441695,-2.597867,shoplifting
51.441695,-2.597867,shoplifting
51.438514,-2.602602,burglary_biz
51.44087,-2.602734,burglary_biz
51.44087,-2.602734,burglary_biz
51.438131,-2.600782,robbery_biz
51.44087,-2.602734,shoplifting
51.438514,-2.602602,shoplifting
51.436748,-2.605082,theft_person
51.439056,-2.591589,burglary_biz
51.435032,-2.592515,robbery_biz
51.434803,-2.593289,shoplifting
51.433851,-2.589565,shoplifting
51.432591,-2.624505,burglary_biz
51.438483,-2.608745,robbery_biz
51.433552,-2.619656,robbery_biz
51.433552,-2.619656,shoplifting
51.433552,-2.619656,shoplifting
51.433552,-2.619656,shoplifting
51.433552,-2.619656,shoplifting
51.434927,-2.568446,burglary_biz
51.434927,-2.568446,burglary_biz
51.434927,-2.568446,burglary_biz
51.43883,-2.556956,shoplifting
51.436308,-2.554063,shoplifting
51.436308,-2.554063,shoplifting
51.43883,-2.556956,shoplifting
51.43883,-2.556956,shoplifting
51.436308,-2.554063,shoplifting
51.443034,-2.559813,robbery_biz
51.443034,-2.559813,shoplifting
51.443034,-2.559813,shoplifting
51.431975,-2.546214,robbery_biz
51.433161,-2.554097,shoplifting
51.427147,-2.538432,burglary_biz
51.429289,-2.543837,robbery_biz
51.429819,-2.545013,shoplifting
51.429289,-2.543837,shoplifting
51.429819,-2.545013,shoplifting
51.423559,-2.578042,burglary_biz
51.430173,-2.582426,burglary_biz
51.433431,-2.578339,robbery_biz
51.424077,-2.600154,burglary_biz
51.428779,-2.6014,burglary_biz
51.420364,-2.594785,burglary_biz
51.418334,-2.589164,burglary_biz
51.418497,-2.59233,burglary_biz
51.425954,-2.590082,burglary_biz
51.425729,-2.612905,burglary_biz
51.428933,-2.610546,burglary_biz
51.425729,-2.612905,shoplifting
51.425729,-2.612905,shoplifting
51.424322,-2.613591,burglary_biz
51.4201,-2.631611,burglary_biz
51.420802,-2.629665,burglary_biz
51.416532,-2.575307,robbery_biz
51.412714,-2.585612,shoplifting
51.412714,-2.585612,shoplifting
51.414107,-2.576557,shoplifting
51.41647,-2.569612,burglary_biz
51.41647,-2.569612,burglary_biz
51.413835,-2.570346,shoplifting
51.413704,-2.606633,robbery_biz
51.414416,-2.611388,robbery_biz
51.414416,-2.611388,robbery_biz
51.414416,-2.611388,shoplifting
51.414416,-2.611388,shoplifting
51.414416,-2.611388,shoplifting
51.414416,-2.611388,shoplifting
51.414416,-2.611388,shoplifting
51.414416,-2.611388,shoplifting
51.414416,-2.611388,shoplifting
51.414416,-2.611388,shoplifting
51.414416,-2.611388,shoplifting
51.414416,-2.611388,shoplifting
51.414416,-2.611388,shoplifting
51.414416,-2.611388,shoplifting
51.414416,-2.611388,shoplifting
51.414416,-2.611388,shoplifting
51.414416,-2.611388,shoplifting
51.414416,-2.611388,shoplifting
51.414416,-2.611388,shoplifting
51.414416,-2.611388,shoplifting
51.414416,-2.611388,shoplifting
51.414416,-2.611388,shoplifting
51.414416,-2.611388,shoplifting
51.414416,-2.611388,shoplifting
51.414416,-2.611388,shoplifting
51.414416,-2.611388,shoplifting
51.414416,-2.611388,shoplifting
51.414416,-2.611388,shoplifting
51.414416,-2.611388,shoplifting
51.414416,-2.611388,shoplifting
51.414416,-2.611388,shoplifting
51.416344,-2.602009,shoplifting
51.41512,-2.599867,shoplifting
51.41512,-2.599867,shoplifting
51.415331,-2.597955,shoplifting
51.415331,-2.597955,shoplifting
51.416138,-2.600036,shoplifting
51.41512,-2.599867,shoplifting
51.416344,-2.602009,shoplifting
51.416344,-2.602009,shoplifting
51.416344,-2.602009,shoplifting
51.415331,-2.597955,shoplifting
51.41512,-2.599867,shoplifting
51.415331,-2.597955,shoplifting
51.416344,-2.602009,shoplifting
51.415331,-2.597955,shoplifting
51.41512,-2.599867,shoplifting
51.415331,-2.597955,shoplifting
51.412523,-2.619228,shoplifting
51.412523,-2.619228,shoplifting
51.412523,-2.619228,shoplifting
51.412523,-2.619228,shoplifting
51.412523,-2.619228,shoplifting
51.412523,-2.619228,shoplifting
51.412523,-2.619228,shoplifting
51.412523,-2.619228,shoplifting
51.412523,-2.619228,shoplifting
51.412523,-2.619228,shoplifting
51.412523,-2.619228,shoplifting
51.416884,-2.560141,burglary_biz
51.413796,-2.559183,theft_person
51.411534,-2.554425,burglary_biz
51.409337,-2.628084,burglary_biz
51.406692,-2.607963,burglary_biz
51.407597,-2.620613,burglary_biz
51.405507,-2.621375,burglary_biz
51.405104,-2.609006,shoplifting
51.405104,-2.609006,shoplifting
51.405104,-2.609006,shoplifting
51.405104,-2.609006,shoplifting
51.40365,-2.572788,burglary_biz
51.407081,-2.577259,shoplifting
51.407081,-2.577259,shoplifting
51.404462,-2.570498,shoplifting
51.404206,-2.600124,shoplifting
51.404206,-2.600124,shoplifting
51.404206,-2.600124,shoplifting
51.404206,-2.600124,shoplifting
51.404206,-2.600124,shoplifting
51.404206,-2.600124,shoplifting
51.404206,-2.600124,shoplifting
51.402693,-2.597071,burglary_biz
51.405752,-2.596751,burglary_biz
51.40579,-2.594495,burglary_biz
51.408381,-2.599489,theft_person
51.408251,-2.589638,burglary_biz
51.408251,-2.589638,burglary_biz
51.411661,-2.589352,burglary_biz
51.411661,-2.589352,burglary_biz
51.404014,-2.590001,robbery_biz
51.404014,-2.590001,shoplifting
51.404014,-2.590001,shoplifting
51.404014,-2.590001,shoplifting
51.449924,-2.583167,burglary_biz
51.453237,-2.580504,burglary_biz
51.456118,-2.581562,burglary_biz
51.443747,-2.574139,burglary_biz
51.456118,-2.581562,robbery_biz
51.457581,-2.578601,robbery_biz
51.45679,-2.580232,robbery_biz
51.452546,-2.58392,robbery_biz
51.453205,-2.581683,robbery_biz
51.453205,-2.581683,robbery_biz
51.453205,-2.581683,shoplifting
51.453205,-2.581683,shoplifting
51.453205,-2.581683,shoplifting
51.453205,-2.581683,shoplifting
51.453205,-2.581683,shoplifting
51.45929,-2.576637,burglary_biz
51.458279,-2.584727,burglary_biz
51.458279,-2.584727,burglary_biz
51.45929,-2.576637,burglary_biz
51.4579,-2.583168,burglary_biz
51.458279,-2.584727,robbery_biz
51.45929,-2.576637,robbery_biz
51.458707,-2.578169,robbery_biz
51.458279,-2.584727,robbery_biz
51.45722,-2.578842,robbery_biz
51.458279,-2.584727,robbery_biz
51.459476,-2.584368,shoplifting
51.459476,-2.584368,shoplifting
51.458279,-2.584727,shoplifting
51.459476,-2.584368,shoplifting
51.458279,-2.584727,shoplifting
51.458279,-2.584727,shoplifting
51.458279,-2.584727,shoplifting
51.458279,-2.584727,shoplifting
51.459476,-2.584368,shoplifting
51.458279,-2.584727,shoplifting
51.458279,-2.584727,shoplifting
51.459476,-2.584368,shoplifting
51.458279,-2.584727,shoplifting
51.458279,-2.584727,shoplifting
51.458279,-2.584727,shoplifting
51.459476,-2.584368,shoplifting
51.458279,-2.584727,shoplifting
51.459476,-2.584368,shoplifting
51.458279,-2.584727,shoplifting
51.458279,-2.584727,shoplifting
51.458279,-2.584727,shoplifting
51.458279,-2.584727,shoplifting
51.459476,-2.584368,shoplifting
51.458279,-2.584727,shoplifting
51.459476,-2.584368,shoplifting
51.458279,-2.584727,shoplifting
51.459476,-2.584368,shoplifting
51.459476,-2.584368,shoplifting
51.459476,-2.584368,shoplifting
51.458279,-2.584727,shoplifting
51.458279,-2.584727,shoplifting
51.458279,-2.584727,shoplifting
51.458279,-2.584727,shoplifting
51.458279,-2.584727,shoplifting
51.458279,-2.584727,shoplifting
51.458279,-2.584727,shoplifting
51.459476,-2.584368,shoplifting
51.458279,-2.584727,shoplifting
51.459476,-2.584368,shoplifting
51.458279,-2.584727,shoplifting
51.458279,-2.584727,shoplifting
51.458279,-2.584727,shoplifting
51.458279,-2.584727,shoplifting
51.459476,-2.584368,shoplifting
51.459476,-2.584368,shoplifting
51.460602,-2.578553,theft_person
51.445728,-2.586164,burglary_biz
51.447236,-2.588486,burglary_biz
51.445728,-2.586164,burglary_biz
51.445728,-2.586164,robbery_biz
51.445746,-2.589733,robbery_biz
51.447319,-2.590277,shoplifting
51.453561,-2.589488,burglary_biz
51.453117,-2.590288,burglary_biz
51.451111,-2.590335,burglary_biz
51.452267,-2.589457,theft_person
51.448263,-2.586269,burglary_biz
51.453253,-2.588275,burglary_biz
51.451687,-2.586744,burglary_biz
51.453253,-2.588275,robbery_biz
51.458516,-2.569373,robbery_biz
51.461094,-2.566181,shoplifting
51.458611,-2.564639,shoplifting
51.459839,-2.574629,burglary_biz
51.461959,-2.57513,burglary_biz
51.461551,-2.572189,burglary_biz
51.465942,-2.573352,burglary_biz
51.459839,-2.574629,robbery_biz
51.459839,-2.574629,shoplifting
51.451091,-2.557811,robbery_biz
51.447439,-2.560567,robbery_biz
51.447439,-2.560567,robbery_biz
51.44766,-2.560705,shoplifting
51.44766,-2.560705,shoplifting
51.44766,-2.560705,shoplifting
51.447439,-2.560567,shoplifting
51.44766,-2.560705,shoplifting
51.44766,-2.560705,shoplifting
51.447439,-2.560567,shoplifting
51.447439,-2.560567,shoplifting
51.447439,-2.560567,shoplifting
51.44766,-2.560705,shoplifting
51.44766,-2.560705,shoplifting
51.447439,-2.560567,shoplifting
51.44766,-2.560705,shoplifting
51.456095,-2.566176,burglary_biz
51.456095,-2.566176,robbery_biz
51.456095,-2.566176,robbery_biz
51.455847,-2.574593,burglary_biz
51.457638,-2.57427,robbery_biz
51.469538,-2.564126,burglary_biz
51.469538,-2.564126,burglary_biz
51.467966,-2.563775,burglary_biz
51.467384,-2.559521,burglary_biz
51.467966,-2.563775,robbery_biz
51.467966,-2.563775,robbery_biz
51.468111,-2.565404,shoplifting
51.469538,-2.564126,theft_person
51.468365,-2.563118,burglary_biz
51.468365,-2.563118,burglary_biz
51.467816,-2.561427,burglary_biz
51.468365,-2.563118,shoplifting
51.468365,-2.563118,shoplifting
51.471112,-2.560387,burglary_biz
51.473283,-2.559593,burglary_biz
51.472771,-2.559385,robbery_biz
51.472067,-2.56001,shoplifting
51.469136,-2.579221,shoplifting
51.469136,-2.579221,shoplifting
51.467793,-2.577277,burglary_biz
51.467473,-2.578223,burglary_biz
51.467844,-2.579595,robbery_biz
51.469178,-2.575365,burglary_biz
51.464933,-2.577356,burglary_biz
51.467059,-2.574762,theft_person
51.462928,-2.579259,theft_person
51.465556,-2.5878,burglary_biz
51.46492,-2.588987,burglary_biz
51.465529,-2.589542,shoplifting
51.465529,-2.589542,shoplifting
51.465529,-2.589542,shoplifting
51.464755,-2.582536,burglary_biz
51.464191,-2.581924,burglary_biz
51.461624,-2.58965,burglary_biz
51.463493,-2.588422,burglary_biz
51.463493,-2.588422,burglary_biz
51.461422,-2.589115,burglary_biz
51.461422,-2.589115,burglary_biz
51.461422,-2.589115,burglary_biz
51.463493,-2.588422,theft_person
51.461422,-2.589115,theft_person
51.462131,-2.587627,burglary_biz
51.460633,-2.586816,burglary_biz
51.459732,-2.588963,burglary_biz
51.460633,-2.586816,burglary_biz
51.459452,-2.587535,robbery_biz
51.460818,-2.583968,robbery_biz
51.459452,-2.587535,shoplifting
51.459741,-2.587279,shoplifting
51.459452,-2.587535,shoplifting
51.459741,-2.587279,shoplifting
51.459741,-2.587279,shoplifting
51.459452,-2.587535,theft_person
51.461127,-2.602972,burglary_biz
51.461429,-2.601839,shoplifting
51.46124,-2.60188,shoplifting
51.461429,-2.601839,shoplifting
51.456219,-2.595654,burglary_biz
51.455696,-2.594093,burglary_biz
51.456782,-2.596208,burglary_biz
51.458142,-2.59398,robbery_biz
51.455696,-2.594093,robbery_biz
51.45835,-2.593839,theft_person
51.45728,-2.607758,burglary_biz
51.455886,-2.600975,burglary_biz
51.455363,-2.604753,burglary_biz
51.454896,-2.602876,burglary_biz
51.455886,-2.600975,burglary_biz
51.45728,-2.607758,burglary_biz
51.45728,-2.607758,robbery_biz
51.456782,-2.606801,robbery_biz
51.45728,-2.607758,robbery_biz
51.456818,-2.606787,shoplifting
51.456818,-2.606787,shoplifting
51.45728,-2.607758,shoplifting
51.454429,-2.602683,shoplifting
51.45728,-2.607758,shoplifting
51.456818,-2.606787,shoplifting
51.45728,-2.607758,shoplifting
51.454429,-2.602683,shoplifting
51.454429,-2.602683,shoplifting
51.454429,-2.602683,shoplifting
51.456818,-2.606787,shoplifting
51.45728,-2.607758,shoplifting
51.454429,-2.602683,shoplifting
51.456818,-2.606787,shoplifting
51.45728,-2.607758,shoplifting
51.45728,-2.607758,shoplifting
51.454429,-2.602683,shoplifting
51.454429,-2.602683,shoplifting
51.45728,-2.607758,shoplifting
51.454429,-2.602683,shoplifting
51.45728,-2.607758,shoplifting
51.454429,-2.602683,shoplifting
51.45728,-2.607758,shoplifting
51.45728,-2.607758,shoplifting
51.456818,-2.606787,shoplifting
51.45728,-2.607758,shoplifting
51.45728,-2.607758,shoplifting
51.45728,-2.607758,shoplifting
51.454429,-2.602683,shoplifting
51.456818,-2.606787,shoplifting
51.454429,-2.602683,shoplifting
51.45728,-2.607758,shoplifting
51.455153,-2.603613,shoplifting
51.454429,-2.602683,shoplifting
51.45728,-2.607758,shoplifting
51.456818,-2.606787,shoplifting
51.454485,-2.602338,theft_person
51.455363,-2.604753,theft_person
51.455363,-2.604753,theft_person
51.455363,-2.604753,theft_person
51.455363,-2.604753,theft_person
51.455363,-2.604753,theft_person
51.454429,-2.602683,theft_person
51.453066,-2.60206,burglary_biz
51.449942,-2.601098,burglary_biz
51.453066,-2.60206,burglary_biz
51.449755,-2.602477,shoplifting
51.449755,-2.602477,shoplifting
51.453066,-2.60206,theft_person
51.453066,-2.60206,theft_person
51.453066,-2.60206,theft_person
51.453066,-2.60206,theft_person
51.455795,-2.597548,burglary_biz
51.456619,-2.593011,burglary_biz
51.455583,-2.593415,burglary_biz
51.456137,-2.590414,burglary_biz
51.456071,-2.589175,burglary_biz
51.454404,-2.593529,burglary_biz
51.456187,-2.591192,burglary_biz
51.456677,-2.592162,burglary_biz
51.457175,-2.593248,burglary_biz
51.456071,-2.589175,burglary_biz
51.454557,-2.586306,burglary_biz
51.455618,-2.5953,burglary_biz
51.456677,-2.592162,burglary_biz
51.456677,-2.592162,burglary_biz
51.456071,-2.589175,robbery_biz
51.456677,-2.592162,robbery_biz
51.456137,-2.590414,robbery_biz
51.456677,-2.592162,robbery_biz
51.456071,-2.589175,robbery_biz
51.456677,-2.592162,robbery_biz
51.456677,-2.592162,robbery_biz
51.456187,-2.591192,robbery_biz
51.456071,-2.589175,robbery_biz
51.456071,-2.589175,robbery_biz
51.456677,-2.592162,shoplifting
51.456677,-2.592162,shoplifting
51.453861,-2.59594,shoplifting
51.456677,-2.592162,shoplifting
51.456137,-2.590414,shoplifting
51.453861,-2.59594,shoplifting
51.456677,-2.592162,shoplifting
51.456677,-2.592162,shoplifting
51.456137,-2.590414,shoplifting
51.456071,-2.589175,shoplifting
51.456677,-2.592162,shoplifting
51.457175,-2.593248,shoplifting
51.453861,-2.59594,shoplifting
51.456137,-2.590414,shoplifting
51.456137,-2.590414,shoplifting
51.455474,-2.597126,theft_person
51.456071,-2.589175,theft_person
51.457175,-2.593248,theft_person
51.456619,-2.593011,theft_person
51.45385,-2.592874,theft_person
51.456137,-2.590414,theft_person
51.454404,-2.593529,theft_person
51.449848,-2.594794,burglary_biz
51.451608,-2.593392,burglary_biz
51.452961,-2.596173,shoplifting
51.450094,-2.599344,burglary_biz
51.450176,-2.597431,burglary_biz
51.455266,-2.599081,burglary_biz
51.452625,-2.598629,burglary_biz
51.453357,-2.597833,burglary_biz
51.450176,-2.597431,burglary_biz
51.455266,-2.599081,burglary_biz
51.450979,-2.598608,burglary_biz
51.450979,-2.598608,burglary_biz
51.453924,-2.599524,burglary_biz
51.453357,-2.597833,robbery_biz
51.454876,-2.599652,robbery_biz
51.453504,-2.600674,robbery_biz
51.450979,-2.598608,robbery_biz
51.453049,-2.598261,shoplifting
51.454306,-2.598651,shoplifting
51.452504,-2.598969,shoplifting
51.454306,-2.598651,shoplifting
51.452504,-2.598969,shoplifting
51.450094,-2.599344,theft_person
51.453161,-2.600924,theft_person
51.453161,-2.600924,theft_person
51.450094,-2.599344,theft_person
51.453357,-2.597833,theft_person
51.446612,-2.618811,burglary_biz
51.447477,-2.621988,burglary_biz
51.446863,-2.612181,shoplifting
51.446956,-2.597706,shoplifting
51.481841,-2.781526,burglary_biz
51.481841,-2.781526,shoplifting
51.48242,-2.781003,shoplifting
51.48242,-2.781003,shoplifting
51.481841,-2.781526,shoplifting
51.481841,-2.781526,shoplifting
51.481841,-2.781526,shoplifting
51.48242,-2.781003,shoplifting
51.48242,-2.781003,shoplifting
51.486339,-2.762117,robbery_biz
51.485629,-2.761975,shoplifting
51.485629,-2.761975,shoplifting
51.485629,-2.761975,shoplifting
51.485629,-2.761975,shoplifting
51.485629,-2.761975,shoplifting
51.489233,-2.756764,theft_person
51.485963,-2.765927,burglary_biz
51.485963,-2.765927,robbery_biz
51.482988,-2.768484,robbery_biz
51.4839,-2.765555,shoplifting
51.4839,-2.765555,shoplifting
51.485963,-2.765927,shoplifting
51.482988,-2.768484,shoplifting
51.4839,-2.765555,shoplifting
51.4839,-2.765555,shoplifting
51.476957,-2.762551,burglary_biz
51.486467,-2.757553,shoplifting
51.484077,-2.761445,shoplifting
51.484077,-2.761445,shoplifting
51.484077,-2.761445,shoplifting
51.454651,-2.637298,burglary_biz
51.480876,-2.691824,burglary_biz
51.479814,-2.692009,burglary_biz
51.476886,-2.674542,burglary_biz
51.476482,-2.680584,burglary_biz
51.479074,-2.684712,shoplifting
51.479074,-2.684712,shoplifting
51.439612,-2.840599,shoplifting
51.433409,-2.840327,shoplifting
51.439612,-2.840599,shoplifting
51.439418,-2.839977,shoplifting
51.439612,-2.840599,shoplifting
51.439612,-2.840599,shoplifting
51.439418,-2.839977,shoplifting
51.439612,-2.840599,shoplifting
51.439612,-2.840599,shoplifting
51.439612,-2.840599,shoplifting
51.439612,-2.840599,shoplifting
51.439612,-2.840599,shoplifting
51.442736,-2.85611,burglary_biz
51.442736,-2.85611,burglary_biz
51.441766,-2.857199,shoplifting
51.451318,-2.846973,burglary_biz
51.443235,-2.855601,burglary_biz
51.431328,-2.662909,burglary_biz
51.438047,-2.644836,theft_person
51.438047,-2.644836,theft_person
51.436439,-2.646151,burglary_biz
51.42348,-2.646529,burglary_biz
51.436439,-2.646151,burglary_biz
51.430331,-2.654796,burglary_biz
51.444602,-2.733449,burglary_biz
51.439788,-2.728293,burglary_biz
51.443634,-2.791147,burglary_biz
51.458848,-2.831424,burglary_biz
51.434671,-2.852434,shoplifting
51.434671,-2.852434,shoplifting
51.434671,-2.852434,shoplifting
51.434671,-2.852434,shoplifting
51.434671,-2.852434,shoplifting
51.438333,-2.859423,burglary_biz
51.435848,-2.868439,theft_person
51.434743,-2.758179,shoplifting
51.432328,-2.758988,shoplifting
51.434743,-2.758179,shoplifting
51.434491,-2.759527,shoplifting
51.430114,-2.768905,burglary_biz
51.428572,-2.773726,robbery_biz
51.427907,-2.745955,burglary_biz
51.434847,-2.753217,robbery_biz
51.434847,-2.753217,shoplifting
51.434847,-2.753217,shoplifting
51.434847,-2.753217,shoplifting
51.434847,-2.753217,shoplifting
51.434847,-2.753217,shoplifting
51.434847,-2.753217,shoplifting
51.434847,-2.753217,shoplifting
51.432304,-2.842709,robbery_biz
51.432304,-2.842709,shoplifting
51.432304,-2.842709,shoplifting
51.432304,-2.842709,shoplifting
51.432304,-2.842709,shoplifting
51.432304,-2.842709,shoplifting
51.432304,-2.842709,shoplifting
51.432304,-2.842709,shoplifting
51.422452,-2.868228,burglary_biz
51.429047,-2.864024,robbery_biz
51.428459,-2.854663,robbery_biz
51.428459,-2.854663,shoplifting
51.428459,-2.854663,shoplifting
51.428459,-2.854663,shoplifting
51.41678,-2.749311,burglary_biz
51.419213,-2.749955,shoplifting
51.386783,-2.783742,shoplifting
51.386783,-2.783742,shoplifting
51.386783,-2.783742,shoplifting
51.394136,-2.833556,shoplifting
51.3822,-2.82147,burglary_biz
51.3968,-2.648395,burglary_biz
51.378739,-2.660684,burglary_biz
51.402756,-2.622963,burglary_biz
51.356657,-2.758368,burglary_biz
51.365054,-2.759957,burglary_biz
51.347216,-2.69446,burglary_biz
51.371171,-2.819505,shoplifting
51.369967,-2.869376,burglary_biz
51.312826,-2.838093,burglary_biz
51.311779,-2.836108,burglary_biz
51.34574,-2.728682,burglary_biz
51.323224,-2.712682,burglary_biz
51.330347,-2.715391,robbery_biz
51.340204,-2.760709,robbery_biz
51.340185,-2.782789,robbery_biz
51.340185,-2.782789,shoplifting
51.340185,-2.782789,shoplifting
51.340185,-2.782789,shoplifting
51.340185,-2.782789,shoplifting
51.340185,-2.782789,shoplifting
51.340185,-2.782789,shoplifting
51.340185,-2.782789,shoplifting
51.340185,-2.782789,shoplifting
51.544709,-2.439756,burglary_biz
51.549058,-2.459282,burglary_biz
51.591283,-2.539289,burglary_biz
51.599138,-2.620204,burglary_biz
51.58263,-2.574185,burglary_biz
51.5181,-2.623008,burglary_biz
51.51644,-2.65054,burglary_biz
51.512637,-2.640701,burglary_biz
51.527177,-2.597305,shoplifting
51.52368,-2.594444,shoplifting
51.5227,-2.615316,shoplifting
51.525403,-2.598546,shoplifting
51.525403,-2.598546,shoplifting
51.52368,-2.594444,shoplifting
51.52368,-2.594444,shoplifting
51.525403,-2.598546,shoplifting
51.52368,-2.594444,shoplifting
51.528702,-2.598733,shoplifting
51.525605,-2.595396,shoplifting
51.525605,-2.595396,shoplifting
51.525403,-2.598546,shoplifting
51.525605,-2.595396,shoplifting
51.525605,-2.595396,shoplifting
51.52368,-2.594444,shoplifting
51.525403,-2.598546,shoplifting
51.530693,-2.596496,shoplifting
51.525403,-2.598546,shoplifting
51.52368,-2.594444,shoplifting
51.52368,-2.594444,shoplifting
51.525605,-2.595396,shoplifting
51.525605,-2.595396,shoplifting
51.5227,-2.615316,shoplifting
51.525605,-2.595396,shoplifting
51.525403,-2.598546,shoplifting
51.525403,-2.598546,shoplifting
51.525403,-2.598546,shoplifting
51.525403,-2.598546,shoplifting
51.525605,-2.595396,shoplifting
51.525403,-2.598546,shoplifting
51.52368,-2.594444,shoplifting
51.52368,-2.594444,shoplifting
51.52368,-2.594444,shoplifting
51.525403,-2.598546,shoplifting
51.525605,-2.595396,shoplifting
51.52368,-2.594444,shoplifting
51.525605,-2.595396,shoplifting
51.525403,-2.598546,shoplifting
51.523297,-2.597264,shoplifting
51.525403,-2.598546,shoplifting
51.525605,-2.595396,shoplifting
51.525403,-2.598546,shoplifting
51.525403,-2.598546,shoplifting
51.525595,-2.60489,shoplifting
51.5227,-2.615316,shoplifting
51.525605,-2.595396,shoplifting
51.525605,-2.595396,shoplifting
51.525605,-2.595396,shoplifting
51.530693,-2.596496,shoplifting
51.525403,-2.598546,shoplifting
51.527177,-2.597305,shoplifting
51.52368,-2.594444,shoplifting
51.5227,-2.615316,shoplifting
51.52368,-2.594444,shoplifting
51.525403,-2.598546,shoplifting
51.525403,-2.598546,shoplifting
51.525605,-2.595396,shoplifting
51.525605,-2.595396,shoplifting
51.525605,-2.595396,shoplifting
51.52368,-2.594444,shoplifting
51.525403,-2.598546,shoplifting
51.525403,-2.598546,shoplifting
51.525605,-2.595396,shoplifting
51.527177,-2.597305,shoplifting
51.527868,-2.599721,shoplifting
51.525403,-2.598546,shoplifting
51.525605,-2.595396,shoplifting
51.525403,-2.598546,shoplifting
51.525403,-2.598546,shoplifting
51.527177,-2.597305,shoplifting
51.525605,-2.595396,shoplifting
51.527868,-2.599721,shoplifting
51.525403,-2.598546,shoplifting
51.525403,-2.598546,shoplifting
51.525605,-2.595396,shoplifting
51.525403,-2.598546,shoplifting
51.525403,-2.598546,shoplifting
51.528702,-2.598733,shoplifting
51.525064,-2.60164,shoplifting
51.528702,-2.598733,shoplifting
51.527177,-2.597305,shoplifting
51.525605,-2.595396,shoplifting
51.514907,-2.624982,shoplifting
51.527868,-2.599721,shoplifting
51.527868,-2.599721,shoplifting
51.525403,-2.598546,shoplifting
51.525403,-2.598546,shoplifting
51.527177,-2.597305,shoplifting
51.52368,-2.594444,shoplifting
51.5227,-2.615316,shoplifting
51.52368,-2.594444,shoplifting
51.525605,-2.595396,shoplifting
51.528702,-2.598733,shoplifting
51.527177,-2.597305,shoplifting
51.525605,-2.595396,shoplifting
51.525403,-2.598546,shoplifting
51.525403,-2.598546,shoplifting
51.525403,-2.598546,shoplifting
51.525605,-2.595396,shoplifting
51.5227,-2.615316,shoplifting
51.525403,-2.598546,shoplifting
51.527177,-2.597305,shoplifting
51.52368,-2.594444,shoplifting
51.527177,-2.597305,shoplifting
51.527868,-2.599721,shoplifting
51.525403,-2.598546,shoplifting
51.5227,-2.615316,shoplifting
51.525605,-2.595396,shoplifting
51.525403,-2.598546,shoplifting
51.5181,-2.623008,shoplifting
51.56007,-2.419349,burglary_biz
51.559052,-2.417161,shoplifting
51.552759,-2.414565,burglary_biz
51.54146,-2.410886,burglary_biz
51.542131,-2.414425,robbery_biz
51.539636,-2.413066,shoplifting
51.539786,-2.408867,shoplifting
51.539636,-2.413066,shoplifting
51.539636,-2.413066,shoplifting
51.539786,-2.408867,shoplifting
51.545297,-2.421881,burglary_biz
51.542325,-2.418147,robbery_biz
51.540979,-2.422316,shoplifting
51.542957,-2.422392,shoplifting
51.540979,-2.422316,shoplifting
51.540979,-2.422316,shoplifting
51.540979,-2.422316,shoplifting
51.540979,-2.422316,shoplifting
51.540979,-2.422316,shoplifting
51.540979,-2.422316,shoplifting
51.548937,-2.417198,burglary_biz
51.548937,-2.417198,robbery_biz
51.548937,-2.417198,shoplifting
51.536243,-2.393192,burglary_biz
51.540233,-2.399254,burglary_biz
51.531567,-2.404036,robbery_biz
51.52711,-2.533701,burglary_biz
51.535132,-2.544954,burglary_biz
51.538699,-2.414431,robbery_biz
51.540537,-2.430214,burglary_biz
51.540024,-2.417867,burglary_biz
51.539428,-2.419604,shoplifting
51.534204,-2.408356,burglary_biz
51.525092,-2.544272,burglary_biz
51.535424,-2.547884,robbery_biz
51.535361,-2.547956,robbery_biz
51.535424,-2.547884,shoplifting
51.535424,-2.547884,shoplifting
51.535424,-2.547884,shoplifting
51.535424,-2.547884,shoplifting
51.535424,-2.547884,shoplifting
51.535361,-2.547956,shoplifting
51.535424,-2.547884,shoplifting
51.535424,-2.547884,shoplifting
51.535424,-2.547884,shoplifting
51.535424,-2.547884,shoplifting
51.535424,-2.547884,shoplifting
51.535424,-2.547884,shoplifting
51.535424,-2.547884,shoplifting
51.535424,-2.547884,shoplifting
51.535424,-2.547884,shoplifting
51.535424,-2.547884,shoplifting
51.535424,-2.547884,shoplifting
51.535712,-2.491169,burglary_biz
51.535712,-2.491169,burglary_biz
51.528283,-2.469553,theft_person
51.516641,-2.545987,shoplifting
51.525524,-2.549884,burglary_biz
51.523792,-2.556984,burglary_biz
51.528108,-2.496925,burglary_biz
51.506218,-2.560201,robbery_biz
51.506218,-2.560201,shoplifting
51.506313,-2.560603,shoplifting
51.506313,-2.560603,shoplifting
51.506313,-2.560603,shoplifting
51.51012,-2.572927,robbery_biz
51.508293,-2.573221,shoplifting
51.508216,-2.574641,shoplifting
51.508216,-2.574641,shoplifting
51.508216,-2.574641,shoplifting
51.508293,-2.573221,shoplifting
51.508216,-2.574641,shoplifting
51.508293,-2.573221,shoplifting
51.508293,-2.573221,shoplifting
51.502849,-2.56654,burglary_biz
51.504003,-2.578959,burglary_biz
51.503644,-2.582311,robbery_biz
51.515413,-2.571584,burglary_biz
51.521301,-2.564463,shoplifting
51.528417,-2.467622,burglary_biz
51.463719,-2.461894,burglary_biz
51.474099,-2.481033,burglary_biz
51.502689,-2.472862,burglary_biz
51.493989,-2.460687,burglary_biz
51.502747,-2.491722,burglary_biz
51.49286,-2.482167,burglary_biz
51.496765,-2.482402,robbery_biz
51.490345,-2.487973,burglary_biz
51.490345,-2.487973,burglary_biz
51.490041,-2.474503,burglary_biz
51.497965,-2.471474,burglary_biz
51.492367,-2.473631,robbery_biz
51.493677,-2.474998,shoplifting
51.493677,-2.474998,shoplifting
51.492367,-2.473631,shoplifting
51.493677,-2.474998,shoplifting
51.492367,-2.473631,shoplifting
51.493677,-2.474998,shoplifting
51.492367,-2.473631,shoplifting
51.484531,-2.49769,burglary_biz
51.487993,-2.501875,shoplifting
51.487993,-2.501875,shoplifting
51.487993,-2.501875,shoplifting
51.487993,-2.501875,shoplifting
51.488289,-2.504212,robbery_biz
51.488289,-2.504212,shoplifting
51.488289,-2.504212,shoplifting
51.488289,-2.504212,shoplifting
51.488289,-2.504212,shoplifting
51.488289,-2.504212,shoplifting
51.482895,-2.484927,shoplifting
51.482895,-2.484927,shoplifting
51.482895,-2.484927,shoplifting
51.482895,-2.484927,shoplifting
51.482895,-2.484927,shoplifting
51.482895,-2.484927,shoplifting
51.482895,-2.484927,shoplifting
51.482895,-2.484927,shoplifting
51.482895,-2.484927,shoplifting
51.485377,-2.495452,burglary_biz
51.493482,-2.492458,burglary_biz
51.493482,-2.492458,burglary_biz
51.583234,-2.325202,burglary_biz
51.555011,-2.286836,shoplifting
51.506575,-2.334136,burglary_biz
51.506575,-2.334136,burglary_biz
51.504039,-2.353268,burglary_biz
51.544536,-2.283122,robbery_biz
51.473205,-2.499121,robbery_biz
51.480326,-2.507537,burglary_biz
51.481806,-2.510361,burglary_biz
51.480647,-2.504056,burglary_biz
51.480647,-2.504056,shoplifting
51.480647,-2.504056,shoplifting
51.480647,-2.504056,shoplifting
51.480647,-2.504056,shoplifting
51.480927,-2.501697,theft_person
51.463256,-2.510658,burglary_biz
51.46257,-2.507344,burglary_biz
51.463256,-2.510658,burglary_biz
51.463256,-2.510658,burglary_biz
51.463323,-2.511609,robbery_biz
51.469306,-2.51077,robbery_biz
51.463323,-2.511609,shoplifting
51.479904,-2.505243,burglary_biz
51.481283,-2.510788,shoplifting
51.461816,-2.481076,burglary_biz
51.460602,-2.480819,shoplifting
51.462434,-2.500976,robbery_biz
51.45767,-2.51097,burglary_biz
51.457379,-2.507671,theft_person
51.462199,-2.506707,burglary_biz
51.462607,-2.511025,burglary_biz
51.460748,-2.508442,robbery_biz
51.462599,-2.50852,shoplifting
51.462599,-2.50852,shoplifting
51.462599,-2.50852,shoplifting
51.462599,-2.50852,shoplifting
51.462599,-2.50852,shoplifting
51.462599,-2.50852,shoplifting
51.462199,-2.506707,shoplifting
51.462599,-2.50852,shoplifting
51.462599,-2.50852,shoplifting
51.449146,-2.489966,burglary_biz
51.454243,-2.477125,burglary_biz
51.454859,-2.489235,burglary_biz
51.453964,-2.465997,burglary_biz
51.449329,-2.471606,burglary_biz
51.447748,-2.491044,burglary_biz
51.448918,-2.486466,burglary_biz
51.440106,-2.519477,shoplifting
51.440106,-2.519477,shoplifting
51.447177,-2.500535,shoplifting
51.447177,-2.500535,shoplifting
51.447177,-2.500535,shoplifting
51.447177,-2.500535,shoplifting
51.447177,-2.500535,shoplifting
51.441788,-2.515828,burglary_biz
51.441788,-2.515828,burglary_biz
51.442139,-2.513775,burglary_biz
51.442139,-2.513775,burglary_biz
51.442139,-2.513775,burglary_biz
51.432183,-2.480333,burglary_biz
51.438002,-2.49517,shoplifting
51.438002,-2.49517,shoplifting
51.438002,-2.49517,shoplifting
51.438002,-2.49517,shoplifting
51.438002,-2.49517,shoplifting
51.438002,-2.49517,shoplifting
51.437838,-2.493542,shoplifting
51.438002,-2.49517,shoplifting
51.437838,-2.493542,shoplifting
51.438002,-2.49517,shoplifting
51.438002,-2.49517,shoplifting
51.43414,-2.485518,burglary_biz
51.448096,-2.497083,burglary_biz
51.444491,-2.501182,shoplifting
51.444491,-2.501182,shoplifting
51.444491,-2.501182,shoplifting
51.444491,-2.501182,shoplifting
51.444491,-2.501182,shoplifting
51.444491,-2.501182,shoplifting
51.444491,-2.501182,shoplifting
51.448096,-2.497083,shoplifting
51.53608,-2.565064,burglary_biz
51.530424,-2.578011,shoplifting
51.530424,-2.578011,shoplifting
51.530424,-2.578011,shoplifting
51.530424,-2.578011,shoplifting
51.530424,-2.578011,shoplifting
51.530424,-2.578011,shoplifting
51.530424,-2.578011,shoplifting
51.530424,-2.578011,shoplifting
51.530424,-2.578011,shoplifting
51.52634,-2.570503,burglary_biz
51.526008,-2.585494,shoplifting
51.526273,-2.57744,shoplifting
51.522852,-2.581965,burglary_biz
51.507249,-2.550874,shoplifting
51.509231,-2.552066,shoplifting
51.509231,-2.552066,shoplifting
51.507249,-2.550874,shoplifting
51.509231,-2.552066,shoplifting
51.509231,-2.552066,shoplifting
51.507249,-2.550874,shoplifting
51.509231,-2.552066,shoplifting
51.50113,-2.544274,burglary_biz
51.50113,-2.544274,shoplifting
51.497251,-2.559551,burglary_biz
51.498059,-2.551037,burglary_biz
51.495706,-2.563714,burglary_biz
51.497894,-2.564807,burglary_biz
51.495706,-2.563714,burglary_biz
51.508622,-2.52592,burglary_biz
51.501855,-2.519057,burglary_biz
51.414443,-2.50163,burglary_biz
51.415165,-2.498935,shoplifting
51.41602,-2.498613,shoplifting
51.416533,-2.501567,shoplifting
51.416533,-2.501567,shoplifting
51.416533,-2.501567,shoplifting
51.416533,-2.501567,shoplifting
51.416533,-2.501567,shoplifting
51.415165,-2.498935,shoplifting
51.416533,-2.501567,shoplifting
51.414948,-2.499162,shoplifting
51.41602,-2.498613,shoplifting
51.416533,-2.501567,shoplifting
51.414948,-2.499162,shoplifting
51.413799,-2.496691,burglary_biz
51.408476,-2.507014,shoplifting
51.400613,-2.491215,burglary_biz
51.414756,-2.482696,robbery_biz
51.414756,-2.482696,shoplifting
51.414756,-2.482696,shoplifting
51.405755,-2.489315,burglary_biz
51.413172,-2.478854,robbery_biz
51.39933,-2.347196,burglary_biz
51.399082,-2.349063,burglary_biz
51.397728,-2.344741,robbery_biz
51.397728,-2.344741,shoplifting
51.397728,-2.344741,shoplifting
51.395456,-2.346865,burglary_biz
51.397161,-2.344708,shoplifting
51.397161,-2.344708,shoplifting
51.397161,-2.344708,shoplifting
51.397161,-2.344708,shoplifting
51.397161,-2.344708,shoplifting
51.397161,-2.344708,shoplifting
51.397161,-2.344708,shoplifting
51.397161,-2.344708,shoplifting
51.397161,-2.344708,shoplifting
51.397161,-2.344708,shoplifting
51.397161,-2.344708,shoplifting
51.396275,-2.394793,burglary_biz
51.395409,-2.390387,shoplifting
51.395966,-2.353596,burglary_biz
51.393109,-2.352841,burglary_biz
51.389999,-2.358451,burglary_biz
51.391507,-2.350342,shoplifting
51.391507,-2.350342,shoplifting
51.382537,-2.360921,burglary_biz
51.384613,-2.361167,burglary_biz
51.383494,-2.359535,robbery_biz
51.383494,-2.359535,robbery_biz
51.380159,-2.359466,shoplifting
51.380857,-2.360606,shoplifting
51.382714,-2.359026,shoplifting
51.383494,-2.359535,shoplifting
51.380842,-2.362374,shoplifting
51.382714,-2.359026,shoplifting
51.383494,-2.359535,shoplifting
51.38036,-2.361335,shoplifting
51.382412,-2.358558,shoplifting
51.381578,-2.360052,shoplifting
51.381429,-2.361617,shoplifting
51.381429,-2.361617,shoplifting
51.379472,-2.360595,shoplifting
51.380159,-2.359466,shoplifting
51.380159,-2.359466,shoplifting
51.38306,-2.360609,shoplifting
51.38306,-2.360609,shoplifting
51.382078,-2.361061,shoplifting
51.378739,-2.362199,theft_person
51.381578,-2.360052,theft_person
51.381429,-2.361617,theft_person
51.381578,-2.360052,theft_person
51.381578,-2.360052,theft_person
51.379972,-2.355987,robbery_biz
51.378904,-2.358249,robbery_biz
51.384012,-2.352052,robbery_biz
51.378904,-2.358249,robbery_biz
51.378637,-2.357112,shoplifting
51.378327,-2.359595,shoplifting
51.378327,-2.359595,shoplifting
51.378327,-2.359595,shoplifting
51.378235,-2.359264,shoplifting
51.378637,-2.357112,shoplifting
51.378327,-2.359595,shoplifting
51.378327,-2.359595,shoplifting
51.378327,-2.359595,shoplifting
51.378904,-2.358249,shoplifting
51.378327,-2.359595,shoplifting
51.378904,-2.358249,shoplifting
51.378904,-2.358249,shoplifting
51.378327,-2.359595,shoplifting
51.383406,-2.356071,theft_person
51.378327,-2.359595,theft_person
51.378327,-2.359595,theft_person
51.385593,-2.361448,burglary_biz
51.38489,-2.36196,robbery_biz
51.387964,-2.365017,robbery_biz
51.387964,-2.365017,shoplifting
51.387964,-2.365017,shoplifting
51.387964,-2.365017,shoplifting
51.387964,-2.365017,shoplifting
51.387964,-2.365017,shoplifting
51.387964,-2.365017,shoplifting
51.387964,-2.365017,shoplifting
51.387964,-2.365017,shoplifting
51.387964,-2.365017,shoplifting
51.387964,-2.365017,shoplifting
51.387964,-2.365017,shoplifting
51.387964,-2.365017,shoplifting
51.387964,-2.365017,shoplifting
51.387964,-2.365017,shoplifting
51.387964,-2.365017,shoplifting
51.387964,-2.365017,shoplifting
51.387964,-2.365017,shoplifting
51.387964,-2.365017,shoplifting
51.387964,-2.365017,shoplifting
51.387964,-2.365017,shoplifting
51.387964,-2.365017,shoplifting
51.387964,-2.365017,shoplifting
51.387964,-2.365017,shoplifting
51.387964,-2.365017,shoplifting
51.387964,-2.365017,shoplifting
51.387964,-2.365017,shoplifting
51.387964,-2.365017,shoplifting
51.387964,-2.365017,shoplifting
51.387964,-2.365017,shoplifting
51.387964,-2.365017,shoplifting
51.387964,-2.365017,shoplifting
51.387964,-2.365017,shoplifting
51.387964,-2.365017,shoplifting
51.387964,-2.365017,shoplifting
51.387964,-2.365017,shoplifting
51.387964,-2.365017,shoplifting
51.387964,-2.365017,shoplifting
51.387964,-2.365017,shoplifting
51.387964,-2.365017,shoplifting
51.387964,-2.365017,shoplifting
51.38489,-2.36196,shoplifting
51.387964,-2.365017,shoplifting
51.387964,-2.365017,shoplifting
51.387964,-2.365017,shoplifting
51.387964,-2.365017,shoplifting
51.387964,-2.365017,shoplifting
51.387964,-2.365017,shoplifting
51.387964,-2.365017,shoplifting
51.387964,-2.365017,shoplifting
51.387964,-2.365017,shoplifting
51.389352,-2.358158,theft_person
51.394638,-2.364538,burglary_biz
51.405941,-2.375683,shoplifting
51.392156,-2.397618,robbery_biz
51.386071,-2.380866,burglary_biz
51.385311,-2.382197,shoplifting
51.381192,-2.368555,robbery_biz
51.381317,-2.362923,shoplifting
51.381317,-2.362923,shoplifting
51.381192,-2.368555,shoplifting
51.38174,-2.365642,shoplifting
51.380991,-2.36374,shoplifting
51.381192,-2.368555,shoplifting
51.380991,-2.36374,shoplifting
51.381292,-2.365107,shoplifting
51.381292,-2.365107,shoplifting
51.382644,-2.369774,burglary_biz
51.383005,-2.366673,robbery_biz
51.404475,-2.314889,theft_person
51.408244,-2.304017,burglary_biz
51.325624,-2.379246,burglary_biz
51.377382,-2.403064,burglary_biz
51.380574,-2.395247,burglary_biz
51.378022,-2.402624,burglary_biz
51.379443,-2.394605,robbery_biz
51.379443,-2.394605,shoplifting
51.379443,-2.394605,shoplifting
51.375851,-2.329117,burglary_biz
51.376306,-2.366806,burglary_biz
51.378972,-2.368005,theft_person
51.368671,-2.352208,burglary_biz
51.376989,-2.380963,burglary_biz
51.375895,-2.385336,burglary_biz
51.3784,-2.389179,robbery_biz
51.380945,-2.3891,robbery_biz
51.378734,-2.380777,robbery_biz
51.380945,-2.3891,robbery_biz
51.380931,-2.387979,robbery_biz
51.380945,-2.3891,shoplifting
51.380945,-2.3891,shoplifting
51.381154,-2.377578,theft_person
51.377044,-2.377659,robbery_biz
51.377044,-2.377659,shoplifting
51.377044,-2.377659,shoplifting
51.377044,-2.377659,shoplifting
51.377044,-2.377659,shoplifting
51.377044,-2.377659,shoplifting
51.377044,-2.377659,shoplifting
51.377044,-2.377659,shoplifting
51.377044,-2.377659,shoplifting
51.377044,-2.377659,shoplifting
51.377044,-2.377659,shoplifting
51.37401,-2.373224,burglary_biz
51.371143,-2.38126,burglary_biz
51.371291,-2.390843,burglary_biz
51.370257,-2.396164,burglary_biz
51.37205,-2.396321,robbery_biz
51.3741,-2.395206,shoplifting
51.366688,-2.390818,shoplifting
51.366688,-2.390818,shoplifting
51.366688,-2.390818,shoplifting
51.366688,-2.390818,shoplifting
51.366688,-2.390818,shoplifting
51.366688,-2.390818,shoplifting
51.366688,-2.390818,shoplifting
51.375676,-2.389084,shoplifting
51.375676,-2.389084,shoplifting
51.375676,-2.389084,shoplifting
51.375676,-2.389084,shoplifting
51.375676,-2.389084,shoplifting
51.375676,-2.389084,shoplifting
51.375676,-2.389084,shoplifting
51.375676,-2.389084,shoplifting
51.375676,-2.389084,shoplifting
51.375676,-2.389084,shoplifting
51.375676,-2.389084,shoplifting
51.375676,-2.389084,shoplifting
51.375676,-2.389084,shoplifting
51.375676,-2.389084,shoplifting
51.375676,-2.389084,shoplifting
51.375676,-2.389084,shoplifting
51.375676,-2.389084,shoplifting
51.375676,-2.389084,shoplifting
51.375676,-2.389084,shoplifting
51.375676,-2.389084,shoplifting
51.375676,-2.389084,shoplifting
51.375676,-2.389084,shoplifting
51.375676,-2.389084,shoplifting
51.375676,-2.389084,shoplifting
51.375676,-2.389084,shoplifting
51.375676,-2.389084,shoplifting
51.403874,-2.463317,burglary_biz
51.400025,-2.456536,burglary_biz
51.327621,-2.473097,shoplifting
51.327621,-2.473097,shoplifting
51.327621,-2.473097,shoplifting
51.327621,-2.473097,shoplifting
51.327621,-2.473097,shoplifting
51.327621,-2.473097,shoplifting
51.327621,-2.473097,shoplifting
51.327621,-2.473097,shoplifting
51.374093,-2.366264,shoplifting
51.374093,-2.366264,shoplifting
51.374093,-2.366264,shoplifting
51.374093,-2.366264,shoplifting
51.374093,-2.366264,shoplifting
51.374093,-2.366264,shoplifting
51.374093,-2.366264,shoplifting
51.374093,-2.366264,shoplifting
51.374093,-2.366264,shoplifting
51.374093,-2.366264,shoplifting
51.374093,-2.366264,shoplifting
51.374093,-2.366264,shoplifting
51.374093,-2.366264,shoplifting
51.374093,-2.366264,shoplifting
51.374093,-2.366264,shoplifting
51.374093,-2.366264,shoplifting
51.374093,-2.366264,shoplifting
51.374093,-2.366264,shoplifting
51.374093,-2.366264,shoplifting
51.374093,-2.366264,shoplifting
51.374093,-2.366264,shoplifting
51.356582,-2.368257,robbery_biz
51.357331,-2.370187,shoplifting
51.357331,-2.370187,shoplifting
51.357331,-2.370187,shoplifting
51.368649,-2.374013,burglary_biz
51.373458,-2.368823,burglary_biz
51.369368,-2.365529,shoplifting
51.369368,-2.365529,shoplifting
51.369368,-2.365529,shoplifting
51.369368,-2.365529,shoplifting
51.369368,-2.365529,shoplifting
51.369368,-2.365529,shoplifting
51.369368,-2.365529,shoplifting
51.369368,-2.365529,shoplifting
51.369368,-2.365529,shoplifting
51.369368,-2.365529,shoplifting
51.369368,-2.365529,shoplifting
51.369368,-2.365529,shoplifting
51.369368,-2.365529,shoplifting
51.369368,-2.365529,shoplifting
51.369368,-2.365529,shoplifting
51.369368,-2.365529,shoplifting
51.36102,-2.357808,burglary_biz
51.359639,-2.359592,robbery_biz
51.359974,-2.346927,shoplifting
51.364169,-2.360346,burglary_biz
51.362579,-2.356829,burglary_biz
51.358099,-2.37746,robbery_biz
51.358306,-2.380277,shoplifting
51.358306,-2.380277,shoplifting
51.357027,-2.578453,burglary_biz
51.320959,-2.539254,burglary_biz
51.371248,-2.549355,burglary_biz
51.377427,-2.552834,burglary_biz
51.358738,-2.604714,burglary_biz
51.356307,-2.629283,burglary_biz
51.36584,-2.611165,shoplifting
51.327891,-2.639529,burglary_biz
51.305005,-2.654431,burglary_biz
51.322724,-2.611961,shoplifting
51.315264,-2.422524,burglary_biz
51.316277,-2.42517,shoplifting
51.316277,-2.42517,shoplifting
51.362366,-2.405618,burglary_biz
51.347413,-2.389821,burglary_biz
51.332886,-2.427262,burglary_biz
51.332886,-2.427262,burglary_biz
51.36785,-2.400668,burglary_biz
51.308777,-2.534922,burglary_biz
51.305504,-2.50671,burglary_biz
51.305504,-2.50671,burglary_biz
51.512383,-2.63123,burglary_biz
51.512714,-2.633123,burglary_biz
51.514041,-2.62386,burglary_biz
51.511061,-2.629512,shoplifting
51.511061,-2.629512,shoplifting
51.511061,-2.629512,shoplifting
51.511061,-2.629512,shoplifting
51.511061,-2.629512,shoplifting
51.511061,-2.629512,shoplifting
51.511061,-2.629512,shoplifting
51.511061,-2.629512,shoplifting
51.511061,-2.629512,shoplifting
51.511061,-2.629512,shoplifting
51.511061,-2.629512,shoplifting
51.511061,-2.629512,shoplifting
51.511061,-2.629512,shoplifting
51.511061,-2.629512,shoplifting
51.511061,-2.629512,shoplifting
51.511061,-2.629512,shoplifting
51.511061,-2.629512,shoplifting
51.511061,-2.629512,shoplifting
51.511061,-2.629512,shoplifting
51.511061,-2.629512,shoplifting
51.511061,-2.629512,shoplifting
51.511061,-2.629512,shoplifting
51.511061,-2.629512,shoplifting
51.511061,-2.629512,shoplifting
51.511061,-2.629512,shoplifting
51.511061,-2.629512,shoplifting
51.511061,-2.629512,shoplifting
51.511061,-2.629512,shoplifting
51.511061,-2.629512,shoplifting
51.511061,-2.629512,shoplifting
51.511061,-2.629512,shoplifting
51.511061,-2.629512,shoplifting
51.509492,-2.621968,robbery_biz
51.509605,-2.62099,shoplifting
51.509605,-2.62099,shoplifting
51.509605,-2.62099,shoplifting
51.507985,-2.623057,shoplifting
51.507985,-2.623057,shoplifting
51.507985,-2.623057,shoplifting
51.507985,-2.623057,shoplifting
51.507985,-2.623057,shoplifting
51.507985,-2.623057,shoplifting
51.497922,-2.597364,robbery_biz
51.505381,-2.599882,burglary_biz
51.503883,-2.602715,robbery_biz
51.502582,-2.602223,shoplifting
51.503265,-2.603361,shoplifting
51.502582,-2.602223,shoplifting
51.502582,-2.602223,shoplifting
51.502582,-2.602223,shoplifting
51.503265,-2.603361,shoplifting
51.503265,-2.603361,shoplifting
51.502582,-2.602223,shoplifting
51.502582,-2.602223,shoplifting
51.502582,-2.602223,shoplifting
51.503883,-2.602715,shoplifting
51.503265,-2.603361,shoplifting
51.502582,-2.602223,shoplifting
51.502582,-2.602223,shoplifting
51.502582,-2.602223,shoplifting
51.503883,-2.602715,shoplifting
51.512877,-2.596854,robbery_biz
51.507812,-2.604597,robbery_biz
51.521878,-2.679516,burglary_biz
51.501119,-2.653635,robbery_biz
51.50471,-2.653024,robbery_biz
51.50471,-2.653024,robbery_biz
51.50471,-2.653024,robbery_biz
51.506073,-2.647367,burglary_biz
51.496736,-2.580999,robbery_biz
51.494042,-2.598322,burglary_biz
51.494042,-2.598322,burglary_biz
51.493021,-2.602759,shoplifting
51.497937,-2.578147,burglary_biz
51.494353,-2.573838,burglary_biz
51.499251,-2.568728,robbery_biz
51.495274,-2.573115,shoplifting
51.495274,-2.573115,shoplifting
51.495274,-2.573115,shoplifting
51.495274,-2.573115,shoplifting
51.495274,-2.573115,shoplifting
51.495274,-2.573115,shoplifting
51.495274,-2.573115,shoplifting
51.495274,-2.573115,shoplifting
51.495274,-2.573115,shoplifting
51.495274,-2.573115,shoplifting
51.495274,-2.573115,shoplifting
51.495274,-2.573115,shoplifting
51.495274,-2.573115,shoplifting
51.495274,-2.573115,shoplifting
51.495274,-2.573115,shoplifting
51.495274,-2.573115,shoplifting
51.495274,-2.573115,shoplifting
51.495274,-2.573115,shoplifting
51.495274,-2.573115,shoplifting
51.495274,-2.573115,shoplifting
51.495274,-2.573115,shoplifting
51.495274,-2.573115,shoplifting
51.495274,-2.573115,shoplifting
51.495274,-2.573115,shoplifting
51.495274,-2.573115,shoplifting
51.495274,-2.573115,shoplifting
51.495274,-2.573115,shoplifting
51.495274,-2.573115,shoplifting
51.495274,-2.573115,shoplifting
51.495274,-2.573115,shoplifting
51.495274,-2.573115,shoplifting
51.490554,-2.571155,robbery_biz
51.486228,-2.61049,burglary_biz
51.486228,-2.61049,burglary_biz
51.486228,-2.61049,shoplifting
51.486228,-2.61049,shoplifting
51.486228,-2.61049,shoplifting
51.486228,-2.61049,shoplifting
51.486228,-2.61049,shoplifting
51.486228,-2.61049,shoplifting
51.486228,-2.61049,shoplifting
51.486228,-2.61049,shoplifting
51.486228,-2.61049,shoplifting
51.486228,-2.61049,shoplifting
51.486228,-2.61049,shoplifting
51.486228,-2.61049,shoplifting
51.486228,-2.61049,shoplifting
51.486228,-2.61049,shoplifting
51.486228,-2.61049,shoplifting
51.486228,-2.61049,shoplifting
51.486228,-2.61049,shoplifting
51.486228,-2.61049,shoplifting
51.485428,-2.612121,shoplifting
51.492193,-2.615078,burglary_biz
51.493856,-2.620185,burglary_biz
51.492827,-2.617507,shoplifting
51.493328,-2.619746,shoplifting
51.493328,-2.619746,shoplifting
51.492827,-2.617507,shoplifting
51.496502,-2.612889,burglary_biz
51.496502,-2.612889,burglary_biz
51.4953,-2.61754,burglary_biz
51.491491,-2.615098,robbery_biz
51.495553,-2.620741,shoplifting
51.495553,-2.620741,shoplifting
51.502562,-2.695206,burglary_biz
51.502562,-2.695206,burglary_biz
51.502036,-2.69893,burglary_biz
51.49909,-2.695326,shoplifting
51.49909,-2.695326,shoplifting
51.50215,-2.690345,shoplifting
51.48764,-2.622506,burglary_biz
51.487971,-2.62487,robbery_biz
51.487971,-2.62487,shoplifting
51.494113,-2.580548,burglary_biz
51.490245,-2.588031,robbery_biz
51.491323,-2.586562,robbery_biz
51.485451,-2.58653,shoplifting
51.489403,-2.574813,burglary_biz
51.485471,-2.596813,shoplifting
51.485471,-2.596813,shoplifting
51.485471,-2.596813,shoplifting
51.481659,-2.609075,burglary_biz
51.479366,-2.541294,burglary_biz
51.479366,-2.541294,burglary_biz
51.481712,-2.537563,robbery_biz
51.481712,-2.537563,shoplifting
51.481712,-2.537563,shoplifting
51.481712,-2.537563,shoplifting
51.481712,-2.537563,shoplifting
51.481712,-2.537563,shoplifting
51.481712,-2.537563,shoplifting
51.481712,-2.537563,shoplifting
51.481712,-2.537563,shoplifting
51.481712,-2.537563,shoplifting
51.481712,-2.537563,shoplifting
51.481712,-2.537563,shoplifting
51.481712,-2.537563,shoplifting
51.481712,-2.537563,shoplifting
51.481712,-2.537563,shoplifting
51.481712,-2.537563,shoplifting
51.481712,-2.537563,shoplifting
51.486028,-2.547148,robbery_biz
51.485796,-2.550688,shoplifting
51.493421,-2.531132,burglary_biz
51.490271,-2.539651,burglary_biz
51.490271,-2.539651,burglary_biz
51.490271,-2.539651,burglary_biz
51.490271,-2.539651,burglary_biz
51.488787,-2.541823,burglary_biz
51.481953,-2.532108,burglary_biz
51.481953,-2.532108,burglary_biz
51.477234,-2.535566,robbery_biz
51.478303,-2.533822,robbery_biz
51.478303,-2.533822,shoplifting
51.478303,-2.533822,shoplifting
51.478303,-2.533822,shoplifting
51.478303,-2.533822,shoplifting
51.478303,-2.533822,shoplifting
51.478303,-2.533822,shoplifting
51.478303,-2.533822,shoplifting
51.478303,-2.533822,shoplifting
51.478303,-2.533822,shoplifting
51.478303,-2.533822,shoplifting
51.478303,-2.533822,shoplifting
51.478303,-2.533822,shoplifting
51.478303,-2.533822,shoplifting
51.478303,-2.533822,shoplifting
51.478303,-2.533822,shoplifting
51.478303,-2.533822,shoplifting
51.478303,-2.533822,shoplifting
51.478303,-2.533822,shoplifting
51.486693,-2.519561,shoplifting
51.486693,-2.519561,shoplifting
51.478863,-2.529394,burglary_biz
51.481934,-2.528205,robbery_biz
51.481058,-2.529016,robbery_biz
51.481058,-2.529016,robbery_biz
51.481058,-2.529016,shoplifting
51.481058,-2.529016,shoplifting
51.481058,-2.529016,shoplifting
51.481058,-2.529016,shoplifting
51.481058,-2.529016,shoplifting
51.481058,-2.529016,shoplifting
51.481058,-2.529016,shoplifting
51.481934,-2.528205,theft_person
51.483166,-2.520241,burglary_biz
51.482077,-2.525515,robbery_biz
51.496067,-2.555954,burglary_biz
51.485338,-2.565646,burglary_biz
51.482557,-2.571847,burglary_biz
51.481836,-2.576146,shoplifting
51.481836,-2.576146,shoplifting
51.481836,-2.576146,shoplifting
51.473961,-2.562481,burglary_biz
51.478089,-2.560401,burglary_biz
51.473464,-2.565702,burglary_biz
51.473961,-2.562481,robbery_biz
51.473961,-2.562481,robbery_biz
51.473464,-2.565702,robbery_biz
51.472616,-2.567403,robbery_biz
51.473961,-2.562481,shoplifting
51.473961,-2.562481,shoplifting
51.473961,-2.562481,shoplifting
51.473629,-2.566033,shoplifting
51.473961,-2.562481,shoplifting
51.473464,-2.565702,shoplifting
51.473629,-2.566033,shoplifting
51.473961,-2.562481,shoplifting
51.473961,-2.562481,shoplifting
51.472616,-2.567403,shoplifting
51.473464,-2.565702,shoplifting
51.473961,-2.562481,shoplifting
51.473961,-2.562481,shoplifting
51.473961,-2.562481,shoplifting
51.473961,-2.562481,shoplifting
51.473961,-2.562481,shoplifting
51.473961,-2.562481,shoplifting
51.473961,-2.562481,shoplifting
51.473961,-2.562481,shoplifting
51.473961,-2.562481,shoplifting
51.473464,-2.565702,shoplifting
51.473961,-2.562481,shoplifting
51.473961,-2.562481,shoplifting
51.473961,-2.562481,shoplifting
51.473961,-2.562481,shoplifting
51.473961,-2.562481,shoplifting
51.473961,-2.562481,shoplifting
51.473629,-2.566033,shoplifting
51.472945,-2.639699,burglary_biz
51.473835,-2.626263,burglary_biz
51.485704,-2.639704,shoplifting
51.485704,-2.639704,shoplifting
51.475234,-2.641977,burglary_biz
51.479983,-2.588562,shoplifting
51.479983,-2.588562,shoplifting
51.478932,-2.590118,shoplifting
51.481924,-2.58706,shoplifting
51.480393,-2.612227,shoplifting
51.480393,-2.612227,shoplifting
51.473929,-2.60844,burglary_biz
51.475576,-2.613328,burglary_biz
51.473396,-2.515206,burglary_biz
51.479226,-2.51651,burglary_biz
51.480732,-2.519494,burglary_biz
51.476081,-2.53993,burglary_biz
51.476081,-2.53993,burglary_biz
51.478543,-2.53646,burglary_biz
51.476081,-2.53993,burglary_biz
51.478978,-2.537689,robbery_biz
51.478002,-2.536713,shoplifting
51.472713,-2.550732,robbery_biz
51.473701,-2.554775,robbery_biz
51.469292,-2.54784,burglary_biz
51.474013,-2.577787,robbery_biz
51.473193,-2.59072,burglary_biz
51.473193,-2.59072,robbery_biz
51.473193,-2.59072,shoplifting
51.473193,-2.59072,shoplifting
51.473193,-2.59072,shoplifting
51.473193,-2.59072,shoplifting
51.47246,-2.591589,shoplifting
51.473193,-2.59072,shoplifting
51.471506,-2.593521,shoplifting
51.471506,-2.593521,shoplifting
51.471506,-2.593521,shoplifting
51.471659,-2.527741,burglary_biz
51.470377,-2.52692,burglary_biz
51.472596,-2.52922,burglary_biz
51.473542,-2.532816,burglary_biz
51.4703,-2.528071,robbery_biz
51.473741,-2.538434,theft_person
51.467632,-2.519402,burglary_biz
51.46832,-2.518302,burglary_biz
51.46832,-2.518302,burglary_biz
51.471617,-2.523004,shoplifting
51.471617,-2.523004,shoplifting
51.471617,-2.523004,shoplifting
51.471617,-2.523004,shoplifting
51.463598,-2.608345,burglary_biz
51.465109,-2.610136,burglary_biz
51.465005,-2.609762,burglary_biz
51.468419,-2.613275,burglary_biz
51.468419,-2.613275,shoplifting
51.468419,-2.613275,shoplifting
51.468419,-2.613275,shoplifting
51.468419,-2.613275,shoplifting
51.468419,-2.613275,shoplifting
51.468419,-2.613275,shoplifting
51.468419,-2.613275,shoplifting
51.465708,-2.61072,burglary_biz
51.462534,-2.593188,burglary_biz
51.467466,-2.60117,burglary_biz
51.467466,-2.60117,burglary_biz
51.466746,-2.592379,robbery_biz
51.45821,-2.587749,burglary_biz
51.45821,-2.587749,burglary_biz
51.458559,-2.58974,burglary_biz
51.45821,-2.587749,robbery_biz
51.456685,-2.586981,robbery_biz
51.459667,-2.59115,robbery_biz
51.459122,-2.594036,robbery_biz
51.461404,-2.592713,robbery_biz
51.457668,-2.586303,shoplifting
51.45821,-2.587749,shoplifting
51.459258,-2.592109,shoplifting
51.458559,-2.58974,shoplifting
51.45821,-2.587749,shoplifting
51.459122,-2.594036,shoplifting
51.45821,-2.587749,shoplifting
51.45821,-2.587749,shoplifting
51.45821,-2.587749,shoplifting
51.457668,-2.586303,shoplifting
51.457668,-2.586303,shoplifting
51.45821,-2.587749,shoplifting
51.45821,-2.587749,shoplifting
51.459122,-2.594036,shoplifting
51.458559,-2.58974,shoplifting
51.45821,-2.587749,shoplifting
51.45821,-2.587749,shoplifting
51.45821,-2.587749,shoplifting
51.45821,-2.587749,shoplifting
51.45821,-2.587749,shoplifting
51.459122,-2.594036,shoplifting
51.459122,-2.594036,shoplifting
51.45821,-2.587749,shoplifting
51.45821,-2.587749,shoplifting
51.458559,-2.58974,shoplifting
51.459755,-2.593325,shoplifting
51.458559,-2.58974,shoplifting
51.45821,-2.587749,shoplifting
51.459122,-2.594036,shoplifting
51.459122,-2.594036,shoplifting
51.459258,-2.592109,theft_person
51.462667,-2.590023,burglary_biz
51.464084,-2.590833,burglary_biz
51.463483,-2.590566,robbery_biz
51.463483,-2.590566,robbery_biz
51.462846,-2.590141,robbery_biz
51.462667,-2.590023,robbery_biz
51.462213,-2.59101,robbery_biz
51.462667,-2.590023,theft_person
51.459647,-2.610927,burglary_biz
51.459381,-2.613586,burglary_biz
51.463864,-2.610897,robbery_biz
51.463864,-2.610897,shoplifting
51.463864,-2.610897,shoplifting
51.463864,-2.610897,shoplifting
51.463864,-2.610897,shoplifting
51.467646,-2.613193,burglary_biz
51.466608,-2.612229,shoplifting
51.458195,-2.61511,burglary_biz
51.469082,-2.618957,burglary_biz
51.470007,-2.615643,burglary_biz
51.469082,-2.618957,burglary_biz
51.465328,-2.616257,burglary_biz
51.470007,-2.615643,burglary_biz
51.465431,-2.51277,burglary_biz
51.463847,-2.515314,burglary_biz
51.466398,-2.51386,shoplifting
51.466398,-2.51386,shoplifting
51.466398,-2.51386,shoplifting
51.466398,-2.51386,shoplifting
51.466398,-2.51386,shoplifting
51.466398,-2.51386,shoplifting
51.466398,-2.51386,shoplifting
51.46392,-2.523117,theft_person
51.461553,-2.535613,burglary_biz
51.460088,-2.539266,burglary_biz
51.466349,-2.530818,shoplifting
51.466349,-2.530818,shoplifting
51.466349,-2.530818,shoplifting
51.466349,-2.530818,shoplifting
51.462466,-2.540388,burglary_biz
51.462466,-2.540388,burglary_biz
51.461737,-2.528735,burglary_biz
51.460989,-2.531144,shoplifting
51.461923,-2.526864,shoplifting
51.460989,-2.531144,shoplifting
51.460989,-2.531144,shoplifting
51.460989,-2.531144,shoplifting
51.460989,-2.531144,shoplifting
51.460989,-2.531144,shoplifting
51.460989,-2.531144,shoplifting
51.462535,-2.55451,burglary_biz
51.459532,-2.55623,burglary_biz
51.45589,-2.554473,burglary_biz
51.458856,-2.556581,robbery_biz
51.459096,-2.555289,shoplifting
51.458348,-2.563153,burglary_biz
51.457216,-2.561253,robbery_biz
51.458348,-2.563153,shoplifting
51.460576,-2.554213,burglary_biz
51.459323,-2.553075,burglary_biz
51.459436,-2.55381,robbery_biz
51.460097,-2.552782,robbery_biz
51.459436,-2.55381,robbery_biz
51.460097,-2.552782,shoplifting
51.460097,-2.552782,shoplifting
51.460097,-2.552782,shoplifting
51.460097,-2.552782,shoplifting
51.460097,-2.552782,shoplifting
51.460097,-2.552782,shoplifting
51.459436,-2.55381,shoplifting
51.460097,-2.552782,shoplifting
51.460097,-2.552782,shoplifting
51.460097,-2.552782,shoplifting
51.459436,-2.55381,shoplifting
51.460097,-2.552782,shoplifting
51.460097,-2.552782,shoplifting
51.460097,-2.552782,shoplifting
51.460097,-2.552782,shoplifting
51.460097,-2.552782,shoplifting
51.459198,-2.5471,burglary_biz
51.459198,-2.5471,robbery_biz
51.45903,-2.548336,shoplifting
51.459204,-2.545647,theft_person
51.464585,-2.622538,burglary_biz
51.459821,-2.62895,burglary_biz
51.456301,-2.621374,shoplifting
51.459506,-2.617258,burglary_biz
51.455201,-2.618553,burglary_biz
51.461069,-2.620964,burglary_biz
51.454444,-2.620232,burglary_biz
51.454444,-2.620232,shoplifting
51.454444,-2.620232,shoplifting
51.454949,-2.623673,burglary_biz
51.454783,-2.531389,burglary_biz
51.454619,-2.525947,shoplifting
51.454619,-2.525947,shoplifting
51.454619,-2.525947,shoplifting
51.454619,-2.525947,shoplifting
51.454619,-2.525947,shoplifting
51.454619,-2.525947,shoplifting
51.454619,-2.525947,shoplifting
51.454619,-2.525947,shoplifting
51.454619,-2.525947,shoplifting
51.45056,-2.613612,burglary_biz
51.454828,-2.545206,robbery_biz
51.451321,-2.543221,burglary_biz
51.440886,-2.555787,robbery_biz
51.444591,-2.560205,shoplifting
51.443467,-2.616725,burglary_biz
51.442234,-2.630593,burglary_biz
51.444311,-2.61524,burglary_biz
51.441829,-2.608416,burglary_biz
51.44249,-2.604108,burglary_biz
51.442396,-2.613517,shoplifting
51.442396,-2.613517,shoplifting
51.438012,-2.619558,shoplifting
51.438012,-2.619558,shoplifting
51.438012,-2.619558,shoplifting
51.438012,-2.619558,shoplifting
51.438012,-2.619558,shoplifting
51.438012,-2.619558,shoplifting
51.438012,-2.619558,shoplifting
51.438012,-2.619558,shoplifting
51.438012,-2.619558,shoplifting
51.438012,-2.619558,shoplifting
51.442555,-2.576915,burglary_biz
51.442555,-2.576915,burglary_biz
51.441637,-2.580702,burglary_biz
51.439914,-2.572753,burglary_biz
51.439914,-2.572753,robbery_biz
51.442156,-2.53799,burglary_biz
51.437717,-2.550814,burglary_biz
51.440345,-2.532905,burglary_biz
51.437791,-2.531005,burglary_biz
51.432617,-2.539951,shoplifting
51.434267,-2.548261,shoplifting
51.435348,-2.602906,burglary_biz
51.435683,-2.598854,burglary_biz
51.429671,-2.603579,burglary_biz
51.442955,-2.592543,burglary_biz
51.444899,-2.593722,burglary_biz
51.442598,-2.595318,burglary_biz
51.444899,-2.593722,burglary_biz
51.443759,-2.595117,robbery_biz
51.443759,-2.595117,shoplifting
51.443759,-2.595117,shoplifting
51.443759,-2.595117,shoplifting
51.443759,-2.595117,shoplifting
51.443759,-2.595117,shoplifting
51.443005,-2.596618,shoplifting
51.443759,-2.595117,shoplifting
51.443005,-2.596618,shoplifting
51.443759,-2.595117,theft_person
51.442598,-2.595318,theft_person
51.441695,-2.597867,shoplifting
51.441695,-2.597867,shoplifting
51.440005,-2.601298,robbery_biz
51.438131,-2.600782,robbery_biz
51.438514,-2.602602,shoplifting
51.438131,-2.600782,shoplifting
51.435295,-2.597352,burglary_biz
51.429711,-2.598174,burglary_biz
51.433851,-2.589565,robbery_biz
51.433851,-2.589565,robbery_biz
51.43423,-2.625721,burglary_biz
51.428916,-2.632366,burglary_biz
51.428916,-2.632366,burglary_biz
51.428916,-2.632366,burglary_biz
51.428916,-2.632366,shoplifting
51.438132,-2.622297,burglary_biz
51.43543,-2.616545,burglary_biz
51.433552,-2.619656,robbery_biz
51.433552,-2.619656,shoplifting
51.433552,-2.619656,shoplifting
51.433552,-2.619656,shoplifting
51.431847,-2.563819,burglary_biz
51.431485,-2.569813,burglary_biz
51.431064,-2.569535,shoplifting
51.438696,-2.566292,burglary_biz
51.434927,-2.568446,burglary_biz
51.434927,-2.568446,shoplifting
51.437402,-2.575224,burglary_biz
51.434523,-2.564586,burglary_biz
51.43503,-2.565657,shoplifting
51.443034,-2.559813,shoplifting
51.443034,-2.559813,shoplifting
51.443034,-2.559813,shoplifting
51.443034,-2.559813,shoplifting
51.431975,-2.546214,burglary_biz
51.433161,-2.554097,robbery_biz
51.433161,-2.554097,shoplifting
51.429449,-2.547982,burglary_biz
51.429819,-2.545013,shoplifting
51.429819,-2.545013,shoplifting
51.429819,-2.545013,shoplifting
51.429289,-2.543837,shoplifting
51.429289,-2.543837,shoplifting
51.429819,-2.545013,shoplifting
51.4245,-2.580427,burglary_biz
51.433431,-2.578339,robbery_biz
51.433431,-2.578339,robbery_biz
51.433431,-2.578339,shoplifting
51.418334,-2.589164,robbery_biz
51.418334,-2.589164,robbery_biz
51.428076,-2.586398,robbery_biz
51.428076,-2.586398,robbery_biz
51.43027,-2.593561,robbery_biz
51.430271,-2.605774,burglary_biz
51.425729,-2.612905,shoplifting
51.425729,-2.612905,shoplifting
51.425729,-2.612905,shoplifting
51.425729,-2.612905,shoplifting
51.425608,-2.618858,burglary_biz
51.424322,-2.613591,burglary_biz
51.424322,-2.613591,burglary_biz
51.414104,-2.575392,burglary_biz
51.412714,-2.585612,shoplifting
51.418965,-2.574331,burglary_biz
51.414593,-2.572738,burglary_biz
51.413835,-2.570346,robbery_biz
51.413835,-2.570346,shoplifting
51.412199,-2.61235,burglary_biz
51.414416,-2.611388,robbery_biz
51.414416,-2.611388,robbery_biz
51.414416,-2.611388,shoplifting
51.414416,-2.611388,shoplifting
51.414416,-2.611388,shoplifting
51.414416,-2.611388,shoplifting
51.414416,-2.611388,shoplifting
51.414416,-2.611388,shoplifting
51.414416,-2.611388,shoplifting
51.414416,-2.611388,shoplifting
51.414416,-2.611388,shoplifting
51.414416,-2.611388,shoplifting
51.414416,-2.611388,shoplifting
51.414416,-2.611388,shoplifting
51.414416,-2.611388,shoplifting
51.414416,-2.611388,shoplifting
51.414416,-2.611388,shoplifting
51.414416,-2.611388,shoplifting
51.414416,-2.611388,shoplifting
51.414416,-2.611388,shoplifting
51.414416,-2.611388,shoplifting
51.414416,-2.611388,shoplifting
51.416344,-2.602009,robbery_biz
51.416344,-2.602009,robbery_biz
51.416344,-2.602009,robbery_biz
51.416344,-2.602009,robbery_biz
51.415331,-2.597955,shoplifting
51.416138,-2.600036,shoplifting
51.416344,-2.602009,shoplifting
51.41512,-2.599867,shoplifting
51.415331,-2.597955,shoplifting
51.415331,-2.597955,shoplifting
51.415331,-2.597955,shoplifting
51.416138,-2.600036,shoplifting
51.415331,-2.597955,shoplifting
51.416138,-2.600036,shoplifting
51.416138,-2.600036,shoplifting
51.416344,-2.602009,shoplifting
51.41512,-2.599867,shoplifting
51.416344,-2.602009,shoplifting
51.416344,-2.602009,shoplifting
51.416344,-2.602009,shoplifting
51.415331,-2.597955,shoplifting
51.415331,-2.597955,shoplifting
51.415331,-2.597955,shoplifting
51.41512,-2.599867,shoplifting
51.415331,-2.597955,shoplifting
51.41512,-2.599867,shoplifting
51.41512,-2.599867,shoplifting
51.416344,-2.602009,shoplifting
51.41512,-2.599867,shoplifting
51.416344,-2.602009,shoplifting
51.416344,-2.602009,shoplifting
51.416138,-2.600036,shoplifting
51.416138,-2.600036,shoplifting
51.415331,-2.597955,shoplifting
51.416138,-2.600036,shoplifting
51.41512,-2.599867,shoplifting
51.41512,-2.599867,shoplifting
51.416344,-2.602009,theft_person
51.414345,-2.616405,burglary_biz
51.412523,-2.619228,robbery_biz
51.412523,-2.619228,robbery_biz
51.412523,-2.619228,shoplifting
51.412523,-2.619228,shoplifting
51.412523,-2.619228,shoplifting
51.412523,-2.619228,shoplifting
51.412523,-2.619228,shoplifting
51.412523,-2.619228,shoplifting
51.413796,-2.559183,robbery_biz
51.413796,-2.559183,robbery_biz
51.413796,-2.559183,robbery_biz
51.413796,-2.559183,shoplifting
51.413796,-2.559183,shoplifting
51.413796,-2.559183,shoplifting
51.413796,-2.559183,shoplifting
51.413796,-2.559183,shoplifting
51.413796,-2.559183,shoplifting
51.413796,-2.559183,shoplifting
51.413796,-2.559183,shoplifting
51.413796,-2.559183,shoplifting
51.413796,-2.559183,shoplifting
51.413796,-2.559183,shoplifting
51.413796,-2.559183,shoplifting
51.409721,-2.552002,burglary_biz
51.412615,-2.546472,burglary_biz
51.409721,-2.552002,burglary_biz
51.412306,-2.547072,shoplifting
51.412306,-2.547072,shoplifting
51.412615,-2.546472,shoplifting
51.412306,-2.547072,shoplifting
51.424654,-2.560006,burglary_biz
51.41199,-2.626453,robbery_biz
51.408716,-2.621491,shoplifting
51.408437,-2.626663,burglary_biz
51.408437,-2.626663,burglary_biz
51.414693,-2.625383,burglary_biz
51.414693,-2.625383,burglary_biz
51.416048,-2.624265,burglary_biz
51.406008,-2.616652,robbery_biz
51.40715,-2.611564,burglary_biz
51.407732,-2.572825,burglary_biz
51.410375,-2.565554,burglary_biz
51.405868,-2.577143,burglary_biz
51.407081,-2.577259,robbery_biz
51.407081,-2.577259,shoplifting
51.407081,-2.577259,shoplifting
51.407081,-2.577259,shoplifting
51.402343,-2.567999,burglary_biz
51.409063,-2.601654,burglary_biz
51.404206,-2.600124,shoplifting
51.404206,-2.600124,shoplifting
51.404206,-2.600124,shoplifting
51.404206,-2.600124,shoplifting
51.40304,-2.595954,burglary_biz
51.401097,-2.599595,burglary_biz
51.409227,-2.597616,burglary_biz
51.411661,-2.589352,burglary_biz
51.404014,-2.590001,burglary_biz
51.411661,-2.589352,burglary_biz
51.404014,-2.590001,robbery_biz
51.456593,-2.576531,burglary_biz
51.45403,-2.578341,robbery_biz
51.454215,-2.580919,burglary_biz
51.453205,-2.581683,burglary_biz
51.449924,-2.583167,burglary_biz
51.45679,-2.580232,robbery_biz
51.450479,-2.581908,robbery_biz
51.45679,-2.580232,robbery_biz
51.453205,-2.581683,shoplifting
51.453205,-2.581683,shoplifting
51.449712,-2.580617,shoplifting
51.45679,-2.580232,theft_person
51.458558,-2.581003,burglary_biz
51.458707,-2.578169,burglary_biz
51.458279,-2.584727,robbery_biz
51.458279,-2.584727,shoplifting
51.459476,-2.584368,shoplifting
51.458279,-2.584727,shoplifting
51.45848,-2.583938,shoplifting
51.459476,-2.584368,shoplifting
51.459476,-2.584368,shoplifting
51.458279,-2.584727,shoplifting
51.459476,-2.584368,shoplifting
51.459476,-2.584368,shoplifting
51.459476,-2.584368,shoplifting
51.459476,-2.584368,shoplifting
51.458279,-2.584727,shoplifting
51.458279,-2.584727,shoplifting
51.459476,-2.584368,shoplifting
51.459476,-2.584368,shoplifting
51.459476,-2.584368,shoplifting
51.459476,-2.584368,shoplifting
51.458279,-2.584727,shoplifting
51.458279,-2.584727,shoplifting
51.458279,-2.584727,shoplifting
51.458279,-2.584727,shoplifting
51.459476,-2.584368,shoplifting
51.459476,-2.584368,shoplifting
51.459476,-2.584368,shoplifting
51.459476,-2.584368,shoplifting
51.458279,-2.584727,shoplifting
51.459476,-2.584368,shoplifting
51.458279,-2.584727,shoplifting
51.458279,-2.584727,shoplifting
51.459476,-2.584368,shoplifting
51.459476,-2.584368,shoplifting
51.459476,-2.584368,shoplifting
51.459476,-2.584368,shoplifting
51.459476,-2.584368,shoplifting
51.457566,-2.581566,theft_person
51.44722,-2.588054,burglary_biz
51.452148,-2.591643,burglary_biz
51.452127,-2.588578,burglary_biz
51.453561,-2.589488,burglary_biz
51.452148,-2.591643,burglary_biz
51.452148,-2.591643,burglary_biz
51.452127,-2.588578,burglary_biz
51.451111,-2.590335,burglary_biz
51.453117,-2.590288,burglary_biz
51.453117,-2.590288,robbery_biz
51.451227,-2.588681,burglary_biz
51.451227,-2.588681,burglary_biz
51.450638,-2.589695,burglary_biz
51.453567,-2.586596,burglary_biz
51.45151,-2.587965,burglary_biz
51.447724,-2.589874,robbery_biz
51.453253,-2.588275,shoplifting
51.465065,-2.559421,burglary_biz
51.465065,-2.559421,burglary_biz
51.458516,-2.569373,robbery_biz
51.461431,-2.565436,shoplifting
51.461431,-2.565436,shoplifting
51.461094,-2.566181,shoplifting
51.464418,-2.566798,burglary_biz
51.467112,-2.569451,robbery_biz
51.466184,-2.569857,theft_person
51.465674,-2.571074,robbery_biz
51.462459,-2.575899,robbery_biz
51.465408,-2.57038,shoplifting
51.46177,-2.573343,theft_person
51.461252,-2.578115,theft_person
51.44766,-2.560705,shoplifting
51.447439,-2.560567,shoplifting
51.44766,-2.560705,shoplifting
51.44766,-2.560705,shoplifting
51.44766,-2.560705,shoplifting
51.44766,-2.560705,shoplifting
51.44766,-2.560705,shoplifting
51.447439,-2.560567,shoplifting
51.447439,-2.560567,shoplifting
51.44766,-2.560705,shoplifting
51.447439,-2.560567,shoplifting
51.447439,-2.560567,shoplifting
51.447439,-2.560567,shoplifting
51.456001,-2.563253,burglary_biz
51.457339,-2.572884,burglary_biz
51.468996,-2.566566,robbery_biz
51.469538,-2.564126,shoplifting
51.468365,-2.563118,shoplifting
51.468365,-2.563118,shoplifting
51.465503,-2.55613,burglary_biz
51.466879,-2.559947,burglary_biz
51.468156,-2.55419,robbery_biz
51.473179,-2.56047,robbery_biz
51.469136,-2.579221,burglary_biz
51.469136,-2.579221,robbery_biz
51.469136,-2.579221,robbery_biz
51.469136,-2.579221,shoplifting
51.469136,-2.579221,shoplifting
51.467842,-2.580128,burglary_biz
51.465639,-2.576414,robbery_biz
51.469178,-2.575365,shoplifting
51.467215,-2.575859,theft_person
51.464921,-2.585273,robbery_biz
51.460379,-2.583646,burglary_biz
51.461871,-2.585637,burglary_biz
51.461821,-2.584729,robbery_biz
51.461,-2.58184,shoplifting
51.459741,-2.587279,shoplifting
51.459452,-2.587535,shoplifting
51.461,-2.58184,shoplifting
51.461,-2.58184,shoplifting
51.461429,-2.601839,robbery_biz
51.46124,-2.60188,shoplifting
51.461429,-2.601839,shoplifting
51.461429,-2.601839,shoplifting
51.461429,-2.601839,shoplifting
51.46124,-2.60188,shoplifting
51.456892,-2.595792,burglary_biz
51.458003,-2.596541,burglary_biz
51.456286,-2.59826,burglary_biz
51.456844,-2.594626,shoplifting
51.456844,-2.594626,shoplifting
51.456844,-2.594626,shoplifting
51.456286,-2.59826,shoplifting
51.456844,-2.594626,shoplifting
51.454149,-2.603053,burglary_biz
51.455363,-2.604753,robbery_biz
51.456782,-2.606801,robbery_biz
51.45728,-2.607758,shoplifting
51.456818,-2.606787,shoplifting
51.454429,-2.602683,shoplifting
51.454429,-2.602683,shoplifting
51.456818,-2.606787,shoplifting
51.45728,-2.607758,shoplifting
51.456818,-2.606787,shoplifting
51.45728,-2.607758,shoplifting
51.456818,-2.606787,shoplifting
51.45728,-2.607758,shoplifting
51.454429,-2.602683,shoplifting
51.45728,-2.607758,shoplifting
51.454429,-2.602683,shoplifting
51.45728,-2.607758,shoplifting
51.456818,-2.606787,shoplifting
51.45728,-2.607758,shoplifting
51.454429,-2.602683,shoplifting
51.456818,-2.606787,shoplifting
51.454429,-2.602683,shoplifting
51.45728,-2.607758,shoplifting
51.456818,-2.606787,shoplifting
51.45728,-2.607758,shoplifting
51.456782,-2.606801,shoplifting
51.456818,-2.606787,shoplifting
51.456782,-2.606801,shoplifting
51.456818,-2.606787,shoplifting
51.450975,-2.604796,burglary_biz
51.449755,-2.602477,robbery_biz
51.449755,-2.602477,robbery_biz
51.453066,-2.60206,robbery_biz
51.449755,-2.602477,shoplifting
51.449755,-2.602477,shoplifting
51.449755,-2.602477,shoplifting
51.449755,-2.602477,shoplifting
51.449755,-2.602477,shoplifting
51.453066,-2.60206,theft_person
51.455763,-2.591503,burglary_biz
51.452774,-2.592299,burglary_biz
51.454985,-2.588801,burglary_biz
51.455583,-2.593415,burglary_biz
51.455583,-2.593415,burglary_biz
51.453866,-2.593263,burglary_biz
51.454985,-2.588801,robbery_biz
51.457175,-2.593248,robbery_biz
51.454985,-2.588801,robbery_biz
51.456137,-2.590414,robbery_biz
51.456137,-2.590414,robbery_biz
51.457175,-2.593248,robbery_biz
51.453861,-2.59594,robbery_biz
51.456677,-2.592162,robbery_biz
51.45385,-2.592874,robbery_biz
51.455618,-2.5953,robbery_biz
51.456677,-2.592162,robbery_biz
51.456137,-2.590414,shoplifting
51.456677,-2.592162,shoplifting
51.456677,-2.592162,shoplifting
51.456677,-2.592162,shoplifting
51.456137,-2.590414,shoplifting
51.456071,-2.589175,shoplifting
51.453861,-2.59594,shoplifting
51.456137,-2.590414,shoplifting
51.456677,-2.592162,shoplifting
51.457175,-2.593248,shoplifting
51.453861,-2.59594,shoplifting
51.456677,-2.592162,shoplifting
51.456137,-2.590414,shoplifting
51.456137,-2.590414,shoplifting
51.45385,-2.592874,theft_person
51.456137,-2.590414,theft_person
51.454404,-2.593529,theft_person
51.452961,-2.596173,burglary_biz
51.452961,-2.596173,burglary_biz
51.452961,-2.596173,shoplifting
51.450979,-2.598608,burglary_biz
51.450979,-2.598608,burglary_biz
51.453357,-2.597833,burglary_biz
51.453049,-2.598261,robbery_biz
51.450979,-2.598608,robbery_biz
51.453357,-2.597833,robbery_biz
51.454306,-2.598651,shoplifting
51.454306,-2.598651,shoplifting
51.454306,-2.598651,shoplifting
51.454306,-2.598651,shoplifting
51.454306,-2.598651,shoplifting
51.454306,-2.598651,shoplifting
51.454306,-2.598651,shoplifting
51.454306,-2.598651,shoplifting
51.454306,-2.598651,shoplifting
51.454306,-2.598651,shoplifting
51.453952,-2.601093,shoplifting
51.453161,-2.600924,theft_person
51.453357,-2.597833,theft_person
51.447676,-2.608062,burglary_biz
51.447275,-2.610733,burglary_biz
51.446956,-2.597706,shoplifting
51.446956,-2.597706,shoplifting
51.446956,-2.597706,shoplifting
51.446956,-2.597706,shoplifting
51.447531,-2.590662,shoplifting
51.48144,-2.768746,burglary_biz
51.48242,-2.781003,shoplifting
51.481841,-2.781526,shoplifting
51.485629,-2.761975,shoplifting
51.485629,-2.761975,shoplifting
51.485629,-2.761975,shoplifting
51.485629,-2.761975,shoplifting
51.485629,-2.761975,shoplifting
51.485629,-2.761975,shoplifting
51.485629,-2.761975,shoplifting
51.485629,-2.761975,shoplifting
51.491035,-2.756997,shoplifting
51.482988,-2.768484,shoplifting
51.482988,-2.768484,shoplifting
51.485963,-2.765927,shoplifting
51.4839,-2.765555,shoplifting
51.482988,-2.768484,shoplifting
51.482988,-2.768484,shoplifting
51.475749,-2.795573,robbery_biz
51.478209,-2.76777,shoplifting
51.484077,-2.761445,shoplifting
51.454651,-2.637298,burglary_biz
51.454651,-2.637298,burglary_biz
51.480801,-2.686149,shoplifting
51.48003,-2.685806,burglary_biz
51.476482,-2.680584,burglary_biz
51.476889,-2.689344,burglary_biz
51.479074,-2.684712,shoplifting
51.479074,-2.684712,shoplifting
51.479074,-2.684712,shoplifting
51.439612,-2.840599,shoplifting
51.439612,-2.840599,shoplifting
51.439418,-2.839977,shoplifting
51.441949,-2.695192,burglary_biz
51.441356,-2.690579,burglary_biz
51.455522,-2.729954,burglary_biz
51.487278,-2.743323,robbery_biz
51.435284,-2.855913,robbery_biz
51.434671,-2.852434,shoplifting
51.434671,-2.852434,shoplifting
51.436561,-2.852196,shoplifting
51.436071,-2.860143,burglary_biz
51.434215,-2.863129,burglary_biz
51.434691,-2.861915,burglary_biz
51.432328,-2.758988,burglary_biz
51.437633,-2.754831,burglary_biz
51.434743,-2.758179,shoplifting
51.434743,-2.758179,shoplifting
51.434743,-2.758179,shoplifting
51.43388,-2.758193,shoplifting
51.434743,-2.758179,shoplifting
51.42904,-2.780337,burglary_biz
51.423526,-2.772534,burglary_biz
51.427907,-2.745955,burglary_biz
51.424666,-2.768799,burglary_biz
51.425703,-2.768356,burglary_biz
51.435153,-2.751798,robbery_biz
51.434847,-2.753217,shoplifting
51.434847,-2.753217,shoplifting
51.434847,-2.753217,shoplifting
51.434847,-2.753217,shoplifting
51.430738,-2.851584,burglary_biz
51.428459,-2.854663,robbery_biz
51.428459,-2.854663,shoplifting
51.428459,-2.854663,shoplifting
51.413068,-2.742075,burglary_biz
51.415642,-2.747337,burglary_biz
51.410265,-2.731735,burglary_biz
51.418516,-2.726488,burglary_biz
51.407512,-2.676525,burglary_biz
51.394924,-2.771089,burglary_biz
51.386783,-2.783742,shoplifting
51.386783,-2.783742,shoplifting
51.386783,-2.783742,shoplifting
51.386783,-2.783742,shoplifting
51.388368,-2.786112,burglary_biz
51.394136,-2.833556,shoplifting
51.394136,-2.833556,shoplifting
51.394136,-2.833556,shoplifting
51.394136,-2.833556,shoplifting
51.409772,-2.648638,shoplifting
51.361925,-2.762606,burglary_biz
51.364552,-2.762491,burglary_biz
51.364034,-2.760486,burglary_biz
51.358484,-2.71817,burglary_biz
51.385858,-2.712842,shoplifting
51.385858,-2.712842,shoplifting
51.387847,-2.704043,shoplifting
51.385858,-2.712842,shoplifting
51.387847,-2.704043,theft_person
51.365925,-2.809744,burglary_biz
51.365925,-2.809744,burglary_biz
51.371813,-2.8191,burglary_biz
51.328462,-2.717816,burglary_biz
51.329098,-2.719677,burglary_biz
51.340185,-2.782789,burglary_biz
51.342493,-2.769605,burglary_biz
51.331382,-2.86698,burglary_biz
51.599138,-2.620204,burglary_biz
51.526961,-2.613673,burglary_biz
51.537958,-2.617022,burglary_biz
51.527868,-2.599721,robbery_biz
51.525605,-2.595396,robbery_biz
51.530693,-2.596496,robbery_biz
51.525403,-2.598546,shoplifting
51.525605,-2.595396,shoplifting
51.525403,-2.598546,shoplifting
51.52368,-2.594444,shoplifting
51.52368,-2.594444,shoplifting
51.526961,-2.613673,shoplifting
51.525403,-2.598546,shoplifting
51.52368,-2.594444,shoplifting
51.525064,-2.60164,shoplifting
51.526961,-2.613673,shoplifting
51.525403,-2.598546,shoplifting
51.525403,-2.598546,shoplifting
51.525064,-2.60164,shoplifting
51.525605,-2.595396,shoplifting
51.52368,-2.594444,shoplifting
51.528918,-2.600495,shoplifting
51.525403,-2.598546,shoplifting
51.52368,-2.594444,shoplifting
51.523297,-2.597264,shoplifting
51.525403,-2.598546,shoplifting
51.525403,-2.598546,shoplifting
51.52368,-2.594444,shoplifting
51.5227,-2.615316,shoplifting
51.52368,-2.594444,shoplifting
51.526857,-2.596317,shoplifting
51.525403,-2.598546,shoplifting
51.527177,-2.597305,shoplifting
51.525403,-2.598546,shoplifting
51.525605,-2.595396,shoplifting
51.525403,-2.598546,shoplifting
51.525605,-2.595396,shoplifting
51.525605,-2.595396,shoplifting
51.523297,-2.597264,shoplifting
51.525605,-2.595396,shoplifting
51.528918,-2.600495,shoplifting
51.5227,-2.615316,shoplifting
51.525605,-2.595396,shoplifting
51.525403,-2.598546,shoplifting
51.528702,-2.598733,shoplifting
51.525605,-2.595396,shoplifting
51.525605,-2.595396,shoplifting
51.525605,-2.595396,shoplifting
51.52368,-2.594444,shoplifting
51.52368,-2.594444,shoplifting
51.525605,-2.595396,shoplifting
51.529658,-2.599928,shoplifting
51.52368,-2.594444,shoplifting
51.52368,-2.594444,shoplifting
51.525605,-2.595396,shoplifting
51.525605,-2.595396,shoplifting
51.525403,-2.598546,shoplifting
51.52368,-2.594444,shoplifting
51.525403,-2.598546,shoplifting
51.525403,-2.598546,shoplifting
51.525605,-2.595396,shoplifting
51.530693,-2.596496,shoplifting
51.525403,-2.598546,shoplifting
51.525605,-2.595396,shoplifting
51.527177,-2.597305,shoplifting
51.52368,-2.594444,shoplifting
51.525403,-2.598546,shoplifting
51.525403,-2.598546,shoplifting
51.525403,-2.598546,shoplifting
51.525605,-2.595396,shoplifting
51.52368,-2.594444,shoplifting
51.525605,-2.595396,shoplifting
51.523046,-2.58805,shoplifting
51.528918,-2.600495,shoplifting
51.52368,-2.594444,shoplifting
51.525605,-2.595396,shoplifting
51.530693,-2.596496,shoplifting
51.523297,-2.597264,shoplifting
51.525605,-2.595396,shoplifting
51.527868,-2.599721,shoplifting
51.530693,-2.596496,shoplifting
51.528702,-2.598733,shoplifting
51.525403,-2.598546,shoplifting
51.5227,-2.615316,shoplifting
51.527868,-2.599721,shoplifting
51.528702,-2.598733,shoplifting
51.52368,-2.594444,shoplifting
51.527177,-2.597305,shoplifting
51.525605,-2.595396,shoplifting
51.5227,-2.615316,shoplifting
51.525605,-2.595396,shoplifting
51.525605,-2.595396,shoplifting
51.525064,-2.60164,shoplifting
51.52368,-2.594444,shoplifting
51.525605,-2.595396,shoplifting
51.5227,-2.615316,shoplifting
51.527868,-2.599721,shoplifting
51.525605,-2.595396,shoplifting
51.525605,-2.595396,shoplifting
51.525403,-2.598546,shoplifting
51.525605,-2.595396,shoplifting
51.525403,-2.598546,shoplifting
51.525605,-2.595396,shoplifting
51.525605,-2.595396,shoplifting
51.5227,-2.615316,shoplifting
51.525403,-2.598546,shoplifting
51.525064,-2.60164,shoplifting
51.525605,-2.595396,shoplifting
51.525403,-2.598546,shoplifting
51.526833,-2.599214,shoplifting
51.525403,-2.598546,shoplifting
51.530693,-2.596496,shoplifting
51.525605,-2.595396,shoplifting
51.523297,-2.597264,shoplifting
51.525403,-2.598546,shoplifting
51.525605,-2.595396,shoplifting
51.527868,-2.599721,shoplifting
51.52368,-2.594444,shoplifting
51.525403,-2.598546,shoplifting
51.525605,-2.595396,shoplifting
51.551737,-2.568258,burglary_biz
51.563336,-2.641558,burglary_biz
51.559418,-2.420583,burglary_biz
51.559052,-2.417161,shoplifting
51.539636,-2.413066,robbery_biz
51.539636,-2.413066,shoplifting
51.539564,-2.410043,shoplifting
51.539786,-2.408867,shoplifting
51.54146,-2.410886,shoplifting
51.539636,-2.413066,theft_person
51.542564,-2.419188,robbery_biz
51.540979,-2.422316,shoplifting
51.540979,-2.422316,shoplifting
51.550331,-2.422129,burglary_biz
51.543902,-2.388197,burglary_biz
51.543756,-2.389104,burglary_biz
51.540796,-2.397399,shoplifting
51.533346,-2.401673,burglary_biz
51.523472,-2.528807,burglary_biz
51.523472,-2.528807,burglary_biz
51.546822,-2.556357,robbery_biz
51.534931,-2.416465,burglary_biz
51.540506,-2.423754,robbery_biz
51.540506,-2.423754,shoplifting
51.542045,-2.562412,robbery_biz
51.540584,-2.557867,robbery_biz
51.535361,-2.547956,shoplifting
51.535361,-2.547956,shoplifting
51.535361,-2.547956,shoplifting
51.535424,-2.547884,shoplifting
51.535424,-2.547884,shoplifting
51.535424,-2.547884,shoplifting
51.535361,-2.547956,shoplifting
51.535361,-2.547956,shoplifting
51.534762,-2.549087,shoplifting
51.535424,-2.547884,shoplifting
51.535424,-2.547884,shoplifting
51.535424,-2.547884,shoplifting
51.534762,-2.549087,shoplifting
51.535424,-2.547884,shoplifting
51.534849,-2.488968,burglary_biz
51.527183,-2.413165,burglary_biz
51.521401,-2.543262,burglary_biz
51.524195,-2.555346,burglary_biz
51.52812,-2.504609,shoplifting
51.511002,-2.508368,burglary_biz
51.523073,-2.507205,burglary_biz
51.522574,-2.508367,shoplifting
51.521038,-2.503738,burglary_biz
51.521038,-2.503738,burglary_biz
51.512232,-2.567405,burglary_biz
51.508216,-2.574641,burglary_biz
51.504009,-2.575933,burglary_biz
51.508293,-2.573221,shoplifting
51.508293,-2.573221,shoplifting
51.505116,-2.577606,shoplifting
51.508216,-2.574641,shoplifting
51.508216,-2.574641,shoplifting
51.502849,-2.56654,burglary_biz
51.50461,-2.565106,burglary_biz
51.502849,-2.56654,burglary_biz
51.502849,-2.56654,burglary_biz
51.501948,-2.567105,burglary_biz
51.515413,-2.571584,burglary_biz
51.514535,-2.437016,burglary_biz
51.536549,-2.441019,burglary_biz
51.542461,-2.435221,shoplifting
51.502689,-2.472862,shoplifting
51.49365,-2.455383,burglary_biz
51.494315,-2.446084,burglary_biz
51.50237,-2.506572,burglary_biz
51.501058,-2.508243,robbery_biz
51.49461,-2.502251,burglary_biz
51.495034,-2.493252,theft_person
51.505579,-2.4873,shoplifting
51.493677,-2.474998,shoplifting
51.492367,-2.473631,shoplifting
51.492367,-2.473631,shoplifting
51.493677,-2.474998,shoplifting
51.492367,-2.473631,shoplifting
51.493677,-2.474998,shoplifting
51.487993,-2.501875,shoplifting
51.487993,-2.501875,shoplifting
51.487993,-2.501875,shoplifting
51.491464,-2.501842,burglary_biz
51.486788,-2.491464,burglary_biz
51.482895,-2.484927,shoplifting
51.482895,-2.484927,shoplifting
51.482895,-2.484927,shoplifting
51.482895,-2.484927,shoplifting
51.42998,-2.478066,burglary_biz
51.424254,-2.45964,burglary_biz
51.424254,-2.45964,burglary_biz
51.427073,-2.444609,burglary_biz
51.454278,-2.321953,burglary_biz
51.478062,-2.408027,burglary_biz
51.542333,-2.28305,burglary_biz
51.521994,-2.308262,burglary_biz
51.482448,-2.507589,burglary_biz
51.480647,-2.504056,shoplifting
51.46257,-2.507344,robbery_biz
51.476977,-2.512554,burglary_biz
51.481283,-2.510788,robbery_biz
51.473299,-2.506653,shoplifting
51.46914,-2.488568,shoplifting
51.462167,-2.498296,robbery_biz
51.464792,-2.492091,burglary_biz
51.461271,-2.51019,robbery_biz
51.462599,-2.50852,robbery_biz
51.462199,-2.506707,robbery_biz
51.462599,-2.50852,shoplifting
51.462599,-2.50852,shoplifting
51.462599,-2.50852,shoplifting
51.454696,-2.453786,burglary_biz
51.45498,-2.494605,shoplifting
51.443042,-2.465512,robbery_biz
51.448249,-2.478602,shoplifting
51.452313,-2.508636,burglary_biz
51.440106,-2.519477,robbery_biz
51.440106,-2.519477,shoplifting
51.440106,-2.519477,shoplifting
51.447177,-2.500535,shoplifting
51.447177,-2.500535,shoplifting
51.44098,-2.513417,burglary_biz
51.438002,-2.49517,shoplifting
51.437838,-2.493542,shoplifting
51.438002,-2.49517,shoplifting
51.438002,-2.49517,shoplifting
51.445754,-2.497009,robbery_biz
51.445754,-2.497009,robbery_biz
51.444491,-2.501182,shoplifting
51.444491,-2.501182,shoplifting
51.445286,-2.488442,shoplifting
51.445754,-2.497009,shoplifting
51.444491,-2.501182,shoplifting
51.445286,-2.488442,shoplifting
51.445754,-2.497009,shoplifting
51.444491,-2.501182,shoplifting
51.440216,-2.46839,robbery_biz
51.533943,-2.579252,burglary_biz
51.540698,-2.562198,robbery_biz
51.540698,-2.562198,shoplifting
51.540698,-2.562198,shoplifting
51.540698,-2.562198,shoplifting
51.540698,-2.562198,shoplifting
51.531279,-2.578036,burglary_biz
51.530424,-2.578011,shoplifting
51.530424,-2.578011,shoplifting
51.530424,-2.578011,shoplifting
51.530424,-2.578011,shoplifting
51.530424,-2.578011,shoplifting
51.530424,-2.578011,shoplifting
51.530424,-2.578011,shoplifting
51.527394,-2.572596,shoplifting
51.526008,-2.585494,shoplifting
51.529112,-2.585217,burglary_biz
51.5288,-2.571893,burglary_biz
51.507249,-2.550874,robbery_biz
51.507249,-2.550874,robbery_biz
51.509231,-2.552066,shoplifting
51.509176,-2.556099,shoplifting
51.509231,-2.552066,shoplifting
51.509231,-2.552066,shoplifting
51.509231,-2.552066,shoplifting
51.509231,-2.552066,shoplifting
51.507249,-2.550874,shoplifting
51.509231,-2.552066,shoplifting
51.509231,-2.552066,shoplifting
51.50113,-2.544274,burglary_biz
51.50113,-2.544274,shoplifting
51.499554,-2.560088,burglary_biz
51.499554,-2.560088,burglary_biz
51.505519,-2.560287,shoplifting
51.505519,-2.560287,shoplifting
51.505519,-2.560287,shoplifting
51.505519,-2.560287,shoplifting
51.505519,-2.560287,shoplifting
51.505519,-2.560287,shoplifting
51.518246,-2.53524,burglary_biz
51.509332,-2.541793,theft_person
51.493383,-2.521611,burglary_biz
51.415165,-2.498935,shoplifting
51.414948,-2.499162,shoplifting
51.412393,-2.501608,burglary_biz
51.413799,-2.496691,shoplifting
51.408179,-2.509167,burglary_biz
51.416023,-2.493638,burglary_biz
51.414756,-2.482696,shoplifting
51.406856,-2.492791,burglary_biz
51.404639,-2.489562,burglary_biz
51.399414,-2.333671,burglary_biz
51.397161,-2.344708,shoplifting
51.396723,-2.39267,burglary_biz
51.393109,-2.352841,burglary_biz
51.396485,-2.351544,burglary_biz
51.392611,-2.354102,shoplifting
51.391807,-2.352083,burglary_biz
51.391807,-2.352083,burglary_biz
51.391507,-2.350342,burglary_biz
51.391507,-2.350342,robbery_biz
51.391507,-2.350342,robbery_biz
51.391507,-2.350342,shoplifting
51.391507,-2.350342,shoplifting
51.391507,-2.350342,shoplifting
51.391507,-2.350342,shoplifting
51.391507,-2.350342,shoplifting
51.384473,-2.360074,burglary_biz
51.379717,-2.362652,burglary_biz
51.38036,-2.361335,burglary_biz
51.382714,-2.359026,burglary_biz
51.382537,-2.360921,burglary_biz
51.382597,-2.361884,burglary_biz
51.385653,-2.359264,burglary_biz
51.387082,-2.356746,burglary_biz
51.382174,-2.359108,robbery_biz
51.383494,-2.359535,robbery_biz
51.383494,-2.359535,robbery_biz
51.383494,-2.359535,robbery_biz
51.383494,-2.359535,robbery_biz
51.383494,-2.359535,robbery_biz
51.383494,-2.359535,shoplifting
51.382537,-2.360921,shoplifting
51.382714,-2.359026,shoplifting
51.383286,-2.357234,shoplifting
51.380159,-2.359466,shoplifting
51.379472,-2.360595,shoplifting
51.383494,-2.359535,shoplifting
51.38306,-2.360609,shoplifting
51.383494,-2.359535,shoplifting
51.382714,-2.359026,shoplifting
51.381578,-2.360052,shoplifting
51.383494,-2.359535,shoplifting
51.382537,-2.360921,shoplifting
51.383494,-2.359535,shoplifting
51.379472,-2.360595,shoplifting
51.383494,-2.359535,shoplifting
51.38306,-2.360609,shoplifting
51.382537,-2.360921,shoplifting
51.383494,-2.359535,shoplifting
51.383494,-2.359535,shoplifting
51.380159,-2.359466,shoplifting
51.380842,-2.362374,shoplifting
51.383494,-2.359535,shoplifting
51.383494,-2.359535,shoplifting
51.382537,-2.360921,shoplifting
51.383411,-2.35735,theft_person
51.382714,-2.359026,theft_person
51.38036,-2.361335,theft_person
51.380857,-2.360606,theft_person
51.379682,-2.356617,burglary_biz
51.380835,-2.356008,burglary_biz
51.378637,-2.357112,robbery_biz
51.378235,-2.359264,shoplifting
51.378904,-2.358249,shoplifting
51.378904,-2.358249,shoplifting
51.378904,-2.358249,shoplifting
51.378235,-2.359264,shoplifting
51.378904,-2.358249,shoplifting
51.378235,-2.359264,shoplifting
51.378637,-2.357112,shoplifting
51.378327,-2.359595,shoplifting
51.387153,-2.365714,burglary_biz
51.38489,-2.36196,shoplifting
51.387964,-2.365017,shoplifting
51.387964,-2.365017,shoplifting
51.387964,-2.365017,shoplifting
51.387964,-2.365017,shoplifting
51.387964,-2.365017,shoplifting
51.387964,-2.365017,shoplifting
51.387964,-2.365017,shoplifting
51.387964,-2.365017,shoplifting
51.387964,-2.365017,shoplifting
51.387964,-2.365017,shoplifting
51.405941,-2.375683,shoplifting
51.388367,-2.362835,burglary_biz
51.385038,-2.388776,shoplifting
51.385038,-2.388776,shoplifting
51.388545,-2.394022,burglary_biz
51.392472,-2.399834,burglary_biz
51.385824,-2.379241,burglary_biz
51.38537,-2.380559,robbery_biz
51.385311,-2.382197,shoplifting
51.381466,-2.364045,robbery_biz
51.383726,-2.366176,robbery_biz
51.381192,-2.368555,shoplifting
51.381192,-2.368555,shoplifting
51.381317,-2.362923,shoplifting
51.381192,-2.368555,shoplifting
51.381192,-2.368555,shoplifting
51.381317,-2.362923,shoplifting
51.381317,-2.362923,shoplifting
51.381317,-2.362923,shoplifting
51.38834,-2.365594,burglary_biz
51.383081,-2.365351,burglary_biz
51.388262,-2.367706,burglary_biz
51.33443,-2.300844,burglary_biz
51.380846,-2.391959,burglary_biz
51.379841,-2.393804,burglary_biz
51.379443,-2.394605,shoplifting
51.379443,-2.394605,shoplifting
51.379443,-2.394605,shoplifting
51.379443,-2.394605,shoplifting
51.381044,-2.394489,theft_person
51.384029,-2.349337,shoplifting
51.384029,-2.349337,shoplifting
51.384029,-2.349337,shoplifting
51.377621,-2.36321,burglary_biz
51.378972,-2.368005,shoplifting
51.378972,-2.368005,theft_person
51.377686,-2.353484,burglary_biz
51.378595,-2.353404,robbery_biz
51.376591,-2.352972,robbery_biz
51.377599,-2.373023,robbery_biz
51.377599,-2.373023,robbery_biz
51.379659,-2.369706,shoplifting
51.375895,-2.382578,burglary_biz
51.378014,-2.383573,burglary_biz
51.375895,-2.382578,burglary_biz
51.379252,-2.39002,robbery_biz
51.380514,-2.38618,shoplifting
51.380514,-2.38618,shoplifting
51.372072,-2.385965,burglary_biz
51.373652,-2.384053,burglary_biz
51.373652,-2.384053,burglary_biz
51.377866,-2.382293,burglary_biz
51.380945,-2.3891,shoplifting
51.377044,-2.377659,burglary_biz
51.377044,-2.377659,robbery_biz
51.377044,-2.377659,robbery_biz
51.377044,-2.377659,shoplifting
51.377044,-2.377659,shoplifting
51.377044,-2.377659,shoplifting
51.377044,-2.377659,shoplifting
51.377044,-2.377659,shoplifting
51.377044,-2.377659,shoplifting
51.377044,-2.377659,shoplifting
51.377044,-2.377659,shoplifting
51.377044,-2.377659,shoplifting
51.377044,-2.377659,shoplifting
51.377044,-2.377659,shoplifting
51.377044,-2.377659,shoplifting
51.377044,-2.377659,shoplifting
51.377044,-2.377659,shoplifting
51.373025,-2.379833,burglary_biz
51.372174,-2.376671,burglary_biz
51.372174,-2.376671,burglary_biz
51.375676,-2.389084,shoplifting
51.375676,-2.389084,shoplifting
51.375676,-2.389084,shoplifting
51.375676,-2.389084,shoplifting
51.375676,-2.389084,shoplifting
51.375676,-2.389084,shoplifting
51.375676,-2.389084,shoplifting
51.375676,-2.389084,shoplifting
51.375676,-2.389084,shoplifting
51.375676,-2.389084,shoplifting
51.397108,-2.450456,robbery_biz
51.402375,-2.455669,shoplifting
51.327621,-2.473097,shoplifting
51.327621,-2.473097,shoplifting
51.327621,-2.473097,shoplifting
51.327621,-2.473097,shoplifting
51.370644,-2.362954,burglary_biz
51.374093,-2.366264,shoplifting
51.374093,-2.366264,shoplifting
51.374093,-2.366264,shoplifting
51.374093,-2.366264,shoplifting
51.374093,-2.366264,shoplifting
51.374093,-2.366264,shoplifting
51.374093,-2.366264,shoplifting
51.374093,-2.366264,shoplifting
51.358199,-2.371602,burglary_biz
51.356582,-2.368257,robbery_biz
51.357331,-2.370187,robbery_biz
51.357331,-2.370187,robbery_biz
51.356582,-2.368257,shoplifting
51.356582,-2.368257,shoplifting
51.356582,-2.368257,shoplifting
51.357331,-2.370187,shoplifting
51.356582,-2.368257,shoplifting
51.356582,-2.368257,shoplifting
51.369368,-2.365529,robbery_biz
51.369368,-2.365529,shoplifting
51.369368,-2.365529,shoplifting
51.369368,-2.365529,shoplifting
51.359639,-2.359592,shoplifting
51.359639,-2.359592,shoplifting
51.359639,-2.359592,shoplifting
51.359639,-2.359592,shoplifting
51.359639,-2.359592,shoplifting
51.359974,-2.346927,shoplifting
51.361959,-2.359481,burglary_biz
51.361893,-2.3605,shoplifting
51.364726,-2.357664,shoplifting
51.358306,-2.380277,shoplifting
51.358306,-2.380277,shoplifting
51.358306,-2.380277,shoplifting
51.365285,-2.390935,burglary_biz
51.39143,-2.550358,burglary_biz
51.3742,-2.550741,burglary_biz
51.407528,-2.557496,burglary_biz
51.395656,-2.550467,shoplifting
51.301868,-2.644431,burglary_biz
51.316277,-2.42517,robbery_biz
51.316277,-2.42517,shoplifting
51.316277,-2.42517,shoplifting
51.316277,-2.42517,shoplifting
51.316277,-2.42517,shoplifting
51.316277,-2.42517,shoplifting
51.316277,-2.42517,shoplifting
51.316277,-2.42517,shoplifting
51.316277,-2.42517,shoplifting
51.316277,-2.42517,shoplifting
51.36785,-2.400668,burglary_biz
51.362366,-2.405618,burglary_biz
51.319957,-2.458037,robbery_biz
51.326212,-2.510856,burglary_biz
51.314012,-2.524767,burglary_biz
51.306679,-2.501228,shoplifting
51.507612,-2.613499,burglary_biz
51.509535,-2.615485,robbery_biz
51.513786,-2.629405,burglary_biz
51.511061,-2.629512,burglary_biz
51.511061,-2.629512,robbery_biz
51.511061,-2.629512,robbery_biz
51.511061,-2.629512,shoplifting
51.511061,-2.629512,shoplifting
51.511061,-2.629512,shoplifting
51.511061,-2.629512,shoplifting
51.511061,-2.629512,shoplifting
51.511061,-2.629512,shoplifting
51.511061,-2.629512,shoplifting
51.511061,-2.629512,shoplifting
51.511061,-2.629512,shoplifting
51.511061,-2.629512,shoplifting
51.511061,-2.629512,shoplifting
51.511061,-2.629512,shoplifting
51.511061,-2.629512,shoplifting
51.511061,-2.629512,shoplifting
51.511061,-2.629512,shoplifting
51.511061,-2.629512,shoplifting
51.511061,-2.629512,shoplifting
51.511061,-2.629512,shoplifting
51.511061,-2.629512,shoplifting
51.511061,-2.629512,shoplifting
51.511061,-2.629512,shoplifting
51.511061,-2.629512,shoplifting
51.511061,-2.629512,shoplifting
51.511061,-2.629512,shoplifting
51.509605,-2.62099,robbery_biz
51.509605,-2.62099,robbery_biz
51.510327,-2.620452,robbery_biz
51.509605,-2.62099,shoplifting
51.509605,-2.62099,shoplifting
51.509605,-2.62099,shoplifting
51.509605,-2.62099,shoplifting
51.509605,-2.62099,shoplifting
51.511418,-2.634992,shoplifting
51.507985,-2.623057,shoplifting
51.507985,-2.623057,shoplifting
51.507985,-2.623057,shoplifting
51.507985,-2.623057,shoplifting
51.507985,-2.623057,shoplifting
51.507985,-2.623057,shoplifting
51.503212,-2.596857,burglary_biz
51.502582,-2.602223,robbery_biz
51.502552,-2.599283,robbery_biz
51.502582,-2.602223,shoplifting
51.502582,-2.602223,shoplifting
51.502582,-2.602223,shoplifting
51.502582,-2.602223,shoplifting
51.503265,-2.603361,shoplifting
51.502582,-2.602223,shoplifting
51.502582,-2.602223,shoplifting
51.502582,-2.602223,shoplifting
51.502582,-2.602223,shoplifting
51.502582,-2.602223,shoplifting
51.503533,-2.602524,shoplifting
51.502582,-2.602223,shoplifting
51.502582,-2.602223,shoplifting
51.502582,-2.602223,shoplifting
51.502582,-2.602223,shoplifting
51.503265,-2.603361,shoplifting
51.502582,-2.602223,shoplifting
51.502582,-2.602223,shoplifting
51.502582,-2.602223,shoplifting
51.503265,-2.603361,shoplifting
51.502582,-2.602223,shoplifting
51.503533,-2.602524,shoplifting
51.503265,-2.603361,shoplifting
51.502582,-2.602223,shoplifting
51.502582,-2.602223,shoplifting
51.497634,-2.614777,burglary_biz
51.498715,-2.614359,burglary_biz
51.501096,-2.609493,shoplifting
51.512047,-2.597549,robbery_biz
51.503615,-2.674937,burglary_biz
51.4948,-2.677068,burglary_biz
51.495837,-2.671898,burglary_biz
51.500387,-2.665554,burglary_biz
51.502675,-2.656914,robbery_biz
51.503178,-2.657055,robbery_biz
51.502675,-2.656914,shoplifting
51.502236,-2.661287,burglary_biz
51.506402,-2.649561,burglary_biz
51.506073,-2.647367,burglary_biz
51.491745,-2.590125,burglary_biz
51.496736,-2.580999,robbery_biz
51.496736,-2.580999,robbery_biz
51.496736,-2.580999,shoplifting
51.496179,-2.595253,burglary_biz
51.495175,-2.59645,burglary_biz
51.496179,-2.595253,burglary_biz
51.496179,-2.595253,burglary_biz
51.493021,-2.602759,shoplifting
51.488663,-2.586153,burglary_biz
51.491319,-2.589082,robbery_biz
51.490897,-2.592591,robbery_biz
51.496354,-2.574713,robbery_biz
51.49947,-2.575473,robbery_biz
51.49483,-2.575645,robbery_biz
51.495274,-2.573115,burglary_biz
51.495881,-2.572028,burglary_biz
51.495853,-2.570385,burglary_biz
51.497647,-2.57133,burglary_biz
51.495274,-2.573115,shoplifting
51.495274,-2.573115,shoplifting
51.495274,-2.573115,shoplifting
51.495274,-2.573115,shoplifting
51.495274,-2.573115,shoplifting
51.495274,-2.573115,shoplifting
51.495274,-2.573115,shoplifting
51.495274,-2.573115,shoplifting
51.495274,-2.573115,shoplifting
51.495274,-2.573115,shoplifting
51.495274,-2.573115,shoplifting
51.495274,-2.573115,shoplifting
51.495274,-2.573115,shoplifting
51.495274,-2.573115,shoplifting
51.495274,-2.573115,shoplifting
51.495274,-2.573115,shoplifting
51.495274,-2.573115,shoplifting
51.495274,-2.573115,shoplifting
51.495274,-2.573115,shoplifting
51.495274,-2.573115,shoplifting
51.495274,-2.573115,shoplifting
51.495274,-2.573115,shoplifting
51.495274,-2.573115,shoplifting
51.495274,-2.573115,shoplifting
51.495274,-2.573115,shoplifting
51.495274,-2.573115,shoplifting
51.495274,-2.573115,shoplifting
51.495274,-2.573115,shoplifting
51.495274,-2.573115,shoplifting
51.495274,-2.573115,shoplifting
51.495274,-2.573115,shoplifting
51.495274,-2.573115,shoplifting
51.495274,-2.573115,shoplifting
51.495274,-2.573115,shoplifting
51.495274,-2.573115,shoplifting
51.495274,-2.573115,shoplifting
51.495274,-2.573115,shoplifting
51.495274,-2.573115,shoplifting
51.491064,-2.573451,burglary_biz
51.494398,-2.570151,shoplifting
51.488149,-2.614563,burglary_biz
51.485428,-2.612121,burglary_biz
51.486228,-2.61049,robbery_biz
51.486228,-2.61049,shoplifting
51.486228,-2.61049,shoplifting
51.486228,-2.61049,shoplifting
51.486228,-2.61049,shoplifting
51.486228,-2.61049,shoplifting
51.486228,-2.61049,shoplifting
51.486228,-2.61049,shoplifting
51.486228,-2.61049,shoplifting
51.486228,-2.61049,shoplifting
51.486228,-2.61049,shoplifting
51.486228,-2.61049,shoplifting
51.486228,-2.61049,shoplifting
51.486228,-2.61049,shoplifting
51.486228,-2.61049,shoplifting
51.486228,-2.61049,shoplifting
51.486228,-2.61049,shoplifting
51.486228,-2.61049,shoplifting
51.486228,-2.61049,shoplifting
51.486228,-2.61049,shoplifting
51.486228,-2.61049,shoplifting
51.486228,-2.61049,shoplifting
51.492827,-2.617507,shoplifting
51.492827,-2.617507,shoplifting
51.492827,-2.617507,shoplifting
51.496502,-2.612889,burglary_biz
51.496502,-2.612889,burglary_biz
51.495553,-2.620741,shoplifting
51.495553,-2.620741,shoplifting
51.495332,-2.646638,burglary_biz
51.494911,-2.647871,burglary_biz
51.48904,-2.651101,burglary_biz
51.486836,-2.646432,shoplifting
51.484539,-2.6696,burglary_biz
51.492041,-2.678367,burglary_biz
51.488927,-2.674273,burglary_biz
51.484079,-2.680783,burglary_biz
51.48931,-2.678067,shoplifting
51.4875,-2.676945,burglary_biz
51.4875,-2.676945,burglary_biz
51.487749,-2.675869,burglary_biz
51.49909,-2.695326,shoplifting
51.500239,-2.694235,shoplifting
51.49909,-2.695326,shoplifting
51.49909,-2.695326,shoplifting
51.501382,-2.698574,theft_person
51.487971,-2.62487,burglary_biz
51.487152,-2.617819,burglary_biz
51.490063,-2.581303,shoplifting
51.48516,-2.589032,burglary_biz
51.485451,-2.58653,burglary_biz
51.485451,-2.58653,shoplifting
51.486399,-2.574934,burglary_biz
51.488292,-2.573935,robbery_biz
51.488292,-2.573935,robbery_biz
51.488292,-2.573935,robbery_biz
51.489826,-2.574588,robbery_biz
51.488292,-2.573935,shoplifting
51.485471,-2.596813,shoplifting
51.485471,-2.596813,shoplifting
51.485471,-2.596813,shoplifting
51.485471,-2.596813,shoplifting
51.485471,-2.596813,shoplifting
51.491164,-2.598342,burglary_biz
51.479884,-2.606186,burglary_biz
51.481712,-2.537563,burglary_biz
51.481712,-2.537563,shoplifting
51.479381,-2.536038,shoplifting
51.486857,-2.546783,burglary_biz
51.486556,-2.528172,robbery_biz
51.489372,-2.539626,burglary_biz
51.489372,-2.539626,burglary_biz
51.481733,-2.535,burglary_biz
51.478716,-2.53207,robbery_biz
51.478716,-2.53207,shoplifting
51.478716,-2.53207,shoplifting
51.478303,-2.533822,shoplifting
51.478303,-2.533822,shoplifting
51.478303,-2.533822,shoplifting
51.478303,-2.533822,shoplifting
51.478303,-2.533822,shoplifting
51.478303,-2.533822,shoplifting
51.478716,-2.53207,shoplifting
51.478303,-2.533822,shoplifting
51.478303,-2.533822,shoplifting
51.478303,-2.533822,shoplifting
51.486693,-2.519561,shoplifting
51.481934,-2.528205,burglary_biz
51.481058,-2.529016,burglary_biz
51.479744,-2.529274,burglary_biz
51.479744,-2.529274,robbery_biz
51.481058,-2.529016,shoplifting
51.481058,-2.529016,shoplifting
51.485141,-2.516735,robbery_biz
51.482208,-2.519337,shoplifting
51.482077,-2.525515,robbery_biz
51.482077,-2.525515,shoplifting
51.490588,-2.564083,burglary_biz
51.490588,-2.564083,burglary_biz
51.490588,-2.564083,robbery_biz
51.484089,-2.571117,burglary_biz
51.484089,-2.571117,burglary_biz
51.484089,-2.571117,burglary_biz
51.484089,-2.571117,burglary_biz
51.481836,-2.576146,robbery_biz
51.482557,-2.571847,robbery_biz
51.476166,-2.573221,robbery_biz
51.481836,-2.576146,shoplifting
51.481836,-2.576146,shoplifting
51.481836,-2.576146,shoplifting
51.481836,-2.576146,shoplifting
51.481836,-2.576146,shoplifting
51.481836,-2.576146,shoplifting
51.481836,-2.576146,shoplifting
51.476166,-2.573221,theft_person
51.473662,-2.570411,burglary_biz
51.479447,-2.564234,burglary_biz
51.475397,-2.568719,burglary_biz
51.473961,-2.562481,robbery_biz
51.470788,-2.56597,robbery_biz
51.473961,-2.562481,shoplifting
51.473961,-2.562481,shoplifting
51.473961,-2.562481,shoplifting
51.473961,-2.562481,shoplifting
51.473961,-2.562481,shoplifting
51.473961,-2.562481,shoplifting
51.473961,-2.562481,shoplifting
51.473961,-2.562481,shoplifting
51.473961,-2.562481,shoplifting
51.473961,-2.562481,shoplifting
51.473961,-2.562481,shoplifting
51.473961,-2.562481,shoplifting
51.473629,-2.566033,shoplifting
51.473961,-2.562481,shoplifting
51.473464,-2.565702,shoplifting
51.473961,-2.562481,shoplifting
51.473961,-2.562481,shoplifting
51.473961,-2.562481,shoplifting
51.473961,-2.562481,shoplifting
51.473961,-2.562481,shoplifting
51.473961,-2.562481,shoplifting
51.473961,-2.562481,shoplifting
51.473961,-2.562481,shoplifting
51.473961,-2.562481,shoplifting
51.473961,-2.562481,shoplifting
51.473961,-2.562481,shoplifting
51.473961,-2.562481,shoplifting
51.473961,-2.562481,shoplifting
51.473961,-2.562481,shoplifting
51.473961,-2.562481,shoplifting
51.473961,-2.562481,shoplifting
51.473961,-2.562481,shoplifting
51.473961,-2.562481,shoplifting
51.473961,-2.562481,shoplifting
51.473961,-2.562481,shoplifting
51.473629,-2.566033,shoplifting
51.472616,-2.567403,shoplifting
51.473961,-2.562481,shoplifting
51.473961,-2.562481,shoplifting
51.477115,-2.640045,burglary_biz
51.46651,-2.629085,robbery_biz
51.472626,-2.628838,burglary_biz
51.472449,-2.631571,burglary_biz
51.471908,-2.628612,burglary_biz
51.485704,-2.639704,shoplifting
51.485704,-2.639704,shoplifting
51.485704,-2.639704,shoplifting
51.483837,-2.632348,burglary_biz
51.478608,-2.588544,burglary_biz
51.479983,-2.588562,shoplifting
51.479983,-2.588562,shoplifting
51.479983,-2.588562,shoplifting
51.477481,-2.580092,burglary_biz
51.475816,-2.591258,theft_person
51.478652,-2.595874,burglary_biz
51.480602,-2.608183,burglary_biz
51.475397,-2.611598,burglary_biz
51.472523,-2.517457,burglary_biz
51.47722,-2.538561,burglary_biz
51.47352,-2.543456,burglary_biz
51.473945,-2.544843,burglary_biz
51.473488,-2.546436,burglary_biz
51.473945,-2.544843,theft_person
51.475292,-2.545291,theft_person
51.478245,-2.557998,burglary_biz
51.478621,-2.560134,burglary_biz
51.473131,-2.547915,burglary_biz
51.468716,-2.545933,burglary_biz
51.4689,-2.589772,burglary_biz
51.469403,-2.58808,burglary_biz
51.4689,-2.589772,burglary_biz
51.474715,-2.581093,theft_person
51.473193,-2.59072,shoplifting
51.472565,-2.592238,shoplifting
51.472427,-2.599839,burglary_biz
51.471506,-2.593521,shoplifting
51.471506,-2.593521,shoplifting
51.471506,-2.593521,shoplifting
51.471506,-2.593521,shoplifting
51.471506,-2.593521,shoplifting
51.471506,-2.593521,shoplifting
51.471506,-2.593521,shoplifting
51.476751,-2.533142,burglary_biz
51.469078,-2.541575,burglary_biz
51.466725,-2.51706,burglary_biz
51.470544,-2.521739,burglary_biz
51.469361,-2.520919,burglary_biz
51.471617,-2.523004,shoplifting
51.471617,-2.523004,shoplifting
51.471617,-2.523004,shoplifting
51.471617,-2.523004,shoplifting
51.471617,-2.523004,shoplifting
51.471617,-2.523004,shoplifting
51.471617,-2.523004,shoplifting
51.464465,-2.602383,burglary_biz
51.464923,-2.599965,burglary_biz
51.463719,-2.602373,burglary_biz
51.470139,-2.614594,robbery_biz
51.470139,-2.614594,shoplifting
51.468419,-2.613275,shoplifting
51.468419,-2.613275,shoplifting
51.468419,-2.613275,theft_person
51.469201,-2.594138,robbery_biz
51.458559,-2.58974,burglary_biz
51.457668,-2.586303,burglary_biz
51.458559,-2.58974,burglary_biz
51.460321,-2.593534,burglary_biz
51.456685,-2.586981,burglary_biz
51.459755,-2.593325,burglary_biz
51.459755,-2.593325,burglary_biz
51.461023,-2.591542,burglary_biz
51.461023,-2.591542,burglary_biz
51.458559,-2.58974,robbery_biz
51.45821,-2.587749,robbery_biz
51.456685,-2.586981,robbery_biz
51.459667,-2.59115,robbery_biz
51.459258,-2.592109,robbery_biz
51.459258,-2.592109,shoplifting
51.459122,-2.594036,shoplifting
51.457668,-2.586303,shoplifting
51.459755,-2.593325,shoplifting
51.459122,-2.594036,shoplifting
51.459258,-2.592109,shoplifting
51.45821,-2.587749,shoplifting
51.45821,-2.587749,shoplifting
51.459122,-2.594036,shoplifting
51.459755,-2.593325,shoplifting
51.45821,-2.587749,shoplifting
51.458559,-2.58974,shoplifting
51.457668,-2.586303,shoplifting
51.459122,-2.594036,shoplifting
51.458559,-2.58974,shoplifting
51.457668,-2.586303,shoplifting
51.459755,-2.593325,shoplifting
51.45821,-2.587749,shoplifting
51.459122,-2.594036,shoplifting
51.459755,-2.593325,shoplifting
51.459258,-2.592109,shoplifting
51.458559,-2.58974,shoplifting
51.459258,-2.592109,shoplifting
51.457668,-2.586303,shoplifting
51.459258,-2.592109,shoplifting
51.459258,-2.592109,shoplifting
51.458559,-2.58974,shoplifting
51.45821,-2.587749,shoplifting
51.45821,-2.587749,shoplifting
51.458559,-2.58974,shoplifting
51.45821,-2.587749,shoplifting
51.459122,-2.594036,shoplifting
51.457668,-2.586303,shoplifting
51.459258,-2.592109,shoplifting
51.45821,-2.587749,shoplifting
51.45821,-2.587749,shoplifting
51.459258,-2.592109,shoplifting
51.456685,-2.586981,shoplifting
51.459258,-2.592109,shoplifting
51.45821,-2.587749,shoplifting
51.459258,-2.592109,shoplifting
51.459755,-2.593325,shoplifting
51.459258,-2.592109,shoplifting
51.458559,-2.58974,shoplifting
51.459755,-2.593325,shoplifting
51.457668,-2.586303,shoplifting
51.458559,-2.58974,shoplifting
51.459258,-2.592109,theft_person
51.459258,-2.592109,theft_person
51.457668,-2.586303,theft_person
51.465541,-2.592565,burglary_biz
51.465295,-2.593022,burglary_biz
51.464084,-2.590833,robbery_biz
51.464084,-2.590833,shoplifting
51.463483,-2.590566,shoplifting
51.462846,-2.590141,theft_person
51.462706,-2.614019,burglary_biz
51.463864,-2.610897,shoplifting
51.463864,-2.610897,shoplifting
51.463864,-2.610897,shoplifting
51.467646,-2.613193,burglary_biz
51.469607,-2.61476,shoplifting
51.466608,-2.612229,shoplifting
51.45665,-2.607936,burglary_biz
51.467831,-2.619084,burglary_biz
51.466398,-2.51386,burglary_biz
51.463142,-2.515954,burglary_biz
51.463142,-2.515954,burglary_biz
51.466398,-2.51386,shoplifting
51.466398,-2.51386,shoplifting
51.466398,-2.51386,shoplifting
51.466398,-2.51386,shoplifting
51.466398,-2.51386,shoplifting
51.466398,-2.51386,shoplifting
51.466398,-2.51386,shoplifting
51.466398,-2.51386,shoplifting
51.466398,-2.51386,shoplifting
51.466398,-2.51386,shoplifting
51.466398,-2.51386,shoplifting
51.466398,-2.51386,shoplifting
51.462026,-2.534438,robbery_biz
51.461755,-2.542539,shoplifting
51.466349,-2.530818,shoplifting
51.466349,-2.530818,shoplifting
51.466349,-2.530818,shoplifting
51.466349,-2.530818,shoplifting
51.466349,-2.530818,shoplifting
51.466349,-2.530818,shoplifting
51.466349,-2.530818,shoplifting
51.466349,-2.530818,shoplifting
51.466349,-2.530818,shoplifting
51.466349,-2.530818,shoplifting
51.466349,-2.530818,shoplifting
51.466349,-2.530818,shoplifting
51.466349,-2.530818,shoplifting
51.466349,-2.530818,shoplifting
51.466349,-2.530818,shoplifting
51.466349,-2.530818,shoplifting
51.466349,-2.530818,shoplifting
51.466349,-2.530818,shoplifting
51.466349,-2.530818,shoplifting
51.466349,-2.530818,shoplifting
51.466349,-2.530818,shoplifting
51.466349,-2.530818,shoplifting
51.466349,-2.530818,shoplifting
51.466349,-2.530818,shoplifting
51.466349,-2.530818,shoplifting
51.466349,-2.530818,shoplifting
51.466349,-2.530818,shoplifting
51.466703,-2.532017,shoplifting
51.466349,-2.530818,shoplifting
51.466349,-2.530818,shoplifting
51.465718,-2.537188,burglary_biz
51.461923,-2.526864,burglary_biz
51.461838,-2.526231,burglary_biz
51.461923,-2.526864,robbery_biz
51.460989,-2.531144,shoplifting
51.460989,-2.531144,shoplifting
51.460989,-2.531144,shoplifting
51.460989,-2.531144,shoplifting
51.460989,-2.531144,shoplifting
51.461923,-2.526864,shoplifting
51.460989,-2.531144,shoplifting
51.460989,-2.531144,shoplifting
51.460989,-2.531144,shoplifting
51.460989,-2.531144,shoplifting
51.460989,-2.531144,shoplifting
51.460989,-2.531144,shoplifting
51.461923,-2.526864,shoplifting
51.460989,-2.531144,shoplifting
51.460989,-2.531144,shoplifting
51.461923,-2.526864,shoplifting
51.461923,-2.526864,shoplifting
51.461923,-2.526864,shoplifting
51.461923,-2.526864,shoplifting
51.460989,-2.531144,shoplifting
51.459618,-2.55531,burglary_biz
51.459436,-2.55381,robbery_biz
51.460097,-2.552782,robbery_biz
51.460097,-2.552782,robbery_biz
51.460097,-2.552782,shoplifting
51.460097,-2.552782,shoplifting
51.460097,-2.552782,shoplifting
51.460097,-2.552782,shoplifting
51.460097,-2.552782,shoplifting
51.460097,-2.552782,shoplifting
51.460097,-2.552782,shoplifting
51.460097,-2.552782,shoplifting
51.460097,-2.552782,shoplifting
51.460097,-2.552782,shoplifting
51.460097,-2.552782,shoplifting
51.460097,-2.552782,shoplifting
51.460097,-2.552782,shoplifting
51.460097,-2.552782,shoplifting
51.460097,-2.552782,shoplifting
51.460097,-2.552782,shoplifting
51.460097,-2.552782,shoplifting
51.460097,-2.552782,shoplifting
51.460097,-2.552782,shoplifting
51.45921,-2.544524,burglary_biz
51.459198,-2.5471,burglary_biz
51.459198,-2.5471,burglary_biz
51.455322,-2.549184,robbery_biz
51.454444,-2.620232,shoplifting
51.454444,-2.620232,shoplifting
51.454444,-2.620232,shoplifting
51.4556,-2.621264,shoplifting
51.454444,-2.620232,shoplifting
51.454619,-2.525947,shoplifting
51.454619,-2.525947,shoplifting
51.454619,-2.525947,shoplifting
51.454619,-2.525947,shoplifting
51.454619,-2.525947,shoplifting
51.453997,-2.522155,burglary_biz
51.45028,-2.622401,burglary_biz
51.451213,-2.624442,shoplifting
51.44983,-2.615703,shoplifting
51.456633,-2.611232,burglary_biz
51.455345,-2.609862,burglary_biz
51.454828,-2.545206,robbery_biz
51.454828,-2.545206,shoplifting
51.454828,-2.545206,shoplifting
51.443996,-2.557782,burglary_biz
51.442706,-2.562529,robbery_biz
51.440886,-2.555787,shoplifting
51.440886,-2.555787,shoplifting
51.440886,-2.555787,shoplifting
51.438266,-2.552605,theft_person
51.44342,-2.556034,burglary_biz
51.440716,-2.6206,shoplifting
51.440729,-2.609106,shoplifting
51.440729,-2.609106,shoplifting
51.440729,-2.609106,shoplifting
51.440729,-2.609106,shoplifting
51.440729,-2.609106,shoplifting
51.440928,-2.605339,burglary_biz
51.442396,-2.613517,shoplifting
51.442396,-2.613517,shoplifting
51.442396,-2.613517,shoplifting
51.442396,-2.613517,shoplifting
51.442396,-2.613517,shoplifting
51.442396,-2.613517,shoplifting
51.442396,-2.613517,shoplifting
51.438012,-2.619558,shoplifting
51.438012,-2.619558,shoplifting
51.442329,-2.578984,shoplifting
51.439914,-2.572753,shoplifting
51.441728,-2.542978,burglary_biz
51.440574,-2.537928,robbery_biz
51.429671,-2.603579,burglary_biz
51.441512,-2.596743,burglary_biz
51.445212,-2.592187,burglary_biz
51.442598,-2.595318,burglary_biz
51.446148,-2.583162,robbery_biz
51.443759,-2.595117,robbery_biz
51.443759,-2.595117,robbery_biz
51.443759,-2.595117,robbery_biz
51.443759,-2.595117,robbery_biz
51.443005,-2.596618,shoplifting
51.442289,-2.597775,shoplifting
51.443005,-2.596618,shoplifting
51.442598,-2.595318,shoplifting
51.443759,-2.595117,shoplifting
51.441199,-2.599803,burglary_biz
51.443537,-2.598021,burglary_biz
51.441695,-2.597867,theft_person
51.440516,-2.601478,burglary_biz
51.437584,-2.603396,burglary_biz
51.438131,-2.600782,robbery_biz
51.437584,-2.603396,robbery_biz
51.435761,-2.604638,burglary_biz
51.43071,-2.597278,burglary_biz
51.437761,-2.596982,burglary_biz
51.436433,-2.589311,robbery_biz
51.435979,-2.624824,burglary_biz
51.43556,-2.617396,burglary_biz
51.433552,-2.619656,shoplifting
51.433552,-2.619656,shoplifting
51.433552,-2.619656,shoplifting
51.433552,-2.619656,shoplifting
51.427647,-2.563998,robbery_biz
51.431847,-2.563819,robbery_biz
51.431847,-2.563819,shoplifting
51.434927,-2.568446,burglary_biz
51.434927,-2.568446,burglary_biz
51.434927,-2.568446,robbery_biz
51.434927,-2.568446,shoplifting
51.434927,-2.568446,shoplifting
51.437148,-2.573941,burglary_biz
51.435948,-2.571077,burglary_biz
51.43503,-2.565657,burglary_biz
51.439332,-2.553596,burglary_biz
51.439332,-2.553596,shoplifting
51.43883,-2.556956,shoplifting
51.439332,-2.553596,shoplifting
51.443034,-2.559813,shoplifting
51.443034,-2.559813,shoplifting
51.443034,-2.559813,shoplifting
51.443034,-2.559813,shoplifting
51.443034,-2.559813,shoplifting
51.431975,-2.546214,shoplifting
51.433161,-2.554097,shoplifting
51.433161,-2.554097,shoplifting
51.433161,-2.554097,shoplifting
51.429289,-2.543837,burglary_biz
51.429289,-2.543837,robbery_biz
51.429289,-2.543837,robbery_biz
51.429819,-2.545013,robbery_biz
51.429819,-2.545013,shoplifting
51.429819,-2.545013,shoplifting
51.429289,-2.543837,shoplifting
51.429819,-2.545013,shoplifting
51.429289,-2.543837,shoplifting
51.429289,-2.543837,shoplifting
51.429289,-2.543837,shoplifting
51.429289,-2.543837,shoplifting
51.429289,-2.543837,shoplifting
51.429289,-2.543837,shoplifting
51.429819,-2.545013,shoplifting
51.429289,-2.543837,shoplifting
51.429289,-2.543837,shoplifting
51.429289,-2.543837,shoplifting
51.429289,-2.543837,shoplifting
51.429289,-2.543837,shoplifting
51.429289,-2.543837,shoplifting
51.429289,-2.543837,shoplifting
51.429819,-2.545013,shoplifting
51.433076,-2.586405,robbery_biz
51.423628,-2.580402,burglary_biz
51.425746,-2.577753,burglary_biz
51.434031,-2.575096,burglary_biz
51.419686,-2.598975,burglary_biz
51.419044,-2.596206,robbery_biz
51.418497,-2.59233,burglary_biz
51.418334,-2.589164,shoplifting
51.428076,-2.586398,robbery_biz
51.429299,-2.590125,shoplifting
51.425729,-2.612905,robbery_biz
51.425729,-2.612905,robbery_biz
51.418177,-2.584517,burglary_biz
51.413835,-2.570346,robbery_biz
51.413835,-2.570346,robbery_biz
51.413835,-2.570346,robbery_biz
51.416554,-2.570907,robbery_biz
51.413835,-2.570346,shoplifting
51.413835,-2.570346,theft_person
51.416554,-2.570907,theft_person
51.422747,-2.574983,burglary_biz
51.422047,-2.576556,robbery_biz
51.425108,-2.564599,burglary_biz
51.417166,-2.565062,robbery_biz
51.414416,-2.611388,burglary_biz
51.414416,-2.611388,burglary_biz
51.414416,-2.611388,robbery_biz
51.414416,-2.611388,robbery_biz
51.414416,-2.611388,robbery_biz
51.414416,-2.611388,robbery_biz
51.414416,-2.611388,robbery_biz
51.414416,-2.611388,shoplifting
51.414416,-2.611388,shoplifting
51.414416,-2.611388,shoplifting
51.414416,-2.611388,shoplifting
51.414416,-2.611388,shoplifting
51.414416,-2.611388,shoplifting
51.414416,-2.611388,shoplifting
51.414416,-2.611388,shoplifting
51.414416,-2.611388,shoplifting
51.414416,-2.611388,shoplifting
51.414416,-2.611388,shoplifting
51.414416,-2.611388,shoplifting
51.414416,-2.611388,shoplifting
51.414416,-2.611388,shoplifting
51.414416,-2.611388,shoplifting
51.414416,-2.611388,shoplifting
51.414416,-2.611388,shoplifting
51.414416,-2.611388,shoplifting
51.414416,-2.611388,shoplifting
51.414416,-2.611388,shoplifting
51.414416,-2.611388,shoplifting
51.414416,-2.611388,shoplifting
51.414416,-2.611388,shoplifting
51.414416,-2.611388,shoplifting
51.414416,-2.611388,shoplifting
51.414416,-2.611388,shoplifting
51.414416,-2.611388,shoplifting
51.411979,-2.606265,theft_person
51.415331,-2.597955,robbery_biz
51.41512,-2.599867,robbery_biz
51.416138,-2.600036,shoplifting
51.41512,-2.599867,shoplifting
51.416138,-2.600036,shoplifting
51.415331,-2.597955,shoplifting
51.415331,-2.597955,shoplifting
51.41512,-2.599867,shoplifting
51.415331,-2.597955,shoplifting
51.41512,-2.599867,shoplifting
51.41512,-2.599867,shoplifting
51.415331,-2.597955,shoplifting
51.41512,-2.599867,shoplifting
51.416138,-2.600036,shoplifting
51.416138,-2.600036,shoplifting
51.415331,-2.597955,shoplifting
51.415331,-2.597955,shoplifting
51.415331,-2.597955,shoplifting
51.41512,-2.599867,shoplifting
51.415331,-2.597955,shoplifting
51.416138,-2.600036,shoplifting
51.415331,-2.597955,shoplifting
51.416138,-2.600036,shoplifting
51.41512,-2.599867,shoplifting
51.416138,-2.600036,shoplifting
51.41512,-2.599867,shoplifting
51.41512,-2.599867,shoplifting
51.41512,-2.599867,shoplifting
51.41512,-2.599867,shoplifting
51.416138,-2.600036,shoplifting
51.412523,-2.619228,robbery_biz
51.412523,-2.619228,shoplifting
51.412523,-2.619228,shoplifting
51.412523,-2.619228,shoplifting
51.412523,-2.619228,shoplifting
51.412523,-2.619228,shoplifting
51.412523,-2.619228,shoplifting
51.412523,-2.619228,shoplifting
51.412523,-2.619228,shoplifting
51.412523,-2.619228,shoplifting
51.412523,-2.619228,shoplifting
51.412523,-2.619228,shoplifting
51.413646,-2.614253,shoplifting
51.412523,-2.619228,shoplifting
51.412523,-2.619228,shoplifting
51.412523,-2.619228,shoplifting
51.412523,-2.619228,shoplifting
51.416716,-2.536541,burglary_biz
51.41475,-2.537783,burglary_biz
51.413796,-2.559183,robbery_biz
51.413796,-2.559183,shoplifting
51.413796,-2.559183,shoplifting
51.413796,-2.559183,shoplifting
51.413796,-2.559183,shoplifting
51.413796,-2.559183,shoplifting
51.413796,-2.559183,shoplifting
51.413796,-2.559183,shoplifting
51.413796,-2.559183,shoplifting
51.413796,-2.559183,shoplifting
51.413796,-2.559183,shoplifting
51.413796,-2.559183,shoplifting
51.412306,-2.547072,shoplifting
51.408716,-2.621491,burglary_biz
51.408529,-2.621201,burglary_biz
51.406008,-2.616652,robbery_biz
51.405104,-2.609006,shoplifting
51.405104,-2.609006,shoplifting
51.411573,-2.585325,robbery_biz
51.407081,-2.577259,robbery_biz
51.407081,-2.577259,shoplifting
51.407081,-2.577259,shoplifting
51.407081,-2.577259,shoplifting
51.407081,-2.577259,shoplifting
51.407081,-2.577259,shoplifting
51.408451,-2.601646,burglary_biz
51.404206,-2.600124,shoplifting
51.404206,-2.600124,theft_person
51.401463,-2.598493,burglary_biz
51.404235,-2.598026,robbery_biz
51.452441,-2.57799,burglary_biz
51.453433,-2.575584,burglary_biz
51.453433,-2.575584,burglary_biz
51.453026,-2.575881,burglary_biz
51.45434,-2.575797,burglary_biz
51.451106,-2.575023,robbery_biz
51.456813,-2.575584,robbery_biz
51.453237,-2.580504,burglary_biz
51.450479,-2.581908,burglary_biz
51.456952,-2.582134,burglary_biz
51.45679,-2.580232,robbery_biz
51.45623,-2.577116,robbery_biz
51.449712,-2.580617,robbery_biz
51.453205,-2.581683,shoplifting
51.450479,-2.581908,shoplifting
51.456118,-2.581562,shoplifting
51.452546,-2.58392,shoplifting
51.450479,-2.581908,shoplifting
51.456118,-2.581562,theft_person
51.457619,-2.580012,burglary_biz
51.458279,-2.584727,burglary_biz
51.458039,-2.576794,burglary_biz
51.457619,-2.580012,burglary_biz
51.459066,-2.580088,burglary_biz
51.458039,-2.576794,robbery_biz
51.459066,-2.580088,robbery_biz
51.458279,-2.584727,robbery_biz
51.458279,-2.584727,robbery_biz
51.460046,-2.581857,robbery_biz
51.459476,-2.584368,robbery_biz
51.458558,-2.581003,robbery_biz
51.458279,-2.584727,shoplifting
51.458279,-2.584727,shoplifting
51.458279,-2.584727,shoplifting
51.459476,-2.584368,shoplifting
51.458279,-2.584727,shoplifting
51.459476,-2.584368,shoplifting
51.459476,-2.584368,shoplifting
51.459476,-2.584368,shoplifting
51.459476,-2.584368,shoplifting
51.459476,-2.584368,shoplifting
51.458279,-2.584727,shoplifting
51.459476,-2.584368,shoplifting
51.458279,-2.584727,shoplifting
51.459476,-2.584368,shoplifting
51.458279,-2.584727,shoplifting
51.458279,-2.584727,shoplifting
51.458279,-2.584727,shoplifting
51.459476,-2.584368,shoplifting
51.458279,-2.584727,shoplifting
51.459476,-2.584368,shoplifting
51.458279,-2.584727,shoplifting
51.459476,-2.584368,shoplifting
51.459476,-2.584368,shoplifting
51.459476,-2.584368,shoplifting
51.458279,-2.584727,shoplifting
51.459476,-2.584368,shoplifting
51.459476,-2.584368,shoplifting
51.459476,-2.584368,shoplifting
51.459476,-2.584368,shoplifting
51.459476,-2.584368,shoplifting
51.459476,-2.584368,shoplifting
51.458279,-2.584727,shoplifting
51.459476,-2.584368,shoplifting
51.459476,-2.584368,shoplifting
51.459476,-2.584368,shoplifting
51.458279,-2.584727,shoplifting
51.458279,-2.584727,shoplifting
51.459476,-2.584368,shoplifting
51.459476,-2.584368,shoplifting
51.459476,-2.584368,shoplifting
51.458279,-2.584727,shoplifting
51.458279,-2.584727,shoplifting
51.459476,-2.584368,shoplifting
51.458279,-2.584727,shoplifting
51.458279,-2.584727,shoplifting
51.459476,-2.584368,shoplifting
51.458279,-2.584727,shoplifting
51.459476,-2.584368,shoplifting
51.459476,-2.584368,shoplifting
51.446085,-2.588615,burglary_biz
51.44722,-2.588054,burglary_biz
51.446085,-2.588615,robbery_biz
51.44732,-2.586069,robbery_biz
51.445746,-2.589733,robbery_biz
51.451111,-2.590335,burglary_biz
51.450199,-2.591129,burglary_biz
51.453117,-2.590288,burglary_biz
51.453567,-2.586596,burglary_biz
51.451227,-2.588681,burglary_biz
51.45151,-2.587965,burglary_biz
51.453253,-2.588275,robbery_biz
51.463973,-2.560214,burglary_biz
51.460925,-2.562033,burglary_biz
51.461094,-2.566181,robbery_biz
51.461431,-2.565436,robbery_biz
51.458611,-2.564639,shoplifting
51.458611,-2.564639,shoplifting
51.465135,-2.57101,burglary_biz
51.466184,-2.569857,robbery_biz
51.463611,-2.569983,shoplifting
51.460572,-2.573702,burglary_biz
51.462459,-2.575899,burglary_biz
51.466329,-2.573299,burglary_biz
51.465408,-2.57038,shoplifting
51.454162,-2.56231,burglary_biz
51.44766,-2.560705,robbery_biz
51.44766,-2.560705,shoplifting
51.44766,-2.560705,shoplifting
51.44766,-2.560705,shoplifting
51.44766,-2.560705,shoplifting
51.447439,-2.560567,shoplifting
51.44766,-2.560705,shoplifting
51.447439,-2.560567,shoplifting
51.456253,-2.563228,robbery_biz
51.452711,-2.56494,burglary_biz
51.457638,-2.57427,robbery_biz
51.466613,-2.562823,burglary_biz
51.469538,-2.564126,robbery_biz
51.468996,-2.566566,shoplifting
51.469538,-2.564126,theft_person
51.471261,-2.564795,burglary_biz
51.470657,-2.563362,robbery_biz
51.468,-2.558651,shoplifting
51.468365,-2.563118,shoplifting
51.470657,-2.563362,shoplifting
51.46591,-2.561403,burglary_biz
51.46585,-2.55884,burglary_biz
51.46591,-2.561403,burglary_biz
51.468156,-2.55419,robbery_biz
51.471112,-2.560387,burglary_biz
51.470394,-2.55819,burglary_biz
51.469893,-2.561423,burglary_biz
51.46964,-2.550392,burglary_biz
51.469893,-2.561423,burglary_biz
51.467845,-2.572123,burglary_biz
51.468668,-2.57294,robbery_biz
51.469136,-2.579221,shoplifting
51.467488,-2.578914,burglary_biz
51.468127,-2.578836,burglary_biz
51.468839,-2.580313,burglary_biz
51.469471,-2.581574,robbery_biz
51.469368,-2.576965,burglary_biz
51.464425,-2.578357,burglary_biz
51.466286,-2.581879,burglary_biz
51.467215,-2.575859,theft_person
51.465529,-2.589542,burglary_biz
51.465556,-2.5878,burglary_biz
51.466388,-2.58319,robbery_biz
51.465759,-2.586766,robbery_biz
51.465529,-2.589542,shoplifting
51.465529,-2.589542,shoplifting
51.463513,-2.584463,robbery_biz
51.463513,-2.584463,robbery_biz
51.463513,-2.584463,theft_person
51.461624,-2.58965,burglary_biz
51.463493,-2.588422,burglary_biz
51.461624,-2.58965,shoplifting
51.460355,-2.588525,burglary_biz
51.459732,-2.588963,burglary_biz
51.461821,-2.584729,burglary_biz
51.460967,-2.590217,burglary_biz
51.459972,-2.5878,robbery_biz
51.461,-2.58184,robbery_biz
51.460369,-2.587532,robbery_biz
51.460369,-2.587532,robbery_biz
51.459452,-2.587535,shoplifting
51.459452,-2.587535,shoplifting
51.459452,-2.587535,shoplifting
51.459741,-2.587279,shoplifting
51.459452,-2.587535,shoplifting
51.461,-2.58184,shoplifting
51.459452,-2.587535,shoplifting
51.459452,-2.587535,shoplifting
51.459732,-2.588963,shoplifting
51.460967,-2.590217,theft_person
51.459452,-2.587535,theft_person
51.460967,-2.590217,theft_person
51.460593,-2.605369,burglary_biz
51.459556,-2.605917,burglary_biz
51.461429,-2.601839,burglary_biz
51.461429,-2.601839,robbery_biz
51.46124,-2.60188,shoplifting
51.46124,-2.60188,shoplifting
51.461429,-2.601839,shoplifting
51.456286,-2.59826,burglary_biz
51.455696,-2.594093,burglary_biz
51.456892,-2.595792,burglary_biz
51.455696,-2.594093,burglary_biz
51.455696,-2.594093,robbery_biz
51.456492,-2.604417,burglary_biz
51.455104,-2.604447,burglary_biz
51.454896,-2.602876,burglary_biz
51.45728,-2.607758,robbery_biz
51.45728,-2.607758,robbery_biz
51.45728,-2.607758,robbery_biz
51.45728,-2.607758,shoplifting
51.456782,-2.606801,shoplifting
51.45728,-2.607758,shoplifting
51.455363,-2.604753,shoplifting
51.45728,-2.607758,shoplifting
51.45728,-2.607758,shoplifting
51.45728,-2.607758,shoplifting
51.45728,-2.607758,shoplifting
51.456782,-2.606801,shoplifting
51.45728,-2.607758,shoplifting
51.454429,-2.602683,shoplifting
51.456818,-2.606787,shoplifting
51.45728,-2.607758,shoplifting
51.454429,-2.602683,shoplifting
51.45728,-2.607758,shoplifting
51.45728,-2.607758,shoplifting
51.455363,-2.604753,theft_person
51.454429,-2.602683,theft_person
51.450666,-2.603583,burglary_biz
51.450666,-2.603583,burglary_biz
51.455769,-2.60791,robbery_biz
51.449755,-2.602477,shoplifting
51.449755,-2.602477,shoplifting
51.449755,-2.602477,shoplifting
51.449755,-2.602477,shoplifting
51.453066,-2.60206,theft_person
51.453066,-2.60206,theft_person
51.449942,-2.601098,theft_person
51.456137,-2.590414,burglary_biz
51.455474,-2.597126,burglary_biz
51.453866,-2.593263,burglary_biz
51.455795,-2.597548,burglary_biz
51.453866,-2.593263,burglary_biz
51.455178,-2.584738,burglary_biz
51.454121,-2.596159,burglary_biz
51.456137,-2.590414,burglary_biz
51.457175,-2.593248,robbery_biz
51.456677,-2.592162,robbery_biz
51.456071,-2.589175,robbery_biz
51.456677,-2.592162,robbery_biz
51.456703,-2.585081,robbery_biz
51.454404,-2.593529,robbery_biz
51.456677,-2.592162,robbery_biz
51.456677,-2.592162,robbery_biz
51.456677,-2.592162,robbery_biz
51.453861,-2.59594,robbery_biz
51.456677,-2.592162,robbery_biz
51.456677,-2.592162,shoplifting
51.455618,-2.5953,shoplifting
51.457175,-2.593248,shoplifting
51.457175,-2.593248,shoplifting
51.457175,-2.593248,shoplifting
51.456137,-2.590414,shoplifting
51.457175,-2.593248,shoplifting
51.456677,-2.592162,shoplifting
51.456137,-2.590414,shoplifting
51.456677,-2.592162,shoplifting
51.457175,-2.593248,shoplifting
51.456137,-2.590414,shoplifting
51.456703,-2.585081,shoplifting
51.456677,-2.592162,shoplifting
51.456677,-2.592162,shoplifting
51.456677,-2.592162,shoplifting
51.456677,-2.592162,shoplifting
51.455763,-2.591503,shoplifting
51.456137,-2.590414,shoplifting
51.456703,-2.585081,shoplifting
51.456137,-2.590414,theft_person
51.456677,-2.592162,theft_person
51.455474,-2.597126,theft_person
51.456071,-2.589175,theft_person
51.456677,-2.592162,theft_person
51.456619,-2.593011,theft_person
51.454244,-2.591454,theft_person
51.456677,-2.592162,theft_person
51.454265,-2.594155,theft_person
51.451608,-2.593392,burglary_biz
51.452961,-2.596173,robbery_biz
51.453382,-2.594753,robbery_biz
51.45303,-2.593194,robbery_biz
51.452961,-2.596173,shoplifting
51.452961,-2.596173,shoplifting
51.452961,-2.596173,shoplifting
51.450023,-2.597444,theft_person
51.452838,-2.595638,theft_person
51.453357,-2.597833,shoplifting
51.454306,-2.598651,shoplifting
51.454306,-2.598651,shoplifting
51.454306,-2.598651,shoplifting
51.454306,-2.598651,shoplifting
51.454306,-2.598651,shoplifting
51.453357,-2.597833,shoplifting
51.454306,-2.598651,shoplifting
51.453357,-2.597833,shoplifting
51.454306,-2.598651,shoplifting
51.454306,-2.598651,shoplifting
51.453357,-2.597833,shoplifting
51.454306,-2.598651,shoplifting
51.454306,-2.598651,shoplifting
51.454306,-2.598651,shoplifting
51.454306,-2.598651,shoplifting
51.454306,-2.598651,shoplifting
51.453357,-2.597833,shoplifting
51.454306,-2.598651,shoplifting
51.453161,-2.600924,theft_person
51.453357,-2.597833,theft_person
51.453049,-2.598261,theft_person
51.450083,-2.608468,burglary_biz
51.447731,-2.61307,robbery_biz
51.446863,-2.612181,shoplifting
51.449955,-2.596709,burglary_biz
51.448244,-2.593636,robbery_biz
51.446956,-2.597706,shoplifting
51.446956,-2.597706,shoplifting
51.448308,-2.597019,shoplifting
51.491035,-2.756997,shoplifting
51.491035,-2.756997,shoplifting
51.483635,-2.769891,burglary_biz
51.482988,-2.768484,robbery_biz
51.4839,-2.765555,shoplifting
51.4839,-2.765555,shoplifting
51.4839,-2.765555,shoplifting
51.485963,-2.765927,shoplifting
51.485963,-2.765927,shoplifting
51.4839,-2.765555,shoplifting
51.484738,-2.764855,shoplifting
51.4839,-2.765555,shoplifting
51.4839,-2.765555,shoplifting
51.4839,-2.765555,shoplifting
51.485307,-2.76858,shoplifting
51.4839,-2.765555,shoplifting
51.485963,-2.765927,shoplifting
51.482177,-2.797027,robbery_biz
51.475749,-2.795573,robbery_biz
51.475195,-2.805645,robbery_biz
51.473743,-2.768818,burglary_biz
51.484077,-2.761445,shoplifting
51.479074,-2.684712,burglary_biz
51.439612,-2.840599,shoplifting
51.439418,-2.839977,shoplifting
51.439418,-2.839977,shoplifting
51.439612,-2.840599,shoplifting
51.441766,-2.857199,burglary_biz
51.441766,-2.857199,shoplifting
51.441766,-2.857199,shoplifting
51.439231,-2.847253,theft_person
51.451318,-2.846973,burglary_biz
51.429482,-2.657014,burglary_biz
51.426489,-2.671124,burglary_biz
51.426489,-2.671124,burglary_biz
51.43843,-2.746889,shoplifting
51.443634,-2.791147,burglary_biz
51.489916,-2.75123,burglary_biz
51.474188,-2.721296,burglary_biz
51.475627,-2.709483,shoplifting
51.435756,-2.852857,shoplifting
51.439056,-2.863867,burglary_biz
51.434912,-2.863674,robbery_biz
51.435848,-2.868439,robbery_biz
51.43388,-2.758193,burglary_biz
51.43388,-2.758193,robbery_biz
51.434743,-2.758179,shoplifting
51.434743,-2.758179,shoplifting
51.434743,-2.758179,shoplifting
51.434743,-2.758179,shoplifting
51.434743,-2.758179,shoplifting
51.434743,-2.758179,shoplifting
51.434743,-2.758179,shoplifting
51.434743,-2.758179,shoplifting
51.422681,-2.773843,robbery_biz
51.426981,-2.744501,burglary_biz
51.431075,-2.742683,burglary_biz
51.425676,-2.7474,burglary_biz
51.428659,-2.745017,burglary_biz
51.430174,-2.752738,burglary_biz
51.428659,-2.745017,burglary_biz
51.434847,-2.753217,shoplifting
51.435604,-2.748698,shoplifting
51.434847,-2.753217,shoplifting
51.434847,-2.753217,shoplifting
51.432304,-2.842709,shoplifting
51.432304,-2.842709,shoplifting
51.428459,-2.854663,shoplifting
51.428459,-2.854663,shoplifting
51.428459,-2.854663,shoplifting
51.428459,-2.854663,shoplifting
51.414555,-2.738605,shoplifting
51.419468,-2.725195,burglary_biz
51.386783,-2.783742,shoplifting
51.386783,-2.783742,shoplifting
51.386783,-2.783742,shoplifting
51.386783,-2.783742,shoplifting
51.386783,-2.783742,shoplifting
51.386783,-2.783742,shoplifting
51.386783,-2.783742,shoplifting
51.386783,-2.783742,shoplifting
51.394136,-2.833556,shoplifting
51.394136,-2.833556,shoplifting
51.388651,-2.822117,burglary_biz
51.386533,-2.819075,shoplifting
51.385703,-2.824478,burglary_biz
51.39626,-2.638714,burglary_biz
51.409772,-2.648638,shoplifting
51.409772,-2.648638,shoplifting
51.409772,-2.648638,shoplifting
51.380559,-2.678858,burglary_biz
51.361925,-2.762606,shoplifting
51.385858,-2.712842,shoplifting
51.385858,-2.712842,shoplifting
51.385858,-2.712842,shoplifting
51.387847,-2.704043,theft_person
51.333645,-2.827649,burglary_biz
51.333645,-2.827649,burglary_biz
51.340185,-2.782789,shoplifting
51.340185,-2.782789,shoplifting
51.561945,-2.483316,burglary_biz
51.544709,-2.439756,burglary_biz
51.549689,-2.435261,burglary_biz
51.573328,-2.435184,burglary_biz
51.579791,-2.423528,burglary_biz
51.574557,-2.541717,burglary_biz
51.579812,-2.576718,burglary_biz
51.530693,-2.596496,burglary_biz
51.527177,-2.597305,burglary_biz
51.526833,-2.599214,robbery_biz
51.525605,-2.595396,shoplifting
51.525064,-2.60164,shoplifting
51.525403,-2.598546,shoplifting
51.525403,-2.598546,shoplifting
51.525605,-2.595396,shoplifting
51.528702,-2.598733,shoplifting
51.528702,-2.598733,shoplifting
51.525595,-2.60489,shoplifting
51.527868,-2.599721,shoplifting
51.530693,-2.596496,shoplifting
51.525605,-2.595396,shoplifting
51.525064,-2.60164,shoplifting
51.528702,-2.598733,shoplifting
51.525403,-2.598546,shoplifting
51.525403,-2.598546,shoplifting
51.525605,-2.595396,shoplifting
51.525403,-2.598546,shoplifting
51.525605,-2.595396,shoplifting
51.525403,-2.598546,shoplifting
51.525605,-2.595396,shoplifting
51.525605,-2.595396,shoplifting
51.525605,-2.595396,shoplifting
51.52368,-2.594444,shoplifting
51.525403,-2.598546,shoplifting
51.52368,-2.594444,shoplifting
51.5181,-2.623008,shoplifting
51.525605,-2.595396,shoplifting
51.525403,-2.598546,shoplifting
51.525064,-2.60164,shoplifting
51.525605,-2.595396,shoplifting
51.525605,-2.595396,shoplifting
51.528918,-2.600495,shoplifting
51.530693,-2.596496,shoplifting
51.525605,-2.595396,shoplifting
51.525605,-2.595396,shoplifting
51.5181,-2.623008,shoplifting
51.525403,-2.598546,shoplifting
51.525605,-2.595396,shoplifting
51.525403,-2.598546,shoplifting
51.5181,-2.623008,shoplifting
51.525605,-2.595396,shoplifting
51.525403,-2.598546,shoplifting
51.525403,-2.598546,shoplifting
51.525403,-2.598546,shoplifting
51.52368,-2.594444,shoplifting
51.527868,-2.599721,shoplifting
51.527177,-2.597305,shoplifting
51.525403,-2.598546,shoplifting
51.527868,-2.599721,shoplifting
51.52368,-2.594444,shoplifting
51.525403,-2.598546,shoplifting
51.52368,-2.594444,shoplifting
51.525605,-2.595396,shoplifting
51.5227,-2.615316,shoplifting
51.525064,-2.60164,shoplifting
51.527177,-2.597305,shoplifting
51.52368,-2.594444,shoplifting
51.527177,-2.597305,shoplifting
51.526857,-2.596317,shoplifting
51.52368,-2.594444,shoplifting
51.526833,-2.599214,shoplifting
51.525605,-2.595396,shoplifting
51.5227,-2.615316,shoplifting
51.526857,-2.596317,shoplifting
51.525251,-2.593109,shoplifting
51.528918,-2.600495,shoplifting
51.525064,-2.60164,shoplifting
51.525403,-2.598546,shoplifting
51.525605,-2.595396,shoplifting
51.525403,-2.598546,shoplifting
51.52368,-2.594444,shoplifting
51.525605,-2.595396,shoplifting
51.525403,-2.598546,shoplifting
51.525605,-2.595396,shoplifting
51.525605,-2.595396,shoplifting
51.528702,-2.598733,shoplifting
51.525403,-2.598546,shoplifting
51.528702,-2.598733,shoplifting
51.52368,-2.594444,shoplifting
51.525605,-2.595396,shoplifting
51.525403,-2.598546,shoplifting
51.527177,-2.597305,shoplifting
51.525251,-2.593109,shoplifting
51.525403,-2.598546,shoplifting
51.563874,-2.645057,burglary_biz
51.562257,-2.665793,burglary_biz
51.559052,-2.417161,shoplifting
51.559052,-2.417161,shoplifting
51.559052,-2.417161,shoplifting
51.559052,-2.417161,shoplifting
51.557595,-2.414782,theft_person
51.548368,-2.407545,burglary_biz
51.539878,-2.415818,burglary_biz
51.540587,-2.413661,robbery_biz
51.539636,-2.413066,shoplifting
51.539786,-2.408867,shoplifting
51.539636,-2.413066,shoplifting
51.539786,-2.408867,shoplifting
51.539786,-2.408867,shoplifting
51.540587,-2.413661,shoplifting
51.54146,-2.410886,shoplifting
51.540587,-2.413661,theft_person
51.541228,-2.405391,burglary_biz
51.542344,-2.425314,shoplifting
51.542344,-2.425314,shoplifting
51.540979,-2.422316,shoplifting
51.540979,-2.422316,shoplifting
51.540979,-2.422316,shoplifting
51.540979,-2.422316,shoplifting
51.540979,-2.422316,theft_person
51.548937,-2.417198,shoplifting
51.548937,-2.417198,shoplifting
51.548937,-2.417198,shoplifting
51.548937,-2.417198,shoplifting
51.548937,-2.417198,shoplifting
51.548937,-2.417198,shoplifting
51.548937,-2.417198,shoplifting
51.548937,-2.417198,shoplifting
51.548937,-2.417198,shoplifting
51.542111,-2.391599,burglary_biz
51.539041,-2.398104,burglary_biz
51.531868,-2.405351,burglary_biz
51.525019,-2.540725,burglary_biz
51.543188,-2.560451,burglary_biz
51.543273,-2.557582,shoplifting
51.543273,-2.557582,shoplifting
51.532907,-2.553707,burglary_biz
51.535424,-2.547884,robbery_biz
51.535424,-2.547884,robbery_biz
51.535424,-2.547884,shoplifting
51.535424,-2.547884,shoplifting
51.534762,-2.549087,shoplifting
51.535424,-2.547884,shoplifting
51.535361,-2.547956,shoplifting
51.535424,-2.547884,shoplifting
51.535424,-2.547884,shoplifting
51.534762,-2.549087,shoplifting
51.534762,-2.549087,shoplifting
51.533547,-2.551278,burglary_biz
51.531174,-2.551221,robbery_biz
51.528836,-2.423617,robbery_biz
51.528836,-2.423617,shoplifting
51.528836,-2.423617,shoplifting
51.528836,-2.423617,shoplifting
51.525732,-2.429152,burglary_biz
51.530376,-2.430233,burglary_biz
51.520488,-2.546206,burglary_biz
51.525524,-2.549884,burglary_biz
51.523032,-2.559728,burglary_biz
51.523032,-2.559728,shoplifting
51.506313,-2.560603,shoplifting
51.506313,-2.560603,shoplifting
51.506313,-2.560603,shoplifting
51.509414,-2.571967,robbery_biz
51.506595,-2.58196,burglary_biz
51.508293,-2.573221,robbery_biz
51.508216,-2.574641,shoplifting
51.508293,-2.573221,shoplifting
51.508216,-2.574641,shoplifting
51.501588,-2.568901,shoplifting
51.486457,-2.436416,burglary_biz
51.474099,-2.481033,robbery_biz
51.497944,-2.463334,burglary_biz
51.49365,-2.455383,burglary_biz
51.501467,-2.48583,burglary_biz
51.493677,-2.474998,robbery_biz
51.492367,-2.473631,shoplifting
51.493677,-2.474998,shoplifting
51.492367,-2.473631,shoplifting
51.492367,-2.473631,shoplifting
51.492367,-2.473631,shoplifting
51.492367,-2.473631,shoplifting
51.492367,-2.473631,shoplifting
51.492367,-2.473631,shoplifting
51.492367,-2.473631,shoplifting
51.493677,-2.474998,shoplifting
51.493677,-2.474998,shoplifting
51.487993,-2.501875,shoplifting
51.487993,-2.501875,shoplifting
51.487993,-2.501875,shoplifting
51.488289,-2.504212,shoplifting
51.488289,-2.504212,shoplifting
51.488289,-2.504212,shoplifting
51.488289,-2.504212,shoplifting
51.48544,-2.51419,burglary_biz
51.482895,-2.484927,shoplifting
51.482895,-2.484927,shoplifting
51.482895,-2.484927,shoplifting
51.482895,-2.484927,shoplifting
51.482895,-2.484927,shoplifting
51.482895,-2.484927,shoplifting
51.482895,-2.484927,shoplifting
51.485377,-2.495452,burglary_biz
51.428901,-2.471568,shoplifting
51.418662,-2.492746,shoplifting
51.463759,-2.320393,burglary_biz
51.462128,-2.311745,burglary_biz
51.458326,-2.369818,shoplifting
51.455931,-2.434009,theft_person
51.527677,-2.381484,burglary_biz
51.512986,-2.321142,burglary_biz
51.481749,-2.504946,shoplifting
51.481749,-2.504946,shoplifting
51.480326,-2.507537,burglary_biz
51.482448,-2.507589,burglary_biz
51.480647,-2.504056,shoplifting
51.480647,-2.504056,shoplifting
51.480647,-2.504056,shoplifting
51.480647,-2.504056,shoplifting
51.480647,-2.504056,shoplifting
51.472699,-2.503838,burglary_biz
51.463256,-2.510658,burglary_biz
51.463553,-2.508329,shoplifting
51.478776,-2.50415,burglary_biz
51.477357,-2.499671,theft_person
51.480435,-2.509295,burglary_biz
51.480435,-2.509295,burglary_biz
51.478364,-2.512065,burglary_biz
51.481283,-2.510788,burglary_biz
51.480435,-2.509295,shoplifting
51.46189,-2.487123,burglary_biz
51.460623,-2.484849,burglary_biz
51.462951,-2.504105,burglary_biz
51.462783,-2.497194,burglary_biz
51.471054,-2.501281,burglary_biz
51.456698,-2.513291,burglary_biz
51.459564,-2.509825,burglary_biz
51.462607,-2.511025,burglary_biz
51.462599,-2.50852,robbery_biz
51.462599,-2.50852,shoplifting
51.462599,-2.50852,shoplifting
51.462599,-2.50852,shoplifting
51.462599,-2.50852,shoplifting
51.462599,-2.50852,shoplifting
51.462599,-2.50852,shoplifting
51.458914,-2.489308,robbery_biz
51.452256,-2.486013,burglary_biz
51.458992,-2.470108,burglary_biz
51.440362,-2.515035,burglary_biz
51.447177,-2.500535,burglary_biz
51.447177,-2.500535,shoplifting
51.436612,-2.474596,burglary_biz
51.438002,-2.49517,shoplifting
51.438002,-2.49517,shoplifting
51.433544,-2.498861,burglary_biz
51.448096,-2.497083,burglary_biz
51.444491,-2.501182,shoplifting
51.444491,-2.501182,shoplifting
51.448096,-2.497083,shoplifting
51.444491,-2.501182,shoplifting
51.444491,-2.501182,shoplifting
51.444491,-2.501182,shoplifting
51.444491,-2.501182,shoplifting
51.444491,-2.501182,shoplifting
51.444491,-2.501182,shoplifting
51.444491,-2.501182,shoplifting
51.448096,-2.497083,shoplifting
51.44269,-2.474645,burglary_biz
51.441801,-2.470858,burglary_biz
51.53844,-2.584356,burglary_biz
51.540698,-2.562198,shoplifting
51.540698,-2.562198,shoplifting
51.540698,-2.562198,shoplifting
51.535563,-2.584333,burglary_biz
51.533167,-2.579776,burglary_biz
51.530424,-2.578011,robbery_biz
51.530424,-2.578011,robbery_biz
51.531279,-2.578036,robbery_biz
51.530424,-2.578011,shoplifting
51.530424,-2.578011,shoplifting
51.530424,-2.578011,shoplifting
51.531279,-2.578036,shoplifting
51.52634,-2.570503,burglary_biz
51.533337,-2.570796,burglary_biz
51.52634,-2.570503,robbery_biz
51.534212,-2.567731,robbery_biz
51.52634,-2.570503,shoplifting
51.526008,-2.585494,robbery_biz
51.527466,-2.576287,robbery_biz
51.52929,-2.58013,burglary_biz
51.522852,-2.581965,burglary_biz
51.504865,-2.545342,burglary_biz
51.508147,-2.553104,robbery_biz
51.509176,-2.556099,shoplifting
51.509231,-2.552066,shoplifting
51.509231,-2.552066,shoplifting
51.509231,-2.552066,shoplifting
51.509231,-2.552066,shoplifting
51.509231,-2.552066,shoplifting
51.509231,-2.552066,shoplifting
51.509231,-2.552066,shoplifting
51.509231,-2.552066,shoplifting
51.509231,-2.552066,shoplifting
51.509231,-2.552066,shoplifting
51.509231,-2.552066,shoplifting
51.507249,-2.550874,shoplifting
51.509231,-2.552066,shoplifting
51.509231,-2.552066,shoplifting
51.509231,-2.552066,shoplifting
51.502687,-2.54193,burglary_biz
51.502105,-2.54139,burglary_biz
51.502349,-2.541249,robbery_biz
51.50113,-2.544274,shoplifting
51.50113,-2.544274,shoplifting
51.50113,-2.544274,shoplifting
51.50113,-2.544274,shoplifting
51.50113,-2.544274,shoplifting
51.498391,-2.560549,burglary_biz
51.497251,-2.559551,shoplifting
51.498271,-2.563098,burglary_biz
51.496329,-2.563074,burglary_biz
51.497894,-2.564807,burglary_biz
51.495706,-2.563714,burglary_biz
51.505519,-2.560287,burglary_biz
51.496775,-2.563943,burglary_biz
51.496329,-2.563074,burglary_biz
51.4999,-2.561057,robbery_biz
51.505519,-2.560287,shoplifting
51.51602,-2.546153,shoplifting
51.513379,-2.529866,burglary_biz
51.498731,-2.539982,burglary_biz
51.500321,-2.518333,burglary_biz
51.501855,-2.519057,burglary_biz
